geometry,temperature_K,window_s,center_distance_nm,face_tilt_halfangle_deg,orientation_fraction,Udd_J,F_orient_J,orientation_entropy_cost_J,F_orient_eq_J,p_parallel_initial,p_parallel_mean,p_parallel_end,p_parallel_eq,face_sign_relaxation_s,fast_azimuth_Udd_J,slow_axial_Udd_J,UvdW_J,rotation_constraint_F_J,stage1_Udd_J,stage2_F_orient_J,stage3_F_with_rotation_J,free_Brownian_time_s,assembly_free_energy_J,Udd_kBT,F_orient_kBT,orientation_entropy_cost_kBT,F_orient_eq_kBT,fast_azimuth_Udd_kBT,slow_axial_Udd_kBT,UvdW_kBT,rotation_constraint_F_kBT,stage1_Udd_kBT,stage2_F_orient_kBT,stage3_F_with_rotation_kBT,assembly_free_energy_kBT
face,200.0,20,19.0,2,0.0018275189427127136,-1.2254636789887597e-20,-9.109656461307519e-21,3.1449803285800786e-21,-1.9956475117479386e-20,0.5,0.5183851558802417,0.5363139428875104,0.9999318300108158,265.2131031996492,-1.1767607740378503e-20,-4.870290495090939e-22,-4.8834370285786125e-21,3.481884117607438e-20,-1.2254636789887597e-20,-9.109656461307519e-21,2.5709184714766857e-20,4.082952141031122e-06,nan,-4.4379986476966975,-3.2990486580251455,1.1389499896715525,-7.227208043999374,-4.261621795394232,-0.1763768523024657,-1.7685295207466243,12.609592002049173,-4.4379986476966975,-3.2990486580251455,9.310543344024026,nan
tip,200.0,20,28.516660498395403,2,1.0,-6.248945875424534e-21,-3.558407013968465e-21,2.690538861456069e-21,-3.558407013968465e-21,nan,nan,nan,nan,nan,nan,nan,-2.453204187515722e-22,-0.0,-6.248945875424534e-21,-3.558407013968465e-21,-3.558407013968465e-21,4.082952141031122e-06,nan,-2.263046536601458,-1.2886718543121622,0.9743746822892961,-1.2886718543121622,nan,nan,-0.0888424280000102,-0.0,-2.263046536601458,-1.2886718543121622,-1.2886718543121622,nan
face,201.0,20,19.0,2,0.0018275189427127136,-1.2311379071684411e-20,-9.158078220124376e-21,3.153300851560035e-21,-1.9931223032764743e-20,0.5,0.5208324826797144,0.5410780274681835,0.9999284976982685,233.26145121726304,-1.17595195005986e-20,-5.518595710858109e-22,-4.8834370285786125e-21,3.499293538195475e-20,-1.2311379071684411e-20,-9.158078220124376e-21,2.5834857161830374e-20,3.99898164635452e-06,nan,-4.436365951641846,-3.3000841060670747,1.1362818455747714,-7.182152277359741,-4.237505125653341,-0.1988608259885057,-1.7597308664145515,12.609592002049173,-4.436365951641846,-3.3000841060670747,9.309507895982097,nan
tip,201.0,20,28.516660498395403,2,1.0,-6.2304465150242195e-21,-3.545000528007931e-21,2.6854459870162882e-21,-3.545000528007931e-21,nan,nan,nan,nan,nan,nan,nan,-2.453204187515722e-22,-0.0,-6.2304465150242195e-21,-3.545000528007931e-21,-3.545000528007931e-21,3.99898164635452e-06,nan,-2.2451214134370194,-1.2774295673486264,0.9676918460883929,-1.2774295673486264,nan,nan,-0.08840042587065693,-0.0,-2.2451214134370194,-1.2774295673486264,-1.2774295673486264,nan
face,202.0,20,19.0,2,0.0018275189427127136,-1.2375685838348021e-20,-9.213921487792925e-21,3.1617643505550957e-21,-1.9906011660331538e-20,0.5,0.5235657398561333,0.5463790109662715,0.9999250379362874,205.42020545741258,-1.1751421352483879e-20,-6.242644858641412e-22,-4.8834370285786125e-21,3.5167029587835126e-20,-1.2375685838348021e-20,-9.213921487792925e-21,2.59531081000422e-20,3.917065764442711e-06,nan,-4.437461764501361,-3.303770379860932,1.1336913846404288,-7.137557205333078,-4.213623682059539,-0.2238380824418215,-1.7510193274719053,12.609592002049173,-4.437461764501361,-3.303770379860932,9.30582162218824,nan
tip,202.0,20,28.516660498395403,2,1.0,-6.212035283144499e-21,-3.531685859956645e-21,2.6803494231878544e-21,-3.531685859956645e-21,nan,nan,nan,nan,nan,nan,nan,-2.453204187515722e-22,-0.0,-6.212035283144499e-21,-3.531685859956645e-21,-3.531685859956645e-21,3.917065764442711e-06,nan,-2.227405366357193,-1.266331512652528,0.961073853704665,-1.266331512652528,nan,nan,-0.08796280000001011,-0.0,-2.227405366357193,-1.266331512652528,-1.266331512652528,nan
face,203.0,20,19.0,2,0.0018275189427127136,-1.2448271773898441e-20,-9.277853256374288e-21,3.170418517524153e-21,-1.9880840864703314e-20,0.5,0.5266119077552722,0.5522622231216459,0.9999214473588056,181.12874322313283,-1.1743313261493187e-20,-7.049585124052551e-22,-4.8834370285786125e-21,3.5341123793715493e-20,-1.2448271773898441e-20,-9.277853256374288e-21,2.6063270537341204e-20,3.83715006427453e-06,nan,-4.441500760295486,-3.310306285126302,1.1311944751691838,-7.093415971287078,-4.189973976040184,-0.2515267842553017,-1.7423936164991372,12.609592002049173,-4.441500760295486,-3.310306285126302,9.299285716922869,nan
tip,203.0,20,28.516660498395403,2,1.0,-6.193711635314906e-21,-3.518462120331046e-21,2.6752495149838596e-21,-3.518462120331046e-21,nan,nan,nan,nan,nan,nan,nan,-2.453204187515722e-22,-0.0,-6.193711635314906e-21,-3.518462120331046e-21,-3.518462120331046e-21,3.83715006427453e-06,nan,-2.2098951113024263,-1.2553752413478358,0.9545198699545907,-1.2553752413478358,nan,nan,-0.08752948571429577,-0.0,-2.2098951113024263,-1.2553752413478358,-1.2553752413478358,nan
face,204.0,20,19.0,2,0.0018275189427127136,-1.2529889321918194e-20,-9.350567961385007e-21,3.179321360533187e-21,-1.9855710512347876e-20,0.5,0.5299993920934174,0.5587739347827873,0.9999177225605084,159.9070513838434,-1.1735195194096874e-20,-7.946941278213208e-22,-4.8834370285786125e-21,3.551521799959587e-20,-1.2529889321918194e-20,-9.350567961385007e-21,2.616465003821086e-20,3.75918151676907e-06,nan,-4.448706810191025,-3.3198964731636815,1.128810337027343,-7.049721853723507,-4.166552587785148,-0.28215422240587673,-1.73385247132022,12.609592002049173,-4.448706810191025,-3.3198964731636815,9.28969552888549,nan
tip,204.0,20,28.516660498395403,2,1.0,-6.1754750322600545e-21,-3.505328431080403e-21,2.6701466011796513e-21,-3.505328431080403e-21,nan,nan,nan,nan,nan,nan,nan,-2.453204187515722e-22,-0.0,-6.1754750322600545e-21,-3.505328431080403e-21,-3.505328431080403e-21,3.75918151676907e-06,nan,-2.1925874304509922,-1.2445583566348937,0.9480290738160988,-1.2445583566348937,nan,nan,-0.08710041960785314,-0.0,-2.1925874304509922,-1.2445583566348937,-1.2445583566348937,nan
face,205.0,20,19.0,2,0.0018275189427127136,-1.2621324618715016e-20,-9.432781611665347e-21,3.1885430070496687e-21,-1.983062047164875e-20,0.5,0.5337578704351553,0.5659606955364396,0.9999138600975561,141.3435640334858,-1.1727067117795274e-20,-8.94257500919742e-22,-4.8834370285786125e-21,3.568931220547624e-20,-1.2621324618715016e-20,-9.432781611665347e-21,2.6256530593810896e-20,3.683108468787375e-06,nan,-4.4593113213034945,-3.3327492242700303,1.1265620970334642,-7.006468262972173,-4.143356164576215,-0.31595515672727964,-1.7253946543869505,12.609592002049173,-4.4593113213034945,-3.3327492242700303,9.276842777779143,nan
tip,205.0,20,28.516660498395403,2,1.0,-6.157324939816207e-21,-3.492283925393429e-21,2.6650410144227785e-21,-3.492283925393429e-21,nan,nan,nan,nan,nan,nan,nan,-2.453204187515722e-22,-0.0,-6.157324939816207e-21,-3.492283925393429e-21,-3.492283925393429e-21,3.683108468787375e-06,nan,-2.1754791705739542,-1.2338785124519394,0.9416006581220148,-1.2338785124519394,nan,nan,-0.08667553951220508,-0.0,-2.1754791705739542,-1.2338785124519394,-1.2338785124519394,nan
face,206.0,20,19.0,2,0.0018275189427127136,-1.2723391788305163e-20,-9.52522410106104e-21,3.198167687244122e-21,-1.980557061287699e-20,0.5,0.5379180768305489,0.57386850245359,0.9999098564883236,125.08491828382036,-1.1718929001136656e-20,-1.004462787168507e-21,-4.8834370285786125e-21,3.586340641135661e-20,-1.2723391788305163e-20,-9.52522410106104e-21,2.633818231029557e-20,3.608880616601097e-06,nan,-4.473551047898967,-3.349073656439707,1.1244773914592598,-6.963648737981297,-4.120381419164949,-0.3531696287340183,-1.7170189521811885,12.609592002049173,-4.473551047898967,-3.349073656439707,9.260518345609464,nan
tip,206.0,20,28.516660498395403,2,1.0,-6.1392608288485985e-21,-3.4793277475090625e-21,2.659933081339536e-21,-3.4793277475090625e-21,nan,nan,nan,nan,nan,nan,nan,-2.453204187515722e-22,-0.0,-6.1392608288485985e-21,-3.4793277475090625e-21,-3.4793277475090625e-21,3.608880616601097e-06,nan,-2.1585672414383104,-1.223333412177074,0.9352338292612365,-1.223333412177074,nan,nan,-0.08625478446602933,-0.0,-2.1585672414383104,-1.223333412177074,-1.223333412177074,nan
face,207.0,20,19.0,2,0.0018275189427127136,-1.2836925339645399e-20,-9.628629469638504e-21,3.208295870006895e-21,-1.978056080816338e-20,0.5,0.5425115148129669,0.5825417816093161,0.999905708214158,110.82731302459976,-1.1710780813734594e-20,-1.1261445259108047e-21,-4.8834370285786125e-21,3.6037500617236983e-20,-1.2836925339645399e-20,-9.628629469638504e-21,2.6408871147598478e-20,3.5364489789478584e-06,nan,-4.491665302012432,-3.369076297510375,1.122589004502057,-6.921256943201068,-4.0976251281973735,-0.39404017381505857,-1.7087241746344195,12.609592002049173,-4.491665302012432,-3.369076297510375,9.240515704538797,nan
tip,207.0,20,28.516660498395403,2,1.0,-6.121282175169628e-21,-3.466459052531321e-21,2.6548231226383072e-21,-3.466459052531321e-21,nan,nan,nan,nan,nan,nan,nan,-2.453204187515722e-22,-0.0,-6.121282175169628e-21,-3.466459052531321e-21,-3.466459052531321e-21,3.5364489789478584e-06,nan,-2.1418486142567303,-1.2129208073692768,0.9289278068874536,-1.2129208073692768,nan,nan,-0.0858380946860002,-0.0,-2.1418486142567303,-1.2129208073692768,-1.2129208073692768,nan
face,208.0,20,19.0,2,0.0018275189427127136,-1.296277040280054e-20,-9.743723898009378e-21,3.2190465047911614e-21,-1.9755590931470978e-20,0.5,0.5475700888175985,0.5920221668363594,0.9999014117201499,98.30920928148109,-1.170262252628476e-20,-1.2601478765157797e-21,-4.8834370285786125e-21,3.621159482311736e-20,-1.296277040280054e-20,-9.743723898009378e-21,2.646787092510798e-20,3.465765869781389e-06,nan,-4.513892492003809,-3.3929569668132444,1.1209355251905642,-6.879286665557207,-4.0750841306839,-0.4388083613199089,-1.7005091545640616,12.609592002049173,-4.513892492003809,-3.3929569668132444,9.21663503523593,nan
tip,208.0,20,28.516660498395403,2,1.0,-6.1033884594578814e-21,-3.453677006248139e-21,2.6497114532097426e-21,-3.453677006248139e-21,nan,nan,nan,nan,nan,nan,nan,-2.453204187515722e-22,-0.0,-6.1033884594578814e-21,-3.453677006248139e-21,-3.453677006248139e-21,3.465765869781389e-06,nan,-2.125320320182295,-1.202638496547129,0.922681823635166,-1.202638496547129,nan,nan,-0.08542541153847136,-0.0,-2.125320320182295,-1.202638496547129,-1.202638496547129,nan
face,209.0,20,19.0,2,0.0018275189427127136,-1.3101770549205646e-20,-9.871211251215259e-21,3.230559297990388e-21,-1.9730660858568044e-20,0.5,0.5531256444005097,0.6023470649774619,0.9998969634159218,87.30515508457358,-1.1694454110581128e-20,-1.4073164386245179e-21,-4.8834370285786125e-21,3.6385689028997725e-20,-1.3101770549205646e-20,-9.871211251215259e-21,2.6514477777782468e-20,3.3967848708143046e-06,nan,-4.540465923244816,-3.420903925844672,1.1195619974001436,-6.837731811511542,-4.0527553265129646,-0.4877105967318511,-1.6923727471259564,12.609592002049173,-4.540465923244816,-3.420903925844672,9.188688076204501,nan
tip,209.0,20,28.516660498395403,2,1.0,-6.0855791671781915e-21,-3.44098078495406e-21,2.6445983822241313e-21,-3.44098078495406e-21,nan,nan,nan,nan,nan,nan,nan,-2.453204187515722e-22,-0.0,-6.0855791671781915e-21,-3.44098078495406e-21,-3.44098078495406e-21,3.3967848708143046e-06,nan,-2.108979448846814,-1.1924843240039311,0.916495124842883,-1.1924843240039311,nan,nan,-0.0850166775119715,-0.0,-2.108979448846814,-1.1924843240039311,-1.1924843240039311,nan
face,210.0,20,19.0,2,0.0018275189427127136,-1.3254752966142816e-20,-1.0011756042857916e-20,3.2429969232849e-21,-1.9705770467001234e-20,0.5,0.5592094085803576,0.6135480042009647,0.9998923596764284,77.62055426639142,-1.1686275539531622e-20,-1.568477426611194e-21,-4.8834370285786125e-21,3.6559783234878093e-20,-1.3254752966142816e-20,-1.0011756042857916e-20,2.6548027192020177e-20,3.3294608039415905e-06,nan,-4.571608806245957,-3.4530882777240186,1.1185205285219384,-6.796586404206674,-4.0306356750069545,-0.5409731312390021,-1.6843138292824995,12.609592002049173,-4.571608806245957,-3.4530882777240186,9.156503724325153,nan
tip,210.0,20,28.516660498395403,2,1.0,-6.067853788502688e-21,-3.4283695752767066e-21,2.6394842132259816e-21,-3.4283695752767066e-21,nan,nan,nan,nan,nan,nan,nan,-2.453204187515722e-22,-0.0,-6.067853788502688e-21,-3.4283695752767066e-21,-3.4283695752767066e-21,3.3294608039415905e-06,nan,-2.092823146941243,-1.1824561786579757,0.9103669682832671,-1.1824561786579757,nan,nan,-0.08461183619048591,-0.0,-2.092823146941243,-1.1824561786579757,-1.1824561786579757,nan
face,211.0,20,19.0,2,0.0018275189427127136,-1.3422510801845055e-20,-1.0165963770221201e-20,3.2565470316238536e-21,-1.9680919636069207e-20,0.5,0.5658513233724098,0.6256487722328177,0.9998875968427727,69.08722875001541,-1.167808678717311e-20,-1.7444240146719453e-21,-4.8834370285786125e-21,3.673387744075847e-20,-1.3422510801845055e-20,-1.0165963770221201e-20,2.6567913670537268e-20,3.263749703624022e-06,nan,-4.6075284354972075,-3.4896576234522363,1.1178708120449712,-6.755844580691961,-4.008722193518967,-0.5988062419782412,-1.6763312992858999,12.609592002049173,-4.6075284354972075,-3.4896576234522363,9.119934378596938,nan
tip,211.0,20,28.516660498395403,2,1.0,-6.050211818232908e-21,-3.415842574006942e-21,2.6343692442259657e-21,-3.415842574006942e-21,nan,nan,nan,nan,nan,nan,nan,-2.453204187515722e-22,-0.0,-6.050211818232908e-21,-3.415842574006942e-21,-3.415842574006942e-21,3.263749703624022e-06,nan,-2.0768486168368354,-1.1725519929367862,0.9042966239000492,-1.1725519929367862,nan,nan,-0.08421083222749784,-0.0,-2.0768486168368354,-1.1725519929367862,-1.1725519929367862,nan
face,212.0,20,19.0,2,0.0018275189427127136,-1.3605782570489928e-20,-1.0334358681250041e-20,3.2714238892398873e-21,-1.965610824679652e-20,0.5,0.5730792683345749,0.6386633650814829,0.9998826712230344,61.5596488138964,-1.166988782868586e-20,-1.9358947418040676e-21,-4.8834370285786125e-21,3.690797164663884e-20,-1.3605782570489928e-20,-1.0334358681250041e-20,2.65736129653888e-20,3.199608789302608e-06,nan,-4.64840952857115,-3.5307290203054356,1.1176805082657146,-6.715500589228129,-3.987011956069095,-0.6613975725020554,-1.6684240761760607,12.609592002049173,-4.64840952857115,-3.5307290203054356,9.078862981743736,nan
tip,212.0,20,28.516660498395403,2,1.0,-6.032652755723063e-21,-3.403398987932604e-21,2.6292537677904594e-21,-3.403398987932604e-21,nan,nan,nan,nan,nan,nan,nan,-2.453204187515722e-22,-0.0,-6.032652755723063e-21,-3.403398987932604e-21,-3.403398987932604e-21,3.199608789302608e-06,nan,-2.061053115245713,-1.1627697416941487,0.8982833735515645,-1.1627697416941487,nan,nan,-0.08381361132076436,-0.0,-2.061053115245713,-1.1627697416941487,-1.1627697416941487,nan
face,213.0,20,19.0,2,0.0018275189427127136,-1.3805228611019422e-20,-1.0517359177898415e-20,3.2878694331210073e-21,-1.9631336181907857e-20,0.5,0.5809181718965493,0.6525937843093328,0.9998775790931089,54.91172646288914,-1.1661678640407383e-20,-2.14354997061204e-21,-4.8834370285786125e-21,3.708206585251921e-20,-1.3805228611019422e-20,-1.0517359177898415e-20,2.6564706674620795e-20,3.136996437907761e-06,nan,-4.694406751023681,-3.576381334841318,1.1180254161823635,-6.6755487866679015,-3.9655020920189283,-0.7289046590047531,-1.660591099292605,12.609592002049173,-4.694406751023681,-3.576381334841318,9.033210667207854,nan
tip,213.0,20,28.516660498395403,2,1.0,-6.015176104804441e-21,-3.391038033675733e-21,2.6241380711287076e-21,-3.391038033675733e-21,nan,nan,nan,nan,nan,nan,nan,-2.453204187515722e-22,-0.0,-6.015176104804441e-21,-3.391038033675733e-21,-3.391038033675733e-21,3.136996437907761e-06,nan,-2.0454339519195504,-1.1531074411588413,0.8923265107607087,-1.1531074411588413,nan,nan,-0.08342012018780302,-0.0,-2.0454339519195504,-1.1531074411588413,-1.1531074411588413,nan
face,214.0,20,19.0,2,0.0018275189427127136,-1.402140473500961e-20,-1.0715251239537023e-20,3.3061534954725864e-21,-1.9606603325802546e-20,0.5,0.5893890165767184,0.6674277422235451,0.9998723166975595,49.03408415706578,-1.1653459199845646e-20,-2.3679455351639622e-21,-4.8834370285786125e-21,3.725616005839958e-20,-1.402140473500961e-20,-1.0715251239537023e-20,2.654090881886256e-20,3.0758721565197892e-06,nan,-4.745636499492389,-3.6266471401834983,1.1189893593088909,-6.635983635910191,-3.9441897847829988,-0.8014467147093901,-1.6528313278005835,12.609592002049173,-4.745636499492389,-3.6266471401834983,8.982944861865674,nan
tip,214.0,20,28.516660498395403,2,1.0,-5.9977813737110075e-21,-3.378758937533225e-21,2.6190224361777824e-21,-3.378758937533225e-21,nan,nan,nan,nan,nan,nan,nan,-2.453204187515722e-22,-0.0,-5.9977813737110075e-21,-3.378758937533225e-21,-3.378758937533225e-21,3.0758721565197892e-06,nan,-2.0299884883851513,-1.143563147913996,0.8864253404711552,-1.143563147913996,nan,nan,-0.08303030654206563,-0.0,-2.0299884883851513,-1.143563147913996,-1.143563147913996,nan
face,215.0,20,19.0,2,0.0018275189427127136,-1.4254733380277933e-20,-1.092816046446276e-20,3.326572915815173e-21,-1.958190956452944e-20,0.5,0.5985077500416511,0.6831363592471544,0.9998668802504801,43.83172537214946,-1.1645229485691752e-20,-2.6095038945861823e-21,-4.8834370285786125e-21,3.7430254264279957e-20,-1.4254733380277933e-20,-1.092816046446276e-20,2.6502093799817195e-20,3.01619655523131e-06,nan,-4.802168073830844,-3.681504373891018,1.1206636999398254,-6.596799703425435,-3.9230722705760037,-0.8790958032548402,-1.645143740229418,12.609592002049173,-4.802168073830844,-3.681504373891018,8.928087628158154,nan
tip,215.0,20,28.516660498395403,2,1.0,-5.9804680750062225e-21,-3.3665609353207975e-21,2.613907139685425e-21,-3.3665609353207975e-21,nan,nan,nan,nan,nan,nan,nan,-2.453204187515722e-22,-0.0,-5.9804680750062225e-21,-3.3665609353207975e-21,-3.3665609353207975e-21,3.01619655523131e-06,nan,-2.014714136715725,-1.1341349579060611,0.8805791788096639,-1.1341349579060611,nan,nan,-0.08264411906977695,-0.0,-2.014714136715725,-1.1341349579060611,-1.1341349579060611,nan
face,216.0,20,19.0,2,0.0018275189427127136,-1.4505472809910595e-20,-1.115602357328538e-20,3.3494492366252143e-21,-1.955725478576205e-20,0.5,0.6082841223809925,0.6996719653948619,0.9998612659363663,39.2220452962447,-1.163698947783194e-20,-2.8684833320786547e-21,-4.8834370285786125e-21,3.7604348470160325e-20,-1.4505472809910595e-20,-1.115602357328538e-20,2.6448324896874946e-20,2.9579313202561624e-06,nan,-4.8640144390463504,-3.740868047108904,1.1231463919374465,-6.557991656849776,-3.9021468371946075,-0.9618676018517427,-1.6375273340246521,12.609592002049173,-4.8640144390463504,-3.740868047108904,8.868723954940268,nan
tip,216.0,20,28.516660498395403,2,1.0,-5.963235725511115e-21,-3.35444327222019e-21,2.608792453290925e-21,-3.35444327222019e-21,nan,nan,nan,nan,nan,nan,nan,-2.453204187515722e-22,-0.0,-5.963235725511115e-21,-3.35444327222019e-21,-3.35444327222019e-21,2.9579313202561624e-06,nan,-1.9996083583367097,-1.1248210054823753,0.8747873528543343,-1.1248210054823753,nan,nan,-0.08226150740741686,-0.0,-1.9996083583367097,-1.1248210054823753,-1.1248210054823753,nan
face,217.0,20,19.0,2,0.0018275189427127136,-1.477368515882762e-20,-1.1398560486662676e-20,3.3751246721649427e-21,-1.9532638878774013e-20,0.5,0.6187204798773777,0.7169661467406564,0.999855469910998,35.13312982316988,-1.1628739157359034e-20,-3.144946001468584e-21,-4.8834370285786125e-21,3.77784426760407e-20,-1.477368515882762e-20,-1.1398560486662676e-20,2.6379882189378023e-20,2.901039187324292e-06,nan,-4.931122858002073,-3.804582374663383,1.1265404833386903,-6.519554262645863,-3.881410822832737,-1.049712035169336,-1.6299811251120961,12.609592002049173,-4.931122858002073,-3.804582374663383,8.80500962738579,nan
tip,217.0,20,28.516660498395403,2,1.0,-5.9460838462336256e-21,-3.3424052026295313e-21,2.6036786436040943e-21,-3.3424052026295313e-21,nan,nan,nan,nan,nan,nan,nan,-2.453204187515722e-22,-0.0,-5.9460838462336256e-21,-3.3424052026295313e-21,-3.3424052026295313e-21,2.901039187324292e-06,nan,-1.9846686628650412,-1.1156194624564115,0.8690492004086298,-1.1156194624564115,nan,nan,-0.08188242211982508,-0.0,-1.9846686628650412,-1.1156194624564115,-1.1156194624564115,nan
face,218.0,20,19.0,2,0.0018275189427127136,-1.5059204424927806e-20,-1.1655248367264348e-20,3.403956057663458e-21,-1.9508061734414798e-20,0.5,0.6298105566842793,0.734928205703981,0.9998494883023291,31.502299224497015,-1.1620478506583306e-20,-3.4387259183445e-21,-4.8834370285786125e-21,3.795253688192107e-20,-1.5059204424927806e-20,-1.1655248367264348e-20,2.6297288514656727e-20,2.845483915397124e-06,nan,-5.003365763521559,-3.872413774367802,1.1309519891537574,-6.4814823838281175,-3.8608616149292883,-1.1425041485922711,-1.6225041474739672,12.609592002049173,-5.003365763521559,-3.872413774367802,8.73717822768137,nan
tip,218.0,20,28.516660498395403,2,1.0,-5.929011962299189e-21,-3.3304459900167996e-21,2.5985659722823892e-21,-3.3304459900167996e-21,nan,nan,nan,nan,nan,nan,nan,-2.453204187515722e-22,-0.0,-5.929011962299189e-21,-3.3304459900167996e-21,-3.3304459900167996e-21,2.845483915397124e-06,nan,-1.9698926069807805,-1.1065285371997735,0.863364069781007,-1.1065285371997735,nan,nan,-0.08150681467890845,-0.0,-1.9698926069807805,-1.1065285371997735,-1.1065285371997735,nan
face,219.0,20,19.0,2,0.0018275189427127136,-1.5361605815964606e-20,-1.1925299280852839e-20,3.4363065351117665e-21,-1.9483523245085795e-20,0.5,0.6415383176821916,0.7534442276192466,0.9998433172113852,28.27485975079939,-1.1612207509042677e-20,-3.7493983069219286e-21,-4.8834370285786125e-21,3.812663108780144e-20,-1.5361605815964606e-20,-1.1925299280852839e-20,2.62013318069486e-20,2.791230260733629e-06,nan,-5.080532328952466,-3.944045255076218,1.1364870738762476,-6.443770977750449,-3.8404966490471906,-1.240035679905275,-1.6150954527366432,12.60959200204917,-5.080532328952466,-3.944045255076218,8.665546746972954,nan
tip,219.0,20,28.516660498395403,2,1.0,-5.912019602882662e-21,-3.3185649067762624e-21,2.5934546961063995e-21,-3.3185649067762624e-21,nan,nan,nan,nan,nan,nan,nan,-2.453204187515722e-22,-0.0,-5.912019602882662e-21,-3.3185649067762624e-21,-3.3185649067762624e-21,2.791230260733629e-06,nan,-1.9552777933300984,-1.0975464737600564,0.8577313195700421,-1.0975464737600564,nan,nan,-0.0811346374429317,-0.0,-1.9552777933300984,-1.0975464737600564,-1.0975464737600564,nan
face,220.0,20,19.0,2,0.0018275189427127136,-1.568017817556718e-20,-1.2207643355398205e-20,3.4725348201689736e-21,-1.9459023304716582e-20,0.5,0.6538769175713608,0.7723769611327178,0.9998369527131699,25.403032158306317,-1.1603926149512352e-20,-4.0762520260548275e-21,-4.8834370285786125e-21,3.8300725293681815e-20,-1.568017817556718e-20,-1.2207643355398205e-20,2.609308193828361e-20,2.738243951333194e-06,nan,-5.162321282358441,-4.019072767885447,1.1432485144729936,-6.406415093954359,-3.820313407782846,-1.3420078745755957,-1.6077541097696584,12.609592002049173,-5.162321282358441,-4.019072767885447,8.590519234163725,nan
tip,220.0,20,28.516660498395403,2,1.0,-5.89510630114153e-21,-3.3067612340878636e-21,2.5883450670536666e-21,-3.3067612340878636e-21,nan,nan,nan,nan,nan,nan,nan,-2.453204187515722e-22,-0.0,-5.89510630114153e-21,-3.3067612340878636e-21,-3.3067612340878636e-21,2.738243951333194e-06,nan,-1.9408218694586024,-1.0886715510037352,0.8521503184548671,-1.0886715510037352,nan,nan,-0.08076584363637292,-0.0,-1.9408218694586024,-1.0886715510037352,-1.0886715510037352,nan
face,221.0,20,19.0,2,0.0018275189427127136,-1.6013901492553544e-20,-1.250091946435491e-20,3.512982028198633e-21,-1.9434561808741544e-20,0.5,0.6667878518568213,0.7915667213889862,0.999830390857576,22.845030970213813,-1.1595634414013911e-20,-4.418267078539634e-21,-4.8834370285786125e-21,3.847481949956219e-20,-1.6013901492553544e-20,-1.250091946435491e-20,2.597390003520728e-20,2.6864916617777424e-06,nan,-5.248335581779773,-4.097004122339917,1.151331459439856,-6.369409872075586,-3.800309419705004,-1.4480261620747692,-1.6004792042955875,12.609592002049173,-5.248335581779773,-4.097004122339917,8.512587879709256,nan
tip,221.0,20,28.516660498395403,2,1.0,-5.878271594150418e-21,-3.295034261779459e-21,2.5832373323709594e-21,-3.295034261779459e-21,nan,nan,nan,nan,nan,nan,nan,-2.453204187515722e-22,-0.0,-5.878271594150418e-21,-3.295034261779459e-21,-3.295034261779459e-21,2.6864916617777424e-06,nan,-1.926522526774048,-1.0799020817832572,0.8466204449907907,-1.0799020817832572,nan,nan,-0.08040038733032598,-0.0,-1.926522526774048,-1.0799020817832572,-1.0799020817832572,nan
face,222.0,20,19.0,2,0.0018275189427127136,-1.6361431708453968e-20,-1.2803475488934534e-20,3.5579562195194344e-21,-1.9410138654076736e-20,0.5,0.6802203833380369,0.8108335071358248,0.9998236276703037,20.564272319110685,-1.1587332289823704e-20,-4.774099418630264e-21,-4.8834370285786125e-21,3.8648913705442557e-20,-1.6361431708453968e-20,-1.2803475488934534e-20,2.5845438216508024e-20,2.6359409884922465e-06,nan,-5.338079615519493,-4.177261057170839,1.160818558348654,-6.332750539807413,-3.780482258322091,-1.557597357197402,-1.5932698385104724,12.60959200204917,-5.338079615519493,-4.177261057170839,8.432330944878332,nan
tip,222.0,20,28.516660498395403,2,1.0,-5.861515022836898e-21,-3.283383288191851e-21,2.5781317346450467e-21,-3.283383288191851e-21,nan,nan,nan,nan,nan,nan,nan,-2.453204187515722e-22,-0.0,-5.861515022836898e-21,-3.283383288191851e-21,-3.283383288191851e-21,2.6359409884922465e-06,nan,-1.9123774995375094,-1.0712364121275577,0.8411410874099517,-1.0712364121275577,nan,nan,-0.08003822342343263,-0.0,-1.9123774995375094,-1.0712364121275577,-1.0712364121275577,nan
face,223.0,20,19.0,2,0.0018275189427127136,-1.67210951330551e-20,-1.3113380079965052e-20,3.6077150530900466e-21,-1.9385753739097018e-20,0.5,0.6941113312975808,0.8299804803548549,0.9998166591537838,18.528691607906808,-1.1579019765480744e-20,-5.142075367574355e-21,-4.8834370285786125e-21,3.882300791132293e-20,-1.67210951330551e-20,-1.3113380079965052e-20,2.570962783135788e-20,2.586560425439698e-06,nan,-5.430959598413304,-4.259184990350318,1.1717746080629867,-6.296432410918849,-3.760829541077152,-1.6701300573361517,-1.5861251307144613,12.609592002049173,-5.430959598413304,-4.259184990350318,8.350407011698856,nan
tip,223.0,20,28.516660498395403,2,1.0,-5.844836131918645e-21,-3.2718076200465243e-21,2.573028511872121e-21,-3.2718076200465243e-21,nan,nan,nan,nan,nan,nan,nan,-2.453204187515722e-22,-0.0,-5.844836131918645e-21,-3.2718076200465243e-21,-3.2718076200465243e-21,2.586560425439698e-06,nan,-1.8983845638821326,-1.0626729204552339,0.8357116434268989,-1.0626729204552339,nan,nan,-0.07967930762332755,-0.0,-1.8983845638821326,-1.0626729204552339,-1.0626729204552339,nan
face,224.0,20,19.0,2,0.0018275189427127136,-1.7090894706497323e-20,-1.3428447500644788e-20,3.662447205852535e-21,-1.9361406963613465e-20,0.5,0.7083853078925848,0.8487988855002717,0.999809481288106,16.710155078479698,-1.1570696830793956e-20,-5.520197875703366e-21,-4.8834370285786125e-21,3.8997102117203305e-20,-1.7090894706497323e-20,-1.3428447500644788e-20,2.5568654616558518e-20,2.5383193402637963e-06,nan,-5.526287788031377,-4.342046844792864,1.1842409432385133,-6.260450883325996,-3.7413489283695163,-1.7849388596618605,-1.5790442149523432,12.609592002049173,-5.526287788031377,-4.342046844792864,8.26754515725631,nan
tip,224.0,20,28.516660498395403,2,1.0,-5.8282344698418335e-21,-3.2603065723160534e-21,2.56792789752578e-21,-3.2603065723160534e-21,nan,nan,nan,nan,nan,nan,nan,-2.453204187515722e-22,-0.0,-5.8282344698418335e-21,-3.2603065723160534e-21,-3.2603065723160534e-21,2.5383193402637963e-06,nan,-1.8845415368585694,-1.0542100168096584,0.830331520048911,-1.0542100168096584,nan,nan,-0.07932359642858054,-0.0,-1.8845415368585694,-1.0542100168096584,-1.0542100168096584,nan
face,225.0,20,19.0,2,0.0018275189427127136,-1.7468530059770703e-20,-1.3746276554748735e-20,3.7222535050219674e-21,-1.9337098228851032e-20,0.5,0.7229554754303513,0.8670743829752363,0.99980209003195,15.083951778802026,-1.1562363476848883e-20,-5.9061665829218216e-21,-4.8834370285786125e-21,3.917119632308368e-20,-1.7468530059770703e-20,-1.3746276554748735e-20,2.5424919768334943e-20,2.491187950890228e-06,nan,-5.623291030287834,-4.425061146283373,1.1982298840044605,-6.224801437214923,-3.7220381226023678,-1.9012529076854665,-1.572026240663666,12.609592002049174,-5.623291030287834,-4.425061146283373,8.1845308557658,nan
tip,225.0,20,28.516660498395403,2,1.0,-5.811709588720931e-21,-3.2488794680970693e-21,2.5628301206238618e-21,-3.2488794680970693e-21,nan,nan,nan,nan,nan,nan,nan,-2.453204187515722e-22,-0.0,-5.811709588720931e-21,-3.2488794680970693e-21,-3.2488794680970693e-21,2.491187950890228e-06,nan,-1.8708462755063198,-1.0458461421153125,0.8250001333910072,-1.0458461421153125,nan,nan,-0.07897104711112019,-0.0,-1.8708462755063198,-1.0458461421153125,-1.0458461421153125,nan
face,226.0,20,19.0,2,0.0018275189427127136,-1.785143278307026e-20,-1.4064303777088337e-20,3.787129005981923e-21,-1.931282743742648e-20,0.5,0.7377248777347225,0.8845946400364906,0.9997944813235218,13.628354444249869,-1.155401969601378e-20,-6.29741308705648e-21,-4.8834370285786125e-21,3.9345290528964046e-20,-1.785143278307026e-20,-1.4064303777088337e-20,2.528098675187571e-20,2.4451373025949632e-06,nan,-5.721123952072847,-4.5074043179681285,1.2137196341047185,-6.18947963321446,-3.7028948672554125,-2.0182290848174342,-1.5650703723421453,12.609592002049173,-5.721123952072847,-4.5074043179681285,8.102187684081043,nan
tip,226.0,20,28.516660498395403,2,1.0,-5.795261044279678e-21,-3.2375256384857763e-21,2.5577354057939017e-21,-3.2375256384857763e-21,nan,nan,nan,nan,nan,nan,nan,-2.453204187515722e-22,-0.0,-5.795261044279678e-21,-3.2375256384857763e-21,-3.2375256384857763e-21,2.4451373025949632e-06,nan,-1.8572966759501073,-1.0375797674546812,0.8197169084954261,-1.0375797674546812,nan,nan,-0.07862161769912408,-0.0,-1.8572966759501073,-1.0375797674546812,-1.0375797674546812,nan
face,227.0,20,19.0,2,0.0018275189427127136,-1.8236817492160496e-20,-1.43798699999041e-20,3.856947492256397e-21,-1.928859449332656e-20,0.5,0.7525883678811329,0.9011578691448094,0.9997866510814917,12.324239518339121,-1.1545665481945162e-20,-6.6911520102153345e-21,-4.8834370285786125e-21,3.951938473484442e-20,-1.8236817492160496e-20,-1.43798699999041e-20,2.513951473494032e-20,2.4001392455461512e-06,nan,-5.81888684590835,-4.588236759197901,1.2306500867104488,-6.1544811106173665,-3.683916945981878,-2.134969899926472,-1.5581757892040742,12.609592002049173,-5.81888684590835,-4.588236759197901,8.021355242851271,nan
tip,227.0,20,28.516660498395403,2,1.0,-5.778888395793431e-21,-3.2262444224559185e-21,2.5526439733375125e-21,-3.2262444224559185e-21,nan,nan,nan,nan,nan,nan,nan,-2.453204187515722e-22,-0.0,-5.778888395793431e-21,-3.2262444224559185e-21,-3.2262444224559185e-21,2.4001392455461512e-06,nan,-1.843890672520575,-1.0294093933650421,0.8144812791555328,-1.0294093933650421,nan,nan,-0.07827526696036143,-0.0,-1.843890672520575,-1.0294093933650421,-1.0294093933650421,nan
face,228.0,20,19.0,2,0.0018275189427127136,-1.862174819584311e-20,-1.4690298164916534e-20,3.9314500309265774e-21,-1.926439930188645e-20,0.5,0.767435113542336,0.9165818424985424,0.9997785952059351,11.154757983212487,-1.1537300829592756e-20,-7.084447366250354e-21,-4.8834370285786125e-21,3.9693478940724794e-20,-1.862174819584311e-20,-1.4690298164916534e-20,2.500318077580826e-20,2.3561664128240984e-06,nan,-5.91564794471979,-4.666727915803763,1.2489200289160276,-6.1198015856484025,-3.665102181729089,-2.2505457629907006,-1.55134168486546,12.609592002049173,-5.91564794471979,-4.666727915803763,7.94286408624541,nan
tip,228.0,20,28.516660498395403,2,1.0,-5.762591206032753e-21,-3.215035166739141e-21,2.5475560392936118e-21,-3.215035166739141e-21,nan,nan,nan,nan,nan,nan,nan,-2.453204187515722e-22,-0.0,-5.762591206032753e-21,-3.215035166739141e-21,-3.215035166739141e-21,2.3561664128240984e-06,nan,-1.8306262368985153,-1.0213335491545212,0.8092926877439941,-1.0213335491545212,nan,nan,-0.07793195438597386,-0.0,-1.8306262368985153,-1.0213335491545212,-1.0213335491545212,nan
face,229.0,20,19.0,2,0.0018275189427127136,-1.9003218163174332e-20,-1.499297892605071e-20,4.0102392371236235e-21,-1.9240241769768423e-20,0.5,0.7821516119444134,0.9307127623008647,0.9997703095792747,10.105049893220889,-1.152892573520391e-20,-7.47429242797042e-21,-4.8834370285786125e-21,3.986757314660516e-20,-1.9003218163174332e-20,-1.499297892605071e-20,2.4874594220554454e-20,2.3131921989223833e-06,nan,-6.010469382783667,-4.742083157597954,1.268386225185713,-6.085436849777834,-3.646448435881912,-2.3640209469017543,-1.5445672670276194,12.609592002049173,-6.010469382783667,-4.742083157597954,7.867508844451218,nan
tip,229.0,20,28.516660498395403,2,1.0,-5.746369041208255e-21,-3.2038972257077126e-21,2.542471815500542e-21,-3.2038972257077126e-21,nan,nan,nan,nan,nan,nan,nan,-2.453204187515722e-22,-0.0,-5.746369041208255e-21,-3.2038972257077126e-21,-3.2038972257077126e-21,2.3131921989223833e-06,nan,-1.8175013772819202,-1.0133507922368148,0.8041505850451054,-1.0133507922368148,nan,nan,-0.07759164017468141,-0.0,-1.8175013772819202,-1.0133507922368148,-1.0133507922368148,nan
face,230.0,20,19.0,2,0.0018275189427127136,-1.9378240066255047e-20,-1.5285459328497754e-20,4.092780737757293e-21,-1.9216121804940767e-20,0.5,0.7966250927216543,0.9434332548151836,0.9997617900672242,9.161996541293881,-1.152054019632743e-20,-7.857699869927617e-21,-4.8834370285786125e-21,4.0041667352485536e-20,-1.9378240066255047e-20,-1.5285459328497754e-20,2.4756208023987782e-20,2.271190738731455e-06,nan,-6.102435715331685,-4.813570923497243,1.2888647918344427,-6.051382768079034,-3.627953607428362,-2.4744821079033232,-1.5378517571709776,12.609592002049173,-6.102435715331685,-4.813570923497243,7.79602107855193,nan
tip,230.0,20,28.516660498395403,2,1.0,-5.730221470916721e-21,-3.1928299612595167e-21,2.5373915096572045e-21,-3.1928299612595167e-21,nan,nan,nan,nan,nan,nan,nan,-2.453204187515722e-22,-0.0,-5.730221470916721e-21,-3.1928299612595167e-21,-3.1928299612595167e-21,2.271190738731455e-06,nan,-1.8045141375751614,-1.0054597074839808,0.7990544300911806,-1.0054597074839808,nan,nan,-0.07725428521740019,-0.0,-1.8045141375751614,-1.0054597074839808,-1.0054597074839808,nan
face,231.0,20,19.0,2,0.0018275189427127136,-1.9743941781787534e-20,-1.5565528839046503e-20,4.17841294274103e-21,-1.9192039316656995e-20,0.5,0.8107471343876783,0.9546687104677749,0.9997530325197312,8.314005067012364,-1.151214421181686e-20,-8.231797569970673e-21,-4.8834370285786125e-21,4.021576155836591e-20,-1.9743941781787534e-20,-1.5565528839046503e-20,2.4650232719319407e-20,2.230136887004843e-06,nan,-6.1906834716838,-4.880548331072853,1.3101351406109472,-6.017635277628812,-3.6096156321467157,-2.581067839537084,-1.5311943902568175,12.609592002049173,-6.1906834716838,-4.880548331072853,7.729043670976321,nan
tip,231.0,20,28.516660498395403,2,1.0,-5.7141480680884354e-21,-3.181832742705281e-21,2.5323153253831545e-21,-3.181832742705281e-21,nan,nan,nan,nan,nan,nan,nan,-2.453204187515722e-22,-0.0,-5.7141480680884354e-21,-3.181832742705281e-21,-3.181832742705281e-21,2.230136887004843e-06,nan,-1.7916625965996107,-0.9976589065967438,0.7940036900028669,-0.9976589065967438,nan,nan,-0.07691985108225992,-0.0,-1.7916625965996107,-0.9976589065967438,-0.9976589065967438,nan
face,232.0,20,19.0,2,0.0018275189427127136,-2.0097662061236646e-20,-1.583129644020886e-20,4.266365621027786e-21,-1.9167994215435212e-20,0.5,0.8244172758464483,0.9643912376772944,0.9997440327719239,7.550821062102392,-1.150373778183325e-20,-8.593924279403396e-21,-4.8834370285786125e-21,4.038985576424628e-20,-2.0097662061236646e-20,-1.583129644020886e-20,2.4558559324037418e-20,2.1900061983068597e-06,nan,-6.274429903054789,-4.942483333927608,1.3319465691271808,-5.98419038594918,-3.591432481813478,-2.682997421241311,-1.524594414436745,12.609592002049173,-6.274429903054789,-4.942483333927608,7.667108668121564,nan
tip,232.0,20,28.516660498395403,2,1.0,-5.6981484089357386e-21,-3.1709049466579967e-21,2.527243462277742e-21,-3.1709049466579967e-21,nan,nan,nan,nan,nan,nan,nan,-2.453204187515722e-22,-0.0,-5.6981484089357386e-21,-3.1709049466579967e-21,-3.1709049466579967e-21,2.1900061983068597e-06,nan,-1.7789448673250574,-0.9899470274917674,0.7889978398332901,-0.9899470274917674,nan,nan,-0.0765883000000088,-0.0,-1.7789448673250574,-0.9899470274917674,-0.9899470274917674,nan
face,233.0,20,19.0,2,0.0018275189427127136,-2.0437039533668298e-20,-1.608125256981565e-20,4.355786963852649e-21,-1.914398641303777e-20,0.5,0.8375463762144832,0.9726206513150467,0.9997347866450518,6.863365364136593,-1.1495320907847345e-20,-8.941718625820953e-21,-4.8834370285786125e-21,4.056394997012665e-20,-2.0437039533668298e-20,-1.608125256981565e-20,2.4482697400311002e-20,2.1507749074395635e-06,nan,-6.3529989174893435,-4.998971597603688,1.3540273198856556,-5.95104416948933,-3.5734021634315694,-2.7795967540577746,-1.5180510907696345,12.609592002049173,-6.3529989174893435,-4.998971597603688,7.610620404445484,nan
tip,233.0,20,28.516660498395403,2,1.0,-5.682222072902809e-21,-3.1600459569244378e-21,2.5221761159783713e-21,-3.1600459569244378e-21,nan,nan,nan,nan,nan,nan,nan,-2.453204187515722e-22,-0.0,-5.682222072902809e-21,-3.1600459569244378e-21,-3.1600459569244378e-21,2.1507749074395635e-06,nan,-1.7663590961212996,-0.9823227337053586,0.784036362415941,-0.9823227337053586,nan,nan,-0.07625959484979417,-0.0,-1.7663590961212996,-0.9823227337053586,-0.9823227337053586,nan
face,234.0,20,19.0,2,0.0018275189427127136,-2.076008838115162e-20,-1.6314310513143695e-20,4.445777868007926e-21,-1.9120015822451158e-20,0.5,0.8500594715375902,0.979422178532086,0.9997252899474309,6.243591769913255,-1.1486893592641242e-20,-9.273194788510379e-21,-4.8834370285786125e-21,4.0738044176007026e-20,-2.076008838115162e-20,-1.6314310513143695e-20,2.442373366286333e-20,2.112419910345835e-06,nan,-6.425842224575389,-5.049746582744439,1.3760956418309498,-5.918192772146602,-3.555522718478136,-2.870319506097253,-1.5115636929458327,12.609592002049173,-6.425842224575389,-5.049746582744439,7.559845419304734,nan
tip,234.0,20,28.516660498395403,2,1.0,-5.666368642616576e-21,-3.1492551643987875e-21,2.517113478217789e-21,-3.1492551643987875e-21,nan,nan,nan,nan,nan,nan,nan,-2.453204187515722e-22,-0.0,-5.666368642616576e-21,-3.1492551643987875e-21,-3.1492551643987875e-21,2.112419910345835e-06,nan,-1.7539034620292737,-0.974784713813114,0.7791187482161597,-0.974784713813114,nan,nan,-0.07593369914530787,-0.0,-1.7539034620292737,-0.974784713813114,-0.974784713813114,nan
face,235.0,20,19.0,2,0.0018275189427127136,-2.106525466134294e-20,-1.6529823458307917e-20,4.535431203035022e-21,-1.9096082357866104e-20,0.5,0.8618979009463064,0.9849009146789112,0.9997155384753834,5.684362860826371,-1.1478455840309571e-20,-9.586798821033368e-21,-4.8834370285786125e-21,4.0912138381887394e-20,-2.106525466134294e-20,-1.6529823458307917e-20,2.4382314923579477e-20,2.07491874548459e-06,nan,-6.492553975531038,-5.094681869951883,1.3978721055791543,-5.885632403825288,-3.537792222171423,-2.9547617533596147,-1.5051315070184035,12.609592002049173,-6.492553975531038,-5.094681869951883,7.514910132097288,nan
tip,235.0,20,28.516660498395403,2,1.0,-5.650587703838866e-21,-3.1385319669582613e-21,2.512055736880605e-21,-3.1385319669582613e-21,nan,nan,nan,nan,nan,nan,nan,-2.453204187515722e-22,-0.0,-5.650587703838866e-21,-3.1385319669582613e-21,-3.1385319669582613e-21,2.07491874548459e-06,nan,-1.7415761760511752,-0.9673316808649983,0.7742444951861769,-0.9673316808649983,nan,nan,-0.07561057702128528,-0.0,-1.7415761760511752,-0.9673316808649983,-0.9673316808649983,nan
face,236.0,20,19.0,2,0.0018275189427127136,-2.135144868277367e-20,-1.6727575692443222e-20,4.623872990330449e-21,-1.9072185934657913e-20,0.5,0.8730205288103163,0.9891934566321562,0.9997055280141781,5.179341525785013,-1.1470007656260077e-20,-9.881441026513594e-21,-4.8834370285786125e-21,4.108623258776777e-20,-2.135144868277367e-20,-1.6727575692443222e-20,2.4358656895324546e-20,2.038249575673318e-06,nan,-6.552877681528351,-5.133785489203063,1.419092192325287,-5.85335933903214,-3.5202087827560966,-3.032668898772254,-1.498753831141207,12.609592002049173,-6.552877681528351,-5.133785489203063,7.475806512846109,nan
tip,236.0,20,28.516660498395403,2,1.0,-5.634878845419651e-21,-3.127875769360724e-21,2.5070030760589266e-21,-3.127875769360724e-21,nan,nan,nan,nan,nan,nan,nan,-2.453204187515722e-22,-0.0,-5.634878845419651e-21,-3.127875769360724e-21,-3.127875769360724e-21,2.038249575673318e-06,nan,-1.7293754804589658,-0.9599623718353985,0.7694131086235674,-0.9599623718353985,nan,nan,-0.07529019322034763,-0.0,-1.7293754804589658,-0.9599623718353985,-0.9599623718353985,nan
face,237.0,20,19.0,2,0.0018275189427127136,-2.1618050969395396e-20,-1.6907749082106745e-20,4.710301887288651e-21,-1.904832646936703e-20,0.5,0.8834039698976862,0.9924575171711411,0.9996952543389666,4.722896103172541,-1.1461549047213784e-20,-1.0156501922181612e-20,-4.8834370285786125e-21,4.126032679364814e-20,-2.1618050969395396e-20,-1.6907749082106745e-20,2.4352577711541397e-20,2.0023911703925744e-06,nan,-6.606704885467471,-5.167186839421948,1.4395180460455226,-5.821369915507518,-3.5027705408065346,-3.103934344660936,-1.492429975313607,12.609592002049173,-6.606704885467471,-5.167186839421948,7.442405162627225,nan
tip,237.0,20,28.516660498395403,2,1.0,-5.619241659251432e-21,-3.1172859831442354e-21,2.5019556761071966e-21,-3.1172859831442354e-21,nan,nan,nan,nan,nan,nan,nan,-2.453204187515722e-22,-0.0,-5.619241659251432e-21,-3.1172859831442354e-21,-3.1172859831442354e-21,2.0023911703925744e-06,nan,-1.7172996481207323,-0.9526755470876882,0.7646241010330442,-0.9526755470876882,nan,nan,-0.07497251308017738,-0.0,-1.7172996481207323,-0.9526755470876882,-0.9526755470876882,nan
face,238.0,20,19.0,2,0.0018275189427127136,-2.1864891942406328e-20,-1.707086865676554e-20,4.7940232856407896e-21,-1.9024503879679838e-20,0.5,0.8930418223717855,0.9948606103797145,0.9996847132157177,4.310017350627418,-1.1453080021204583e-20,-1.0411811921201744e-20,-4.8834370285786125e-21,4.143442099952851e-20,-2.1864891942406328e-20,-1.707086865676554e-20,2.436355234276297e-20,1.967322888546411e-06,nan,-6.654065868707892,-5.195117578325327,1.4589482903825655,-5.789660532891098,-3.4854756685475063,-3.1685902001603856,-1.486159261131617,12.609592002049173,-6.654065868707892,-5.195117578325327,7.414474423723845,nan
tip,238.0,20,28.516660498395403,2,1.0,-5.6036757402247505e-21,-3.1067620265284773e-21,2.4969137136962732e-21,-3.1067620265284773e-21,nan,nan,nan,nan,nan,nan,nan,-2.453204187515722e-22,-0.0,-5.6036757402247505e-21,-3.1067620265284773e-21,-3.1067620265284773e-21,1.967322888546411e-06,nan,-1.7053469818443714,-0.9454699898528651,0.7598769919915063,-0.9454699898528651,nan,nan,-0.07465750252101698,-0.0,-1.7053469818443714,-0.9454699898528651,-0.9454699898528651,nan
face,239.0,20,19.0,2,0.0018275189427127136,-2.2092208138680494e-20,-1.7217733347003968e-20,4.874474791676526e-21,-1.900071808440967e-20,0.5,0.9019430150541701,0.9965690297882401,0.9996739004021482,3.936245697386928,-1.1444600587578327e-20,-1.0647607551102166e-20,-4.8834370285786125e-21,4.1608515205408884e-20,-2.2092208138680494e-20,-1.7217733347003968e-20,2.4390781858404916e-20,1.933024661672246e-06,nan,-6.69511348044686,-5.217888493112429,1.4772249873344312,-5.75822765142116,-3.4683223691917555,-3.2267911112551046,-1.4799410215452922,12.609592002049173,-6.69511348044686,-5.217888493112429,7.391703508936743,nan
tip,239.0,20,28.516660498395403,2,1.0,-5.58818068618475e-21,-3.0963033243180354e-21,2.4918773618667145e-21,-3.0963033243180354e-21,nan,nan,nan,nan,nan,nan,nan,-2.453204187515722e-22,-0.0,-5.58818068618475e-21,-3.0963033243180354e-21,-3.0963033243180354e-21,1.933024661672246e-06,nan,-1.69351581373807,-0.9383445057218376,0.7551713080162322,-0.9383445057218376,nan,nan,-0.07434512803348134,-0.0,-1.69351581373807,-0.9383445057218376,-0.9383445057218376,nan
face,240.0,20,19.0,2,0.0018275189427127136,-2.230058015340846e-20,-1.7349339300357868e-20,4.951240853050592e-21,-1.8976969003478022e-20,0.5,0.9101294647836217,0.9977382787884069,0.9996628116486501,3.5976074447386397,-1.1436110756991531e-20,-1.086446939641693e-20,-4.8834370285786125e-21,4.178260941128925e-20,-2.230058015340846e-20,-1.7349339300357868e-20,2.4433270110931383e-20,1.899476977593303e-06,nan,-6.730101855905104,-5.235864709386029,1.4942371465190742,-5.7270677906664496,-3.4513088762940263,-3.2787929796110773,-1.473774600622187,12.609592002049173,-6.730101855905104,-5.235864709386029,7.373727292663143,nan
tip,240.0,20,28.516660498395403,2,1.0,-5.5727560978888496e-21,-3.085909307807454e-21,2.4868467900813957e-21,-3.085909307807454e-21,nan,nan,nan,nan,nan,nan,nan,-2.453204187515722e-22,-0.0,-5.5727560978888496e-21,-3.085909307807454e-21,-3.085909307807454e-21,1.899476977593303e-06,nan,-1.6818045045871088,-0.9312979221509395,0.7505065824361694,-0.9312979221509395,nan,nan,-0.07403535666667518,-0.0,-1.6818045045871088,-0.9312979221509395,-0.9312979221509395,nan
face,241.0,20,19.0,2,0.0018275189427127136,-2.2490859141390816e-20,-1.7466803432163907e-20,5.024055709226909e-21,-1.8953256557896014e-20,0.5,0.9176333018688336,0.9985058574415455,0.9996514426992128,3.2905587609869364,-1.1427610541409483e-20,-1.1063248599981333e-20,-4.8834370285786125e-21,4.1956703617169626e-20,-2.2490859141390816e-20,-1.7466803432163907e-20,2.448990018500572e-20,1.8666608645062635e-06,nan,-6.759362225788406,-5.249441587909878,1.5099206378785281,-5.696177528289672,-3.434433453120991,-3.3249287726674157,-1.4676593533167008,12.609592002049173,-6.759362225788406,-5.249441587909878,7.360150414139295,nan
tip,241.0,20,28.516660498395403,2,1.0,-5.5574015789654335e-21,-3.0755794146880674e-21,2.481822164277366e-21,-3.0755794146880674e-21,nan,nan,nan,nan,nan,nan,nan,-2.453204187515722e-22,-0.0,-5.5574015789654335e-21,-3.0755794146880674e-21,-3.0755794146880674e-21,1.8666608645062635e-06,nan,-1.670211443246487,-0.9243290879802899,0.745882355266197,-0.9243290879802899,nan,nan,-0.07372815601660598,-0.0,-1.670211443246487,-0.9243290879802899,-0.9243290879802899,nan
face,242.0,20,19.0,2,0.0018275189427127136,-2.2664089357428037e-20,-1.7571293935473037e-20,5.092795421955e-21,-1.8929580669746056e-20,0.5,0.9244939460185524,0.9989869072962504,0.9996397892923427,3.011936472680869,-1.1419099954103908e-20,-1.124498940332413e-20,-4.8834370285786125e-21,4.2130797823049994e-20,-2.2664089357428037e-20,-1.7571293935473037e-20,2.4559503887576957e-20,1.8345578754965897e-06,nan,-6.783278140030802,-5.25902330178935,1.5242548382414525,-5.6655534988417315,-3.41769439203667,-3.3655837479941324,-1.461594645245144,12.609592002049173,-6.783278140030802,-5.25902330178935,7.350568700259823,nan
tip,242.0,20,28.516660498395403,2,1.0,-5.5421167358735614e-21,-3.065313088956549e-21,2.4768036469170125e-21,-3.065313088956549e-21,nan,nan,nan,nan,nan,nan,nan,-2.453204187515722e-22,-0.0,-5.5421167358735614e-21,-3.065313088956549e-21,-3.065313088956549e-21,1.8345578754965897e-06,nan,-1.6587350460489094,-0.917436872964609,0.7412981730843005,-0.917436872964609,nan,nan,-0.07342349421488448,-0.0,-1.6587350460489094,-0.917436872964609,-0.917436872964609,nan
face,243.0,20,19.0,2,0.0018275189427127136,-2.2821433776301754e-20,-1.7663972655574964e-20,5.157461120726789e-21,-1.8905941262163726e-20,0.5,0.930755298525103,0.9992727499324884,0.9996278471619747,2.7589147874056685,-1.141057900965025e-20,-1.1410854766651504e-20,-4.8834370285786125e-21,4.230489202893037e-20,-2.2821433776301754e-20,-1.7663972655574964e-20,2.4640919373355403e-20,1.8031500734736297e-06,nan,-6.802262221214452,-5.265005479031475,1.5372567421829768,-5.635192392585779,-3.4010900139029117,-3.4011722073115402,-1.4555798524663575,12.609592002049173,-6.802262221214452,-5.265005479031475,7.344586523017698,nan
tip,243.0,20,28.516660498395403,2,1.0,-5.526901177863712e-21,-3.0551097808251186e-21,2.4717913970385936e-21,-3.0551097808251186e-21,nan,nan,nan,nan,nan,nan,nan,-2.453204187515722e-22,-0.0,-5.526901177863712e-21,-3.0551097808251186e-21,-3.0551097808251186e-21,1.8031500734736297e-06,nan,-1.6473737562277027,-0.9106201673161118,0.7367535889115908,-0.9106201673161118,nan,nan,-0.07312133991770388,-0.0,-1.6473737562277027,-0.9106201673161118,-0.9106201673161118,nan
face,244.0,20,19.0,2,0.0018275189427127136,-2.296410844522708e-20,-1.7745952099808464e-20,5.218156345418616e-21,-1.8882338259319837e-20,0.5,0.9364632640952976,0.9994319260716912,0.9996156120383823,2.5289671983852946,-1.1402047723924406e-20,-1.1562060721302674e-20,-4.8834370285786125e-21,4.247898623481074e-20,-2.296410844522708e-20,-1.7745952099808464e-20,2.4733034135002278e-20,1.772420016517457e-06,nan,-6.8167360818001255,-5.267762616310222,1.548973465489904,-5.605090954350251,-3.3846186674944487,-3.432117414305677,-1.4496143612677248,12.609592002049173,-6.8167360818001255,-5.267762616310222,7.341829385738951,nan
tip,244.0,20,28.516660498395403,2,1.0,-5.5117545169394596e-21,-3.0449689466334077e-21,2.466785570306052e-21,-3.0449689466334077e-21,nan,nan,nan,nan,nan,nan,nan,-2.453204187515722e-22,-0.0,-5.5117545169394596e-21,-3.0449689466334077e-21,-3.0449689466334077e-21,1.772420016517457e-06,nan,-1.636126043354195,-0.9038778812591355,0.7322481620950596,-0.9038778812591355,nan,nan,-0.07282166229509034,-0.0,-1.636126043354195,-0.9038778812591355,-0.9038778812591355,nan
face,245.0,20,19.0,2,0.0018275189427127136,-2.309332921642764e-20,-1.781826792064078e-20,5.275061295786859e-21,-1.8858771586402767e-20,0.5,0.9416637400261428,0.9995130392287819,0.9996030796490784,2.3198329201732313,-1.1393506114099063e-20,-1.1699823102328578e-20,-4.8834370285786125e-21,4.265308044069111e-20,-2.309332921642764e-20,-1.781826792064078e-20,2.483481252005033e-20,1.742350743629214e-06,nan,-6.827114393134231,-5.267640375351065,1.5594740177831656,-5.575245982410067,-3.3682787289281664,-3.4588356642060654,-1.4436975679564281,12.609592002049173,-6.827114393134231,-5.267640375351065,7.341951626698107,nan
tip,245.0,20,28.516660498395403,2,1.0,-5.496676367820156e-21,-3.0348900487619106e-21,2.4617863190582454e-21,-3.0348900487619106e-21,nan,nan,nan,nan,nan,nan,nan,-2.453204187515722e-22,-0.0,-5.496676367820156e-21,-3.0348900487619106e-21,-3.0348900487619106e-21,1.742350743629214e-06,nan,-1.624990402789175,-0.8972089445961418,0.7277814581930333,-0.8972089445961418,nan,nan,-0.0725244310204165,-0.0,-1.624990402789175,-0.8972089445961418,-0.8972089445961418,nan
face,246.0,20,19.0,2,0.0018275189427127136,-2.3210272319472405e-20,-1.788186585563242e-20,5.3284064638399864e-21,-1.8835241169600934e-20,0.5,0.9464011278261509,0.9995485828028189,0.9995902457197119,2.129487290110308,-1.1384954198639606e-20,-1.1825318120832798e-20,-4.8834370285786125e-21,4.2827174646571484e-20,-2.3210272319472405e-20,-1.788186585563242e-20,2.4945308790939065e-20,1.7129257608765755e-06,nan,-6.833793417853501,-5.264952323744983,1.5688410941085185,-5.545654327395155,-3.352068601106161,-3.4817248167473394,-1.4378288786557922,12.609592002049173,-6.833793417853501,-5.264952323744983,7.34463967830419,nan
tip,246.0,20,28.516660498395403,2,1.0,-5.4816663479045324e-21,-3.0248725555469963e-21,2.456793792357536e-21,-3.0248725555469963e-21,nan,nan,nan,nan,nan,nan,nan,-2.453204187515722e-22,-0.0,-5.4816663479045324e-21,-3.0248725555469963e-21,-3.0248725555469963e-21,1.7129257608765755e-06,nan,-1.6139653551479982,-0.8906123062847651,0.7233530488632332,-0.8906123062847651,nan,nan,-0.07222961626017091,-0.0,-1.6139653551479982,-0.8906123062847651,-0.8906123062847651,nan
face,247.0,20,19.0,2,0.0018275189427127136,-2.331604828576706e-20,-1.793759999664685e-20,5.378448289120208e-21,-1.881174693608553e-20,0.5,0.950717348875273,0.9995589831381191,0.9995771059749582,1.9561156439529492,-1.1376391997299566e-20,-1.1939656288467494e-20,-4.8834370285786125e-21,4.3001268852451864e-20,-2.331604828576706e-20,-1.793759999664685e-20,2.5063668855805012e-20,1.684129027925906e-06,nan,-6.8371437362094705,-5.259980077094369,1.577163659115102,-5.516312891225578,-3.335986713172196,-3.501157023037274,-1.4320077091065782,12.609592002049173,-6.8371437362094705,-5.259980077094369,7.349611924954805,nan
tip,247.0,20,28.516660498395403,2,1.0,-5.4667240772352e-21,-3.014915941197469e-21,2.4518081360377313e-21,-3.014915941197469e-21,nan,nan,nan,nan,nan,nan,nan,-2.453204187515722e-22,-0.0,-5.4667240772352e-21,-3.014915941197469e-21,-3.014915941197469e-21,1.684129027925906e-06,nan,-1.603049445778951,-0.8840869340255875,0.7189625117533636,-0.8840869340255875,nan,nan,-0.07193718866397587,-0.0,-1.603049445778951,-0.8840869340255875,-0.8840869340255875,nan
face,248.0,20,19.0,2,0.0018275189427127136,-2.341168733693579e-20,-1.7986237837575228e-20,5.425449499360563e-21,-1.8788288813993423e-20,0.5,0.9546512928422195,0.9995562775829184,0.9995636561394022,1.7980902377801868,-1.1367819531115701e-20,-1.204386780582009e-20,-4.8834370285786125e-21,4.3175363058332226e-20,-2.341168733693579e-20,-1.7986237837575228e-20,2.5189125220756997e-20,1.6559449449525575e-06,nan,-6.837506496458512,-5.252975417420927,1.5845310790375846,-5.48721862607246,-3.3200315199812005,-3.517474976477311,-1.4262334844730842,12.609592002049173,-6.837506496458512,-5.252975417420927,7.356616584628245,nan
tip,248.0,20,28.516660498395403,2,1.0,-5.451849178464072e-21,-3.005019685712604e-21,2.4468294927514683e-21,-3.005019685712604e-21,nan,nan,nan,nan,nan,nan,nan,-2.453204187515722e-22,-0.0,-5.451849178464072e-21,-3.005019685712604e-21,-3.005019685712604e-21,1.6559449449525575e-06,nan,-1.5922412442545055,-0.8776318138603201,0.7146094303941855,-0.8776318138603201,nan,nan,-0.07164711935484695,-0.0,-1.5922412442545055,-0.8776318138603201,-0.8776318138603201,nan
face,249.0,20,19.0,2,0.0018275189427127136,-2.349813362137763e-20,-1.8028468043037172e-20,5.46966557834046e-21,-1.8764866732410268e-20,0.5,0.9582386001169219,0.9995470931191504,0.999549891938414,1.6539498433889885,-1.1359236822402636e-20,-1.2138896798974994e-20,-4.8834370285786125e-21,4.3349457264212606e-20,-2.349813362137763e-20,-1.8028468043037172e-20,2.5320989221175434e-20,1.6283583399207908e-06,nan,-6.835192329381708,-5.244163152011492,1.591029177370216,-5.458368533344013,-3.3042015015814163,-3.5309908278002906,-1.420505639153915,12.609592002049173,-6.835192329381708,-5.244163152011492,7.365428850037682,nan
tip,249.0,20,28.516660498395403,2,1.0,-5.437041276818646e-21,-2.9951832748016382e-21,2.441858002017008e-21,-2.9951832748016382e-21,nan,nan,nan,nan,nan,nan,nan,-2.453204187515722e-22,-0.0,-5.437041276818646e-21,-2.9951832748016382e-21,-2.9951832748016382e-21,1.6283583399207908e-06,nan,-1.58153934387508,-0.8712459497800866,0.7102933940949934,-0.8712459497800866,nan,nan,-0.07135937991968691,-0.0,-1.58153934387508,-0.8712459497800866,-0.8712459497800866,nan
face,250.0,20,19.0,2,0.0018275189427127136,-2.3576245576988582e-20,-1.8064908582848473e-20,5.511336994140109e-21,-1.8741480621353858e-20,0.5,0.9615116755033685,0.9995348248489562,0.9995358090990181,1.522381692093115,-1.135064389474709e-20,-1.222560168224149e-20,-4.8834370285786125e-21,4.3523551470092973e-20,-2.3576245576988582e-20,-1.8064908582848473e-20,2.54586428872445e-20,1.6013544562247125e-06,nan,-6.830482063721795,-5.23374400962112,1.5967380541006755,-5.4297596626959805,-3.288495162708868,-3.5419869010129266,-1.4148236165972994,12.609592002049173,-6.830482063721795,-5.23374400962112,7.375847992428054,nan
tip,250.0,20,28.516660498395403,2,1.0,-5.422300000069143e-21,-2.9854061998047075e-21,2.4368938002644354e-21,-2.9854061998047075e-21,nan,nan,nan,nan,nan,nan,nan,-2.453204187515722e-22,-0.0,-5.422300000069143e-21,-2.9854061998047075e-21,-2.9854061998047075e-21,1.6013544562247125e-06,nan,-1.5709423611849622,-0.8649283633435312,0.7060139978414312,-0.8649283633435312,nan,nan,-0.07107394240000817,-0.0,-1.5709423611849622,-0.8649283633435312,-0.8649283633435312,nan
face,251.0,20,19.0,2,0.0018275189427127136,-2.3646800036504115e-20,-1.809611431067309e-20,5.550685725831026e-21,-1.8718130411757593e-20,0.5,0.9644998431949063,0.9995210841193476,0.9995214033507541,1.4022054831815796,-1.1342040773001785e-20,-1.2304759263502332e-20,-4.8834370285786125e-21,4.369764567597335e-20,-2.3646800036504115e-20,-1.809611431067309e-20,2.560153136530026e-20,1.5749189406817311e-06,nan,-6.823628504505617,-5.2218973070555075,1.60173119745011,-5.401389111065753,-3.2729110322938064,-3.550717472211811,-1.409186869120816,12.609592002049173,-6.823628504505617,-5.2218973070555075,7.387694694993665,nan
tip,251.0,20,28.516660498395403,2,1.0,-5.407624978496456e-21,-2.9756879576151658e-21,2.4319370208812902e-21,-2.9756879576151658e-21,nan,nan,nan,nan,nan,nan,nan,-2.453204187515722e-22,-0.0,-5.407624978496456e-21,-2.9756879576151658e-21,-2.9756879576151658e-21,1.5749189406817311e-06,nan,-1.5604489355000333,-0.8586780933044498,0.7017708421955834,-0.8586780933044498,nan,nan,-0.07079077928287665,-0.0,-1.5604489355000333,-0.8586780933044498,-0.8586780933044498,nan
face,252.0,20,19.0,2,0.0018275189427127136,-2.3710498254338706e-20,-1.8122583768084957e-20,5.5879144862537485e-21,-1.8694816035454238e-20,0.5,0.9672295742853197,0.999506575456825,0.9995066704265309,1.2923592091532334,-1.1333427483278896e-20,-1.2377070771059808e-20,-4.8834370285786125e-21,4.3871739881853715e-20,-2.3710498254338706e-20,-1.8122583768084957e-20,2.5749156113768758e-20,1.5490378318699685e-06,nan,-6.814858721301239,-5.20878332963107,1.6060753916701689,-5.3732540217295774,-3.257447662978792,-3.557411058322447,-1.403594857735416,12.609592002049173,-6.814858721301239,-5.20878332963107,7.400808672418102,nan
tip,252.0,20,28.516660498395403,2,1.0,-5.393015844860942e-21,-2.9660280506032718e-21,2.4269877942576704e-21,-2.9660280506032718e-21,nan,nan,nan,nan,nan,nan,nan,-2.453204187515722e-22,-0.0,-5.393015844860942e-21,-2.9660280506032718e-21,-2.9660280506032718e-21,1.5490378318699685e-06,nan,-1.5500577284469812,-0.8524941952486849,0.6975635331982962,-0.8524941952486849,nan,nan,-0.0705098634920716,-0.0,-1.5500577284469812,-0.8524941952486849,-0.8524941952486849,nan
face,253.0,20,19.0,2,0.0018275189427127136,-2.3767972627208428e-20,-1.8144765232751525e-20,5.623207394456903e-21,-1.867153742515981e-20,0.5,0.9697247404699618,0.9994915802993926,0.9994916060634714,1.1918865809776997,-1.1324804052943183e-20,-1.2443168574265243e-20,-4.8834370285786125e-21,4.4045834087734095e-20,-2.3767972627208428e-20,-1.8144765232751525e-20,2.590106885498257e-20,1.5236975488011728e-06,nan,-6.80437648082666,-5.194545438785988,1.609831042040672,-5.3453515833821506,-3.242103630648097,-3.5622728501785623,-1.398047051973616,12.609592002049173,-6.80437648082666,-5.194545438785988,7.415046563263186,nan
tip,253.0,20,28.516660498395403,2,1.0,-5.378472234371981e-21,-2.9564259865412027e-21,2.4220462478307786e-21,-2.9564259865412027e-21,nan,nan,nan,nan,nan,nan,nan,-2.453204187515722e-22,-0.0,-5.378472234371981e-21,-2.9564259865412027e-21,-2.9564259865412027e-21,1.5236975488011728e-06,nan,-1.5397674235136602,-0.8463757412400064,0.6933916822736539,-0.8463757412400064,nan,nan,-0.0702311683794547,-0.0,-1.5397674235136602,-0.8463757412400064,-0.8463757412400064,nan
face,254.0,20,19.0,2,0.0018275189427127136,-2.3819793381406977e-20,-1.8163062085080244e-20,5.656731296326733e-21,-1.864829451445768e-20,0.5,0.9720068664880772,0.9994761996691476,0.9994762060037488,1.0999258636894895,-1.1316170510604753e-20,-1.2503622870802222e-20,-4.8834370285786125e-21,4.421992829361446e-20,-2.3819793381406977e-20,-1.8163062085080244e-20,2.6056866208534213e-20,1.4988848799207609e-06,nan,-6.79236461258636,-5.179311935560581,1.6130526770257796,-5.31767902923803,-3.226877533968135,-3.565487078618225,-1.3925429297217513,12.609592002049173,-6.79236461258636,-5.179311935560581,7.43028006648859,nan
tip,254.0,20,28.516660498395403,2,1.0,-5.363993784658308e-21,-2.946881278529385e-21,2.4171125061289226e-21,-2.946881278529385e-21,nan,nan,nan,nan,nan,nan,nan,-2.453204187515722e-22,-0.0,-5.363993784658308e-21,-2.946881278529385e-21,-2.946881278529385e-21,1.4988848799207609e-06,nan,-1.5295767256102955,-0.8403218194747386,0.689254906135557,-0.8403218194747386,nan,nan,-0.06995466771654348,-0.0,-1.5295767256102955,-0.8403218194747386,-0.8403218194747386,nan
face,255.0,20,19.0,2,0.0018275189427127136,-2.3866474858245616e-20,-1.8177837571418672e-20,5.688637286826944e-21,-1.8625087237782895e-20,0.5,0.9740953673959871,0.9994604645930157,0.999460465995415,1.0156999561555526,-1.1307526886111434e-20,-1.255894797213418e-20,-4.8834370285786125e-21,4.439402249949484e-20,-2.3866474858245616e-20,-1.8177837571418672e-20,2.6216184928076165e-20,1.474586972426643e-06,nan,-6.778987204709059,-5.163197708829339,1.6157894958797205,-5.29023363615423,-3.21176799393858,-3.5672192107704785,-1.3870819770561758,12.609592002049173,-6.778987204709059,-5.163197708829339,7.446394293219834,nan
tip,255.0,20,28.516660498395403,2,1.0,-5.349580135739084e-21,-2.9373934449240886e-21,2.4121866908149955e-21,-2.9373934449240886e-21,nan,nan,nan,nan,nan,nan,nan,-2.453204187515722e-22,-0.0,-5.349580135739084e-21,-2.9373934449240886e-21,-2.9373934449240886e-21,1.474586972426643e-06,nan,-1.5194843606412163,-0.8343315339448667,0.6851528266963495,-0.8343315339448667,nan,nan,-0.06968033568628251,-0.0,-1.5194843606412163,-0.8343315339448667,-0.8343315339448667,nan
face,256.0,20,19.0,2,0.0018275189427127136,-2.3908481251858002e-20,-1.8189419034639775e-20,5.719062217218226e-21,-1.8601915530406632e-20,0.5,0.9760077651672713,0.9994443815155782,0.99944438179322,0.9385075693445449,-1.1298873210540901e-20,-1.2609608041317102e-20,-4.8834370285786125e-21,4.4568116705375205e-20,-2.3908481251858002e-20,-1.8189419034639775e-20,2.637869767073543e-20,1.4507913218986208e-06,nan,-6.764391593378933,-5.146305694210594,1.61808589916834,-5.26301272377345,-3.1967736534539477,-3.5676179399249865,-1.3816636880833002,12.609592002049173,-6.764391593378933,-5.146305694210594,7.46328630783858,nan
tip,256.0,20,28.516660498395403,2,1.0,-5.335230929995719e-21,-2.9279620092662788e-21,2.40726892072944e-21,-2.9279620092662788e-21,nan,nan,nan,nan,nan,nan,nan,-2.453204187515722e-22,-0.0,-5.335230929995719e-21,-2.9279620092662788e-21,-2.9279620092662788e-21,1.4507913218986208e-06,nan,-1.509489075086845,-0.8284040041094007,0.6810850709774442,-0.8284040041094007,nan,nan,-0.06940814687500797,-0.0,-1.509489075086845,-0.8284040041094007,-0.8284040041094007,nan
face,257.0,20,19.0,2,0.0018275189427127136,-2.394623177354451e-20,-1.819810167457898e-20,5.748130098965529e-21,-1.8578779328420904e-20,0.5,0.9777598836450575,0.9994279491106234,0.9994279491594217,0.8677153752788732,-1.1290209516192362e-20,-1.2656022257352149e-20,-4.8834370285786125e-21,4.4742210911255573e-20,-2.394623177354451e-20,-1.819810167457898e-20,2.6544109236676592e-20,1.4274857622302419e-06,nan,-6.7487101442039386,-5.1287281664152635,1.6199819777886753,-5.236013653687337,-3.1818931768752767,-3.5668169673286623,-1.3762875647833654,12.609592002049173,-6.7487101442039386,-5.1287281664152635,7.48086383563391,nan
tip,257.0,20,28.516660498395403,2,1.0,-5.3209458121443735e-21,-2.9185865002116775e-21,2.402359311932696e-21,-2.9185865002116775e-21,nan,nan,nan,nan,nan,nan,nan,-2.453204187515722e-22,-0.0,-5.3209458121443735e-21,-2.9185865002116775e-21,-2.9185865002116775e-21,1.4274857622302419e-06,nan,-1.4995896355956337,-0.8225383645737478,0.6770512710218859,-0.8225383645737478,nan,nan,-0.06913807626459939,-0.0,-1.4995896355956337,-0.8225383645737478,-0.8225383645737478,nan
face,258.0,20,19.0,2,0.0018275189427127136,-2.3980105271748435e-20,-1.820415189317048e-20,5.7759533785779546e-21,-1.855567856872341e-20,0.5,0.9793660229446376,0.99941116385703,0.9994111638645862,0.8027510144201381,-1.1281535836577993e-20,-1.2698569435170442e-20,-4.8834370285786125e-21,4.491630511713595e-20,-2.3980105271748435e-20,-1.820415189317048e-20,2.6712153223965466e-20,1.4046584558551029e-06,nan,-6.7320618393336185,-5.110547884951399,1.6215139543822203,-5.209233828619283,-3.1671252496117113,-3.564936589721907,-1.3709531168578484,12.609592002049173,-6.7320618393336185,-5.110547884951399,7.499044117097774,nan
tip,258.0,20,28.516660498395403,2,1.0,-5.3067244292091695e-21,-2.9092664514620316e-21,2.397457977747138e-21,-2.9092664514620316e-21,nan,nan,nan,nan,nan,nan,nan,-2.453204187515722e-22,-0.0,-5.3067244292091695e-21,-2.9092664514620316e-21,-2.9092664514620316e-21,1.4046584558551029e-06,nan,-1.4897848285856894,-0.8167337647768829,0.6730510638088065,-0.8167337647768829,nan,nan,-0.06887009922481412,-0.0,-1.4897848285856894,-0.8167337647768829,-0.8167337647768829,nan
face,259.0,20,19.0,2,0.0018275189427127136,-2.401044435641655e-20,-1.8207810272441336e-20,5.802634083975215e-21,-1.8532613189002612e-20,0.5,0.980839115146799,0.9993940216873575,0.99939402168838,0.7430968628293744,-1.1272852206414032e-20,-1.2737592150002518e-20,-4.8834370285786125e-21,4.5090399323016315e-20,-2.401044435641655e-20,-1.8207810272441336e-20,2.688258905057498e-20,1.38229788425973e-06,nan,-6.714553689210123,-5.091839110615497,1.6227145785946253,-5.182670691626196,-3.1524685777116757,-3.562085111498447,-1.365659861580405,12.609592002049173,-6.714553689210123,-5.091839110615497,7.517752891433675,nan
tip,259.0,20,28.516660498395403,2,1.0,-5.292566430496068e-21,-2.9000014016975405e-21,2.3925650287985277e-21,-2.9000014016975405e-21,nan,nan,nan,nan,nan,nan,nan,-2.453204187515722e-22,-0.0,-5.292566430496068e-21,-2.9000014016975405e-21,-2.9000014016975405e-21,1.38229788425973e-06,nan,-1.4800734598558172,-0.8109893686860898,0.6690840911697274,-0.8109893686860898,nan,nan,-0.0686041915057994,-0.0,-1.4800734598558172,-0.8109893686860898,-0.8109893686860898,nan
face,260.0,20,19.0,2,0.0018275189427127136,-2.403755907979928e-20,-1.82092942276798e-20,5.828264852119479e-21,-1.8509583127722938e-20,0.5,0.982190863246937,0.9993765184202302,0.9993765184203501,0.6882844723167872,-1.1264158661611585e-20,-1.2773400418187693e-20,-4.8834370285786125e-21,4.5264493528896695e-20,-2.403755907979928e-20,-1.82092942276798e-20,2.7055199301216894e-20,1.3603928387752672e-06,nan,-6.696281988175148,-5.07266850803772,1.623613480137429,-5.156321725318739,-3.1379218874634,-3.558360100711748,-1.3604073236512495,12.609592002049173,-6.696281988175148,-5.07266850803772,7.536923494011454,nan
tip,260.0,20,28.516660498395403,2,1.0,-5.27847146756739e-21,-2.8907908945104217e-21,2.387680573056968e-21,-2.8907908945104217e-21,nan,nan,nan,nan,nan,nan,nan,-2.453204187515722e-22,-0.0,-5.27847146756739e-21,-2.8907908945104217e-21,-2.8907908945104217e-21,1.3603928387752672e-06,nan,-1.4704543542057142,-0.8053043544990635,0.6651499997066508,-0.8053043544990635,nan,nan,-0.06834032923077708,-0.0,-1.4704543542057142,-0.8053043544990635,-0.8053043544990635,nan
face,261.0,20,19.0,2,0.0018275189427127136,-2.4061730222716982e-20,-1.8208800372990727e-20,5.852929849726256e-21,-1.8486588324110224e-20,0.5,0.9834318652106776,0.9993586498606848,0.9993586498606969,0.6378896071776324,-1.1255455239267156e-20,-1.2806274983449827e-20,-4.8834370285786125e-21,4.543858773477706e-20,-2.4061730222716982e-20,-1.8208800372990727e-20,2.722978736178633e-20,1.3389324116403761e-06,nan,-6.677333431725891,-5.0530959476639286,1.6242374840619629,-5.130184451099548,-3.1234839250045616,-3.5538495067213303,-1.3551950350548847,12.609592002049173,-6.677333431725891,-5.0530959476639286,7.556496054385242,nan
tip,261.0,20,28.516660498395403,2,1.0,-5.264439194216982e-21,-2.881634478339614e-21,2.3828047158773678e-21,-2.881634478339614e-21,nan,nan,nan,nan,nan,nan,nan,-2.453204187515722e-22,-0.0,-5.264439194216982e-21,-2.881634478339614e-21,-2.881634478339614e-21,1.3389324116403761e-06,nan,-1.4609263550650788,-0.7996779143531763,0.6612484407119025,-0.7996779143531763,nan,nan,-0.06807848888889671,-0.0,-1.4609263550650788,-0.7996779143531763,-0.7996779143531763,nan
face,262.0,20,19.0,2,0.0018275189427127136,-2.4083212230469588e-20,-1.8206506631989453e-20,5.876705598480135e-21,-1.846362871813733e-20,0.5,0.9845717248036869,0.9993404118210341,0.9993404118210351,0.591527810196197,-1.1246741977652819e-20,-1.283647025281677e-20,-4.8834370285786125e-21,4.5612681940657437e-20,-2.4083212230469588e-20,-1.8206506631989453e-20,2.7406175308667984e-20,1.3179059873278584e-06,nan,-6.657786111329131,-5.033175218915453,1.6246108924136773,-5.104256428418955,-3.109153455940758,-3.5486326553883725,-1.3500225349210873,12.609592002049173,-6.657786111329131,-5.033175218915453,7.57641678313372,nan
tip,262.0,20,28.516660498395403,2,1.0,-5.250469266445973e-21,-2.872531706406559e-21,2.3779375600394138e-21,-2.872531706406559e-21,nan,nan,nan,nan,nan,nan,nan,-2.453204187515722e-22,-0.0,-5.250469266445973e-21,-2.872531706406559e-21,-2.872531706406559e-21,1.3179059873278584e-06,nan,-1.4514883241313712,-0.7941092540417003,0.657379070089671,-0.7941092540417003,nan,nan,-0.06781864732825207,-0.0,-1.4514883241313712,-0.7941092540417003,-0.7941092540417003,nan
face,263.0,20,19.0,2,0.0018275189427127136,-2.4102235837608124e-20,-1.8202574122482167e-20,5.899661715125958e-21,-1.8440704250509905e-20,0.5,0.9856191506761467,0.9993218001251446,0.9993218001251447,0.5488504385574094,-1.1238018916206208e-20,-1.2864216921401916e-20,-4.8834370285786125e-21,4.5786776146537805e-20,-2.4102235837608124e-20,-1.8202574122482167e-20,2.758420202405564e-20,1.2973032341276683e-06,nan,-6.637710400853094,-5.012954664835345,1.6247557360177498,-5.078535254047729,-3.094929264972641,-3.542781135880453,-1.344889369389068,12.609592002049173,-6.637710400853094,-5.012954664835345,7.596637337213829,nan
tip,263.0,20,28.516660498395403,2,1.0,-5.236561342439166e-21,-2.863482136652061e-21,2.373079205787105e-21,-2.863482136652061e-21,nan,nan,nan,nan,nan,nan,nan,-2.453204187515722e-22,-0.0,-5.236561342439166e-21,-2.863482136652061e-21,-2.863482136652061e-21,1.2973032341276683e-06,nan,-1.4421391410160191,-0.7885975927368012,0.653541548279218,-0.7885975927368012,nan,nan,-0.0675607817490572,-0.0,-1.4421391410160191,-0.7885975927368012,-0.7885975927368012,nan
face,264.0,20,19.0,2,0.0018275189427127136,-2.4119010416239644e-20,-1.8197148840562595e-20,5.921861575677049e-21,-1.8417814862652375e-20,0.5,0.9865820450107359,0.9993028106097125,0.9993028106097125,0.5095411172808294,-1.1229286095520181e-20,-1.2889724320719463e-20,-4.8834370285786125e-21,4.596087035241818e-20,-2.4119010416239644e-20,-1.8197148840562595e-20,2.7763721511855584e-20,1.2771140959791415e-06,nan,-6.617169747003161,-4.992477747279731,1.6246919997234306,-5.0530185613664,-3.0808101555314282,-3.536359591471733,-1.3397950914747154,12.609592002049173,-6.617169747003161,-4.992477747279731,7.617114254769442,nan
tip,264.0,20,28.516660498395403,2,1.0,-5.222715082541977e-21,-2.8544853316741844e-21,2.368229750867793e-21,-2.8544853316741844e-21,nan,nan,nan,nan,nan,nan,nan,-2.453204187515722e-22,-0.0,-5.222715082541977e-21,-2.8544853316741844e-21,-2.8544853316741844e-21,1.2771140959791415e-06,nan,-1.4328777028988082,-0.7831421627191117,0.6497355401796965,-0.7831421627191117,nan,nan,-0.06730486969697744,-0.0,-1.4328777028988082,-0.7831421627191117,-0.7831421627191117,nan
face,265.0,20,19.0,2,0.0018275189427127136,-2.4133726078499326e-20,-1.8190363166559458e-20,5.943362911939868e-21,-1.8394960496694046e-20,0.5,0.987467582890527,0.9992834391250626,0.9992834391250626,0.4733125639112507,-1.1220543557332267e-20,-1.2913182521167058e-20,-4.8834370285786125e-21,4.6134964558298547e-20,-2.4133726078499326e-20,-1.8190363166559458e-20,2.794460139173909e-20,1.2573287845453793e-06,nan,-6.596221374669975,-4.971783550620707,1.624437824049269,-5.027704019670718,-3.066794949422615,-3.5294264252473604,-1.3347392609408486,12.609592002049173,-6.596221374669975,-4.971783550620707,7.637808451428466,nan
tip,265.0,20,28.516660498395403,2,1.0,-5.208930149237942e-21,-2.8455408586672088e-21,2.363389290570733e-21,-2.8455408586672088e-21,nan,nan,nan,nan,nan,nan,nan,-2.453204187515722e-22,-0.0,-5.208930149237942e-21,-2.8455408586672088e-21,-2.8455408586672088e-21,1.2573287845453793e-06,nan,-1.423702924190258,-0.7777422091137174,0.6459607150765405,-0.7777422091137174,nan,nan,-0.06705088905661148,-0.0,-1.423702924190258,-0.7777422091137174,-0.7777422091137174,nan
face,266.0,20,19.0,2,0.0018275189427127136,-2.4146555560268044e-20,-1.8182337212642015e-20,5.964218347626028e-21,-1.8372141095455498e-20,0.5,0.9882822834089967,0.9992636815358755,0.9992636815358755,0.43990374357281237,-1.1211791344513818e-20,-1.2934764215754225e-20,-4.8834370285786125e-21,4.6309058764178927e-20,-2.4146555560268044e-20,-1.8182337212642015e-20,2.812672155153691e-20,1.2379377715229462e-06,nan,-6.574916916802302,-4.9509072309722395,1.624009685830062,-5.002589333492839,-3.0528824864776376,-3.522034430324664,-1.3297214441703942,12.609592002049173,-6.574916916802302,-4.9509072309722395,7.658684771076934,nan
tip,266.0,20,28.516660498395403,2,1.0,-5.195206207126783e-21,-2.8366482893615483e-21,2.3585579177652344e-21,-2.8366482893615483e-21,nan,nan,nan,nan,nan,nan,nan,-2.453204187515722e-22,-0.0,-5.195206207126783e-21,-2.8366482893615483e-21,-2.8366482893615483e-21,1.2379377715229462e-06,nan,-1.414613736201762,-0.7723969896323597,0.6422167465694022,-0.7723969896323597,nan,nan,-0.06679881804512046,-0.0,-1.414613736201762,-0.7723969896323597,-0.7723969896323597,nan
face,267.0,20,19.0,2,0.0018275189427127136,-2.4157655910088075e-20,-1.817318002958465e-20,5.984475880503424e-21,-1.8349356602434994e-20,0.5,0.9890320734263479,0.9992435337218981,0.9992435337218981,0.40907731821473753,-1.1203029501058981e-20,-1.2954626409029095e-20,-4.8834370285786125e-21,4.6483152970059295e-20,-2.4157655910088075e-20,-1.817318002958465e-20,2.8309972940474644e-20,1.218931781180093e-06,nan,-6.553302977281104,-4.929880417114873,1.62342256016623,-4.977672241937794,-3.039071624213319,-3.5142313530677844,-1.3247412140424153,12.609592002049173,-6.553302977281104,-4.929880417114873,7.6797115849343,nan
tip,267.0,20,28.516660498395403,2,1.0,-5.181542922903001e-21,-2.8278071999646865e-21,2.3537357229383146e-21,-2.8278071999646865e-21,nan,nan,nan,nan,nan,nan,nan,-2.453204187515722e-22,-0.0,-5.181542922903001e-21,-2.8278071999646865e-21,-2.8278071999646865e-21,1.218931781180093e-06,nan,-1.4056090868232864,-0.7671057743217089,0.6385033125015775,-0.7671057743217089,nan,nan,-0.06654863520600016,-0.0,-1.4056090868232864,-0.7671057743217089,-0.7671057743217089,nan
face,268.0,20,19.0,2,0.0018275189427127136,-2.416717000448e-20,-1.8162990688165935e-20,6.004179316314066e-21,-1.8326606961795224e-20,0.5,0.9897223447725569,0.9992229915786417,0.9992229915786417,0.38061735802839763,-1.1194258072073382e-20,-1.2972911932406617e-20,-4.8834370285786125e-21,4.665724717593967e-20,-2.416717000448e-20,-1.8162990688165935e-20,2.8494256487773734e-20,1.2003017831169826e-06,nan,-6.5314216342751115,-4.90873156856319,1.6226900657119216,-4.9529505180348785,-3.0253612374988577,-3.5060603967762534,-1.3197981498109137,12.609592002049173,-6.5314216342751115,-4.90873156856319,7.700860433485983,nan
tip,268.0,20,28.516660498395403,2,1.0,-5.16793996533496e-21,-2.8190171711030655e-21,2.348922794231894e-21,-2.8190171711030655e-21,nan,nan,nan,nan,nan,nan,nan,-2.453204187515722e-22,-0.0,-5.16793996533496e-21,-2.8190171711030655e-21,-2.8190171711030655e-21,1.2003017831169826e-06,nan,-1.3966879402084134,-0.7618678453175285,0.6348200948908848,-0.7618678453175285,nan,nan,-0.06630031940299269,-0.0,-1.3966879402084134,-0.7618678453175285,-0.7618678453175285,nan
face,269.0,20,19.0,2,0.0018275189427127136,-2.4175227908444522e-20,-1.815185924889624e-20,6.0233686595482834e-21,-1.830389211835011e-20,0.5,0.9903580056062176,0.999202051018068,0.999202051018068,0.354327286669356,-1.1185477103762658e-20,-1.2989750804681864e-20,-4.8834370285786125e-21,4.6831341381820037e-20,-2.4175227908444522e-20,-1.815185924889624e-20,2.8679482132923795e-20,1.1820389852414607e-06,nan,-6.509310890684353,-4.887486295578513,1.6218245951058405,-4.928421968103544,-3.0117502182302056,-3.4975606724541475,-1.3148918369863378,12.609592002049173,-6.509310890684353,-4.887486295578513,7.722105706470659,nan
tip,269.0,20,28.516660498395403,2,1.0,-5.154397005244501e-21,-2.8102777877649198e-21,2.3441192174795815e-21,-2.8102777877649198e-21,nan,nan,nan,nan,nan,nan,nan,-2.453204187515722e-22,-0.0,-5.154397005244501e-21,-2.8102777877649198e-21,-2.8102777877649198e-21,1.1820389852414607e-06,nan,-1.387849276466557,-0.7566824966045802,0.6311667798619769,-0.7566824966045802,nan,nan,-0.066053849814134,-0.0,-1.387849276466557,-0.7566824966045802,-0.7566824966045802,nan
face,270.0,20,19.0,2,0.0018275189427127136,-2.4181948097801904e-20,-1.813986763220127e-20,6.0420804656006355e-21,-1.8281212017551844e-20,0.5,0.9909435265578193,0.9991807079692677,0.9991807079692677,0.33002803513615053,-1.1176686643420699e-20,-1.3005261454381206e-20,-4.8834370285786125e-21,4.700543558770041e-20,-2.4181948097801904e-20,-1.813986763220127e-20,2.886556795549914e-20,1.1641348269541118e-06,nan,-6.487005077510623,-4.866167645366691,1.6208374321439316,-4.904084431133432,-2.9982374750116034,-3.4887676024990193,-1.3100218672197217,12.609592002049173,-6.487005077510623,-4.866167645366691,7.743424356682481,nan
tip,270.0,20,28.516660498395403,2,1.0,-5.140913715487024e-21,-2.801588639244026e-21,2.339325076242998e-21,-2.801588639244026e-21,nan,nan,nan,nan,nan,nan,nan,-2.453204187515722e-22,-0.0,-5.140913715487024e-21,-2.801588639244026e-21,-2.801588639244026e-21,1.1641348269541118e-06,nan,-1.379092091362139,-0.7515490337821067,0.6275430575800323,-0.7515490337821067,nan,nan,-0.06580920592593349,-0.0,-1.379092091362139,-0.7515490337821067,-0.7515490337821067,nan
face,271.0,20,19.0,2,0.0018275189427127136,-2.4187438558142992e-20,-1.812709039980879e-20,6.060348158334201e-21,-1.825856660547805e-20,0.5,0.9914829822151677,0.9991589583791235,0.9991589583791235,0.3075563819942789,-1.116788673941774e-20,-1.3019551818725251e-20,-4.8834370285786125e-21,4.717952979358078e-20,-2.4187438558142992e-20,-1.812709039980879e-20,2.9052439393771985e-20,1.1465809725364768e-06,nan,-6.464535215319439,-4.84479635820684,1.6197388571125995,-4.879935778178178,-2.9848219328441288,-3.4797132824753105,-1.3051878381893907,12.609592002049173,-6.464535215319439,-4.84479635820684,7.764795643842332,nan
tip,271.0,20,28.516660498395403,2,1.0,-5.127489770932027e-21,-2.792949319084384e-21,2.3345404518476434e-21,-2.792949319084384e-21,nan,nan,nan,nan,nan,nan,nan,-2.453204187515722e-22,-0.0,-5.127489770932027e-21,-2.792949319084384e-21,-2.792949319084384e-21,1.1465809725364768e-06,nan,-1.370415396020552,-0.7464667738347588,0.6239486221857932,-0.7464667738347588,nan,nan,-0.06556636752768281,-0.0,-1.370415396020552,-0.7464667738347588,-0.7464667738347588,nan
face,272.0,20,19.0,2,0.0018275189427127136,-2.4191797773509254e-20,-1.8113595456870253e-20,6.078202316639001e-21,-1.8235955828819158e-20,0.5,0.9919800884461263,0.999136798212965,0.999136798212965,0.28676346013604115,-1.1159077441188261e-20,-1.3032720332320993e-20,-4.8834370285786125e-21,4.735362399946116e-20,-2.4191797773509254e-20,-1.8113595456870253e-20,2.92400285425909e-20,1.129369304736483e-06,nan,-6.4419293383649885,-4.82339109682301,1.6185382415419787,-4.855973911762628,-2.9715025328210576,-3.4704268055439313,-1.300389353490165,12.609592002049173,-6.4419293383649885,-4.82339109682301,7.786200905226162,nan
tip,272.0,20,28.516660498395403,2,1.0,-5.1141248484441266e-21,-2.7843594250257463e-21,2.3297654234183803e-21,-2.7843594250257463e-21,nan,nan,nan,nan,nan,nan,nan,-2.453204187515722e-22,-0.0,-5.1141248484441266e-21,-2.7843594250257463e-21,-2.7843594250257463e-21,1.129369304736483e-06,nan,-1.3618182166407327,-0.7414350449087994,0.6203831717319334,-0.7414350449087994,nan,nan,-0.06532531470588986,-0.0,-1.3618182166407327,-0.7414350449087994,-0.7414350449087994,nan
face,273.0,20,19.0,2,0.0018275189427127136,-2.4195115616456168e-20,-1.8099444683276622e-20,6.095670933179546e-21,-1.8213379634865916e-20,0.5,0.9924382359986238,0.9991142234552108,0.9991142234552108,0.26751341247585864,-1.1150258799218689e-20,-1.3044856817237478e-20,-4.8834370285786125e-21,4.7527718205341527e-20,-2.4195115616456168e-20,-1.8099444683276622e-20,2.9428273522064904e-20,1.1124919185452515e-06,nan,-6.419212785427439,-4.801968651929233,1.617244133498205,-4.8321967653031415,-2.958278231829877,-3.4609345535975606,-1.2956260225249996,12.609592002049173,-6.419212785427439,-4.801968651929233,7.80762335011994,nan
tip,273.0,20,28.516660498395403,2,1.0,-5.1008186268644955e-21,-2.7758185589500588e-21,2.3250000679144367e-21,-2.7758185589500588e-21,nan,nan,nan,nan,nan,nan,nan,-2.453204187515722e-22,-0.0,-5.1008186268644955e-21,-2.7758185589500588e-21,-2.7758185589500588e-21,1.1124919185452515e-06,nan,-1.3532995942141675,-0.7364531860934687,0.6168464081206988,-0.7364531860934687,nan,nan,-0.06508602783883533,-0.0,-1.3532995942141675,-0.7364531860934687,-0.7364531860934687,nan
face,274.0,20,19.0,2,0.0018275189427127136,-2.4197474149862252e-20,-1.8084694501681656e-20,6.1127796481805954e-21,-1.8190837971497104e-20,0.5,0.9928605207691042,0.9990912301100007,0.9990912301100007,0.24968218093205624,-1.1141430865034893e-20,-1.305604328482736e-20,-4.8834370285786125e-21,4.77018124112219e-20,-2.4197474149862252e-20,-1.8084694501681656e-20,2.961711790954024e-20,1.0959411151596322e-06,nan,-6.3964084609522045,-4.780544126542682,1.6158643344095227,-4.808602302540618,-2.9451480022607615,-3.4512604586914435,-1.2908974603989958,12.609592002049173,-6.3964084609522045,-4.780544126542682,7.82904787550649,nan
tip,274.0,20,28.516660498395403,2,1.0,-5.0875707869927175e-21,-2.7673263268287335e-21,2.320244460163984e-21,-2.7673263268287335e-21,nan,nan,nan,nan,nan,nan,nan,-2.453204187515722e-22,-0.0,-5.0875707869927175e-21,-2.7673263268287335e-21,-2.7673263268287335e-21,1.0959411151596322e-06,nan,-1.3448585842501555,-0.7315205472073565,0.6133380370427991,-0.7315205472073565,nan,nan,-0.06484848759124832,-0.0,-1.3448585842501555,-0.7315205472073565,-0.7315205472073565,nan
face,275.0,20,19.0,2,0.0018275189427127136,-2.4198948349703668e-20,-1.806939638891014e-20,6.129551960793529e-21,-1.8168330787167347e-20,0.5,0.9932497710874607,0.9990678142018143,0.9990678142018143,0.23315641477135723,-1.1132593691189562e-20,-1.3066354658514108e-20,-4.8834370285786125e-21,4.787590661710227e-20,-2.4198948349703668e-20,-1.806939638891014e-20,2.9806510228192127e-20,1.079709396124941e-06,nan,-6.3735370696755105,-4.759131101364158,1.6144059683113532,-4.785188516985944,-2.9321108317213826,-3.4414262379541287,-1.2862032878157268,12.609592002049173,-6.3735370696755105,-4.759131101364158,7.850460900685014,nan
tip,275.0,20,28.516660498395403,2,1.0,-5.0743810115690934e-21,-2.7588823386707443e-21,2.315498672898349e-21,-2.7588823386707443e-21,nan,nan,nan,nan,nan,nan,nan,-2.453204187515722e-22,-0.0,-5.0743810115690934e-21,-2.7588823386707443e-21,-2.7588823386707443e-21,1.079709396124941e-06,nan,-1.3364942565071916,-0.7266364885896532,0.6098577679175384,-0.7266364885896532,nan,nan,-0.06461267490909833,-0.0,-1.3364942565071916,-0.7266364885896532,-0.7266364885896532,nan
face,276.0,20,19.0,2,0.0018275189427127136,-2.4199606757003402e-20,-1.8053597336690045e-20,6.146009420313357e-21,-1.814585803089517e-20,0.5,0.9936085723283458,0.9990439717760807,0.9990439717760807,0.21783248591864893,-1.1123747331249396e-20,-1.3075859425754006e-20,-4.8834370285786125e-21,4.805000082298264e-20,-2.4199606757003402e-20,-1.8053597336690045e-20,2.9996403486292594e-20,1.063789457652542e-06,nan,-6.3506173275629,-4.737741783264594,1.6128755442983058,-4.761953431377533,-2.9191657227578665,-3.431451604805034,-1.2815431309758145,12.609592002049173,-6.3506173275629,-4.737741783264594,7.8718502187845765,nan
tip,276.0,20,28.516660498395403,2,1.0,-5.061248985257305e-21,-2.7504862084715675e-21,2.3107627767857377e-21,-2.7504862084715675e-21,nan,nan,nan,nan,nan,nan,nan,-2.453204187515722e-22,-0.0,-5.061248985257305e-21,-2.7504862084715675e-21,-2.7504862084715675e-21,1.063789457652542e-06,nan,-1.3282056947302763,-0.721800380896159,0.6064053138341171,-0.721800380896159,nan,nan,-0.06437857101450015,-0.0,-1.3282056947302763,-0.721800380896159,-0.721800380896159,nan
face,277.0,20,19.0,2,0.0018275189427127136,-2.419951206626939e-20,-1.803734026699451e-20,6.162171799274879e-21,-1.8123419652251158e-20,0.5,0.9939392891249693,0.9990196988997744,0.9990196988997744,0.20361560018597497,-1.1114891839782149e-20,-1.308462022648724e-20,-4.8834370285786125e-21,4.822409502886301e-20,-2.419951206626939e-20,-1.803734026699451e-20,3.01867547618685e-20,1.0481741851070237e-06,nan,-6.327666151571894,-4.716387138686674,1.6112790128852206,-4.738895097150672,-2.906311692581762,-3.421354458990132,-1.276916621477707,12.609592002049173,-6.327666151571894,-4.716387138686674,7.893204863362499,nan
tip,277.0,20,28.516660498395403,2,1.0,-5.048174394627482e-21,-2.7421375541629137e-21,2.3060368404645684e-21,-2.7421375541629137e-21,nan,nan,nan,nan,nan,nan,nan,-2.453204187515722e-22,-0.0,-5.048174394627482e-21,-2.7421375541629137e-21,-2.7421375541629137e-21,1.0481741851070237e-06,nan,-1.319991996394026,-0.7170116048999207,0.6029803914941054,-0.7170116048999207,nan,nan,-0.0641461574007294,-0.0,-1.319991996394026,-0.7170116048999207,-0.7170116048999207,nan
face,278.0,20,19.0,2,0.0018275189427127136,-2.4198721656942992e-20,-1.802066440670122e-20,6.178057250241773e-21,-1.8101015601346312e-20,0.5,0.9942440854315647,0.9989949916620015,0.9989949916620015,0.19041899457198413,-1.1106027272343524e-20,-1.3092694384599468e-20,-4.8834370285786125e-21,4.839818923474339e-20,-2.4198721656942992e-20,-1.802066440670122e-20,3.037752482804217e-20,1.0328566476579128e-06,nan,-6.304698830471034,-4.695077013567875,1.6096218169031589,-4.716011593918343,-2.893547772802856,-3.4111510576681785,-1.2723233962205929,12.609592002049173,-6.304698830471034,-4.695077013567875,7.914514988481297,nan
tip,278.0,20,28.516660498395403,2,1.0,-5.035156928139656e-21,-2.733835997563229e-21,2.3013209305764273e-21,-2.733835997563229e-21,nan,nan,nan,nan,nan,nan,nan,-2.453204187515722e-22,-0.0,-5.035156928139656e-21,-2.733835997563229e-21,-2.733835997563229e-21,1.0328566476579128e-06,nan,-1.3118522724514268,-0.7122695512963686,0.5995827211550581,-0.7122695512963686,nan,nan,-0.06391541582734547,-0.0,-1.3118522724514268,-0.7122695512963686,-0.7122695512963686,nan
face,279.0,20,19.0,2,0.0018275189427127136,-2.419728807367627e-20,-1.8003605625764883e-20,6.1936824479113866e-21,-1.8078645828820537e-20,0.5,0.9945249426541679,0.9989698461745735,0.9989698461745735,0.17816321184468947,-1.109715368546393e-20,-1.310013438821234e-20,-4.8834370285786125e-21,4.857228344062376e-20,-2.419728807367627e-20,-1.8003605625764883e-20,3.056867781485887e-20,1.0178300930909635e-06,nan,-6.281729178701133,-4.673820241212383,1.6079089374887503,-4.69330102896327,-2.8808730091677055,-3.400856169533428,-1.267763097309408,12.609592002049173,-6.281729178701133,-4.673820241212383,7.935771760836789,nan
tip,279.0,20,28.516660498395403,2,1.0,-5.022196276127561e-21,-2.7255811643289913e-21,2.29661511179857e-21,-2.7255811643289913e-21,nan,nan,nan,nan,nan,nan,nan,-2.453204187515722e-22,-0.0,-5.022196276127561e-21,-2.7255811643289913e-21,-2.7255811643289913e-21,1.0178300930909635e-06,nan,-1.303785647088079,-0.7075736205128544,0.5962120265752245,-0.7075736205128544,nan,nan,-0.06368632831541951,-0.0,-1.303785647088079,-0.7075736205128544,-0.7075736205128544,nan
face,280.0,20,19.0,2,0.0018275189427127136,-2.419525946063287e-20,-1.7986196742644624e-20,6.209062717988247e-21,-1.8056310285831315e-20,0.5,0.9947836760458104,0.9989442585725696,0.9989442585725696,0.1667754445621748,-1.1088271136635122e-20,-1.310698832399775e-20,-4.8834370285786125e-21,4.874637764650413e-20,-2.419525946063287e-20,-1.7986196742644624e-20,3.076018090385951e-20,1.0030879427742102e-06,nan,-6.2587696750464215,-4.652624739381009,1.6061449356654127,-4.670761536740876,-2.868286461303737,-3.390483213742685,-1.2632353719618743,12.609592002049173,-6.2587696750464215,-4.652624739381009,7.956967262668163,nan
tip,280.0,20,28.516660498395403,2,1.0,-5.009292130782763e-21,-2.7173726839067647e-21,2.2919194468759985e-21,-2.7173726839067647e-21,nan,nan,nan,nan,nan,nan,nan,-2.453204187515722e-22,-0.0,-5.009292130782763e-21,-2.7173726839067647e-21,-2.7173726839067647e-21,1.0030879427742102e-06,nan,-1.2957912574817978,-0.7029232225224629,0.5928680349593349,-0.7029232225224629,nan,nan,-0.06345887714286443,-0.0,-1.2957912574817978,-0.7029232225224629,-0.7029232225224629,nan
face,281.0,20,19.0,2,0.0018275189427127136,-2.419267995445367e-20,-1.796846780032556e-20,6.224212154128109e-21,-1.803400892404251e-20,0.5,0.9950219495413269,0.998918225014888,0.998918225014888,0.15618894152222185,-1.1079379684296716e-20,-1.3113300270156951e-20,-4.8834370285786125e-21,4.89204718523845e-20,-2.419267995445367e-20,-1.796846780032556e-20,3.095200405205894e-20,9.886237867741265e-07,nan,-6.235831587690317,-4.631497597728495,1.6043339899618225,-4.648391278392907,-2.8557872024687825,-3.3800443852215345,-1.2587398724175263,12.609592002049173,-6.235831587690317,-4.631497597728495,7.978094404320677,nan
tip,281.0,20,28.516660498395403,2,1.0,-4.9964441861391895e-21,-2.7092101894859654e-21,2.287233996653224e-21,-2.7092101894859654e-21,nan,nan,nan,nan,nan,nan,nan,-2.453204187515722e-22,-0.0,-4.9964441861391895e-21,-2.7092101894859654e-21,-2.7092101894859654e-21,9.886237867741265e-07,nan,-1.2878682535674457,-0.6983177766619848,0.5895504769054609,-0.6983177766619848,nan,nan,-0.06323304483986492,-0.0,-1.2878682535674457,-0.6983177766619848,-0.6983177766619848,nan
face,282.0,20,19.0,2,0.0018275189427127136,-2.4189590040036067e-20,-1.795044631591666e-20,6.2391437241194074e-21,-1.801174169561335e-20,0.5,0.9952412891883989,0.9988917416847841,0.9988917416847841,0.14634247037473352,-1.1070479387822583e-20,-1.3119110652213486e-20,-4.8834370285786125e-21,4.909456605826488e-20,-2.4189590040036067e-20,-1.795044631591666e-20,3.1144119742348224e-20,9.744313791173392e-07,nan,-6.212925087059366,-4.610445156593679,1.6024799304656867,-4.626188441271431,-2.8433743193059087,-3.369550767753458,-1.2542762558486695,12.609592002049173,-6.212925087059366,-4.610445156593679,7.999146845455495,nan
tip,282.0,20,28.516660498395403,2,1.0,-4.9836521380579284e-21,-2.701093317952373e-21,2.2825588201055552e-21,-2.701093317952373e-21,nan,nan,nan,nan,nan,nan,nan,-2.453204187515722e-22,-0.0,-4.9836521380579284e-21,-2.701093317952373e-21,-2.701093317952373e-21,9.744313791173392e-07,nan,-1.2800157978068398,-0.6937567114539531,0.5862590863528866,-0.6937567114539531,nan,nan,-0.0630088141844044,-0.0,-1.2800157978068398,-0.6937567114539531,-0.6937567114539531,nan
face,283.0,20,19.0,2,0.0018275189427127136,-2.4186026872838822e-20,-1.7932157506489626e-20,6.253869366349196e-21,-1.7989508553187567e-20,0.5,0.9954430953149523,0.9988648047904002,0.9988648047904002,0.1371798307914491,-1.1061570307507132e-20,-1.3124456565331689e-20,-4.8834370285786125e-21,4.926866026414524e-20,-2.4186026872838822e-20,-1.7932157506489626e-20,3.1336502757655616e-20,9.605046331934735e-07,nan,-6.190059347707448,-4.589473078038456,1.6005862696689925,-4.604151238472986,-2.83104691160342,-3.3590124361040274,-1.2498441842732326,12.609592002049173,-6.190059347707448,-4.589473078038456,8.020118924010717,nan
tip,283.0,20,28.516660498395403,2,1.0,-4.97091568421236e-21,-2.6930217098423774e-21,2.2778939743699826e-21,-2.6930217098423774e-21,nan,nan,nan,nan,nan,nan,nan,-2.453204187515722e-22,-0.0,-4.97091568421236e-21,-2.6930217098423774e-21,-2.6930217098423774e-21,9.605046331934735e-07,nan,-1.2722330649636229,-0.6892394644326414,0.5829936005309815,-0.6892394644326414,nan,nan,-0.06278616819788707,-0.0,-1.2722330649636229,-0.6892394644326414,-0.6892394644326414,nan
face,284.0,20,19.0,2,0.0018275189427127136,-2.4182024571034742e-20,-1.7913624493541573e-20,6.268400077493169e-21,-1.796730944988264e-20,0.5,0.9956286535583292,0.9988374105652794,0.9988374105652794,0.12864941317508968,-1.1052652504551522e-20,-1.312937206648322e-20,-4.8834370285786125e-21,4.944275447002562e-20,-2.4182024571034742e-20,-1.7913624493541573e-20,3.1529129976484046e-20,9.468376172948694e-07,nan,-6.167242640357659,-4.56858640993423,1.5986562304234284,-4.582277908382584,-2.81880409205991,-3.348438548297749,-1.2454433244694536,12.609592002049173,-6.167242640357659,-4.56858640993423,8.041005592114942,nan
tip,284.0,20,28.516660498395403,2,1.0,-4.9582345240736154e-21,-2.6849950092978728e-21,2.2732395147757426e-21,-2.6849950092978728e-21,nan,nan,nan,nan,nan,nan,nan,-2.453204187515722e-22,-0.0,-4.9582345240736154e-21,-2.6849950092978728e-21,-2.6849950092978728e-21,9.468376172948694e-07,nan,-1.2645192418829725,-0.6847654819739022,0.5797537599090703,-0.6847654819739022,nan,nan,-0.06256509014085225,-0.0,-1.2645192418829725,-0.6847654819739022,-0.6847654819739022,nan
face,285.0,20,19.0,2,0.0018275189427127136,-2.4177614480487476e-20,-1.7894868488213513e-20,6.282745992273963e-21,-1.7945144339279282e-20,0.5,0.9957991448685816,0.9988095552688719,0.9988095552688719,0.12070379841330996,-1.1043726041049758e-20,-1.313388843943772e-20,-4.8834370285786125e-21,4.961684867590599e-20,-2.4177614480487476e-20,-1.7894868488213513e-20,3.1721980187692477e-20,9.334245502889819e-07,nan,-6.144482415100022,-4.547789643808503,1.5966927712915187,-4.560566714227386,-2.806644986054234,-3.3378374290457877,-1.241073347892368,12.609592002049173,-6.144482415100022,-4.547789643808503,8.06180235824067,nan
tip,285.0,20,28.516660498395403,2,1.0,-4.945608358896308e-21,-2.6770128640218867e-21,2.268595494874421e-21,-2.6770128640218867e-21,nan,nan,nan,nan,nan,nan,nan,-2.453204187515722e-22,-0.0,-4.945608358896308e-21,-2.6770128640218867e-21,-2.6770128640218867e-21,9.334245502889819e-07,nan,-1.2568735272760188,-0.6803342191287758,0.5765393081472429,-0.6803342191287758,nan,nan,-0.062345563508779095,-0.0,-1.2568735272760188,-0.6803342191287758,-0.6803342191287758,nan
face,286.0,20,19.0,2,0.0018275189427127136,-2.417282541521976e-20,-1.7875908959173493e-20,6.296916456046268e-21,-1.7923013175410976e-20,0.5,0.9959556545865825,0.9987812351870279,0.9987812351870279,0.11329939464887438,-1.1034790979974694e-20,-1.3138034435245069e-20,-4.8834370285786125e-21,4.9790942881786364e-20,-2.417282541521976e-20,-1.7875908959173493e-20,3.191503392261287e-20,9.202597974194416e-07,nan,-6.121785376636963,-4.527086767087673,1.59469860954929,-4.539015943639745,-2.794568731420278,-3.3272166452166854,-1.2367339305920448,12.609592002049173,-6.121785376636963,-4.527086767087673,8.082505234961499,nan
tip,286.0,20,28.516660498395403,2,1.0,-4.933036891704569e-21,-2.6690749252348403e-21,2.2639619664697284e-21,-2.6690749252348403e-21,nan,nan,nan,nan,nan,nan,nan,-2.453204187515722e-22,-0.0,-4.933036891704569e-21,-2.6690749252348403e-21,-2.6690749252348403e-21,9.202597974194416e-07,nan,-1.24929513150886,-0.6759451394607483,0.5733499920481119,-0.6759451394607483,nan,nan,-0.06212757202797916,-0.0,-1.24929513150886,-0.6759451394607483,-0.6759451394607483,nan
face,287.0,20,19.0,2,0.0018275189427127136,-2.4167683875765488e-20,-1.785676378487439e-20,6.310920090891097e-21,-1.7900915912753748e-20,0.5,0.9960991806872606,0.998752446632479,0.998752446632479,0.10639610745302563,-1.1025847385164007e-20,-1.3141836490601482e-20,-4.8834370285786125e-21,4.996503708766673e-20,-2.4167683875765488e-20,-1.785676378487439e-20,3.210827330279234e-20,9.073378662318363e-07,nan,-6.099157552374314,-4.506481310304342,1.5926762420699716,-4.51762390822945,-2.782574478226437,-3.316583074147877,-1.2324247531335362,12.609592002049173,-6.099157552374314,-4.506481310304342,8.10311069174483,nan
tip,287.0,20,28.516660498395403,2,1.0,-4.920519827278336e-21,-2.661180847631515e-21,2.259338979646821e-21,-2.661180847631515e-21,nan,nan,nan,nan,nan,nan,nan,-2.453204187515722e-22,-0.0,-4.920519827278336e-21,-2.661180847631515e-21,-2.661180847631515e-21,9.073378662318363e-07,nan,-1.2417832763960568,-0.6715977148865919,0.5701855615094648,-0.6715977148865919,nan,nan,-0.06191109965157506,-0.0,-1.2417832763960568,-0.6715977148865919,-0.6715977148865919,nan
face,288.0,20,19.0,2,0.0018275189427127136,-2.4162214247552445e-20,-1.7837449391719475e-20,6.324764855832971e-21,-1.7878852506216017e-20,0.5,0.9962306412690055,0.9987231859453078,0.9987231859453078,0.09995704015957349,-1.1016895321306022e-20,-1.3145318926246424e-20,-4.8834370285786125e-21,5.013913129354711e-20,-2.4162214247552445e-20,-1.7837449391719475e-20,3.230168190182764e-20,8.946534026204293e-07,nan,-6.076604354071598,-4.485976389777026,1.5906279642945722,-4.496388943164897,-2.7706613885596405,-3.3059429655119574,-1.228145500518489,12.609592002049173,-6.076604354071598,-4.485976389777026,8.123615612272147,nan
tip,288.0,20,28.516660498395403,2,1.0,-4.9080568721399426e-21,-2.6533302893386164e-21,2.2547265828013262e-21,-2.6533302893386164e-21,nan,nan,nan,nan,nan,nan,nan,-2.453204187515722e-22,-0.0,-4.9080568721399426e-21,-2.6533302893386164e-21,-2.6533302893386164e-21,8.946534026204293e-07,nan,-1.234337194998497,-0.667291425520669,0.5670457694778279,-0.667291425520669,nan,nan,-0.06169613055556264,-0.0,-1.234337194998497,-0.667291425520669,-0.667291425520669,nan
face,289.0,20,19.0,2,0.0018275189427127136,-2.4156438981243773e-20,-1.7817980879510682e-20,6.338458101733092e-21,-1.785682291112865e-20,0.5,0.9963508813620223,0.9986934494934085,0.9986934494934085,0.09394822144809982,-1.1007934853925555e-20,-1.3148504127318219e-20,-4.8834370285786125e-21,5.0313225499427474e-20,-2.4156438981243773e-20,-1.7817980879510682e-20,3.249524461991679e-20,8.822011869920857e-07,nan,-6.054130633690867,-4.465574746216571,1.5885558874742955,-4.475309406763008,-2.758828636313875,-3.2953019973769915,-1.2238958621083904,12.609592002049173,-6.054130633690867,-4.465574746216571,8.144017255832601,nan
tip,289.0,20,28.516660498395403,2,1.0,-4.895647734540928e-21,-2.645522911873017e-21,2.2501248226679113e-21,-2.645522911873017e-21,nan,nan,nan,nan,nan,nan,nan,-2.453204187515722e-22,-0.0,-4.895647734540928e-21,-2.645522911873017e-21,-2.645522911873017e-21,8.822011869920857e-07,nan,-1.2269561314255215,-0.6630257595226414,0.5639303719028801,-0.6630257595226414,nan,nan,-0.061482649134955165,-0.0,-1.2269561314255215,-0.6630257595226414,-0.6630257595226414,nan
face,290.0,20,19.0,2,0.0018275189427127136,-2.4150378756770082e-20,-1.779837213541388e-20,6.3520066213562025e-21,-1.7834827083235126e-20,0.5,0.9964606791210179,0.9986632336729317,0.9986632336729317,0.08833835756010656,-1.0998966049369641e-20,-1.315141270740044e-20,-4.8834370285786125e-21,5.048731970530784e-20,-2.4150378756770082e-20,-1.779837213541388e-20,3.2688947569893966e-20,8.699761305438596e-07,nan,-6.031740734016639,-4.445278779665835,1.5864619543508043,-4.454383680087664,-2.7470754069830483,-3.284665327033591,-1.2196755315493961,12.609592002049173,-6.031740734016639,-4.445278779665835,8.164313222383338,nan
tip,290.0,20,28.516660498395403,2,1.0,-4.883292124449137e-21,-2.6377583801005877e-21,2.245533744348549e-21,-2.6377583801005877e-21,nan,nan,nan,nan,nan,nan,nan,-2.453204187515722e-22,-0.0,-4.883292124449137e-21,-2.6377583801005877e-21,-2.6377583801005877e-21,8.699761305438596e-07,nan,-1.2196393406412085,-0.6588002129484751,0.5608391276927333,-0.6588002129484751,nan,nan,-0.061270640000007044,-0.0,-1.2196393406412085,-0.6588002129484751,-0.6588002129484751,nan
face,291.0,20,19.0,2,0.0018275189427127136,-2.4144052632609898e-20,-1.777863593754949e-20,6.365416695060407e-21,-1.781286497868185e-20,0.5,0.9965607514610189,0.9986325349087228,0.9986325349087228,0.08309860679601577,-1.0989988974793247e-20,-1.3154063657816652e-20,-4.8834370285786125e-21,5.066141391118822e-20,-2.4144052632609898e-20,-1.777863593754949e-20,3.2882777973638734e-20,8.579732716507367e-07,nan,-6.009438534560464,-4.425090581136725,1.5843479534237388,-4.433610166556449,-2.735400897458119,-3.274037637102345,-1.2154842066987108,12.609592002049173,-6.009438534560464,-4.425090581136725,8.184501420912449,nan
tip,291.0,20,28.516660498395403,2,1.0,-4.870989753536031e-21,-2.6300363621956617e-21,2.2409533913403694e-21,-2.6300363621956617e-21,nan,nan,nan,nan,nan,nan,nan,-2.453204187515722e-22,-0.0,-4.870989753536031e-21,-2.6300363621956617e-21,-2.6300363621956617e-21,8.579732716507367e-07,nan,-1.2123860882747088,-0.6546142896046758,0.5577717986700331,-0.6546142896046758,nan,nan,-0.06106008797251561,-0.0,-1.2123860882747088,-0.6546142896046758,-0.6546142896046758,nan
face,292.0,20,19.0,2,0.0018275189427127136,-2.4137478181719185e-20,-1.7758784049204582e-20,6.378694132514603e-21,-1.7790936554008635e-20,0.5,0.9966517591892006,0.9986013496547451,0.9986013496547451,0.07820237417706727,-1.0981003698144893e-20,-1.3156474483574292e-20,-4.8834370285786125e-21,5.083550811706859e-20,-2.4137478181719185e-20,-1.7758784049204582e-20,3.307672406786401e-20,8.461877723601676e-07,nan,-5.98722749321058,-4.4050119612708505,1.5822155319397295,-4.4129872915555275,-2.7238043158283833,-3.2634231773821964,-1.2113215895524825,12.609592002049173,-5.98722749321058,-4.4050119612708505,8.204580040778323,nan
tip,292.0,20,28.516660498395403,2,1.0,-4.858740335164248e-21,-2.6223565296010996e-21,2.2363838055631486e-21,-2.6223565296010996e-21,nan,nan,nan,nan,nan,nan,nan,-2.453204187515722e-22,-0.0,-4.858740335164248e-21,-2.6223565296010996e-21,-2.6223565296010996e-21,8.461877723601676e-07,nan,-1.20519565043454,-0.6504675009056688,0.5547281495288712,-0.6504675009056688,nan,nan,-0.06085097808219878,-0.0,-1.20519565043454,-0.6504675009056688,-0.6504675009056688,nan
face,293.0,20,19.0,2,0.0018275189427127136,-2.413067161537124e-20,-1.773882730456186e-20,6.391844310809379e-21,-1.7769041766139276e-20,0.5,0.9967343116803367,0.9985696743944937,0.9985696743944937,0.07362512436746484,-1.0972010288152296e-20,-1.3158661327218942e-20,-4.8834370285786125e-21,5.1009602322948964e-20,-2.413067161537124e-20,-1.773882730456186e-20,3.32707750183871e-20,8.346149149901256e-07,nan,-5.965110684040112,-4.385044476316227,1.5800662077238852,-4.392513502062412,-2.712284881186817,-3.252825802853294,-1.20718738617517,12.609592002049173,-5.965110684040112,-4.385044476316227,8.224547525732946,nan
tip,293.0,20,28.516660498395403,2,1.0,-4.8465435843753765e-21,-2.614718556988928e-21,2.2318250273864486e-21,-2.614718556988928e-21,nan,nan,nan,nan,nan,nan,nan,-2.453204187515722e-22,-0.0,-4.8465435843753765e-21,-2.614718556988928e-21,-2.614718556988928e-21,8.346149149901256e-07,nan,-1.1980673135267332,-0.6463593657342406,0.5517079477924927,-0.6463593657342406,nan,nan,-0.060643295563146904,-0.0,-1.1980673135267332,-0.6463593657342406,-0.6463593657342406,nan
face,294.0,20,19.0,2,0.0018275189427127136,-2.412364789604267e-20,-1.7718775686751545e-20,6.404872209291125e-21,-1.7747180572372336e-20,0.5,0.9968089711387451,0.9985375056413986,0.9985375056413986,0.06934421114133452,-1.0963008814307941e-20,-1.3160639081734726e-20,-4.8834370285786125e-21,5.118369652882933e-20,-2.412364789604267e-20,-1.7718775686751545e-20,3.346492084207779e-20,8.232500988275061e-07,nan,-5.943090831645086,-4.365189451682531,1.5779013799625539,-4.372187266276507,-2.700841823439394,-3.242249008205691,-1.2030813066303567,12.609592002049173,-5.943090831645086,-4.365189451682531,8.244402550366642,nan
tip,294.0,20,28.516660498395403,2,1.0,-4.8343992178779686e-21,-2.6071221222215666e-21,2.227277095656402e-21,-2.6071221222215666e-21,nan,nan,nan,nan,nan,nan,nan,-2.453204187515722e-22,-0.0,-4.8343992178779686e-21,-2.6071221222215666e-21,-2.6071221222215666e-21,8.232500988275061e-07,nan,-1.1910003740767543,-0.6422894103049739,0.5487109637717804,-0.6422894103049739,nan,nan,-0.06043702585034709,-0.0,-1.1910003740767543,-0.6422894103049739,-0.6422894103049739,nan
face,295.0,20,19.0,2,0.0018275189427127136,-2.4116420840368977e-20,-1.76986383989512e-20,6.417782441417777e-21,-1.7725352930371992e-20,0.5,0.9968762564853673,0.9985048399392144,0.9985048399392144,0.06533872184854651,-1.0953999346854621e-20,-1.3162421493514357e-20,-4.8834370285786125e-21,5.135779073470971e-20,-2.4116420840368977e-20,-1.76986383989512e-20,3.365915233575851e-20,8.12088836923794e-07,nan,-5.92117034234587,-4.345448003310357,1.5757223390355137,-4.352007073257157,-2.6894743831182564,-3.231695959227614,-1.1990030649129655,12.609592002049173,-5.92117034234587,-4.345448003310357,8.264143998738817,nan
tip,295.0,20,28.516660498395403,2,1.0,-4.822306954035727e-21,-2.599566906313635e-21,2.2227400477220923e-21,-2.599566906313635e-21,nan,nan,nan,nan,nan,nan,nan,-2.453204187515722e-22,-0.0,-4.822306954035727e-21,-2.599566906313635e-21,-2.599566906313635e-21,8.12088836923794e-07,nan,-1.1839941385550863,-0.6382571680306022,0.545736970524484,-0.6382571680306022,nan,nan,-0.060232154576278105,-0.0,-1.1839941385550863,-0.6382571680306022,-0.6382571680306022,nan
face,296.0,20,19.0,2,0.0018275189427127136,-2.410900321309292e-20,-1.7678423929187158e-20,6.430579283905762e-21,-1.7703558798159083e-20,0.5,0.9969366469048265,0.9984716738624011,0.9984716738624011,0.06158933548542423,-1.0944981956770986e-20,-1.3164021256321934e-20,-4.8834370285786125e-21,5.1531884940590074e-20,-2.410900321309292e-20,-1.7678423929187158e-20,3.3853461011402915e-20,8.011267529850265e-07,nan,-5.899351332552153,-4.325821057066121,1.5735302754860319,-4.3319714325691,-2.678181811198688,-3.2211695213534646,-1.1949523788828544,12.609592002049173,-5.899351332552153,-4.325821057066121,8.28377094498305,nan
tip,296.0,20,28.516660498395403,2,1.0,-4.810266512855931e-21,-2.592052593394298e-21,2.218213919461633e-21,-2.592052593394298e-21,nan,nan,nan,nan,nan,nan,nan,-2.453204187515722e-22,-0.0,-4.810266512855931e-21,-2.592052593394298e-21,-2.592052593394298e-21,8.011267529850265e-07,nan,-1.1770479232064077,-0.6342621793912064,0.5427857438152013,-0.6342621793912064,nan,nan,-0.060028667567574474,-0.0,-1.1770479232064077,-0.6342621793912064,-0.6342621793912064,nan
face,297.0,20,19.0,2,0.0018275189427127136,-2.4101406812838075e-20,-1.765814010942606e-20,6.443266703412016e-21,-1.7681798134102242e-20,0.5,0.996990585083895,0.9984380040164927,0.9984380040164927,0.058078193112648786,-1.0935956715757047e-20,-1.3165450097081027e-20,-4.8834370285786125e-21,5.1705979146470454e-20,-2.4101406812838075e-20,-1.765814010942606e-20,3.404783903704439e-20,7.903595783531431e-07,nan,-5.877635654561273,-4.306309366352689,1.5713262882085846,-4.312078873935091,-2.666963368919766,-3.2106722856415075,-1.190928970199747,12.609592002049173,-5.877635654561273,-4.306309366352689,8.303282635696483,nan
tip,297.0,20,28.516660498395403,2,1.0,-4.798277615978058e-21,-2.5845788706701498e-21,2.213698745307908e-21,-2.5845788706701498e-21,nan,nan,nan,nan,nan,nan,nan,-2.453204187515722e-22,-0.0,-4.798277615978058e-21,-2.5845788706701498e-21,-2.5845788706701498e-21,7.903595783531431e-07,nan,-1.1701610538822689,-0.6303039918061835,0.5398570620760855,-0.6303039918061835,nan,nan,-0.05982655084175772,-0.0,-1.1701610538822689,-0.6303039918061835,-0.6303039918061835,nan
face,298.0,20,19.0,2,0.0018275189427127136,-2.4093642550459625e-20,-1.7637794169487698e-20,6.4558483809719266e-21,-1.7660070896909226e-20,0.5,0.997038480169751,0.998403827038456,0.998403827038456,0.05478877948501539,-1.0926923696219693e-20,-1.316671885423993e-20,-4.8834370285786125e-21,5.188007335235082e-20,-2.4093642550459625e-20,-1.7637794169487698e-20,3.4242279182863123e-20,7.797831490759282e-07,nan,-5.8560249200330174,-4.2869135281067186,1.5691113919262993,-4.292327946895577,-2.6558183276086305,-3.200206592424387,-1.1869325642594795,12.609592002049173,-5.8560249200330174,-4.2869135281067186,8.322678473942455,nan
tip,298.0,20,28.516660498395403,2,1.0,-4.786339986662544e-21,-2.5771454283886867e-21,2.209194558273857e-21,-2.5771454283886867e-21,nan,nan,nan,nan,nan,nan,nan,-2.453204187515722e-22,-0.0,-4.786339986662544e-21,-2.5771454283886867e-21,-2.5771454283886867e-21,7.797831490759282e-07,nan,-1.1633328658771716,-0.6263821595089372,0.5369507063682343,-0.6263821595089372,nan,nan,-0.0596257906040337,-0.0,-1.1633328658771716,-0.6263821595089372,-0.6263821595089372,nan
face,299.0,20,19.0,2,0.0018275189427127136,-2.408572052065106e-20,-1.76173927862581e-20,6.46832773439296e-21,-1.763837704561833e-20,0.5,0.9970807104736521,0.9983691395970372,0.9983691395970372,0.05170581486754471,-1.0917882971258182e-20,-1.3167837549392877e-20,-4.8834370285786125e-21,5.2054167558231195e-20,-2.408572052065106e-20,-1.76173927862581e-20,3.4436774771973096e-20,7.693934030628337e-07,nan,-5.834520521359642,-4.267633997336515,1.5668865240231271,-4.272717220475213,-2.6447459685082717,-3.18977455285137,-1.1829628901315212,12.609592002049173,-5.834520521359642,-4.267633997336515,8.341958004712657,nan
tip,299.0,20,28.516660498395403,2,1.0,-4.77445334977981e-21,-2.569751959802235e-21,2.2047013899775752e-21,-2.569751959802235e-21,nan,nan,nan,nan,nan,nan,nan,-2.453204187515722e-22,-0.0,-4.77445334977981e-21,-2.569751959802235e-21,-2.569751959802235e-21,7.693934030628337e-07,nan,-1.1565627037679997,-0.6224962434241936,0.5340664603438062,-0.6224962434241936,nan,nan,-0.059426373244153986,-0.0,-1.1565627037679997,-0.6224962434241936,-0.6224962434241936,nan
face,300.0,20,19.0,2,0.0018275189427127136,-2.4077650067420584e-20,-1.7596942128635376e-20,6.4807079387852085e-21,-1.7616716539589926e-20,0.5,0.9971176259431902,0.9983339383930979,0.9983339383930979,0.04881515611117053,-1.0908834614649654e-20,-1.3168815452770931e-20,-4.8834370285786125e-21,5.2228261764111563e-20,-2.4077650067420584e-20,-1.7596942128635376e-20,3.463131963547619e-20,7.591863773240398e-07,nan,-5.813123651128463,-4.248471100338893,1.5646525507895703,-4.2532452828560885,-2.6337455826087717,-3.1793780685196915,-1.1790196804977495,12.609592002049173,-5.813123651128463,-4.248471100338893,8.36112090171028,nan
tip,300.0,20,28.516660498395403,2,1.0,-4.7626174317993814e-21,-2.562398161132467e-21,2.2002192706669144e-21,-2.562398161132467e-21,nan,nan,nan,nan,nan,nan,nan,-2.453204187515722e-22,-0.0,-4.7626174317993814e-21,-2.562398161132467e-21,-2.562398161132467e-21,7.591863773240398e-07,nan,-1.1498499212566895,-0.6186458110479123,0.5312041102087772,-0.6186458110479123,nan,nan,-0.059228285333340146,-0.0,-1.1498499212566895,-0.6186458110479123,-0.6186458110479123,nan
