geometry,temperature_K,window_s,center_distance_nm,surface_gap_nm,kBT_J,U_initial_kBT,Udd_eq_kBT,Udd_time_mean_kBT,Udd_end_kBT,delta_Uani_kBT,delta_Fmag_eq_kBT,delta_Fmag_time_mean_kBT,delta_Fmag_end_kBT,delta_Fmag_of_mean_probability_kBT,relaxation_free_energy_excess_time_mean_kBT,relaxation_free_energy_excess_end_kBT,internal_energy_relaxation_deficit_kBT,vdW_kBT,partial_contact_F_eq_kBT,partial_contact_F_time_mean_kBT,tau_N_isolated_s,tau_B_free_s,hexane_viscosity_Pa_s,detailed_balance_relative_error,KL_quadrature_error_kBT,free_energy_identity_error_kBT,ligand_solvent_F_J,assembly_translation_rotation_F_J,assembly_delta_G_J,U_initial_J,Udd_eq_J,Udd_time_mean_J,Udd_end_J,delta_Uani_J,delta_Fmag_eq_J,delta_Fmag_time_mean_J,delta_Fmag_end_J,delta_Fmag_of_mean_probability_J,relaxation_free_energy_excess_time_mean_J,relaxation_free_energy_excess_end_J,internal_energy_relaxation_deficit_J,vdW_J,partial_contact_F_eq_J,partial_contact_F_time_mean_J,KL_quadrature_error_J,free_energy_identity_error_J
face,200.0,20.0,19.0,3.0,2.7612980000000003e-21,0.0,-9.514221612687662,-0.10041711264556018,-0.1992164569832391,0.0,-7.530510374620079,-0.09999692593974707,-0.1979782679383168,-0.10009956450471554,7.430513448680332,7.332532106681763,9.413804500042101,-1.7685295207466243,-9.299039895366704,-1.8685264466863714,56518.87140592694,4.082952141031122e-06,0.00104642206279509,2.1782360336697627e-17,8.249527115511782e-14,8.881784197001252e-16,nan,nan,nan,0.0,-2.6271601110671217e-20,-2.7728157231396003e-22,-5.500960042349042e-22,0.0,-2.0793983236417678e-20,-2.761213116035717e-22,-5.466769953015384e-22,-2.76404727267742e-22,2.0517861924814107e-20,2.024730624111614e-20,2.5994319538357257e-20,-4.8834370285786125e-21,-2.5677420264996292e-20,-5.159558340182184e-21,2.2779402725008454e-34,2.4525252939611167e-36
face,201.0,20.0,19.0,3.0,2.7751044900000003e-21,0.0,-9.4649832547248,-0.11378647974913816,-0.22549828127927296,0.0,-7.4831806796022216,-0.11324530578404879,-0.2239072832194852,-0.11337709998161691,7.369935373818173,7.259273396382736,9.351196774975662,-1.7597308664145515,-9.242911546016773,-1.8729761721986002,48275.96421252449,3.99898164635452e-06,0.0010300257243557134,2.696186046224875e-17,8.182271942012346e-14,1.7763568394002505e-15,nan,nan,nan,0.0,-2.626631752796161e-20,-3.157693708531274e-22,-6.257812928653934e-22,0.0,-2.0766608303445378e-20,-3.142675565527368e-22,-6.213661070060951e-22,-3.14633299222164e-22,2.0452340746892642e-20,2.0145242196439283e-20,2.5950548157108484e-20,-4.8834370285786125e-21,-2.565004533202399e-20,-5.197704585131349e-21,2.2706659604679483e-34,4.9295758408618445e-36
face,202.0,20.0,19.0,3.0,2.7889109800000003e-21,0.0,-9.416206070025648,-0.12873940756044028,-0.2548264065957746,0.0,-7.436329086220687,-0.12804476941658383,-0.2527895236738326,-0.12821337282918632,7.308284316804103,7.183539562546854,9.287466662465208,-1.7510193274719053,-9.187348413692593,-1.879064096888489,41299.64123826569,3.917065764442711e-06,0.001013946021091491,2.749134537119519e-17,8.113825519022848e-14,8.881784197001252e-16,nan,nan,nan,0.0,-2.6260960498637183e-20,-3.590427473040069e-22,-7.106881633489003e-22,0.0,-2.0739259839454243e-20,-3.571054633574789e-22,-7.050074782029218e-22,-3.5757568326615145e-22,2.0382154376096765e-20,2.003425236125132e-20,2.5901917751333176e-20,-4.8834370285786125e-21,-2.5622696868032857e-20,-5.240542491936092e-21,2.2628737079807025e-34,2.477050546900728e-36
face,203.0,20.0,19.0,3.0,2.8027174700000003e-21,0.0,-9.367883237227154,-0.14543424334506572,-0.28748803382860216,0.0,-7.3899486119286495,-0.1445456788410926,-0.28488998179801384,-0.14476055654534947,7.245402933087557,7.105058630130635,9.22244899388209,-1.7423936164991372,-9.132342228427786,-1.8869392953402297,35385.83358523123,3.83715006427453e-06,0.000998176692261181,9.365114738201294e-18,8.044013159000447e-14,1.7763568394002505e-15,nan,nan,nan,0.0,-2.6255530005896704e-20,-4.0761109455944695e-22,-8.057477348273743e-22,0.0,-2.071193807705468e-20,-4.0512069930093964e-22,-7.984661290132755e-22,-4.0572294079657385e-22,2.030681737775374e-20,1.99134719480414e-20,2.5847918911337258e-20,-4.8834370285786125e-21,-2.559537510563329e-20,-5.2885577278795524e-21,2.2545096209640445e-34,4.978626346741067e-36
face,204.0,20.0,19.0,3.0,2.8165239600000003e-21,0.0,-9.320008072521896,-0.16404064703782684,-0.32378651233228484,0.0,-7.344032410298298,-0.16290796798175577,-0.3204852218135518,-0.16318076483829366,7.181124442316542,7.023547188484747,9.155967425484068,-1.73385247132022,-9.077884881618518,-1.8967604393019757,30364.811593723123,3.75918151676907e-06,0.0009827115646105378,3.3069662274239866e-17,7.972649698558313e-14,1.7763568394002505e-15,nan,nan,nan,0.0,-2.625002604365134e-20,-4.620244127959424e-22,-9.11952469908716e-22,0.0,-2.0684643246621708e-20,-4.58834195095528e-22,-9.026543060637835e-22,-4.596025339781797e-22,2.022580905152618e-20,1.9781988940557927e-20,2.5788001630855396e-20,-4.8834370285786125e-21,-2.5568080275200322e-20,-5.342271223674141e-21,2.2455158900676267e-34,5.003151599680678e-36
face,205.0,20.0,19.0,3.0,2.8303304500000003e-21,0.0,-9.272574026241163,-0.18473962647666242,-0.3640402002041021,0.0,-7.298573767694063,-0.18330086463370332,-0.35986151392379073,-0.18364583055983424,7.11527290306036,6.938712253770272,9.0878343997645,-1.7253946543869505,-9.023968422081014,-1.9086955190206538,26095.169955762103,3.683108468787375e-06,0.0009675445545252112,1.2035482272855766e-17,7.899539803469091e-14,0.0,nan,nan,nan,0.0,-2.6244448616349465e-20,-5.228741901385239e-22,-1.0303540636617665e-21,0.0,-2.0657375576275736e-20,-5.188020186840987e-22,-1.018527000641604e-21,-5.197783862490395e-22,2.0138573557591638e-20,1.963884857563413e-20,2.572157442621094e-20,-4.8834370285786125e-21,-2.554081260485435e-20,-5.402239047262711e-21,2.2358308046745585e-34,0.0
face,206.0,20.0,19.0,3.0,2.8441369400000004e-21,0.0,-9.225574679537358,-0.20772340398081043,-0.40858082399555146,0.0,-7.25356610004319,-0.205902406671143,-0.4033124171596863,-0.20633688257399319,7.047663693372047,6.850253682883503,9.017851275556547,-1.7170189521811885,-8.97058505222438,-1.9229213588523315,22458.906400859145,3.608880616601097e-06,0.0009526696698430478,3.803735787364059e-17,7.824478502196415e-14,1.7763568394002505e-15,nan,nan,nan,0.0,-2.6238797738800865e-20,-5.907938065643661e-22,-1.1620598145013864e-21,0.0,-2.0630135291864574e-20,-5.856146408483004e-22,-1.1470757440045538e-21,-5.868503498131363e-22,2.0044520651016275e-20,1.948305954786002e-20,2.5648003932236497e-20,-4.8834370285786125e-21,-2.551357232044319e-20,-5.469051669426912e-21,2.22538883443327e-34,5.0522021055599004e-36
face,207.0,20.0,19.0,3.0,2.8579434300000004e-21,0.0,-9.179003741162377,-0.23319508210285053,-0.4577512710804421,0.0,-7.209002949700321,-0.2308987216505285,-0.4511357608701914,-0.23144368838417537,6.9781042280497925,6.757867188830129,8.945808659059526,-1.7087241746344195,-8.917727124334741,-1.939622896284948,19357.388092125642,3.5364489789478584e-06,0.0009380810113527656,1.61759265414343e-17,7.747251982215033e-14,0.0,nan,nan,nan,0.0,-2.6233073436000442e-20,-6.664583528041523e-22,-1.3082272377584986e-21,0.0,-2.0602922616946655e-20,-6.598954845365267e-22,-1.2893204838170149e-21,-6.614529686325214e-22,1.9943027132410128e-20,1.931360213312964e-20,2.5566615083196286e-20,-4.8834370285786125e-21,-2.548635964552527e-20,-5.543332513115139e-21,2.2141207903125935e-34,0.0
face,208.0,20.0,19.0,3.0,2.8717499200000004e-21,0.0,-9.132855044338704,-0.26136807500886167,-0.5119027524027164,0.0,-7.164877982402959,-0.2584830396612743,-0.5036299868270014,-0.25916373054050446,6.906394942741684,6.661247995575957,8.871486969329842,-1.7005091545640616,-8.865387136967021,-1.9589921942253359,16708.039908692757,3.465765869781389e-06,0.000923772774004105,1.8532862821608008e-17,7.667638682586556e-14,0.0,nan,nan,nan,0.0,-2.6227275742951275e-20,-7.505837484972526e-22,-1.4700566882602809e-21,0.0,-2.0575737772775462e-20,-7.422986484686214e-22,-1.4462993743800426e-21,-7.442534224465953e-22,1.983343912430684e-20,1.9129438398395418e-20,2.547669199445402e-20,-4.8834370285786125e-21,-2.5459174801354076e-20,-5.6257356770472335e-21,2.201954077330685e-34,0.0
face,209.0,20.0,19.0,3.0,2.88555641e-21,0.0,-9.087122543720366,-0.29246527142018763,-0.571391282315722,0.0,-7.121184984314705,-0.2888544113491065,-0.5610898312681659,-0.2897009863564695,6.832330572965598,6.560095153046538,8.794657272300178,-1.6923727471259564,-8.81355773144066,-1.981227158475063,14441.620798587173,3.3967848708143046e-06,0.0009097392478529262,1.9111917280428555e-17,7.585410713956796e-14,8.881784197001252e-16,nan,nan,nan,0.0,-2.6221404704487807e-20,-8.439250386489122e-22,-1.6487817773042513e-21,0.0,-2.0548580978285045e-20,-8.33505698225191e-22,-1.6190563592016746e-21,-8.359485381642331e-22,1.9715075280059855e-20,1.8929524619083368e-20,2.5377479665838893e-20,-4.8834370285786125e-21,-2.5432018006863656e-20,-5.716942726803804e-21,2.1888130508140707e-34,2.5628889321893667e-36
face,210.0,20.0,19.0,3.0,2.8993629e-21,0.0,-9.041800312440582,-0.32671789605229,-0.6365734370874394,0.0,-7.07791785915338,-0.3222161071219336,-0.6238013500192494,-0.3232643839592613,6.755701752031446,6.4541165091341295,8.715082416388292,-1.6843138292824995,-8.762231688435879,-2.006529936404433,12499.980022432545,3.3294608039415905e-06,0.0008959748187630963,8.495444821870433e-18,7.500335632605821e-14,8.881784197001252e-16,nan,nan,nan,0.0,-2.6215460375098634e-20,-9.47273746580066e-22,-1.845657406616806e-21,0.0,-2.0521452450076734e-20,-9.342214267717601e-22,-1.8086264912157262e-21,-9.372607617428374e-22,1.9587231023304976e-20,1.8712825958861008e-20,2.5268186628518566e-20,-4.8834370285786125e-21,-2.5404889478655348e-20,-5.817658455350373e-21,2.174619487072535e-34,2.5751515586591722e-36
face,211.0,20.0,19.0,3.0,2.91316939e-21,0.0,-8.99688253924349,-0.3643640392508521,-0.7078013752230587,0.0,-7.035070625401183,-0.3587736798261796,-0.6920363203813699,-0.3600659133957191,6.676296945575004,6.343034305019814,8.632518499992639,-1.6763312992858999,-8.711401924687083,-2.0351049791120794,10834.205678580041,3.263749703624022e-06,0.0008824739688855123,2.1843023817676974e-17,7.412178588211976e-14,8.881784197001252e-16,nan,nan,nan,0.0,-2.620944281874961e-20,-1.0614541659623408e-21,-2.0619453004997193e-21,0.0,-2.0494352402406885e-20,-1.0451685020072869e-21,-2.0160190253032398e-21,-1.0489329972867998e-21,1.9449183900399596e-20,1.8478333377103646e-20,2.514798865278727e-20,-4.8834370285786125e-21,-2.5377789430985496e-20,-5.9286055305858995e-21,2.159293177639254e-34,2.587414185128978e-36
face,212.0,20.0,19.0,3.0,2.92697588e-21,0.0,-8.952363525696946,-0.40564682954859266,-0.7854171319443171,0.0,-6.992637413594172,-0.39873268202479295,-0.7660460908461615,-0.40031837982808055,6.593904731569379,6.226591322748009,8.546716696148353,-1.6684240761760607,-8.661061489770232,-2.067156758200854,9403.094435349327,3.199608789302608e-06,0.0008692312769332172,2.245605909158085e-17,7.320704855173086e-14,1.7763568394002505e-15,nan,nan,nan,0.0,-2.620335210870672e-20,-1.187318485887202e-21,-2.2988970009397934e-21,0.0,-2.0467281047175726e-20,-1.1670809428542785e-21,-2.2421984308750034e-21,-1.1717222420774704e-21,1.9300200104321446e-20,1.8225082616300716e-20,2.5016033622819518e-20,-4.8834370285786125e-21,-2.5350718075754334e-20,-6.050517971432891e-21,2.1427526535690514e-34,5.199353623197567e-36
face,213.0,20.0,19.0,3.0,2.94078237e-21,0.0,-8.908237683484082,-0.4508122315699344,-0.8697462373941927,0.0,-6.950612463688452,-0.4422960406368528,-0.8460549932409639,-0.4442327970484437,6.508316423051599,6.104557470447487,8.457425451914148,-1.660591099292605,-8.611203562981057,-2.1028871399294577,8171.884711161828,3.136996437907761e-06,0.0008562414182702758,2.4035768717366185e-17,7.225682744417926e-14,8.881784197001252e-16,nan,nan,nan,0.0,-2.619718832735963e-20,-1.3257406627812205e-21,-2.5577344013026766e-21,0.0,-2.0440238593917264e-20,-1.3006963986256603e-21,-2.4880636081734958e-21,-1.3063919777358513e-21,1.9139542195291604e-20,1.7952174985743767e-20,2.4871447664578408e-20,-4.8834370285786125e-21,-2.5323675622495878e-20,-6.1841334272042724e-21,2.1249160425997454e-34,2.611939438068589e-36
face,214.0,20.0,19.0,3.0,2.95458886e-21,0.0,-8.86449953177081,-0.5001064623853395,-0.9610907531451004,0.0,-6.908990122500556,-0.4896611061118561,-0.9322534800239036,-0.492015433670708,6.4193290163887,5.97673664247665,8.364393069385471,-1.6528313278005835,-8.561821450301139,-2.1424924339124396,7111.206284311353,3.0758721565197892e-06,0.0008434991648307758,2.3846381328981496e-17,7.126886876639094e-14,1.7763568394002505e-15,nan,nan,nan,0.0,-2.6190951566045254e-20,-1.4776089825777332e-21,-2.8396280326915236e-21,0.0,-2.0413225249790177e-20,-1.446747249293368e-21,-2.7544257467748582e-21,-1.4537033192715428e-21,1.896647800049681e-20,1.7658799503015315e-20,2.471334258346752e-20,-4.8834370285786125e-21,-2.5296662278368788e-20,-6.330184277871981e-21,2.1057020572198063e-34,5.248404129076789e-36
face,215.0,20.0,19.0,3.0,2.96839535e-21,0.0,-8.821143694647063,-0.5537730332652664,-1.0597218732471554,0.0,-6.867764841219585,-0.5410164103235537,-1.024791199444152,-0.5438645412954117,6.326748430896031,5.842973641775432,8.267370661381797,-1.645143740229418,-8.512908581449002,-2.186160150552972,6196.207993581466,3.01619655523131e-06,0.0008309993848832561,3.4104109590927576e-17,7.024101778991855e-14,8.881784197001252e-16,nan,nan,nan,0.0,-2.618464192487216e-20,-1.643817296900012e-21,-3.1456734808401455e-21,0.0,-2.0386241219569703e-20,-1.605950596678129e-21,-3.0419854311509436e-21,-1.6144049754111832e-21,1.8780290622891577e-20,1.7344255788418758e-20,2.4540824627972153e-20,-4.8834370285786125e-21,-2.5269678248148314e-20,-6.489387625256742e-21,2.085031105868615e-34,2.6364646910082002e-36
face,216.0,20.0,19.0,3.0,2.98220184e-21,0.0,-8.778164898639155,-0.6120494408246674,-1.1658722920188962,0.0,-6.826931172988796,-0.5965381865107782,-1.1237702691200273,-0.5999668132807343,6.230392986478018,5.703160903868767,8.166115457814486,-1.6375273340246521,-8.464458507013449,-2.23406552053543,5405.832216515084,2.9579313202561624e-06,0.0008187370426547131,4.0051721402153824e-17,6.917125746050986e-14,1.7763568394002505e-15,nan,nan,nan,0.0,-2.61782595125451e-20,-1.8252549685982945e-21,-3.47686649446377e-21,0.0,-2.0359286705640545e-20,-1.778997277442706e-21,-3.3513097643070407e-21,-1.7892221345047425e-21,1.858028942819784e-20,1.70079769413335e-20,2.4353004543946804e-20,-4.8834370285786125e-21,-2.524272373421916e-20,-6.662434306021318e-21,2.0628265127384623e-34,5.2974546349560116e-36
face,217.0,20.0,19.0,3.0,2.99600833e-21,0.0,-8.735557970291278,-0.6751635513581291,-1.279728597111989,0.0,-6.786483770554345,-0.6563867248763984,-1.2292390486633509,-0.6604936435679816,6.130097045677947,5.557244721890994,8.06039441893315,-1.6299811251120961,-8.416464895666442,-2.2863678499884945,4722.210508594326,2.901039187324292e-06,0.0008067071978273672,2.9040938129932935e-17,6.805774883298306e-14,8.881784197001252e-16,nan,nan,nan,0.0,-2.6171804446190563e-20,-2.022795623981338e-21,-3.834077537086733e-21,0.0,-2.033236190799063e-20,-1.9665400954311077e-21,-3.6828104293566745e-21,-1.9788444580417237e-21,1.836582181255952e-20,1.6649551478633953e-20,2.4149008822209228e-20,-4.8834370285786125e-21,-2.5215798936569243e-20,-6.84997712400972e-21,2.0390158242466503e-34,2.6609899439478114e-36
face,218.0,20.0,19.0,3.0,3.00981482e-21,0.0,-8.693317833813829,-0.7433297440387081,-1.401423997544267,0.0,-6.746417383979076,-0.7207026575574469,-1.3411867373839488,-0.7255972760506809,6.025714726421629,5.405230646595127,7.949988089775121,-1.6225041474739672,-8.368921531453044,-2.3432068050314143,4130.159413029858,2.845483915397124e-06,0.0007949050049204039,1.5316519561971177e-17,6.689887229096169e-14,8.881784197001252e-16,nan,nan,nan,0.0,-2.616527685118316e-20,-2.2372848797545105e-21,-4.218026716912379e-21,0.0,-2.0305467024205855e-20,-2.169181539529789e-21,-4.036723718565657e-21,-2.1839134348089706e-21,1.8136285484676065e-20,1.6268743305640198e-20,2.392799197142865e-20,-4.8834370285786125e-21,-2.518890405278447e-20,-7.052618568108402e-21,2.0135321726262387e-34,2.673252570417617e-36
face,219.0,20.0,19.0,3.0,3.02362131e-21,0.0,-8.651439508796265,-0.8167449012550968,-1.531031735075326,0.0,-6.706726858419228,-0.7896032846586998,-1.4595391257914239,-0.7954069543752817,5.917123573760528,5.247187732627804,7.834694607541168,-1.6150954527366432,-8.321822311155872,-2.404698737395343,3616.759214443383,2.791230260733629e-06,0.000783325712568036,3.8490097964842604e-17,6.56932683114123e-14,0.0,nan,nan,nan,0.0,-2.615867686097232e-20,-2.4695272882687566e-21,-4.62926018046003e-21,0.0,-2.027860224946573e-20,-2.387461317940041e-21,-4.41309360352172e-21,-2.4050094173712997e-21,1.7891140931525692e-20,1.586550864594401e-20,2.3689149572703565e-20,-4.8834370285786125e-21,-2.5162039278044345e-20,-7.270898346518653e-21,1.9863156598993394e-34,0.0
face,220.0,20.0,19.0,3.0,3.0374278e-21,0.0,-8.609918107982885,-0.8955843559108672,-1.668559544872549,0.0,-6.667407131962057,-0.863179066602501,-1.5841558013093187,-0.8700251975972346,5.804228065359556,5.083251330652738,7.714333752072018,-1.6077541097696584,-8.275161241731716,-2.470933176372159,3171.001476338732,2.738243951333194e-06,0.0007719646627043969,3.951832035410783e-17,6.443987638337707e-14,8.881784197001252e-16,nan,nan,nan,0.0,-2.6152004616910618e-20,-2.7202728198887623e-21,-5.068129147551228e-21,0.0,-2.025176777653982e-20,-2.6218440932764882e-21,-4.811758870428201e-21,-2.6426387218823336e-21,1.7629923683263334e-20,1.544000890611162e-20,2.3431731797021857e-20,-4.8834370285786125e-21,-2.5135204805118435e-20,-7.5052811218551e-21,1.9573147195543298e-34,2.6977778233572282e-36
face,221.0,20.0,19.0,3.0,3.05123429e-21,0.0,-8.568748835109178,-0.9799979235267611,-1.8139455184555167,0.0,-6.628453233522458,-0.9414904144170038,-1.7148290419018866,-0.9495243360765794,5.686962819105454,4.9136241916205705,7.588750911582417,-1.6004792042955875,-8.228932437818045,-2.5419696187125913,2783.493704962788,2.6864916617777424e-06,0.0007608172896649979,2.665250748785509e-17,6.313797061958064e-14,8.881784197001252e-16,nan,nan,nan,0.0,-2.614526026808268e-20,-2.9902032683936513e-21,-5.5347727661033004e-21,0.0,-2.0224963795785102e-20,-2.8727078361754723e-21,-5.232345174138884e-21,-2.897221213426343e-21,1.7352255959609628e-20,1.4992618621646216e-20,2.315505699968903e-20,-4.8834370285786125e-21,-2.5108400824363713e-20,-7.756144864754085e-21,1.92648740955477e-34,2.7100404498270338e-36
face,222.0,20.0,19.0,3.0,3.06504078e-21,0.0,-8.527926982797032,-1.0701061587164775,-1.9670556696831487,0.0,-6.589860280796684,-1.0245649060718405,-1.8512845216304603,-1.0339434417203415,5.565295374724844,4.738575759166222,7.457820824080555,-1.5932698385104724,-8.183130119307156,-2.617834744582313,2446.211527872362,2.6359409884922465e-06,0.0007498791192137826,1.99917257216035e-17,6.178719063859411e-14,1.7763568394002505e-15,nan,nan,nan,0.0,-2.6138443971135264e-20,-3.279919015395156e-21,-6.0291058441090606e-21,0.0,-2.019819049514409e-20,-3.140333218867061e-21,-5.6742625541801535e-21,-3.1690788130864e-21,1.705785727627703e-20,1.4523927940963933e-20,2.285852495574011e-20,-4.8834370285786125e-21,-2.50816275237227e-20,-8.023770247445674e-21,1.893802589889252e-34,5.444606152593679e-36
face,223.0,20.0,19.0,3.0,3.0788472700000002e-21,0.0,-8.487447930506955,-1.165996977922201,-2.1276834065176953,0.0,-6.551623478271398,-1.1123950410550787,-1.9931837997712818,-1.1232857746053915,5.439228437216319,4.558439678500116,7.321450952584754,-1.5861251307144613,-8.13774860898586,-2.69852017176954,2152.2904502989954,2.586560425439698e-06,0.0007391457675041158,3.7824445211510956e-17,6.038756647193465e-14,0.0,nan,nan,nan,0.0,-2.613155589010849e-20,-3.589926612304019e-21,-6.5508122475813064e-21,0.0,-2.01714480601438e-20,-3.424894435313967e-21,-6.136708500534038e-21,-3.458425340573645e-21,1.6746553624829832e-20,1.403473955960976e-20,2.254162927780447e-20,-4.8834370285786125e-21,-2.505488508872241e-20,-8.30833146389258e-21,1.8592409417405956e-34,0.0
face,224.0,20.0,19.0,3.0,3.0926537600000002e-21,0.0,-8.447307142545554,-1.2677227802901485,-2.295550965538385,0.0,-6.513738115286292,-1.2049366154643932,-2.140128377712428,-1.217516842388182,5.308801499821898,4.373609737573864,7.179584362255406,-1.5790442149523432,-8.092782330238634,-2.7839808304167364,1895.8506256083126,2.5383193402637963e-06,0.0007286129399814142,5.0352610347220104e-17,5.893953658266835e-14,8.881784197001252e-16,nan,nan,nan,0.0,-2.6124596196268365e-20,-3.920627623101982e-21,-7.099344324843917e-21,0.0,-2.0144736673895464e-20,-3.72645175437763e-21,-6.61867607421504e-21,-3.765358040475138e-21,1.6418284919517835e-20,1.3526060599680426e-20,2.2203968573166385e-20,-4.8834370285786125e-21,-2.5028173702474075e-20,-8.609888782956243e-21,1.8227957942504683e-34,2.7468283292364506e-36
face,225.0,20.0,19.0,3.0,3.1064602500000002e-21,0.0,-8.407500166126518,-1.3752981741238073,-2.470312677872129,0.0,-6.476199564148609,-1.3021077559696845,-2.2916649026077938,-1.3165631294078173,5.1740918081789244,4.184534661540815,7.03220199200271,-1.572026240663666,-8.048225804812276,-2.8741339966333506,1671.8492037966662,2.491187950890228e-06,0.0007182764302345699,2.492383585316984e-17,5.744395856964652e-14,8.881784197001252e-16,nan,nan,nan,0.0,-2.6117565067940424e-20,-4.2723091098131865e-21,-7.673928138880823e-21,0.0,-2.011805651709498e-20,-4.0449459851365256e-21,-7.118965926271233e-21,-4.089851028120991e-21,1.6073110531958455e-20,1.2999090590823748e-20,2.1845255958127237e-20,-4.8834370285786125e-21,-2.5001493545673596e-20,-8.928383013715138e-21,1.7844737389925377e-34,2.759090955706256e-36
face,226.0,20.0,19.0,3.0,3.1202667400000002e-21,0.0,-8.36802262948361,-1.4886983765292932,-2.651559718619062,0.0,-6.439003278297972,-1.4037885951305489,-2.447290901268146,-1.4203115004959659,5.035214683167423,3.9917123770298257,6.879324252954317,-1.5650703723421453,-8.004073650640118,-2.968858967472694,1475.9557493545735,2.4451373025949632e-06,0.0007081321188027194,2.781533283271447e-17,5.590211275183135e-14,8.881784197001252e-16,nan,nan,nan,0.0,-2.6110462690345052e-20,-4.6451360301763506e-21,-8.273573599130818e-21,0.0,-2.0091407768024127e-20,-4.380194863377178e-21,-7.63620040233162e-21,-4.431750735437056e-21,1.571121290464695e-20,1.2455207365692506e-20,2.1465326660168704e-20,-4.8834370285786125e-21,-2.497484479660274e-20,-9.263631891955789e-21,1.7442950311526925e-34,2.7713535821760617e-36
face,227.0,20.0,19.0,3.0,3.1340732300000002e-21,0.0,-8.328870240033808,-1.6078582999128879,-2.838825771805629,0.0,-6.402144790519926,-1.5098215076577821,-2.6064602792377647,-1.5286092243261,4.892323282862144,3.7956845112821602,6.7210119401209205,-1.5581757892040742,-7.960320579724,-3.067997296861856,1304.4469836467583,2.4001392455461512e-06,0.0006981759719434602,1.3174823015744096e-17,5.431569952543285e-14,8.881784197001252e-16,nan,nan,nan,0.0,-2.6103289255433635e-20,-5.039145655390293e-21,-8.897087856050112e-21,0.0,-2.006479060255246e-20,-4.731891169228495e-21,-8.168837386217403e-21,-4.7907732490914954e-21,1.5332899433323963e-20,1.1895953216335053e-20,2.106414360004334e-20,-4.8834370285786125e-21,-2.494822763113107e-20,-9.615328197807107e-21,1.702293798513828e-34,2.7836162086458673e-36
face,228.0,20.0,19.0,3.0,3.1478797200000003e-21,0.0,-8.290038782589438,-1.7326722747663565,-3.0315928540907615,0.0,-6.365619711206716,-1.6200117651670594,-2.768587761324316,-1.6412644994532142,4.745607946039657,3.5970319498823997,6.557366507823081,-1.55134168486546,-7.9169613960721765,-3.1713534500325196,1154.1177369809611,2.3561664128240984e-06,0.0006884040403680799,4.986319377292894e-17,5.268683207537325e-14,8.881784197001252e-16,nan,nan,nan,0.0,-2.6096044961726783e-20,-5.454243915143282e-21,-9.543089664689228e-21,0.0,-2.003820519413988e-20,-5.099602181730789e-21,-8.715181266913016e-21,-5.166503232984724e-21,1.4938603012409092e-20,1.1323023927226863e-20,2.06418010465835e-20,-4.8834370285786125e-21,-2.4921642222718494e-20,-9.983039210309402e-21,1.65851810201113e-34,2.795878835115673e-36
face,229.0,20.0,19.0,3.0,3.1616862100000003e-21,0.0,-8.251524117617501,-1.8629942903105898,-3.2292964239819577,0.0,-6.329423726663843,-1.734128416112,-2.933051521917642,-1.7580473120869387,4.595295310551843,3.3963722047462017,6.388529827306911,-1.5445672670276194,-7.8739909936914625,-3.2786956831396195,1022.2055159490955,2.3131921989223833e-06,0.000678812457948974,2.9457213406353545e-17,5.101802658726666e-14,8.881784197001252e-16,nan,nan,nan,0.0,-2.6088730014153674e-20,-5.890203356983729e-21,-1.021002197170607e-20,0.0,-2.0011651713839883e-20,-5.482769899590453e-21,-9.273388550066522e-21,-5.558393943152841e-21,1.452888181424943e-20,1.0738263163773364e-20,2.0198526657169943e-20,-4.8834370285786125e-21,-2.4895088742418497e-20,-1.0366206928169065e-20,1.6130299112237436e-34,2.8081414615854785e-36
face,230.0,20.0,19.0,3.0,3.1754927000000003e-21,0.0,-8.213322179544887,-1.9986385725582654,-3.4313289006428156,0.0,-6.293552597461013,-1.8519051697951898,-3.0991934846249602,-1.8786904188153386,4.441647427665823,3.194359112836052,6.214683606986622,-1.5378517571709776,-7.8314043546319905,-3.389756926966167,906.3265221082685,2.271190738731455e-06,0.0006693974404039705,1.3353123406145265e-17,4.931219241461697e-14,8.881784197001252e-16,nan,nan,nan,0.0,-2.608134462389288e-20,-6.3466621970971926e-21,-1.0896159875290288e-20,0.0,-1.998513033030349e-20,-5.880711347776886e-21,-9.841466286314124e-21,-5.965767710508051e-21,1.41044189825266e-20,1.014366404398936e-20,1.9734682426795688e-20,-4.8834370285786125e-21,-2.48685673588821e-20,-1.0764148376355497e-20,1.5659050703361158e-34,2.820404088055284e-36
face,231.0,20.0,19.0,3.0,3.1892991900000003e-21,0.0,-8.175428975108188,-2.139380274223452,-3.637040859445885,0.0,-6.258002156826085,-1.9730410696567935,-3.2663171637130786,-2.002890240218849,4.284961087169291,2.9916849931130067,6.036048700884736,-1.5311943902568175,-7.789196547082902,-3.5042354599136107,804.4213146658824,2.230136887004843e-06,0.0006601552839619268,1.938617995726508e-17,4.75726245859819e-14,8.881784197001252e-16,nan,nan,nan,0.0,-2.6073889008215078e-20,-6.823123775682834e-21,-1.1599611467027666e-20,0.0,-1.9958641209783688e-20,-6.292618285293146e-21,-1.041726268451322e-20,-6.387816220788882e-21,1.366602292449054e-20,9.541378525270469e-21,1.9250765232532242e-20,-4.8834370285786125e-21,-2.48420782383623e-20,-1.1176055313871757e-20,1.5172333305824617e-34,2.8326667145250897e-36
face,232.0,20.0,19.0,3.0,3.2031056800000003e-21,0.0,-8.137840581746644,-2.2849560338862247,-3.8457394720605644,0.0,-6.222768309080757,-2.0972007891190527,-3.4336834402985086,-2.1303074804533852,4.125567519961704,2.7890848687822487,5.85288454786042,-1.524594414436745,-7.747362723517502,-3.6217952035557976,714.7086056354673,2.1900061983068597e-06,0.0006510823640135933,1.6138252291088813e-17,4.580300050307189e-14,4.440892098500626e-16,nan,nan,nan,0.0,-2.6066363390327184e-20,-7.31895565069124e-21,-1.2318309946757397e-20,0.0,-1.993218451614057e-20,-6.717555759727721e-21,-1.0998450930942094e-20,-6.823599990786727e-21,1.3214628756412849e-20,8.933733585198477e-21,1.8747407739635943e-20,-4.8834370285786125e-21,-2.4815621544719182e-20,-1.1600992788306333e-20,1.4671185107243244e-34,1.4224646704974477e-36
face,233.0,20.0,19.0,3.0,3.2169121700000003e-21,0.0,-8.100553146036962,-2.4350641816998717,-4.056684198446728,0.0,-6.187847028116731,-2.224014474104809,-3.600505237045498,-2.260567356079568,3.9638325540119217,2.587341791071232,5.66548896433709,-1.5180510907696345,-7.705898118886365,-3.7420655648744434,635.6459216396095,2.1507749074395635e-06,0.0006421751337513969,4.2670266359853676e-17,4.4007381672227756e-14,8.881784197001252e-16,nan,nan,nan,0.0,-2.6058767999218093e-20,-7.83338760084141e-21,-1.3049996767829977e-20,0.0,-1.9905760410847044e-20,-7.154459228003912e-21,-1.1582509115200398e-20,-7.272046638877087e-21,1.2751301182843134e-20,8.323251295646645e-21,1.8225380398376682e-20,-4.8834370285786125e-21,-2.4789197439425658e-20,-1.2037896256582523e-20,1.4156788167122443e-34,2.857191967464701e-36
face,234.0,20.0,19.0,3.0,3.2307186600000003e-21,0.0,-8.063562882168863,-2.5893644296191836,-4.269080262240072,0.0,-6.153234355911091,-2.3530771819150025,-3.7659425617489264,-2.393259420139811,3.8001571739960887,2.387291794162164,5.47419845254968,-1.5115636929458327,-7.664798048856924,-3.864640874860835,565.896070913112,2.112419910345835e-06,0.0006334301228015033,1.4555338567752137e-17,4.219021991764925e-14,8.881784197001252e-16,nan,nan,nan,0.0,-2.6051103069506332e-20,-8.365507980310953e-21,-1.3792197264256696e-20,0.0,-1.9879369052995044e-20,-7.602130360033014e-21,-1.216670090673046e-20,-7.731947866866467e-21,1.2277238692962032e-20,7.712668146264583e-21,1.7685595089195376e-20,-4.8834370285786125e-21,-2.4762806081573658e-20,-1.2485567388611626e-20,1.363047307574531e-34,2.8694545939345065e-36
face,235.0,20.0,19.0,3.0,3.2445251500000003e-21,0.0,-8.026866070459985,-2.7474769824092284,-4.4820709625660005,0.0,-6.11892640107978,-2.4839481084819783,-3.9290997006122996,-2.527937092102634,3.634978292597802,2.1898267004674787,5.279389088050756,-1.5051315070184035,-7.624057908098184,-3.9890796155003816,504.29852428420264,2.07491874548459e-06,0.0006248439358512238,2.208443800410409e-18,4.035636594454718e-14,1.7763568394002505e-15,nan,nan,nan,0.0,-2.6043368841289096e-20,-8.91425816847285e-21,-1.4542191962130098e-20,0.0,-1.9853010599302336e-20,-8.059232109264708e-21,-1.2748062795494079e-20,-8.201955472944863e-21,1.1793778490037628e-20,7.104947803808252e-21,1.7129110672816244e-20,-4.8834370285786125e-21,-2.473644762788095e-20,-1.2942669137843319e-20,1.3093724426968685e-34,5.763434440808624e-36
face,236.0,20.0,19.0,3.0,3.2583316400000004e-21,0.0,-7.99045905590919,-2.9089811301725943,-4.694730288604134,0.0,-6.084919337468004,-2.6161499290129395,-4.089026341258011,-2.6641171311071985,3.4687694084550644,1.9958929962099914,5.081477925736595,-1.498753831141207,-7.583673168609211,-4.114903760154147,449.84496087908883,2.038249575673318e-06,0.0006164132512745559,1.5090653687879233e-17,3.851107664382196e-14,1.7763568394002505e-15,nan,nan,nan,0.0,-2.6035565559993445e-20,-9.478425256604324e-21,-1.5296988240625184e-20,0.0,-1.9826685204119837e-20,-8.524284088686616e-21,-1.3323403904514416e-20,-8.680577140952614e-21,1.1302401115433221e-20,6.503281299605416e-21,1.6557140303389122e-20,-4.8834370285786125e-21,-2.471012223269845e-20,-1.340772111726523e-20,1.2548185951903013e-34,5.7879596937482353e-36
face,237.0,20.0,19.0,3.0,3.2721381300000004e-21,0.0,-7.954338246786902,-3.073413515217045,-4.906057508702567,0.0,-6.051209402776469,-2.7491686714527406,-4.244724037691732,-2.8012793955444444,3.3020407313237286,1.8064853650847361,4.880924731569857,-1.492429975313607,-7.543639378090076,-4.241598646766348,401.65834785079727,2.0023911703925744e-06,0.0006081348197584097,1.1007767438260574e-17,3.666001648165694e-14,1.3322676295501878e-15,nan,nan,nan,0.0,-2.6027693476228775e-20,-1.0056633552399029e-20,-1.6053297842198477e-20,0.0,-1.9800393019439415e-20,-8.995659635661956e-21,-1.3889323375058677e-20,-9.166173122944329e-21,1.0804733383777459e-20,5.911069644380737e-21,1.5971059923829746e-20,-4.8834370285786125e-21,-2.468383004801803e-20,-1.387909666424057e-20,1.1995663777605813e-34,4.3593637100158846e-36
face,238.0,20.0,19.0,3.0,3.2859446200000004e-21,0.0,-7.918500113261715,-3.2402663831901135,-5.114975340588974,0.0,-6.017792897222413,-2.882454573204729,-4.395158734366663,-2.9388672944587517,3.1353383240176838,1.62263416285575,4.678233730071602,-1.486159261131617,-7.50395215835403,-4.368613834336346,358.97502256602155,1.967322888546411e-06,0.000600005462931836,3.6830562007637097e-17,3.480924797314082e-14,0.0,nan,nan,nan,0.0,-2.6019752845641728e-20,-1.0647335889210413e-20,-1.680752570184101e-20,0.0,-1.97741341949022e-20,-9.471586097216476e-21,-1.4442248197238147e-20,-9.656955175120691e-21,1.0302548097685727e-20,5.331885997664056e-21,1.5372416956431314e-20,-4.8834370285786125e-21,-2.4657571223480818e-20,-1.435502312579509e-20,1.14381261103588e-34,0.0
face,239.0,20.0,19.0,3.0,3.2997511100000004e-21,0.0,-7.882941186061801,-3.4089862091687095,-5.320332973889882,0.0,-5.984666182234382,-3.015424327151017,-4.539279192050808,-3.076289340943051,2.9692418550833652,1.445386990183574,4.473954976893092,-1.4799410215452922,-7.464607203779674,-4.495365348696309,321.129328681505,1.933024661672246e-06,0.0005920220720003522,4.892215108048563e-17,3.296520673194264e-14,4.440892098500626e-16,nan,nan,nan,0.0,-2.6011743928772148e-20,-1.1248806027679143e-20,-1.755577463616274e-20,0.0,-1.9747908877807366e-20,-9.950149770637572e-21,-1.497849155256956e-20,-1.0150989167458002e-20,9.797759107169795e-21,4.769417325237808e-21,1.4762937901093005e-20,-4.8834370285786125e-21,-2.463134590638598e-20,-1.4833586799216183e-20,1.0877697750510722e-34,1.4653838631417672e-36
face,240.0,20.0,19.0,3.0,3.3135576e-21,0.0,-7.847658055170575,-3.5789731195695706,-5.520914686642151,0.0,-5.951825679179778,-3.1474650101473274,-4.676040332757074,-3.21292216207314,2.8043606690324503,1.2757853464227038,4.268684935601004,-1.473774600622187,-7.425600279801965,-4.621239610769514,287.5404271182187,1.899476977593303e-06,0.0005841816063872837,3.9121145922750685e-17,3.113465784113034e-14,4.440892098500626e-16,nan,nan,nan,0.0,-2.6003666990911678e-20,-1.185913358054546e-20,-1.8293868818874715e-20,0.0,-1.9721717213121313e-20,-1.0429306605107753e-20,-1.549432898251373e-20,-1.0646202648345885e-20,9.29241060801356e-21,4.227388230607583e-21,1.4144533410366217e-20,-4.8834370285786125e-21,-2.4605154241699927e-20,-1.5312743633686364e-20,1.0316648211287703e-34,1.4715151763766699e-36
face,241.0,20.0,19.0,3.0,3.32736409e-21,0.0,-7.812647368555167,-3.7495815079454053,-5.71545421185168,0.0,-5.919267868124213,-3.2779398322682374,-4.804429982474063,-3.3481152151527436,2.6413280358559756,1.1148378856501506,4.063065860609761,-1.4676593533167008,-7.386927221440914,-4.745599185584938,257.70096134014153,1.8666608645062635e-06,0.0005764810923838229,3.066808961204161e-17,2.932463200995245e-14,4.440892098500626e-16,nan,nan,nan,0.0,-2.5995522301963457e-20,-1.2476222862065592e-20,-1.901739710255453e-20,0.0,-1.9695559343487362e-20,-1.0906899287069956e-20,-1.5986087796603527e-20,-1.1140398336081863e-20,8.788660056417406e-21,3.7094715468838376e-21,1.3519299439897864e-20,-4.8834370285786125e-21,-2.4578996372065973e-20,-1.579033631564857e-20,9.757372750238032e-35,1.4776464896115727e-36
face,242.0,20.0,19.0,3.0,3.34117058e-21,0.0,-7.777905830927175,-3.9201221779634423,-5.902654528876189,0.0,-5.886989286621755,-3.406195687201863,-4.9234973921417104,-3.4811973285669726,2.4807935994198917,0.9634918944800435,3.8577836529637324,-1.461594645245144,-7.348583931866899,-4.867790332447007,231.16730542129804,1.8345578754965897e-06,0.0005689176218093658,2.1051831381175654e-17,2.7542341734186814e-14,6.661338147750939e-16,nan,nan,nan,0.0,-2.5987310136304332e-20,-1.3097796891016978e-20,-1.9721775655784885e-20,0.0,-1.9669435409235795e-20,-1.1380680819801747e-20,-1.6450244637330608e-20,-1.1631274097382563e-20,8.288754589434047e-21,3.2191907719051855e-21,1.2889513245287352e-20,-4.8834370285786125e-21,-2.455287243781441e-20,-1.626411784838036e-20,9.202366190657117e-35,2.2256667042697133e-36
face,243.0,20.0,19.0,3.0,3.35497707e-21,0.0,-7.743430202534427,-4.089866261408362,-6.081212502546123,0.0,-5.854986528535153,-3.5315723617646153,-5.032382252039523,-3.611485054497927,2.3234141667705375,0.8226042764956291,3.6535639411260643,-1.4555798524663575,-7.31056638100151,-4.9871522142309725,207.55116467786746,1.8031500734736297e-06,0.0005614883506835106,3.2136347793357934e-17,2.579507903688924e-14,9.992007221626409e-16,nan,nan,nan,0.0,-2.5979030772648458e-20,-1.3721407526391682e-20,-2.040232850383956e-20,0.0,-1.964334554839434e-20,-1.184834429476603e-20,-1.688352706306756e-20,-1.2116449546488246e-20,7.795001253628309e-21,2.7598184853267755e-21,1.2257623246256775e-20,-4.8834370285786125e-21,-2.452678257697295e-20,-1.673178132334464e-20,8.654189868760109e-35,3.352295511183101e-36
face,244.0,20.0,19.0,3.0,3.36878356e-21,0.0,-7.709217297983065,-4.258051077266124,-6.249847804776254,0.0,-5.8232562428852,-3.6534131987616316,-5.130343499189981,-3.7382927133058748,2.169843044123568,0.6929127436952195,3.4511662207169405,-1.4496143612677248,-7.272870604152924,-5.103027560029356,186.5123334281847,1.772420016517457e-06,0.0005541904979109645,4.712881109392708e-17,2.409009707408725e-14,5.551115123125783e-16,nan,nan,nan,0.0,-2.597068449391297e-20,-1.434445246673441e-20,-2.1054384537232332e-20,0.0,-1.9617289896699028e-20,-1.2307558321875197e-20,-1.728301683722408e-20,-1.2593499035052624e-20,7.309731574823831e-21,2.3342730594749492e-21,1.1626232027178561e-20,-4.8834370285786125e-21,-2.450072692527764e-20,-1.719099535045381e-20,8.115432298198923e-35,1.8700505366453515e-36
face,245.0,20.0,19.0,3.0,3.38259005e-21,0.0,-7.675263985089135,-4.423888037275474,-6.407335743177386,0.0,-5.791795132728363,-3.771077000035423,-5.216787747788807,-3.8609439362668683,2.02071813269294,0.5750073849395563,3.251375947813661,-1.4436975679564281,-7.235492700684791,-5.214774567991851,167.75244378244597,1.742350743629214e-06,0.0005470213439804683,1.6210484652758462e-17,2.2434477971932544e-14,2.220446049250313e-16,nan,nan,nan,0.0,-2.5962271587085857e-20,-1.4964199657202048e-20,-2.167339013188118e-20,0.0,-1.959126858760539e-20,-1.2756007538103671e-20,-1.764625432863233e-20,-1.3059990542424143e-20,6.83526104950172e-21,1.945014258973063e-21,1.0998071929883808e-20,-4.8834370285786125e-21,-2.4474705616184004e-20,-1.7639444566682284e-20,7.58866419648032e-35,7.510858712755919e-37
face,246.0,20.0,19.0,3.0,3.39639654e-21,0.0,-7.6415671837585295,-4.58657266626223,-6.552543799138952,0.0,-5.760599954061923,-3.88395097650382,-5.291297326419058,-3.9787844687560354,1.8766489775581028,0.46930262764286385,3.0549945174963,-1.4378288786557922,-7.198428832717715,-5.321779855159612,151.00956413807552,1.7129257608765755e-06,0.0005399782296787183,4.7943996345818716e-17,2.0834989040242643e-14,8.326672684688674e-16,nan,nan,nan,0.0,-2.5953792343095013e-20,-1.5577819534151613e-20,-2.2255037087593994e-20,0.0,-1.9565281752300075e-20,-1.3191437658127197e-20,-1.797134393156094e-20,-1.3513529803088738e-20,6.373844094172878e-21,1.5939378207391311e-21,1.0375972808943402e-20,-4.8834370285786125e-21,-2.4448718780878686e-20,-1.8074874686705806e-20,7.076388468721804e-35,2.8280682295989124e-36
face,247.0,20.0,19.0,3.0,3.4102030300000005e-21,0.0,-7.6081238648949565,-4.745296775824849,-6.684471612846263,0.0,-5.729667514755776,-3.9914645513541087,-5.353657454138629,-4.091195958714691,1.7382029634016671,0.3760100606171476,2.862827089070107,-1.4320077091065782,-7.161675223862354,-5.423472260460687,136.0535270005125,1.684129027925906e-06,0.000533058554820157,5.162959078759098e-17,1.9297929514402092e-14,7.771561172376096e-16,nan,nan,nan,0.0,-2.5945247056680096e-20,-1.6182425443167135e-20,-2.2795405348077316e-20,0.0,-1.953932951971272e-20,-1.3611704507165374e-20,-1.8257058871685642e-20,-1.3951808854732594e-20,5.9276250125473456e-21,1.2822706480270805e-21,9.76282161351296e-21,-4.8834370285786125e-21,-2.4422766548291333e-20,-1.8495141535743988e-20,6.580985770274045e-35,2.6502601457867318e-36
face,248.0,20.0,19.0,3.0,3.42400952e-21,0.0,-7.574931049334676,-4.899262776601928,-6.802293663754943,0.0,-5.698994673510202,-4.093103750650879,-5.403881005069423,-4.197610396781805,1.6058909228593223,0.2951136684407782,2.6756682727327483,-1.4262334844730842,-7.125228157983287,-5.519337235123963,122.6818834752502,1.6559449449525575e-06,0.00052625977699339,2.5123083591251146e-17,1.782897077594961e-14,7.216449660063518e-16,nan,nan,nan,0.0,-2.5936636026265522e-20,-1.6775122388066634e-20,-2.3291118262532606e-20,0.0,-1.9513412016528223e-20,-1.401482620857632e-20,-1.8502940006304875e-20,-1.4372657959831877e-20,5.498585807951906e-21,1.010472010223348e-21,9.161513638198887e-21,-4.8834370285786125e-21,-2.439684904510684e-20,-1.889826323715493e-20,6.104656566865326e-35,2.470919233665825e-36
face,249.0,20.0,19.0,3.0,3.4378160100000005e-21,0.0,-7.5419858068075625,-5.0477000023475895,-6.905402938071015,0.0,-5.668578338838812,-4.188425740450329,-5.442227855797796,-4.297524770588917,1.4801525983884836,0.22635048304101724,2.494285804459973,-1.420505639153915,-7.089083977992727,-5.608931379604244,110.71639679665235,1.6283583399207908e-06,0.0005195794103248981,2.8242123138643945e-17,1.6432994946896468e-14,1.1102230246251565e-15,nan,nan,nan,0.0,-2.592795955383581e-20,-1.7353063881747583e-20,-2.3739504776001578e-20,0.0,-1.9487529367199276e-20,-1.439903706721625e-20,-1.8709378052729637e-20,-1.4774099459702158e-20,5.08849229998303e-21,7.781513144696426e-22,8.574895672088226e-21,-4.8834370285786125e-21,-2.437096639577789e-20,-1.928247409579486e-20,5.649361312068979e-35,3.816742488726988e-36
face,250.0,20.0,19.0,3.0,3.4516225e-21,0.0,-7.50928525492369,-5.189882723977579,-6.993452590621777,0.0,-5.638415468076016,-4.277072798884273,-5.469214502165501,-4.390515339207629,1.3613426691917434,0.16920096591051417,2.3194025309461113,-1.4148236165972994,-7.053239084673316,-5.6918964154815725,100.00000000000016,1.6013544562247125e-06,0.0005130150242606042,1.4178169017935275e-17,1.5113939757413412e-14,9.71445146547012e-16,nan,nan,nan,0.0,-2.5919217944812848e-20,-1.7913515982442303e-20,-2.4138758314473415e-20,0.0,-1.946168169395921e-20,-1.4762840706766932e-20,-1.8877663833000744e-20,-1.5154401531404184e-20,4.6988409871922786e-21,5.840178609584637e-22,8.005701962370544e-21,-4.8834370285786125e-21,-2.4345118722537825e-20,-1.9646277735345546e-20,5.216761453033268e-35,3.353061925337464e-36
face,251.0,20.0,19.0,3.0,3.4654289900000005e-21,0.0,-7.476826558184616,-5.32514925297998,-7.066391310572963,0.0,-5.608503066408265,-4.358784702139345,-5.485609089652605,-4.47625074280864,1.2497183642689205,0.1228939767556606,2.151677305204636,-1.409186869120816,-7.017689935529082,-5.767971571260161,90.39415366299446,1.5749189406817311e-06,0.0005065642423658022,6.09365292688997e-17,1.3874661023082441e-14,1.1102230246251565e-16,nan,nan,nan,0.0,-2.5910411507934895e-20,-1.8453926597353668e-20,-2.4488077302343645e-20,0.0,-1.94358691168351e-20,-1.5105058867962202e-20,-1.9009988767089647e-20,-1.5512129090638098e-20,4.330810248872898e-21,4.258803497454524e-22,7.456484910581225e-21,-4.8834370285786125e-21,-2.4319306145413715e-20,-1.9988495896540816e-20,4.8081652535812956e-35,3.847399054901502e-37
face,252.0,20.0,19.0,3.0,3.47923548e-21,0.0,-7.444606927018758,-5.452921202159064,-7.124487203638729,0.0,-5.578838185928485,-4.433408250697706,-5.4924077190142,-4.554502982477311,1.1454299352307789,0.08643046691428521,1.9916857248596944,-1.403594857735416,-6.982433043663901,-5.837003108433122,81.77654884145369,1.5490378318699685e-06,0.0005002247411438418,4.813542730296549e-17,1.2716826871881126e-14,1.1102230246251565e-15,nan,nan,nan,0.0,-2.5901540555137434e-20,-1.8971996916196068e-20,-2.4787768655705852e-20,0.0,-1.9410091753661224e-20,-1.5424871283152195e-20,-1.9109379806620077e-20,-1.584618837040088e-20,3.985220470509028e-21,3.0071194704114726e-22,6.929543638941367e-21,-4.8834370285786125e-21,-2.4293528782239835e-20,-2.0308308311730806e-20,4.424483524566623e-35,3.862727337988758e-36
face,253.0,20.0,19.0,3.0,3.4930419700000006e-21,0.0,-7.412623616840321,-5.572721648440378,-7.168334913867437,0.0,-5.549417924712945,-4.500902577232447,-5.490790081368913,-4.625155199888344,1.0485153474804982,0.05862784334403257,1.8399019683999427,-1.398047051973616,-6.947464976686561,-5.898949629206062,74.03910815253931,1.5236975488011728e-06,0.0004939942488739163,3.6991100072876484e-17,1.1640858804456957e-14,2.220446049250313e-15,nan,nan,nan,0.0,-2.5892605401436444e-20,-1.946575060512983e-20,-2.5039294709155294e-20,0.0,-1.9384349720092623e-20,-1.5721841605154105e-20,-1.917956020268133e-20,-1.6155861230973725e-20,3.6625081149385146e-21,2.0478951741129095e-22,6.4268547963066145e-21,-4.8834370285786125e-21,-2.4267786748671234e-20,-2.0605278633732716e-20,4.066200837081218e-35,7.756111242152032e-36
face,254.0,20.0,19.0,3.0,3.50684846e-21,0.0,-7.380873927130834,-5.6841907076248095,-7.198841704850611,0.0,-5.520239425920065,-4.561339055289466,-5.482055982453161,-4.688205222886244,0.9589003706305987,0.03818344346690287,1.6966832195060242,-1.3925429297217513,-6.912782355641816,-5.953881985011217,67.08624462877196,1.4988848799207609e-06,0.0004878705444682346,3.072061172050768e-17,1.0645932697956869e-14,2.3314683517128287e-15,nan,nan,nan,0.0,-2.588360636481292e-20,-1.9933595429380375e-20,-2.524524694643914e-20,0.0,-1.9358643129619064e-20,-1.5995924841579718e-20,-1.9224739579699656e-20,-1.6440825266042582e-20,3.3627182880393446e-21,1.3390354991940539e-22,5.950010935432543e-21,-4.8834370285786125e-21,-2.4242080158197678e-20,-2.087936187015833e-20,3.733367268709369e-35,8.176106198742872e-36
face,255.0,20.0,19.0,3.0,3.5206549500000006e-21,0.0,-7.349355200542933,-5.787096965830234,-7.2171903576527985,0.0,-5.491299876910442,-4.6148951142978305,-5.467548499150884,-4.743764068542065,0.8764047626126109,0.023751377759556245,1.562258234712699,-1.3870819770561758,-6.8783818539666175,-6.001977091354006,60.83334365479985,1.474586972426643e-06,0.0004818514563487896,6.618657791012767e-17,9.730047463436651e-15,1.4675760606763788e-15,nan,nan,nan,0.0,-2.5874543766099723e-20,-2.0374371578880197e-20,-2.54092369577626e-20,0.0,-1.9332972093579142e-20,-1.6247453327883474e-20,-1.9249351687900635e-20,-1.6701156449544764e-20,3.085518765695664e-21,8.362040567850161e-23,5.500172187219526e-21,-4.8834370285786125e-21,-2.4216409122157753e-20,-2.1130890356462088e-20,3.42561397658832e-35,5.1668289225217945e-36
face,256.0,20.0,19.0,3.0,3.53446144e-21,0.0,-7.318064822025697,-5.881343378047377,-7.224779796283873,0.0,-5.462596508387599,-4.661842024400232,-5.448573237311393,-4.792049017710685,0.8007544839873668,0.014023271076206146,1.4367214439783202,-1.3816636880833002,-6.844260196470899,-6.043505712483532,55.2054381559135,1.4507913218986208e-06,0.0004759348613438821,3.203144777420977e-17,8.890160651946109e-15,6.661338147750939e-16,nan,nan,nan,0.0,-2.586541792887029e-20,-2.0787381385107796e-20,-2.553570560245641e-20,0.0,-1.9307336721174607e-20,-1.647710087461416e-20,-1.925777201029309e-20,-1.6937312471688295e-20,2.8302358465604458e-21,4.9564710881517925e-23,5.078036543762493e-21,-4.8834370285786125e-21,-2.4190773749753218e-20,-2.1360537903192774e-20,3.1421930019708783e-35,2.354424282202672e-36
face,257.0,20.0,19.0,3.0,3.54826793e-21,0.0,-7.287000217970905,-5.966966661786525,-7.223147822126783,0.0,-5.434126593558827,-4.702527603055795,-5.426325021884679,-4.833371449656397,0.731598990503032,0.007801571674148174,1.32003355618438,-1.3762875647833654,-6.810414158342192,-6.078815167839161,50.13605135843289,1.4274857622302419e-06,0.00047011868360452173,2.6920550849564847e-17,8.122380440489875e-15,4.2934406030425976e-16,nan,nan,nan,0.0,-2.5856229179329172e-20,-2.1172396445396284e-20,-2.5629663770901805e-20,0.0,-1.928173711948493e-20,-1.6685827883862648e-20,-1.9254055052909955e-20,-1.7150096908593404e-20,2.595909235622283e-21,2.768206657497638e-23,4.683832733932888e-21,-4.8834370285786125e-21,-2.4165174148063542e-20,-2.1569264912441262e-20,2.8820382032249496e-35,1.523427760113591e-36
face,258.0,20.0,19.0,3.0,3.56207442e-21,0.0,-7.256158855379608,-6.044129850685959,-7.213883526453176,0.0,-5.405887447315618,-4.7373555879072295,-5.401832285017857,-4.868120256488567,0.6685318594083888,0.004055162297760163,1.2120290046936493,-1.3709531168578484,-6.776840564173467,-6.1083087047650775,45.56618499368749,1.4046584558551029e-06,0.00046440089354076114,5.478609893849595e-17,7.422194630106612e-15,9.870576578308032e-16,nan,nan,nan,0.0,-2.5846977846204183e-20,-2.1529640332286874e-20,-2.5696389978438256e-20,0.0,-1.9256173393482062e-20,-1.6874813158128406e-20,-1.924172860359226e-20,-1.7340606639121764e-20,2.381360235353658e-21,1.44447898897999e-23,4.317337513917308e-21,-4.8834370285786125e-21,-2.4139610422060676e-20,-2.1758250186707017e-20,2.6438409632164126e-35,3.515972834024217e-36
face,259.0,20.0,19.0,3.0,3.57588091e-21,0.0,-7.225538241048718,-6.113108440914035,-7.198539097489518,0.0,-5.377876425433123,-4.766763881718872,-5.375925480241077,-4.896742218333995,0.6111125437142505,0.001950945192046119,1.1124298001346835,-1.365659861580405,-6.743536287013528,-6.132423743299277,41.443433858947564,1.38229788425973e-06,0.0004587795067780007,3.45750917954785e-17,6.784712166688084e-15,7.771561172376096e-16,nan,nan,nan,0.0,-2.5837664260641088e-20,-2.185974777462436e-20,-2.5741118538601396e-20,0.0,-1.9230645646045342e-20,-1.7045379967116012e-20,-1.9223669298376648e-20,-1.7510167019731585e-20,2.1852656789293287e-21,6.976347668694e-24,3.97791648601673e-21,-4.8834370285786125e-21,-2.4114082674623955e-20,-2.1928816995694626e-20,2.4261322716704654e-35,2.77901772371969e-36
face,260.0,20.0,19.0,3.0,3.5896874e-21,0.0,-7.195135920776746,-6.174271330479121,-7.178551226437165,0.0,-5.350090923788124,-4.791203873063681,-5.349230511954191,-4.919721087044969,0.5588870507244429,0.0008604118339322428,1.0208645902976254,-1.3604073236512495,-6.710498247439373,-6.1516111967149305,37.72121025624578,1.3603928387752672e-06,0.0004532525831332399,5.1234833052117685e-17,6.204892718791242e-15,5.551115123125783e-16,nan,nan,nan,0.0,-2.5828288756099686e-20,-2.2163703999202136e-20,-2.576875488779604e-20,0.0,-1.920515397797659e-20,-1.7198924173967897e-20,-1.920206536845751e-20,-1.7660260797679628e-20,2.0062298040086937e-21,3.0886095190774647e-24,3.664584756897549e-21,-4.8834370285786125e-21,-2.4088591006555202e-20,-2.2082361202546508e-20,2.2273625210996665e-35,1.9926768013434074e-36
face,261.0,20.0,19.0,3.0,3.60349389e-21,0.0,-7.164949478588291,-6.228058369700401,-7.155180868948566,0.0,-5.322528377595064,-4.811122617962567,-5.32218361148363,-4.937557214016655,0.511405759632497,0.0003447661114324702,0.93689110888789,-1.3551950350548847,-6.677723412649948,-6.166317653017451,34.35806406770013,1.3389324116403761e-06,0.00044781822561123857,1.5826348171220203e-17,5.677744492699167e-15,1.4992889742215798e-15,nan,nan,nan,0.0,-2.5818851668251593e-20,-2.2442770281778756e-20,-2.5783650543101048e-20,0.0,-1.9179698488015424e-20,-1.733685095786891e-20,-1.9178456125439393e-20,-1.7792457252234437e-20,1.8428475301465116e-21,1.2423625760259656e-24,3.376081386472836e-21,-4.8834370285786125e-21,-2.4063135516594035e-20,-2.2220287986447525e-20,2.0459717588422598e-35,5.40267865795183e-36
face,262.0,20.0,19.0,3.0,3.61730038e-21,0.0,-7.134976535976919,-6.27495668174015,-7.129476942380724,0.0,-5.295186260659567,-4.826949029075447,-5.295061746183887,-4.950749348692899,0.46823723158412056,0.00012451447567955303,0.8600198542367687,-1.3500225349210873,-6.645208795580654,-6.176971563996534,31.317086148064412,1.3179059873278584e-06,0.00044247457942050565,1.1006021148006914e-17,5.1984775549143215e-15,7.399137726127325e-16,nan,nan,nan,0.0,-2.5809353334880393e-20,-2.2698403189342186e-20,-2.5789459652875033e-20,0.0,-1.9154279272854633e-20,-1.7460524557115246e-20,-1.9153828866594438e-20,-1.7908347500311576e-20,1.6937547157393875e-21,4.50406260191148e-25,3.1109501455382083e-21,-4.8834370285786125e-21,-2.4037716301433244e-20,-2.234396158569386e-20,1.8804454834813047e-35,2.676490370839271e-36
face,263.0,20.0,19.0,3.0,3.63110687e-21,0.0,-7.105214751165718,-6.3154779036628375,-7.102265331161018,0.0,-5.268062084649071,-4.839084561484515,-5.268021940800409,-4.959779784372149,0.4289775231645566,4.014384866070857e-05,0.7897368475028808,-1.344889369389068,-6.612951454038139,-6.183973930873583,28.5653843679249,1.2973032341276683e-06,0.0004372198310090094,3.7440270270564436e-17,4.7626072326396225e-15,1.424485800583658e-15,nan,nan,nan,0.0,-2.5799794095783178e-20,-2.2932175203323327e-20,-2.5789084436541596e-20,0.0,-1.9128896427155765e-20,-1.757123319571736e-20,-1.91287506605511e-20,-1.8009490448720828e-20,1.5576632314384056e-21,1.4576660466013918e-25,2.8676188924598525e-21,-4.8834370285786125e-21,-2.4012333455734376e-20,-2.245467022429597e-20,1.729353584154942e-35,5.172460176716771e-36
face,264.0,20.0,19.0,3.0,3.64491336e-21,0.0,-7.075661818385237,-6.350138150112739,-7.074160348566988,0.0,-5.241153398380042,-4.84789826182442,-5.241142035594923,-4.965103448307512,0.39325513655562216,1.1362785117911738e-05,0.7255236682724977,-1.3397950914747154,-6.580948489854757,-6.187693353299135,26.073623063332533,1.2771140959791415e-06,0.0004320522071194836,3.791497188976801e-17,4.3660090715616175e-15,2.401812743916404e-16,nan,nan,nan,0.0,-2.5790174292674246e-20,-2.314570338119161e-20,-2.5784701565274074e-20,0.0,-1.9103550043564817e-20,-1.7670169142444608e-20,-1.9103508627197534e-20,-1.809737189251812e-20,1.4333809011202118e-21,4.1416367283085674e-26,2.6444709114826353e-21,-4.8834370285786125e-21,-2.398698707214343e-20,-2.255360617102322e-20,1.5913724794816137e-35,8.75439935851916e-37
face,265.0,20.0,19.0,3.0,3.65871985e-21,0.0,-7.046315467168215,-6.379441903696627,-7.045592588247401,0.0,-5.214457787121376,-4.85372543852263,-5.214455040887707,-4.96714095522716,0.3607323485987469,2.746233669641443e-06,0.6668735634715883,-1.3347392609408486,-6.549197048062225,-6.188464699463478,23.815617873008417,1.2573287845453793e-06,0.00042696997386416517,3.228111937948427e-17,4.004933591414372e-15,1.6220088016856773e-16,nan,nan,nan,0.0,-2.578049426909037e-20,-2.3340590724976637e-20,-2.5777849457633643e-20,0.0,-1.9078240212728055e-20,-1.7758421608372698e-20,-1.9078230165028414e-20,-1.817337721063757e-20,1.3198186043553551e-21,1.004769963985549e-26,2.439903544113735e-21,-4.8834370285786125e-21,-2.3961677241306666e-20,-2.2641858636951312e-20,1.4652930028839552e-35,5.9344757996021014e-37
face,266.0,20.0,19.0,3.0,3.67252634e-21,0.0,-7.017173461660652,-6.403870334041553,-7.016845588044496,0.0,-5.187972871913552,-4.856868777755468,-5.187972323053944,-4.966275179791834,0.33110409415808406,5.488596081430473e-07,0.6133031276190986,-1.3297214441703942,-6.517694316083946,-6.186590221925862,21.767979000835354,1.2379377715229462e-06,0.0004219714358188053,1.772703570689679e-17,3.675993888819607e-15,9.71445146547012e-16,nan,nan,nan,0.0,-2.5770754370297726e-20,-2.3518382479712203e-20,-2.5769550245806202e-20,0.0,-1.9052967023307967e-20,-1.7836978516230565e-20,-1.90529650076066e-20,-1.823877640947375e-20,1.215988507077404e-21,2.01570136786742e-27,2.252371890585521e-21,-4.8834370285786125e-21,-2.393640405188658e-20,-2.272041554480918e-20,1.350018438236904e-35,3.567657888559062e-36
face,267.0,20.0,19.0,3.0,3.68633283e-21,0.0,-6.9882335999490515,-6.423873897692505,-6.988094063190631,0.0,-5.16169630890309,-4.857600718180459,-5.161696219372111,-4.962850619627634,0.3040955907226306,8.95309794108423e-08,0.5643597022565467,-1.3247412140424153,-6.486437522945505,-6.182341932222874,19.90979685328245,1.218931781180093e-06,0.0004170549351357412,3.80380834059153e-17,3.376253366105919e-15,3.3590573831026975e-16,nan,nan,nan,0.0,-2.5760954943201275e-20,-2.368053724484394e-20,-2.5760440564267716e-20,0.0,-1.9027730561999282e-20,-1.7906733002460202e-20,-1.9027730231958294e-20,-1.829471916951919e-20,1.1209975595390766e-21,3.3004098870424207e-28,2.0804176983573334e-21,-4.8834370285786125e-21,-2.3911167590577893e-20,-2.2790170031038816e-20,1.244599362587426e-35,1.2382603509185361e-36
face,268.0,20.0,19.0,3.0,3.7001393200000004e-21,0.0,-6.959493713402935,-6.439868594727991,-6.959438227143448,0.0,-5.135625788691956,-4.8561662437964115,-5.13562577653482,-4.957174725939394,0.2794595448955448,1.2157136172016944e-08,0.5196251186749441,-1.3197981498109137,-6.45542393850287,-6.175964393607325,18.222364789196565,1.2003017831169826e-06,0.0004122188506758385,3.7747398499268225e-17,3.1029545041424116e-15,4.587024340143306e-16,nan,nan,nan,0.0,-2.5751096336255015e-20,-2.3828411002986185e-20,-2.5750891029364564e-20,0.0,-1.900253091354512e-20,-1.796849166312781e-20,-1.900253086856202e-20,-1.8342237119558577e-20,1.0340392504173108e-21,4.4983097568674185e-29,1.922685333268827e-21,-4.883437028578613e-21,-2.3885967942123732e-20,-2.2851928691706424e-20,1.1481363968948442e-35,1.6972629122761303e-36
face,269.0,20.0,19.0,3.0,3.71394581e-21,0.0,-6.930951666032674,-6.452235011083958,-6.9309311406320155,0.0,-5.1097590357015035,-4.852785654173078,-5.109759034286688,-4.9495204369715395,0.25697338152842497,1.4148156010617332e-09,0.47871665494871607,-1.3148918369863378,-6.424650872687842,-6.1676774911594165,16.68893440058533,1.1820389852414607e-06,0.00040746159715907004,1.756827604507297e-17,2.85398977356379e-15,1.6930901125533637e-15,nan,nan,nan,0.0,-2.5741178899374568e-20,-2.396325118455057e-20,-2.5741102669148794e-20,0.0,-1.897736816075324e-20,-1.8022982947144214e-20,-1.897736815549869e-20,-1.8382250688399818e-20,9.543852136090253e-22,5.2545484734858556e-30,1.7779277148239996e-21,-4.8834370285786125e-21,-2.3860805189331854e-20,-2.2906419975722828e-20,1.0599563361310088e-35,6.288044929469994e-36
face,270.0,20.0,19.0,3.0,3.7277523000000004e-21,0.0,-6.902605353861992,-6.461319244657167,-6.9025983228198236,0.0,-5.084093807550551,-4.847657133687881,-5.084093807407437,-4.940129300245705,0.23643667386267012,1.4311242668788343e-10,0.4412861092048246,-1.3100218672197217,-6.394115674770273,-6.157679000907603,15.294499332542568,1.1641348269541118e-06,0.00040278162433349864,4.090450298602439e-17,2.6477001317946e-15,1.5384352371536477e-15,nan,nan,nan,0.0,-2.5731202983851355e-20,-2.408619767530502e-20,-2.5731176773867742e-20,0.0,-1.8952242384512327e-20,-1.8070865029716407e-20,-1.8952242383978833e-20,-1.841557836128832e-20,8.813773547959185e-22,5.334876777443389e-31,1.6450053085463361e-21,-4.8834370285786125e-21,-2.3835679413090938e-20,-2.295430205829502e-20,9.869970256007625e-36,5.7349054937005565e-36
face,271.0,20.0,19.0,3.0,3.74155879e-21,0.0,-6.874452704314885,-6.467434935735806,-6.8744504846084755,0.0,-5.058627894447269,-4.840959068967521,-5.058627894434703,-4.929214751215296,0.21766882547974714,1.2565775677778545e-11,0.40701776857907923,-1.3051878381893907,-6.36381573263666,-6.146146907156912,14.025604161142718,1.1465809725364768e-06,0.0003981774161624128,6.098462556873522e-17,2.4279886584911723e-15,4.996003610813204e-16,nan,nan,nan,0.0,-2.572116894226863e-20,-2.419828803255539e-20,-2.57211606371066e-20,0.0,-1.892715366380837e-20,-1.8112732956525644e-20,-1.8927153663761354e-20,-1.8442946780207254e-20,8.144207072827239e-22,4.701558844036052e-32,1.5228809097132397e-21,-4.8834370285786125e-21,-2.3810590692386985e-20,-2.2996169985104258e-20,9.084462307197954e-36,1.8692841224909885e-36
face,272.0,20.0,19.0,3.0,3.7553652800000004e-21,0.0,-6.8464916756163525,-6.470865818345253,-6.846491032997881,0.0,-5.033359118594489,-4.832852118276798,-5.0333591185935385,-4.916965283011719,0.20050700031769053,9.489884129612787e-13,0.37562585727109976,-1.300389353490165,-6.333748472084654,-6.133241471766963,12.8701752908696,1.129369304736483e-06,0.00039364749002936865,4.264181306164371e-17,2.236964901718818e-15,1.3624961178553257e-15,nan,nan,nan,0.0,-2.5711077128418677e-20,-2.430046482575255e-20,-2.571107471515158e-20,0.0,-1.8902102075741148e-20,-1.8149125048351143e-20,-1.890210207573758e-20,-1.8465000706787588e-20,7.529770273900041e-22,3.563798137157088e-33,1.4106123026661237e-21,-4.8834370285786125e-21,-2.3785539104319762e-20,-2.3032562076929757e-20,8.400620324493463e-36,5.116670615128679e-36
face,273.0,20.0,19.0,3.0,3.76917177e-21,0.0,-6.818720256206978,-6.4718684102715045,-6.818720086488668,0.0,-5.008285333608101,-4.82348105503844,-5.0082853336080415,-4.903547370415829,0.184804278569661,5.981024874383866e-14,0.3468518459354737,-1.2956260225249996,-6.303911356133101,-6.11910707756344,11.817371217347482,1.1124919185452515e-06,0.0003891903959608592,3.646056851849805e-17,2.066473861202769e-15,1.304512053934559e-15,nan,nan,nan,0.0,-2.570092789722251e-20,-2.4393583711150132e-20,-2.5700927257525047e-20,0.0,-1.8877087695540687e-20,-1.8180528625780704e-20,-1.8877087695540462e-20,-1.8482312321429077e-20,6.965590697599823e-22,2.2543510112195464e-34,1.3073441860723768e-21,-4.8834370285786125e-21,-2.37605247241193e-20,-2.3063965654359318e-20,7.788894941088375e-36,4.916930007314857e-36
face,274.0,20.0,19.0,3.0,3.7829782600000005e-21,0.0,-6.79113646417055,-6.470674624169976,-6.791136423502564,0.0,-4.983404423948202,-4.812976410247843,-4.983404423948198,-4.8891080962643905,0.17042801370035943,2.6020526031967414e-15,0.32046184000057387,-1.2908974603989958,-6.274301884347198,-6.103873870646838,10.857449834809778,1.0959411151596322e-06,0.0003848047158663515,3.712001877522754e-17,1.893892202633274e-15,1.838839495303885e-15,nan,nan,nan,0.0,-2.5690721604650462e-20,-2.4478421430768694e-20,-2.569072145080436e-20,0.0,-1.8852110596583873e-20,-1.8207385125860433e-20,-1.8852110596583858e-20,-1.849538963895818e-20,6.44725470723442e-22,9.84350842926968e-36,1.2123001738817695e-21,-4.8834370285786125e-21,-2.3735547625162487e-20,-2.3090822154439044e-20,7.16455302934519e-36,6.956289834363969e-36
face,275.0,20.0,19.0,3.0,3.79678475e-21,0.0,-6.763738346674774,-6.467494196120732,-6.7637383378837,0.0,-4.958714304362661,-4.801455936601032,-4.95871430436266,-4.873777477146227,0.157258367761629,2.455785683315448e-16,0.29624415055404185,-1.2862032878157268,-6.244917592178387,-6.087659224416759,9.98165075779514,1.079709396124941e-06,0.00038048906279540274,6.06540595263199e-17,1.7466357011802841e-15,6.425998513685804e-16,nan,nan,nan,0.0,-2.5680458607644998e-20,-2.4555683334544706e-20,-2.568045857426718e-20,0.0,-1.882717085041101e-20,-1.8230094677883766e-20,-1.8827170850411006e-20,-1.850468400012227e-20,5.970761725272446e-22,9.324089631680422e-37,1.12477527310029e-21,-4.8834370285786125e-21,-2.371060787898962e-20,-2.311353170646238e-20,6.63159979404686e-36,2.439813316028493e-36
face,276.0,20.0,19.0,3.0,3.8105912400000005e-21,0.0,-6.736523979424472,-6.462516895990808,-6.736523977720392,0.0,-4.93421291934279,-4.789025914584365,-4.93421291934279,-4.857670508644825,0.1451870047584244,5.485194784005717e-16,0.27400708343366453,-1.2815431309758145,-6.215756050318604,-6.0705690455601795,9.182090878892192,1.063789457652542e-06,0.0003762420802115844,1.8887189156640813e-17,1.6417012181121525e-15,5.485194784005717e-16,nan,nan,nan,0.0,-2.5670139264044838e-20,-2.4626010272214567e-20,-2.5670139257551283e-20,0.0,-1.8802268526742464e-20,-1.8249020198248174e-20,-1.8802268526742464e-20,-1.8510596687048315e-20,5.532483284942904e-22,2.090183519362588e-36,1.0441289918302712e-21,-4.883437028578612e-21,-2.3685705555321075e-20,-2.3132457226826785e-20,6.255852280435499e-36,2.090183519362588e-36
face,277.0,20.0,19.0,3.0,3.82439773e-21,0.0,-6.70949146612708,-6.455914518905364,-6.7094914658327305,0.0,-4.90989824259083,-4.775782318390452,-4.90989824259083,-4.8408889589011626,0.1341159242003777,-3.082041610450283e-16,0.253576947221716,-1.276916621477707,-6.186814864068538,-6.05269893986816,8.451671604075317,1.0481741851070237e-06,0.0003720624412829121,8.069761789009408e-17,1.6863452960963316e-15,8.049116928532385e-16,nan,nan,nan,0.0,-2.5659763932510777e-20,-2.4689984831175716e-20,-2.5659763931385068e-20,0.0,-1.877740369349536e-20,-1.8264491057426583e-20,-1.877740369349536e-20,-1.851348474560367e-20,5.129126360687766e-22,-1.1786952938771607e-36,9.697791013350605e-22,-4.8834370285786125e-21,-2.3660840722073975e-20,-2.3147928086005197e-20,6.449255122386989e-36,3.078302450998383e-36
face,278.0,20.0,19.0,3.0,3.8382042200000005e-21,0.0,-6.682638937970076,-6.447842672128511,-6.682638937925066,0.0,-4.8857682764989105,-4.761811857417643,-4.885768276498911,-4.82352294029387,0.1239564190812669,-3.2149537853686915e-16,0.234796265841565,-1.2723233962205929,-6.158091672719504,-6.034135253638237,7.7839963986397995,1.0328566476579128e-06,0.0003679488481885076,5.895255370084198e-17,1.4284642219560157e-15,1.096345236817342e-15,nan,nan,nan,0.0,-2.5649332972453066e-20,-2.474813695405973e-20,-2.564933297228031e-20,0.0,-1.8752576416800247e-20,-1.827680636598644e-20,-1.875257641680025e-20,-1.8513666104702742e-20,4.757700508138072e-22,-1.2339649186107088e-36,9.011960183933368e-22,-4.8834370285786125e-21,-2.363601344537886e-20,-2.3160243394565055e-20,5.482737404830597e-36,4.207996914529222e-36
face,279.0,20.0,19.0,3.0,3.85201071e-21,0.0,-6.655964553110097,-6.438442376383046,-6.6559645531040434,0.0,-4.861821051639244,-4.747192907261274,-4.861821051639243,-4.805652286930933,0.1146281443779696,-4.1133995149389598e-16,0.21752217672705143,-1.267763097309408,-6.129584148948652,-6.014956004570682,7.1732974437416654,1.0178300930909635e-06,0.00036390003144118885,8.383130870685498e-17,2.008693785699599e-15,1.2995183711940212e-15,nan,nan,nan,0.0,-2.5638846743960458e-20,-2.4800948989545344e-20,-2.563884674393714e-20,0.0,-1.872778676101783e-20,-1.8286237921206465e-20,-1.8727786761017827e-20,-1.8511424077793945e-20,4.415488398113652e-22,-1.584485898605368e-36,8.378977544151148e-22,-4.8834370285786125e-21,-2.3611223789596444e-20,-2.316967494978508e-20,7.7375099756253e-36,5.005758683681125e-36
face,280.0,20.0,19.0,3.0,3.8658172000000005e-21,0.0,-6.629466496173373,-6.4278415008576655,-6.6294664961726575,0.0,-4.838054626265223,-4.731996342480614,-4.838054626265223,-4.78734776259871,0.10605828378460899,-9.764943099455949e-16,0.20162499531570788,-1.2632353719618743,-6.101289998227098,-5.995231714442489,6.614370349308576,1.0030879427742102e-06,0.0003599147492256977,3.7167308192241086e-17,1.4350570566469572e-15,9.764943099455949e-16,nan,nan,nan,0.0,-2.5628305607730764e-20,-2.4848860232889383e-20,-2.5628305607727996e-20,0.0,-1.8703034788755676e-20,-1.829303285109865e-20,-1.8703034788755676e-20,-1.8507011323035613e-20,4.100019376570226e-22,-3.774948499089812e-36,7.794453748413831e-22,-4.883437028578612e-21,-2.3586471817334286e-20,-2.3176469879677264e-20,5.547668252567182e-36,3.774948499089812e-36
face,281.0,20.0,19.0,3.0,3.87962369e-21,0.0,-6.603142977767217,-6.416156049748343,-6.6031429777671455,0.0,-4.814467085823202,-4.7162862819997375,-4.814467085823202,-4.768672120739353,0.09818080382346439,3.114878960232964e-17,0.1869869280188734,-1.2587398724175263,-6.073206958240728,-5.975026154417264,6.102515996427385,9.886237867741265e-07,0.0003559917867522728,6.960825872401816e-17,1.5105088880639665e-15,5.273559366969494e-16,nan,nan,nan,0.0,-2.5617709925002837e-20,-2.4892271009340493e-20,-2.5617709925002563e-20,0.0,-1.867832056088496e-20,-1.8297415988468202e-20,-1.867832056088496e-20,-1.8500653329462935e-20,3.8090457241675507e-22,1.2084558205602377e-37,7.254389156623461e-22,-4.8834370285786125e-21,-2.3561757589463573e-20,-2.3180853017046816e-20,5.8602060660885226e-36,2.045942585071625e-36
face,282.0,20.0,19.0,3.0,3.8934301800000006e-21,0.0,-6.57699223400234,-6.403491316379778,-6.5769922340023355,0.0,-4.791056542474629,-4.700120756746305,-4.79105654247463,-4.749681035234504,0.09093578572832398,3.1482520583547835e-17,0.1735009176225617,-1.2542762558486695,-6.045332798323298,-5.954397012594974,5.6334886936397535,9.744313791173392e-07,0.00035212995562527375,7.245852021102268e-17,1.069907677088245e-15,9.19660940283673e-16,nan,nan,nan,0.0,-2.5607060057490336e-20,-2.493154634856096e-20,-2.5607060057490318e-20,0.0,-1.8653644136557174e-20,-1.8299592003960503e-20,-1.8653644136557177e-20,-1.8492551487955665e-20,3.540521325966699e-22,1.2257499578245638e-37,6.755137089293756e-22,-4.8834370285786125e-21,-2.3537081165135785e-20,-2.3183029032539114e-20,4.1656108397890684e-36,3.580635660267631e-36
face,283.0,20.0,19.0,3.0,3.90723667e-21,0.0,-6.551012526025621,-6.389942919192192,-6.551012526025621,0.0,-4.767821134628348,-4.683552308029541,-4.767821134628347,-4.73042391832408,0.08426882659880713,-1.3444233993762343e-16,0.1610696068334292,-1.2498441842732326,-6.017665318901581,-5.933396492302774,5.203449928986809,9.605046331934735e-07,0.00034832809322655144,8.489264445443282e-17,9.7564711935031e-16,1.0226207596377487e-15,nan,nan,nan,0.0,-2.5596356367316638e-20,-2.496701929307458e-20,-2.5596356367316638e-20,0.0,-1.862900557322089e-20,-1.829974732379616e-20,-1.8629005573220887e-20,-1.848288579832093e-20,3.2925824942473063e-22,-5.252980406048878e-37,6.293370742420571e-22,-4.883437028578612e-21,-2.35124426017995e-20,-2.318318435237477e-20,3.812084201705398e-36,3.995621331559868e-36
face,284.0,20.0,19.0,3.0,3.9210431600000006e-21,0.0,-6.5252021395631665,-6.37559773227898,-6.525202139563164,0.0,-4.744759026482744,-4.666628524187486,-4.744759026482744,-4.710944639863706,0.0781305022952583,-4.116584358820636e-16,0.1496044072841869,-1.2454433244694536,-5.990202350952198,-5.9120718486569395,4.80892708493897,9.468376172948694e-07,0.0003445850621132885,5.731528037047994e-17,9.089840894171232e-16,4.116584358820636e-16,nan,nan,nan,0.0,-2.5585599216951525e-20,-2.499899387906401e-20,-2.5585599216951513e-20,0.0,-1.8604404926638425e-20,-1.8298051855026238e-20,-1.8604404926638425e-20,-1.847181725727625e-20,3.063530716121869e-22,-1.6141304942716642e-36,5.866053378875152e-22,-4.8834370285786125e-21,-2.348784195521704e-20,-2.3181488883604852e-20,3.56416584635784e-36,1.6141304942716642e-36
face,285.0,20.0,19.0,3.0,3.93484965e-21,0.0,-6.4995593844733435,-6.360534721738524,-6.4995593844733355,0.0,-4.721868407577557,-4.649392522178278,-4.721868407577558,-4.6912821602839125,0.07247588539927899,-1.3771087067448833e-15,0.13902466273481906,-1.241073347892368,-5.9629417554699256,-5.890465870070646,4.4467765580963485,9.334245502889819e-07,0.00034089974942999975,4.1820478923081895e-17,9.658127949314329e-16,7.4593109467002705e-16,nan,nan,nan,0.0,-2.5574788969149154e-20,-2.5027747823645682e-20,-2.557478896914912e-20,0.0,-1.857984225090261e-20,-1.8294660538605817e-20,-1.8579842250902613e-20,-1.84594899664444e-20,2.8518171229679307e-22,-5.4187157127470565e-36,5.470411455034709e-22,-4.8834370285786125e-21,-2.3463279279481224e-20,-2.3178097567184425e-20,3.8003281381014706e-36,2.935126706786473e-36
face,286.0,20.0,19.0,3.0,3.9486561400000006e-21,0.0,-6.474082594309541,-6.3448256978453,-6.47408259430954,0.0,-4.699147492355059,-4.631883380035879,-4.699147492355059,-4.671471088019291,0.06726411231917989,8.535551009481585e-18,0.12925689646424132,-1.2367339305920448,-5.935881422947103,-5.868617310627924,4.1141507910983925,9.202597974194416e-07,0.00033727106633441576,2.2428856623913605e-17,8.620811963820825e-16,8.638922910364499e-16,nan,nan,nan,0.0,-2.5563925986887504e-20,-2.5053534949026633e-20,-2.55639259868875e-20,0.0,-1.855531759845341e-20,-1.828971474834263e-20,-1.855531759845341e-20,-1.8446032994539857e-20,2.6560285011077937e-22,3.3703955901872665e-38,5.103910378608709e-22,-4.8834370285786125e-21,-2.343875462703202e-20,-2.3173151776921242e-20,3.4040622092726566e-36,3.4112135992997454e-36
face,287.0,20.0,19.0,3.0,3.96246263e-21,0.0,-6.448770125892502,-6.32853599193385,-6.448770125892496,0.0,-4.676594519730425,-4.614136525445423,-4.676594519730424,-4.6515421707926095,0.06245799428500145,-1.0822946542882877e-15,0.12023413395865212,-1.2324247531335362,-5.909019272863961,-5.846561278578959,3.8084687817186915,9.073378662318363e-07,0.0003336979474369494,6.317942573836044e-17,8.413100042020388e-16,1.970473073988413e-15,nan,nan,nan,0.0,-2.5553010633309438e-20,-2.5076587370647866e-20,-2.5553010633309414e-20,0.0,-1.8530831020094605e-20,-1.8283343551795535e-20,-1.8530831020094602e-20,-1.8431562023634793e-20,2.474874682990718e-22,-4.28855212226611e-36,4.76423262661573e-22,-4.8834370285786125e-21,-2.341426804867322e-20,-2.316678058037415e-20,3.3336594518957215e-36,7.807925919100313e-36
face,288.0,20.0,19.0,3.0,3.976269120000001e-21,0.0,-6.42362035889178,-6.311725065905987,-6.423620358891776,0.0,-4.654207752671037,-4.596184085105744,-4.654207752671038,-4.631522728937606,0.05802366756529311,-6.201729600241283e-16,0.1118952929857926,-1.228145500518489,-5.882353253189526,-5.824329585624232,3.5273896846555934,8.946534026204293e-07,0.0003301793502534702,4.698447966127836e-17,1.586232623785086e-15,5.030698080332741e-16,nan,nan,nan,0.0,-2.5542043271664706e-20,-2.5097117473491947e-20,-2.5542043271664693e-20,0.0,-1.8506382565010445e-20,-1.8275664847441424e-20,-1.8506382565010448e-20,-1.8416180805652736e-20,2.3071771756902063e-22,-2.4659745900029363e-36,4.449257981727598e-22,-4.8834370285786125e-21,-2.338981959358906e-20,-2.3159101876020035e-20,6.307287799093216e-36,2.000340942887036e-36
face,289.0,20.0,19.0,3.0,3.99007561e-21,0.0,-6.3986316954163724,-6.294447061402067,-6.398631695416375,0.0,-4.631985477784521,-4.578055199027761,-4.63198547778452,-4.611437037900469,0.053930278756758876,4.878630255312176e-16,0.10418463401430511,-1.2238958621083904,-5.855881339892911,-5.801951061136152,3.2687891659508583,8.822011869920857e-07,0.00032671425467108986,7.436598223082525e-17,8.567081004425636e-16,4.0031539416890763e-16,nan,nan,nan,0.0,-2.553102426525382e-20,-2.5115319698136562e-20,-2.5531024265253828e-20,0.0,-1.8481972280782213e-20,-1.8266786390874367e-20,-1.848197228078221e-20,-1.839998245197731e-20,2.1518588990784473e-22,1.946610359192919e-36,4.1570456711725526e-22,-4.883437028578612e-21,-2.3365409309360827e-20,-2.315022341945298e-20,3.418330096465303e-36,1.5972886905808945e-36
face,290.0,20.0,19.0,3.0,4.0038821e-21,0.0,-6.3738025596140915,-6.276751294907235,-6.373802559614093,0.0,-4.609926004915278,-4.5597763034584595,-4.609926004915277,-4.591306666152237,0.05014970145681804,-7.498359165568694e-18,0.09705126470685688,-1.2196755315493961,-5.829601536464674,-5.779451835007856,3.0307382090420703,8.699761305438596e-07,0.0003233016624266923,6.554722362134689e-17,8.401405766925141e-16,8.95676778865694e-16,nan,nan,nan,0.0,-2.5519953977373044e-20,-2.5131372155830897e-20,-2.551995397737305e-20,0.0,-1.8457600213404793e-20,-1.8256806721421493e-20,-1.845760021340479e-20,-1.8383050576217616e-20,2.0079349198329768e-22,-3.002254604239143e-38,3.88581821542146e-22,-4.8834370285786125e-21,-2.3341037241983404e-20,-2.3140243750000107e-20,3.363823816502834e-36,3.5861842222860104e-36
face,291.0,20.0,19.0,3.0,4.01768859e-21,0.0,-6.349131397279519,-6.258682704381372,-6.349131397279512,0.0,-4.5880276667493485,-4.541371385714301,-4.58802766674935,-4.57115077395445,0.04665628103504685,-1.211543835226295e-15,0.09044869289814716,-1.2154842066987108,-5.803511873448059,-5.756855592413012,2.811484105852041,8.579732716507367e-07,0.00031994059659792005,5.343162332242464e-17,6.056510081587426e-16,5.648130041739554e-16,nan,nan,nan,0.0,-2.5508832771260684e-20,-2.5145438089823384e-20,-2.5508832771260657e-20,0.0,-1.843326640730318e-20,-1.8245815999336837e-20,-1.8433266407303187e-20,-1.8365460307686465e-20,1.8745040796634112e-22,-4.867605843073526e-36,3.633946814372999e-22,-4.8834370285786125e-21,-2.3316703435881792e-20,-2.312925302791545e-20,2.4333171450013773e-36,2.269242762353323e-36
face,292.0,20.0,19.0,3.0,4.03149508e-21,0.0,-6.324616675470352,-6.240282252396917,-6.324616675470354,0.0,-4.5662888184273855,-4.52286221384851,-4.566288818427385,-4.550986377732724,0.043426604578875476,3.650097903779275e-16,0.08433442307343508,-1.2113215895524825,-5.777610407979868,-5.734183803400993,2.6094333966185577,8.461877723601676e-07,0.0003166301011063466,2.5138636847822946e-17,5.548077102742152e-16,7.563394355258879e-16,nan,nan,nan,0.0,-2.5497661010044683e-20,-2.515766719834949e-20,-2.549766101004469e-20,0.0,-1.8408970905349018e-20,-1.8233896762648178e-20,-1.8408970905349015e-20,-1.83472791909765e-20,1.7507414270084195e-22,1.4715351740604461e-36,3.3999381169519203e-22,-4.8834370285786125e-21,-2.329240793392763e-20,-2.311733379122679e-20,2.236704554316564e-36,3.0491787131325944e-36
face,293.0,20.0,19.0,3.0,4.04530157e-21,0.0,-6.300256882132016,-6.221587290232225,-6.300256882132014,0.0,-4.544707837165499,-4.504268543758254,-4.5447078371654985,-4.53082858421387,0.04043929340724492,-4.511449943006909e-16,0.07866959189979106,-1.20718738617517,-5.75189522334067,-5.711455929933424,2.423136548879933,8.346149149901256e-07,0.00031336924023256586,6.917271630066454e-17,4.934993560237961e-16,1.4398204850607499e-15,nan,nan,nan,0.0,-2.5486439056691954e-20,-2.516819683306847e-20,-2.5486439056691942e-20,0.0,-1.83847137488769e-20,-1.8221124611766882e-20,-1.8384713748876896e-20,-1.8328567985121246e-20,1.6358913711001854e-22,-1.8250175537422263e-36,3.182422236234841e-22,-4.8834370285786125e-21,-2.3268150777455513e-20,-2.3104561640345493e-20,1.9963537197170513e-36,5.8245080687344134e-36
face,294.0,20.0,19.0,3.0,4.05910806e-21,0.0,-6.2760505257300805,-6.202631886892092,-6.276050525730078,0.0,-4.523283121883893,-4.485608306055617,-4.523283121883893,-4.510690797960296,0.03767481582827633,-3.847596340925824e-16,0.07341863883798805,-1.2030813066303567,-5.72636442851425,-5.688689612685974,2.25127418959719,8.232500988275061e-07,0.0003101570981429287,5.485696081369973e-17,4.846703568883896e-16,7.181755190543981e-16,nan,nan,nan,0.0,-2.5475167273958208e-20,-2.51771530852967e-20,-2.5475167273958196e-20,0.0,-1.8360494977700875e-20,-1.8207568829113304e-20,-1.8360494977700875e-20,-1.830938137416847e-20,1.5292614858757202e-22,-1.561780931907852e-36,2.9801418866150634e-22,-4.8834370285786125e-21,-2.3243932006279486e-20,-2.3091005857691915e-20,1.9673293520887387e-36,2.915152037888391e-36
face,295.0,20.0,19.0,3.0,4.07291455e-21,0.0,-6.251996134890607,-6.183447126603943,-6.251996134890608,0.0,-4.5020130928429785,-4.466897774775759,-4.502013092842979,-4.49058490548033,0.03511531806721972,8.037072120022429e-17,0.06854900828666466,-1.1990030649129655,-5.701016157755944,-5.6659008396887245,2.0926447251958735,8.12088836923794e-07,0.0003069927784276647,5.491197541831463e-17,4.773448225499602e-16,9.685491409003495e-16,nan,nan,nan,0.0,-2.546384602433972e-20,-2.5184651771100893e-20,-2.5463846024339723e-20,0.0,-1.833631463013067e-20,-1.819329294024681e-20,-1.8336314630130672e-20,-1.828976859954121e-20,1.430216898838571e-22,3.27343079770387e-37,2.791942532388271e-22,-4.883437028578612e-21,-2.3219751658709283e-20,-2.3076729968825425e-20,1.9441846731309013e-36,3.944817888363034e-36
face,296.0,20.0,19.0,3.0,4.08672104e-21,0.0,-6.228092258048047,-6.164061377962444,-6.228092258048045,0.0,-4.480896191286889,-4.44815171977357,-4.480896191286888,-4.47052143869646,0.03274447151331876,-3.9423200354172724e-16,0.06403088008560331,-1.1949523788828544,-5.675848570169744,-5.6431040986564245,1.9461532026896715,8.011267529850265e-07,0.0003038754036501331,4.87100502138175e-17,5.28595978432154e-16,1.2824104232418525e-15,nan,nan,nan,0.0,-2.5452475670026065e-20,-2.5190799325170513e-20,-2.5452475670026056e-20,0.0,-1.8312172742987994e-20,-1.817835522231083e-20,-1.831217274298799e-20,-1.8269774023291895e-20,1.338175206771604e-22,-1.6111162235153313e-36,2.6167634485555205e-22,-4.883437028578613e-21,-2.3195609771566608e-20,-2.3061792250889444e-20,2.16022430671807e-36,5.240853658577783e-36
face,297.0,20.0,19.0,3.0,4.1005275300000004e-21,0.0,-6.204337463100513,-6.144500537560782,-6.204337463100513,0.0,-4.459930879094162,-4.429383544462642,-4.459930879094163,-4.4505097202073465,0.03054733463152052,-9.07739798584016e-17,0.059836925539730856,-1.190928970199747,-5.650859849293909,-5.6203125146623885,1.8108012812936158,7.903595783531431e-07,0.0003008041149069438,6.889101460131702e-17,4.715717150737063e-16,7.974044398417236e-16,nan,nan,nan,0.0,-2.5441056572854016e-20,-2.519569361236779e-20,-2.5441056572854016e-20,0.0,-1.8288069351622712e-20,-1.8162809164998044e-20,-1.8288069351622718e-20,-1.8249437630242823e-20,1.252601866246723e-22,-3.7222120341704133e-37,2.453629604862265e-22,-4.8834370285786125e-21,-2.3171506380201326e-20,-2.3046246193576655e-20,1.9336928000290488e-36,3.269778858115217e-36
face,298.0,20.0,19.0,3.0,4.11433402e-21,0.0,-6.180730337072333,-6.124788250649358,-6.180730337072338,0.0,-4.439115638435454,-4.410605410375003,-4.439115638435452,-4.430557992477613,0.028510228060451344,7.475108111166563e-16,0.05594208642297538,-1.1869325642594795,-5.626048202694934,-5.597537974634482,1.6856781983081814,7.797831490759282e-07,0.0002977780713986992,5.415076946817921e-17,3.961314280152676e-16,1.0288460282835941e-15,nan,nan,nan,0.0,-2.5429589094262767e-20,-2.519942466494294e-20,-2.5429589094262785e-20,0.0,-1.8264004489929008e-20,-1.8146703888701935e-20,-1.8264004489929002e-20,-1.822879547603355e-20,1.1730060122707358e-22,3.075509160495053e-36,2.301644293198277e-22,-4.8834370285786125e-21,-2.3147441518507622e-20,-2.303014091728055e-20,1.6298170106743965e-36,4.233016215509074e-36
face,299.0,20.0,19.0,3.0,4.1281405100000004e-21,0.0,-6.157269485783659,-6.104946111097611,-6.1572694857836545,0.0,-4.418448971438083,-4.391828349864023,-4.418448971438083,-4.410673532825949,0.026620621574059162,-6.925349847080632e-16,0.05232337468604786,-1.1829628901315212,-5.601411861569604,-5.574791239995545,1.5699526257777612,7.693934030628337e-07,0.0002947964500111128,9.70846039527474e-17,2.292320694210593e-15,6.925349847080632e-16,nan,nan,nan,0.0,-2.5418073595250394e-20,-2.5202075352589012e-20,-2.5418073595250376e-20,0.0,-1.8239978190361385e-20,-1.8130084524040128e-20,-1.8239978190361385e-20,-1.8207880087243617e-20,1.0989366632125361e-22,-2.8588817249655864e-36,2.1599824266138274e-22,-4.8834370285786125e-21,-2.3123415218939996e-20,-2.3013521552618742e-20,9.463021919682072e-36,2.8588817249655864e-36
face,300.0,20.0,19.0,3.0,4.141947e-21,0.0,-6.133953533526885,-6.084993842698584,-6.133953533526886,0.0,-4.397929399857298,-4.373062368134072,-4.397929399857299,-4.3908627558522095,0.024867031723226622,7.598563163228877e-17,0.048959690828301206,-1.1790196804977495,-5.576949080355048,-5.552082048631821,1.4628653256982243,7.591863773240398e-07,0.0002918584449062604,4.823430533429282e-17,4.464677347024973e-16,9.64164051332414e-16,nan,nan,nan,0.0,-2.5406510436331082e-20,-2.5203721991783872e-20,-2.5406510436331085e-20,0.0,-1.8215990483950736e-20,-1.8112992556505815e-20,-1.821599048395074e-20,-1.8186720819013793e-20,1.0299792744492333e-22,3.147284589824636e-37,2.027884445472097e-22,-4.8834370285786125e-21,-2.309942751252935e-20,-2.2996429585084423e-20,1.8492456943478047e-36,3.9935163999241386e-36
tip,200.0,20.0,28.516660498395403,3.0,2.7612980000000003e-21,0.0,-2.812575258415973,-0.0010275328911212855,-0.0020547739569932097,0.0,-1.448179050407398,-0.0010272535994864107,-0.0020539363622130635,-0.0010273233708692623,1.4471517968079115,1.4461251140451843,2.8115477255248518,-0.0888424280000102,-1.537021478407408,-0.08986968159949661,56518.87140592694,4.082952141031122e-06,0.00104642206279509,2.5687083130971477e-16,1.6066612449438095e-14,6.661338147750939e-16,nan,nan,nan,0.0,-7.76635843591351e-21,-2.8373245171874237e-24,-5.673843217897437e-24,0.0,-3.9988539155318476e-21,-2.8365533097546273e-24,-5.671530369106208e-24,-2.8367459693345527e-24,3.996017362222093e-21,3.993182385162739e-21,7.763521111396322e-21,-2.453204187515722e-22,-4.244174334283419e-21,-2.481569720613268e-22,4.4364704823408514e-35,1.8393939704708377e-36
tip,201.0,20.0,28.516660498395403,3.0,2.7751044900000003e-21,0.0,-2.7864496647749086,-0.0011868601496298065,-0.002373327763703491,0.0,-1.434216452758406,-0.0011864844992892642,-0.002372201249439794,-0.0011865783317973227,1.4330299682591168,1.431844251508966,2.7852628046252788,-0.08840042587065693,-1.522616878629063,-0.08958691036994619,48275.96421252449,3.99898164635452e-06,0.0010300257243557134,1.7658200412946733e-16,1.590982865739129e-14,4.440892098500626e-16,nan,nan,nan,0.0,-7.732688975875844e-21,-3.2936609302397482e-24,-6.586232533295217e-24,0.0,-3.980100517681726e-21,-3.2926184612930395e-24,-6.583106338503983e-24,-3.2928788563074602e-24,3.976807899220433e-21,3.973517411343221e-21,7.729395314945604e-21,-2.453204187515722e-22,-4.225420936433299e-21,-2.486130372128653e-22,4.415143694225724e-35,1.2323939602154611e-36
tip,202.0,20.0,28.516660498395403,3.0,2.7889109800000003e-21,0.0,-2.7606611251459228,-0.0013688786055812072,-0.002737230771927404,0.0,-1.4204519670457314,-0.0013683748512325344,-0.002735720186838975,-0.0013685006659233103,1.4190835921944989,1.4177162468588922,2.7592922465403418,-0.08796280000001011,-1.5084147670457415,-0.08933117485124265,41299.64123826569,3.917065764442711e-06,0.001013946021091491,2.5833606208614374e-16,1.5754992779221088e-14,6.661338147750939e-16,nan,nan,nan,0.0,-7.69923812397862e-21,-3.8176805733925186e-24,-7.633892954622215e-24,0.0,-3.961514087456439e-21,-3.816275647358282e-24,-7.62968006728287e-24,-3.8166265333308326e-24,3.95769781180908e-21,3.9538844073891555e-21,7.695420443405227e-21,-2.453204187515722e-22,-4.206834506208011e-21,-2.4913669439893053e-22,4.3939272351790414e-35,1.857787910175546e-36
tip,203.0,20.0,28.516660498395403,3.0,2.8027174700000003e-21,0.0,-2.735204713257141,-0.0015765250795899827,-0.003152346197720028,0.0,-1.4068819843012434,-0.001575851513140103,-0.0031503265461252337,-0.001576019713897178,1.4053061327881033,1.403731657755118,2.733628188177551,-0.08752948571429577,-1.4944114700155393,-0.08910533722743587,35385.83358523123,3.83715006427453e-06,0.000998176692261181,3.667095956544606e-16,1.56020322526829e-14,2.220446049250313e-16,nan,nan,nan,0.0,-7.66600603387213e-21,-4.418554382459986e-24,-8.835135759837998e-24,0.0,-3.943092715629361e-21,-4.416666566003702e-24,-8.829475247029954e-24,-4.417137985204023e-24,3.938676049063358e-21,3.9342632403823306e-21,7.66158747948967e-21,-2.453204187515722e-22,-4.188413134380934e-21,-2.497370853175759e-22,4.372808836209782e-35,6.2232829334263336e-37
tip,204.0,20.0,28.516660498395403,3.0,2.8165239600000003e-21,0.0,-2.7100755654389017,-0.0018130765505809873,-0.0036252144618054843,0.0,-1.3935029728149297,-0.0018121785313724992,-0.003622522016455914,-0.0018124027434475983,1.3916907942835572,1.3898804507984737,2.708262488888321,-0.08710041960785314,-1.4806033924227828,-0.08891259813922564,30364.811593723123,3.75918151676907e-06,0.0009827115646105378,2.9389676930581926e-16,1.5450871629724775e-14,2.220446049250313e-16,nan,nan,nan,0.0,-7.632992763469216e-21,-5.1065735460255036e-24,-1.0210503391813652e-23,0.0,-3.924834511264479e-21,-5.1040442534082565e-24,-1.0202920054975596e-23,-5.104675752089894e-24,3.91973046701107e-21,3.9146315912095024e-21,7.62788618992319e-21,-2.453204187515722e-22,-4.1701549300160506e-21,-2.5042446300498047e-22,4.351775014800408e-35,6.2539394996008476e-37
tip,205.0,20.0,28.516660498395403,3.0,2.8303304500000003e-21,0.0,-2.6852688805913827,-0.0020821845254122423,-0.004163121048907065,0.0,-1.380311476317658,-0.0020809906727730088,-0.004159541961363494,-0.0020812886888793513,1.378230485644885,1.3761519343562945,2.6831866960659703,-0.08667553951220508,-1.4669870158298632,-0.08875653018497809,26095.169955762103,3.683108468787375e-06,0.0009675445545252112,2.7356253942516434e-16,1.5301432184032628e-14,2.220446049250313e-16,nan,nan,nan,0.0,-7.600198279175205e-21,-5.893270264793069e-24,-1.1783008271757605e-23,0.0,-3.906737601906322e-21,-5.889891267315433e-24,-1.1772878271299823e-23,-5.890734751375805e-24,3.9008477106390065e-21,3.894964723635022e-21,7.594305008910412e-21,-2.453204187515722e-22,-4.1520580206578946e-21,-2.5121031001888763e-22,4.3308109439077557e-35,6.2845960657753615e-37
tip,206.0,20.0,28.516660498395403,3.0,2.8441369400000004e-21,0.0,-2.6607799201108344,-0.0023879122773269937,-0.0047741698697015625,0.0,-1.3673041122084095,-0.0023863296029731362,-0.004769425615863169,-0.0023867245917093224,1.3649177826054364,1.362534686592546,2.6583920078335073,-0.08625478446602933,-1.4535588966744388,-0.08864111406900246,22458.906400859145,3.608880616601097e-06,0.0009526696698430478,2.3677980776166384e-16,1.5153631489688695e-14,4.440892098500626e-16,nan,nan,nan,0.0,-7.567622459997475e-21,-6.791549517425228e-24,-1.3578392884253202e-23,0.0,-3.888800133745843e-21,-6.787048174831432e-24,-1.3564899576658692e-23,-6.788171576886903e-24,3.882013085571012e-21,3.8752352341691836e-21,7.560830910480049e-21,-2.453204187515722e-22,-4.134120552497415e-21,-2.5210746692640366e-22,4.3099003094970853e-35,1.2630505263899751e-36
tip,207.0,20.0,28.516660498395403,3.0,2.8579434300000004e-21,0.0,-2.63660400777602,-0.00273477511719758,-0.00546736239497575,0.0,-1.3544775698248923,-0.0027326828198286357,-0.0054610912298809385,-0.0027332048646207838,1.3517448870050637,1.349016478595011,2.6338692326588222,-0.0858380946860002,-1.4403156645108925,-0.08857077750582884,19357.388092125642,3.5364489789478584e-06,0.0009380810113527656,4.984087498350497e-16,1.5007382969723526e-14,8.881784197001252e-16,nan,nan,nan,0.0,-7.535265101535147e-21,-7.815832578722305e-24,-1.562541243615001e-23,0.0,-3.871020271763418e-21,-7.809852911203124e-24,-1.560748980106885e-23,-7.811344885687009e-24,3.863210418852215e-21,3.8554127819623475e-21,7.527449268956423e-21,-2.453204187515722e-22,-4.11634069051499e-21,-2.5313027166277537e-22,4.289025155981525e-35,2.5383636792497558e-36
tip,208.0,20.0,28.516660498395403,3.0,2.8717499200000004e-21,0.0,-2.6127365295966065,-0.0031277838603408353,-0.006252682814675857,0.0,-1.3418286087564608,-0.003125025436904627,-0.006244416210220378,-0.00312571349009983,1.3387035833195562,1.3355841925462402,2.609608745736266,-0.08542541153847136,-1.4272540202949322,-0.08855043697537598,16708.039908692757,3.465765869781389e-06,0.000923772774004105,3.307985654494718e-16,1.486259541349573e-14,2.220446049250313e-16,nan,nan,nan,0.0,-7.503125919850133e-21,-8.982213050711087e-24,-1.795614137283077e-23,0.0,-3.8533961998500785e-21,-8.97429154842883e-24,-1.7932401752147076e-23,-8.976267465137109e-24,3.844421908301649e-21,3.83546379809793e-21,7.494143706799422e-21,-2.453204187515722e-22,-4.09871661860165e-21,-2.5429471030000104e-22,4.2681657189698736e-35,6.3765657642989035e-37
tip,209.0,20.0,28.516660498395403,3.0,2.88555641e-21,0.0,-2.5891729336250653,-0.003572491646481095,-0.007141189448045586,0.0,-1.3293540571983211,-0.003568864891460022,-0.007130322242295019,-0.003569769248251233,1.325785192306861,1.322223734956026,2.5856004419785843,-0.0850166775119715,-1.4143707347102925,-0.08858554240343153,14441.620798587173,3.3967848708143046e-06,0.0009097392478529262,3.5384144291780374e-16,1.4719172462061682e-14,2.220446049250313e-16,nan,nan,nan,0.0,-7.471204555220311e-21,-1.0308626170174978e-23,-2.0606304986832304e-23,0.0,-3.835926120908122e-21,-1.029816096397642e-23,-2.0574947051619965e-23,-1.0300770536512226e-23,3.8256279599441455e-21,3.815351173856502e-21,7.460895929050137e-21,-2.453204187515722e-22,-4.081246539659694e-21,-2.5561857971554866e-22,4.247300244779757e-35,6.407222330473417e-37
tip,210.0,20.0,28.516660498395403,3.0,2.8993629e-21,0.0,-2.5659087297338674,-0.004075044262678719,-0.008145112595201079,0.0,-1.3170508103459815,-0.0040702886252705905,-0.008130865283744543,-0.004071474046458599,1.312980521720711,1.3089199450622369,2.5618336854711887,-0.08461183619048591,-1.4016626465364674,-0.0886821248157565,12499.980022432545,3.3294608039415905e-06,0.0008959748187630963,2.598169741523933e-16,1.4577012060986838e-14,2.220446049250313e-16,nan,nan,nan,0.0,-7.439500575776502e-21,-1.1815032151068532e-23,-2.3615637274848728e-23,0.0,-3.818608256932075e-21,-1.1801243832401552e-23,-2.3574329148586902e-23,-1.180468079861494e-23,3.8068070130996735e-21,3.795033927783488e-21,7.427685543625433e-21,-2.453204187515722e-22,-4.0639286756836474e-21,-2.5712166258397374e-22,4.2264047962477774e-35,6.437878896647931e-37
tip,211.0,20.0,28.516660498395403,3.0,2.91316939e-21,0.0,-2.5429394893595236,-0.0046422341071065895,-0.009277958972312615,0.0,-1.3049158288289915,-0.004636014752753104,-0.009259330210505899,-0.004637564394759439,1.3002798140762384,1.2956564986184853,2.538297255252417,-0.08421083222749784,-1.3891266610564894,-0.08884684698025094,10834.205678580041,3.263749703624022e-06,0.0008824739688855123,4.0249310421941133e-16,1.4436005880427574e-14,2.220446049250313e-16,nan,nan,nan,0.0,-7.408013481024395e-21,-1.3523614302036898e-23,-2.7028266079816966e-23,0.0,-3.801440849071098e-21,-1.350549626930876e-23,-2.697399734114804e-23,-1.3510010638967073e-23,3.787935352801789e-21,3.774466851729949e-21,7.394489866722358e-21,-2.453204187515722e-22,-4.04676126782267e-21,-2.5882591502088097e-22,4.205453044472161e-35,6.468535462822445e-37
tip,212.0,20.0,28.516660498395403,3.0,2.92697588e-21,0.0,-2.5202608452152067,-0.0052815579147776,-0.01055462280974525,0.0,-1.2929461371829838,-0.00527344568787802,-0.01053032975805861,-0.005275466033830332,1.2876726914951058,1.282415807424925,2.514979287300429,-0.08381361132076436,-1.3767597485037482,-0.08908705700864238,9403.094435349327,3.199608789302608e-06,0.0008692312769332172,2.0485618482795541e-16,1.4296038702789125e-14,4.440892098500626e-16,nan,nan,nan,0.0,-7.376742705253324e-21,-1.5458992625377132e-23,-3.089312638662217e-23,0.0,-3.7844221576737646e-21,-1.5435248332908973e-23,-3.082202121028379e-23,-1.5441161836780646e-23,3.768986909340856e-21,3.7536001364634806e-21,7.361283712627947e-21,-2.453204187515722e-22,-4.029742576425337e-21,-2.607556670844812e-22,4.1844160462610256e-35,1.2998384057993917e-36
tip,213.0,20.0,28.516660498395403,3.0,2.94078237e-21,0.0,-2.4978684909734943,-0.006001278343486259,-0.011991503612080873,0.0,-1.281138822359102,-0.005990724647556345,-0.011959907231848737,-0.005993351675617609,1.2751480977115457,1.2691789151272528,2.491867212630008,-0.08342012018780302,-1.3645589425469051,-0.08941084483535937,8171.884711161828,3.136996437907761e-06,0.0008562414182702758,5.880377944203874e-16,1.415698777886327e-14,4.440892098500626e-16,nan,nan,nan,0.0,-7.345687620833357e-21,-1.7648453549987196e-23,-3.526440241219875e-23,0.0,-3.767550462316209e-21,-1.7617417427058162e-23,-3.5171484334256267e-23,-1.7625142944866223e-23,3.749933044889151e-21,3.7323789779819515e-21,7.328039167283369e-21,-2.453204187515722e-22,-4.012870881067782e-21,-2.629378361786304e-22,4.163262007238656e-35,1.3059697190342945e-36
tip,214.0,20.0,28.516660498395403,3.0,2.95458886e-21,0.0,-2.4757581809209186,-0.006810489488906946,-0.013606630478268877,0.0,-1.269491032269876,-0.006796794883255686,-0.013565642256998162,-0.006800201758875296,1.2626942373866203,1.2559253900128775,2.4689476914320116,-0.08303030654206563,-1.3525213388119417,-0.08982710142532131,7111.206284311353,3.0758721565197892e-06,0.0008434991648307758,6.038267238614469e-16,1.4018722154081291e-14,4.440892098500626e-16,nan,nan,nan,0.0,-7.314847541402811e-21,-2.0122196375071556e-23,-4.02019988332297e-23,0.0,-3.7508240618144765e-21,-2.008173444577225e-23,-4.0080895491272027e-23,-2.0091800362525354e-23,3.730742327368704e-21,3.710743166323203e-21,7.294725345027739e-21,-2.453204187515722e-22,-3.996144480566049e-21,-2.6540215319734446e-22,4.141956030788379e-35,1.3121010322691973e-36
tip,215.0,20.0,28.516660498395403,3.0,2.96839535e-21,0.0,-2.4539257295858192,-0.007719186359741642,-0.015419792754619709,0.0,-1.257999974370681,-0.007701461411701915,-0.015366758592053274,-0.007705868050256535,1.250298512958979,1.2426332157786273,2.4462065432260776,-0.08264411906977695,-1.3406440934404578,-0.09034558048147887,6196.207993581466,3.01619655523131e-06,0.0008309993848832561,4.309031080498842e-16,1.3881101967416531e-14,4.440892098500626e-16,nan,nan,nan,0.0,-7.284221724947903e-21,-2.2913596896040517e-23,-4.577204111077683e-23,0.0,-3.7342412742220485e-21,-2.2860982242700402e-23,-4.5614614749223487e-23,-2.2874062888095067e-23,3.711380291979348e-21,3.688626659472824e-21,7.261308128051862e-21,-2.453204187515722e-22,-3.97956169297362e-21,-2.6818140099427265e-22,4.1204598532955084e-35,1.3182323455041001e-36
tip,216.0,20.0,28.516660498395403,3.0,2.98220184e-21,0.0,-2.4323670113411193,-0.008738338296327842,-0.017452676639495936,0.0,-1.2466629142758814,-0.008715454918075682,-0.01738423273967134,-0.008721139834785832,1.2379474593578057,1.2292786815362098,2.4236286730447913,-0.08226150740741686,-1.3289244216832983,-0.09097696232549254,5405.832216515084,2.9579313202561624e-06,0.0008187370426547131,2.9197389665236184e-16,1.374397772655251e-14,6.661338147750939e-16,nan,nan,nan,0.0,-7.253809376776787e-21,-2.6059488545851358e-23,-5.2047404387229797e-23,0.0,-3.717800436813296e-21,-2.599124569312235e-23,-5.1843290863236114e-23,-2.6008199262195605e-23,3.691809191120174e-21,3.665957145950059e-21,7.227749888230935e-21,-2.453204187515722e-22,-3.963120855564868e-21,-2.7131166444469454e-22,4.0987315665043916e-35,1.9865454881085044e-36
tip,217.0,20.0,28.516660498395403,3.0,2.99600833e-21,0.0,-2.4110779599834657,-0.009879966256910108,-0.019729007170962813,0.0,-1.2354771744088398,-0.00985049738804289,-0.01964090174206923,-0.009857812334467453,1.2256266770207969,1.21583627266677,2.4011979937265555,-0.08188242211982508,-1.3173595965286649,-0.09173291950786797,4722.210508594326,2.901039187324292e-06,0.0008067071978273672,2.8648991628935973e-16,1.360718956423309e-14,4.440892098500626e-16,nan,nan,nan,0.0,-7.22360965238987e-21,-2.9600461205821605e-23,-5.910826982683432e-23,0.0,-3.7014999060537466e-21,-2.951217222921974e-23,-5.884430522795093e-23,-2.9534087869641233e-23,3.671987733824527e-21,3.642655600825794e-21,7.194009191184048e-21,-2.453204187515722e-22,-3.946820324805319e-21,-2.7483259098079195e-22,4.076725328233141e-35,1.3304949719739057e-36
tip,218.0,20.0,28.516660498395403,3.0,3.00981482e-21,0.0,-2.3900545682902683,-0.011157223823307985,-0.022274694802423098,0.0,-1.224440132684932,-0.011119368886102432,-0.022161568144889305,-0.011128756868192246,1.2133207637988295,1.2022785645400424,2.37889734446696,-0.08150681467890845,-1.3059469473638403,-0.09262618356501089,4130.159413029858,2.845483915397124e-06,0.0007949050049204039,2.6507067122379913e-16,1.3470566482252415e-14,4.440892098500626e-16,nan,nan,nan,0.0,-7.193621660248752e-21,-3.358117761344944e-23,-6.704270652731002e-23,0.0,-3.685338057557875e-21,-3.3467241262437996e-23,-6.670221623692774e-23,-3.349549735006181e-23,3.651870816295437e-21,3.618635841320946e-21,7.160040482635302e-21,-2.453204187515722e-22,-3.930658476309447e-21,-2.787876600140102e-22,4.0543910632078586e-35,1.3366262852088085e-36
tip,219.0,20.0,28.516660498395403,3.0,3.02362131e-21,0.0,-2.369292887556044,-0.012584481689627364,-0.025117985500114695,0.0,-1.2135492212267867,-0.012535974733891342,-0.02497309964335912,-0.012547992116944186,1.2010132464928953,1.1885761215834272,2.3567084058664167,-0.0811346374429317,-1.2946838586697185,-0.09367061217682304,3616.759214443383,2.791230260733629e-06,0.000783325712568036,4.198734323191466e-16,1.333392559136221e-14,4.440892098500626e-16,nan,nan,nan,0.0,-7.163844464445888e-21,-3.805070701206211e-23,-7.59472762224178e-23,0.0,-3.669313286035217e-21,-3.790404034701544e-23,-7.550919625841404e-23,-3.7940376362504456e-23,3.631409245688201e-21,3.593804089776802e-21,7.125793757433826e-21,-2.453204187515722e-22,-3.914633704786789e-21,-2.8322445909858766e-22,4.031674156399713e-35,1.3427575984437113e-36
tip,220.0,20.0,28.516660498395403,3.0,3.0374278e-21,0.0,-2.348789027109487,-0.014177415291289963,-0.028289612973664904,0.0,-1.2028019251109372,-0.014115412150348838,-0.02810452038325191,-0.014130755682246515,1.1886865129605884,1.174697404727685,2.334611611818197,-0.08076584363637292,-1.2835677687473102,-0.09488125578672175,3171.001476338732,2.738243951333194e-06,0.0007719646627043969,2.979884730060553e-16,1.3197071357502347e-14,2.220446049250313e-16,nan,nan,nan,0.0,-7.13427708727731e-21,-4.3062875337909234e-23,-8.592765689745045e-23,0.0,-3.653424005225479e-21,-4.287454527392734e-23,-8.536545151775602e-23,-4.292115014426353e-23,3.610549459951551e-21,3.568058553707722e-21,7.091214211939401e-21,-2.453204187515722e-22,-3.898744423977051e-21,-2.8819496402549954e-22,4.0085151419861366e-35,6.7444445583930705e-37
tip,221.0,20.0,28.516660498395403,3.0,3.05123429e-21,0.0,-2.328539153812599,-0.01595309510492495,-0.03182295127004691,0.0,-1.1921957811451342,-0.015874035193528035,-0.03158709027157624,-0.01589357492030687,1.1763217459516062,1.1606086908735578,2.312586058707674,-0.08040038733032598,-1.2725961684754603,-0.09627442252385401,2783.493704962788,2.6864916617777424e-06,0.0007608172896649979,3.3533843875840356e-16,1.3059794867227374e-14,6.661338147750939e-16,nan,nan,nan,0.0,-7.104918511720586e-21,-4.867663081577816e-23,-9.709928012416619e-23,0.0,-3.637668647823369e-21,-4.843540050315953e-23,-9.637961295795884e-23,-4.849502078752434e-23,3.58923324732021e-21,3.54128903486541e-21,7.056241880904807e-21,-2.453204187515722e-22,-3.882989066574942e-21,-2.9375581925473173e-22,3.984849391925016e-35,2.032530337370275e-36
tip,222.0,20.0,28.516660498395403,3.0,3.06504078e-21,0.0,-2.308539491543222,-0.017930078998579214,-0.03575416551381147,0.0,-1.1817283766755544,-0.017829516587690275,-0.03545436795349984,-0.017854335795126176,1.1638988600878641,1.1462740087220546,2.290609412544643,-0.08003822342343263,-1.2617666000989871,-0.0978677400111229,2446.211527872362,2.6359409884922465e-06,0.0007498791192137826,2.721000303686846e-16,1.2921873128045205e-14,4.440892098500626e-16,nan,nan,nan,0.0,-7.07576768382044e-21,-5.495642331926686e-23,-1.0958797535470183e-22,0.0,-3.622045665393775e-21,-5.464819542895715e-23,-1.0866908360660216e-22,-5.472426731187546e-23,3.567397469964818e-21,3.513376581787173e-21,7.020811260501174e-21,-2.453204187515722e-22,-3.867366084145348e-21,-2.9996861418052937e-22,3.9606068091444715e-35,1.3611515381484197e-36
tip,223.0,20.0,28.516660498395403,3.0,3.0788472700000002e-21,0.0,-2.288786320662239,-0.020128505834366324,-0.04012235805574827,0.0,-1.1713973484231746,-0.020000904727877522,-0.039742252332338475,-0.020032348219170437,1.151396443695297,1.1316550960908356,2.2686578148278724,-0.07967930762332755,-1.251076656046502,-0.09968021235120507,2152.2904502989954,2.586560425439698e-06,0.0007391457675041158,2.8298218292285535e-16,1.2783068422620413e-14,4.440892098500626e-16,nan,nan,nan,0.0,-7.04682351498428e-21,-6.197259523731784e-23,-1.2353061256590307e-22,0.0,-3.60655352827793e-21,-6.157973091895581e-23,-1.2236032509707145e-22,-6.167654062628226e-23,3.544973797358974e-21,3.484193203180857e-21,6.984850919746962e-21,-2.453204187515722e-22,-3.851873947029502e-21,-3.0690014967052803e-22,3.9357115315208065e-35,1.3672828513833225e-36
tip,224.0,20.0,28.516660498395403,3.0,3.0926537600000002e-21,0.0,-2.269275977466688,-0.022570189317203587,-0.04496970668878623,0.0,-1.16120038134859,-0.02240867382415601,-0.04448899664849714,-0.0224484060357646,1.138791707524434,1.1167113847000925,2.2467057881494843,-0.07932359642858054,-1.2405239777771706,-0.10173227025273655,1895.8506256083126,2.5383193402637963e-06,0.0007286129399814142,3.7564249920113e-16,1.2643127739458238e-14,4.440892098500626e-16,nan,nan,nan,0.0,-7.018084884190028e-21,-6.980178085576151e-23,-1.3907573247717188e-22,0.0,-3.591190725491151e-21,-6.930226935888968e-23,-1.375890627636021e-22,-6.942514733251409e-23,3.521888456132262e-21,3.4536016627275475e-21,6.948283103334266e-21,-2.453204187515722e-22,-3.836511144242723e-21,-3.146226881104619e-22,3.910081654159582e-35,1.3734141646182253e-36
tip,225.0,20.0,28.516660498395403,3.0,3.1064602500000002e-21,0.0,-2.250004853629945,-0.025278710841561698,-0.05034159089771555,0.0,-1.1511352075445904,-0.025074764779388525,-0.04973518819801904,-0.025124839442339002,1.126060442765202,1.1014000193465712,2.2247261427883833,-0.07897104711112019,-1.2301062546557107,-0.10404581189050871,1671.8492037966662,2.491187950890228e-06,0.0007182764302345699,4.880891373655676e-16,1.2501782306775255e-14,2.220446049250313e-16,nan,nan,nan,0.0,-6.989550640108493e-21,-7.852731040055547e-23,-1.563841510455152e-22,0.0,-3.57595576461277e-21,-7.789376006527048e-23,-1.545003851634153e-22,-7.804931501525829e-23,3.4980620045475e-21,3.421455379449354e-21,6.911023329707938e-21,-2.453204187515722e-22,-3.821276183364343e-21,-3.2321417881684267e-22,3.883628979015064e-35,6.89772738926564e-37
tip,226.0,20.0,28.516660498395403,3.0,3.1202667400000002e-21,0.0,-2.230969395630166,-0.028279509808268245,-0.056286701319916276,0.0,-1.1411996051557907,-0.028022613986766975,-0.055523685771772836,-0.028085557255360962,1.1131769911690237,1.0856759193840175,2.2026898858218975,-0.07862161769912408,-1.2198212228549148,-0.10664423168589106,1475.9557493545735,2.4451373025949632e-06,0.0007081321188027194,3.5416398404542194e-16,1.2358747260788044e-14,4.440892098500626e-16,nan,nan,nan,0.0,-6.961219603142709e-21,-8.823961387824319e-23,-1.7562952203284888e-22,0.0,-3.560847171668746e-21,-8.74380303907678e-23,-1.7324870999587402e-22,-8.76344301782685e-23,3.4734091412779784e-21,3.3875984616728714e-21,6.872979989264465e-21,-2.453204187515722e-22,-3.806167590420319e-21,-3.3275844914234003e-22,3.856258802590304e-35,1.3856767910880309e-36
tip,227.0,20.0,28.516660498395403,3.0,3.1340732300000002e-21,0.0,-2.212166104168066,-0.03159996956289472,-0.06285712670318441,0.0,-1.1313913973246619,-0.031277166789208,-0.061899505851840786,-0.031356075977182776,1.1001142305354539,1.0694918914728209,2.1805661346051712,-0.07827526696036143,-1.2096666642850233,-0.10955243374956943,1304.4469836467583,2.4001392455461512e-06,0.0006981759719434602,6.987207572625816e-17,1.2213721484582482e-14,4.440892098500626e-16,nan,nan,nan,0.0,-6.933090567386528e-21,-9.903661867588316e-23,-1.9699883811516844e-22,0.0,-3.545863491007516e-21,-9.802493114430185e-23,-1.9399758424048257e-22,-9.827223831793464e-23,3.447838559863215e-21,3.3518659067670334e-21,6.834053948710644e-21,-2.453204187515722e-22,-3.791183909759089e-21,-3.433453498958741e-22,3.827869754350582e-35,1.3918081043229337e-36
tip,228.0,20.0,28.516660498395403,3.0,3.1478797200000003e-21,0.0,-2.193591533575099,-0.03526949674200859,-0.07010841164957292,0.0,-1.1217084511633066,-0.03486487186542342,-0.06890964753915184,-0.03496353214300935,1.0868435792978832,1.0527988036241545,2.1583220368330904,-0.07793195438597386,-1.1996404055492804,-0.11279682625139728,1154.1177369809611,2.3561664128240984e-06,0.0006884040403680799,3.104815272243776e-16,1.206638765902527e-14,4.440892098500626e-16,nan,nan,nan,0.0,-6.905162302504753e-21,-1.1102413352877493e-22,-2.2069284723310235e-22,0.0,-3.531003285169583e-21,-1.0975042308556495e-22,-2.1691928200084397e-22,-1.100609937725473e-22,3.4212528620840184e-21,3.3140840031687385e-21,6.794138168975979e-21,-2.453204187515722e-22,-3.776323703921156e-21,-3.5507084183713716e-22,3.7983537005503926e-35,1.3979394175578365e-36
tip,229.0,20.0,28.516660498395403,3.0,3.1616862100000003e-21,0.0,-2.175242291213041,-0.03931959140158336,-0.07809957733153103,0.0,-1.1121486767503486,-0.038813652304886315,-0.07660284514587909,-0.038936673907653596,1.0733350244454622,1.035545831604469,2.135922699811458,-0.07759164017468141,-1.18974031692503,-0.11640529247956773,1022.2055159490955,2.3131921989223833e-06,0.000678812457948974,3.1764366183519936e-16,1.1916412572759575e-14,4.440892098500626e-16,nan,nan,nan,0.0,-6.877433555537076e-21,-1.2431620991722068e-22,-2.4692635665593026e-22,0.0,-3.516265134751325e-21,-1.227165892520938e-22,-2.421941591444914e-22,-1.231055449570952e-22,3.393548545499231e-21,3.274070975606832e-21,6.7531173456198566e-21,-2.453204187515722e-22,-3.7615855535028976e-21,-3.68037008003666e-22,3.7675957303964573e-35,1.4040707307927393e-36
tip,230.0,20.0,28.516660498395403,3.0,3.1754927000000003e-21,0.0,-2.157115036866001,-0.04378390484049874,-0.08689309616213917,0.0,-1.1027100261522973,-0.043152848615966466,-0.08502923642008295,-0.04330582728336564,1.0595571775363308,1.0176807897322142,2.113331132025502,-0.07725428521740019,-1.1799643113696976,-0.12040713383336665,906.3265221082685,2.271190738731455e-06,0.0006693974404039705,1.7218117775199257e-16,1.1763447744076793e-14,2.220446049250313e-16,nan,nan,nan,0.0,-6.849903052628219e-21,-1.3903547019849843e-22,-2.7592839254327094e-22,0.0,-3.501647638263429e-21,-1.3703155576420663e-22,-2.7000971953854756e-22,-1.3751733840578845e-22,3.3646160824992227e-21,3.2316379187248814e-21,6.710867582429719e-21,-2.453204187515722e-22,-3.7469680570150024e-21,-3.8235197451577884e-22,3.735474243814733e-35,7.05101022013821e-37
tip,231.0,20.0,28.516660498395403,3.0,3.1892991900000003e-21,0.0,-2.139206482125716,-0.04869828152142526,-0.09655481010653753,0.0,-1.0933904924688091,-0.047913128394562854,-0.09423993354946776,-0.048102831874049276,1.0454773640742463,0.999150558919341,2.0905082006042908,-0.07691985108225992,-1.170310343551069,-0.12483297947682277,804.4213146658824,2.230136887004843e-06,0.0006601552839619268,3.069686079544338e-16,1.1607130413196456e-14,4.440892098500626e-16,nan,nan,nan,0.0,-6.822569500686296e-21,-1.5531338981067357e-22,-3.07942177663384e-22,0.0,-3.4871494119844745e-21,-1.5280930157914533e-22,-3.005593437349714e-22,-1.5341432273261154e-22,3.334340110405329e-21,3.1865900682495018e-21,6.667256110875623e-21,-2.453204187515722e-22,-3.732469830736047e-21,-3.9812972033071754e-22,3.701861162503183e-35,1.4163333572625449e-36
tip,232.0,20.0,28.516660498395403,3.0,3.2031056800000003e-21,0.0,-2.1215133897710903,-0.05410078093213377,-0.10715378095538972,0.0,-1.084188108901225,-0.05312635688501022,-0.10428648350507326,-0.05336094038375986,1.0310617520162149,0.9799016253961513,2.0674126088389566,-0.0765883000000088,-1.1607764089012338,-0.12971465688501901,714.7086056354673,2.1900061983068597e-06,0.0006510823640135933,6.456328178996138e-16,1.1447084968987551e-14,4.440892098500626e-16,nan,nan,nan,0.0,-6.795431588971833e-21,-1.7329051869615337e-22,-3.4322488441168465e-22,0.0,-3.472769089809973e-21,-1.7016933549608335e-22,-3.340406276623265e-22,-1.709207312333626e-22,3.3025997543138896e-21,3.1387284621476447e-21,6.622141070275681e-21,-2.453204187515722e-22,-3.718089508561545e-21,-4.1548975424765556e-22,3.6666222883606654e-35,1.4224646704974477e-36
tip,233.0,20.0,28.516660498395403,3.0,3.2169121700000003e-21,0.0,-2.1040325731427867,-0.06003167462652655,-0.11876205947432986,0.0,-1.0751009478438291,-0.0588254222192659,-0.11522020404712424,-0.05911467563198707,1.0162755256245632,0.9598807437967046,2.04400089851626,-0.07625959484979417,-1.1513605426936233,-0.13508501706906006,635.6459216396095,2.1507749074395635e-06,0.0006421751337513969,2.446399454095892e-16,1.1282924879114233e-14,3.3306690738754696e-16,nan,nan,nan,0.0,-6.768487990619446e-21,-1.9311662469155349e-22,-3.8204711445723555e-22,0.0,-3.45850532309735e-21,-1.892362166425449e-22,-3.7065327662907727e-22,-1.9016671946614167e-22,3.269269106454805e-21,3.0878520464682715e-21,6.575371365927893e-21,-2.453204187515722e-22,-3.703825741848922e-21,-4.345566353941171e-22,3.629617835681836e-35,1.071446987799263e-36
tip,234.0,20.0,28.516660498395403,3.0,3.2307186600000003e-21,0.0,-2.0867608955137014,-0.06653341304314864,-0.13145435894002805,0.0,-1.0661271199972449,-0.06504400875980565,-0.12709138196105263,-0.06539963831514138,1.0010831112374392,0.939035738036192,2.0202274824705526,-0.07593369914530787,-1.1420608191425528,-0.14097770790511352,565.896070913112,2.112419910345835e-06,0.0006334301228015033,1.7184474495587534e-16,1.1114255196591918e-14,2.220446049250313e-16,nan,nan,nan,0.0,-6.7417373640944256e-21,-2.149507390319877e-22,-4.246920503658865e-22,0.0,-3.444356780507159e-21,-2.101388928215076e-22,-4.1059649922676018e-22,-2.1128783186197824e-22,3.234217887685651e-21,3.0337602812803976e-21,6.526786625062438e-21,-2.453204187515722e-22,-3.6896771992587305e-21,-4.554593115730798e-22,3.590703165563148e-35,7.173636484836266e-37
tip,235.0,20.0,28.516660498395403,3.0,3.2445251500000003e-21,0.0,-2.0696952694560897,-0.07365055603145118,-0.14530761723648822,0.0,-1.0572647735034346,-0.07181631174142589,-0.13994832098649657,-0.07225225835286964,0.9854484617620087,0.9173164525169377,1.9960447134246386,-0.07561057702128528,-1.13287535052472,-0.14742688876271115,504.29852428420264,2.07491874548459e-06,0.0006248439358512238,4.1939217064288397e-16,1.0940675718296253e-14,6.661338147750939e-16,nan,nan,nan,0.0,-6.715178354586311e-21,-2.3896108135552756e-22,-4.714542186103596e-22,0.0,-3.430322147840948e-21,-2.3300982962529663e-22,-4.5406584714096095e-22,-2.344242693701831e-22,3.197312318215651e-21,2.9762563006999854e-21,6.476217273230783e-21,-2.453204187515722e-22,-3.67564256659252e-21,-4.783302483768687e-22,3.549729752600651e-35,2.161287915303234e-36
tip,236.0,20.0,28.516660498395403,3.0,3.2583316400000004e-21,0.0,-2.0528326562060686,-0.08142966033910327,-0.16040043049796163,0.0,-1.0485120931017553,-0.0791766863616793,-0.15383622863686947,-0.07970948239854575,0.969335406740076,0.8946758644648856,1.9714029958669652,-0.07529019322034763,-1.1238022863221029,-0.15446687958202693,449.84496087908883,2.038249575673318e-06,0.0006164132512745559,4.2573516364942977e-16,1.0761784871472234e-14,2.220446049250313e-16,nan,nan,nan,0.0,-6.6888095953414765e-21,-2.6532483871735334e-22,-5.226377977611294e-22,0.0,-3.4164001278760754e-21,-2.5798390232261615e-22,-5.012494511457859e-22,-2.5971992850720473e-22,3.1584162255534593e-21,2.9151506767302884e-21,6.423484756624123e-21,-2.453204187515722e-22,-3.661720546627647e-21,-5.033043210741884e-22,3.506546414959132e-35,7.234949617185294e-37
tip,237.0,20.0,28.516660498395403,3.0,3.2721381300000004e-21,0.0,-2.0361700650261993,-0.08991911665119719,-0.17681234035756183,0.0,-1.0398672993055484,-0.08715922467460968,-0.16879593389939482,-0.08780839003662949,0.9527080746309388,0.8710713654061533,1.9462509483750021,-0.07497251308017738,-1.1148398123857257,-0.16213173775478706,401.65834785079727,2.0023911703925744e-06,0.0006081348197584097,4.490379679225773e-16,1.0577184402015702e-14,5.551115123125783e-16,nan,nan,nan,0.0,-6.662629708936807e-21,-2.9422777021030026e-22,-5.78554400738516e-22,0.0,-3.402589440197808e-21,-2.851970224390272e-22,-5.523236115011695e-22,-2.873211811727675e-22,3.117392417758781e-21,2.8502658286966373e-21,6.3684019387265066e-21,-2.453204187515722e-22,-3.6479098589493796e-21,-5.305174411905994e-22,3.461000838987683e-35,1.816401545839952e-36
tip,238.0,20.0,28.516660498395403,3.0,3.2859446200000004e-21,0.0,-2.019704552566827,-0.09916892815666176,-0.1946229563336669,0.0,-1.031328647598749,-0.09579725417449403,-0.18486243189411508,-0.09658573140853668,0.9355313934242551,0.8464662157046338,1.9205356244101652,-0.07465750252101698,-1.105986150119766,-0.17045475669551102,358.97502256602155,1.967322888546411e-06,0.000600005462931836,2.9213219888215503e-16,1.0386484932392638e-14,5.551115123125783e-16,nan,nan,nan,0.0,-6.636637308496473e-21,-3.2586360594754926e-22,-6.395202562931078e-22,0.0,-3.3888888210289856e-21,-3.147844719654512e-22,-6.0744771352258395e-22,-3.1737536449064616e-22,3.0741043490635346e-21,2.7814411075064013e-21,6.310773702548924e-21,-2.453204187515722e-22,-3.634209239780558e-21,-5.601048907170235e-22,3.4129414284306655e-35,1.8240656873835804e-36
tip,239.0,20.0,28.516660498395403,3.0,3.2997511100000004e-21,0.0,-2.0034332222267652,-0.1092304220900536,-0.213910894933534,0.0,-1.0228944276520222,-0.10512275290167639,-0.2020632572061875,-0.10607737958741317,0.9177716747503458,0.8208311704458343,1.8942028001367117,-0.07434512803348134,-1.0972395556855035,-0.17946788093515773,321.129328681505,1.933024661672246e-06,0.0005920220720003522,3.076165109771744e-16,1.0189312446566244e-14,3.3306690738754696e-16,nan,nan,nan,0.0,-6.610830998853646e-21,-3.6043320653742293e-22,-7.058527129980222e-22,0.0,-3.3752970230575755e-21,-3.468789205735624e-22,-6.667584572563328e-22,-3.50028951039458e-22,3.028418102484013e-21,2.7085385658012413e-21,6.250397792316223e-21,-2.453204187515722e-22,-3.620617441809147e-21,-5.921993393251346e-22,3.3622195055693783e-35,1.0990378973563254e-36
tip,240.0,20.0,28.516660498395403,3.0,3.3135576e-21,0.0,-1.987353223513954,-0.12015588531278927,-0.2347525178883358,0.0,-1.0145629625579309,-0.11516567735784577,-0.2204166950395498,-0.11631769205750997,0.8993972852000851,0.7941462675183807,1.8671973382011646,-0.07403535666667518,-1.088598319224606,-0.18920103402452096,287.5404271182187,1.899476977593303e-06,0.0005841816063872837,2.926935113519987e-16,9.98531574314493e-15,3.3306690738754696e-16,nan,nan,nan,0.0,-6.585209377659161e-21,-3.981434469629213e-22,-7.77865989768031e-22,0.0,-3.3618128152623473e-21,-3.816081054682378e-22,-7.303634150151826e-22,-3.854253725316218e-22,2.9802047097941095e-21,2.6314494002471635e-21,6.18706593069624e-21,-2.453204187515722e-22,-3.6071332340139194e-21,-6.2692852421981e-22,3.308691886909753e-35,1.1036363822825024e-36
tip,241.0,20.0,28.516660498395403,3.0,3.32736409e-21,0.0,-1.9714617514066424,-0.13199811482304946,-0.2572204538072677,0.0,-1.0063326080846595,-0.12595320158420598,-0.23992984879875046,-0.1273387772501222,0.8803794065004535,0.7664027592859087,1.8394636365835928,-0.07372815601660598,-1.0800607641012654,-0.19968135760081196,257.70096134014153,1.8666608645062635e-06,0.0005764810923838229,1.7535245866318806e-16,9.774174875026338e-15,4.440892098500626e-16,nan,nan,nan,0.0,-6.559771036438969e-21,-4.392057872099115e-22,-8.558661012118063e-22,0.0,-3.34843498273694e-21,-4.1909215997181806e-22,-7.983339630120919e-22,-4.237024746865655e-22,2.929342822765122e-21,2.550101019724847e-21,6.120565249229057e-21,-2.453204187515722e-22,-3.593755401488512e-21,-6.644125787233903e-22,3.2522238488542877e-35,1.4776464896115727e-36
tip,242.0,20.0,28.516660498395403,3.0,3.34117058e-21,0.0,-1.9557560457156025,-0.14480987420007235,-0.2813818907413289,0.0,-0.9982017519478381,-0.1375088685357786,-0.2605965943648011,-0.1391696643561065,0.8606928834120595,0.7376051575830367,1.8109461715155302,-0.07342349421488448,-1.0716252461627227,-0.21093236275066307,231.16730542129804,1.8345578754965897e-06,0.0005689176218093658,2.497225677875512e-16,9.55561056295084e-15,4.440892098500626e-16,nan,nan,nan,0.0,-6.534514561602106e-21,-4.838344913707828e-22,-9.401448950897025e-22,0.0,-3.3351623265125744e-21,-4.594405860408311e-22,-8.706976743398672e-22,-4.649895881750977e-22,2.8757217404717434e-21,2.464464652172706e-21,6.0506800702313234e-21,-2.453204187515722e-22,-3.580482745264147e-21,-7.047610047924033e-22,3.192692488686859e-35,1.4837778028464755e-36
tip,243.0,20.0,28.516660498395403,3.0,3.35497707e-21,0.0,-1.9402333904479003,-0.15864324749232617,-0.30729663200317514,0.0,-0.990168813100003,-0.14985165847370363,-0.2823954652719605,-0.15183537768339475,0.8403171546262994,0.7077733478280424,1.781590142955574,-0.07312133991770388,-1.063290153017707,-0.2229729983914075,207.55116467786746,1.8031500734736297e-06,0.0005614883506835106,2.7213501352694754e-16,9.329394530536156e-15,4.440892098500626e-16,nan,nan,nan,0.0,-6.509438535401063e-21,-5.322444576470893e-22,-1.0309731540588809e-21,0.0,-3.321993663379626e-21,-5.027488780807469e-22,-9.474303106594089e-22,-5.094042105425791e-22,2.819244785298879e-21,2.3745633527202164e-21,5.977194077753973e-21,-2.453204187515722e-22,-3.567314082131199e-21,-7.48069296832319e-22,3.1299904726932217e-35,1.4899091160813782e-36
tip,244.0,20.0,28.516660498395403,3.0,3.36878356e-21,0.0,-1.9248911131726754,-0.17354888306231261,-0.3350149144449539,0.0,-0.9822322410372566,-0.16299498357374398,-0.3052875291532648,-0.1653559207564631,0.8192372574635126,0.6769447118839915,1.7513422301103627,-0.07282166229509034,-1.055053903332347,-0.23581664586883433,186.5123334281847,1.772420016517457e-06,0.0005541904979109645,5.330318345893692e-16,9.095360658667591e-15,3.3306690738754696e-16,nan,nan,nan,0.0,-6.4845415368462086e-21,-5.846486241166812e-22,-1.1285927361369673e-21,0.0,-3.3089278257082676e-21,-5.490948210256987e-22,-1.0284476092845392e-21,-5.570483073930356e-22,2.7598330046825686e-21,2.2804802164237275e-21,5.899892912729527e-21,-2.453204187515722e-22,-3.554248244459839e-21,-7.9441523977727105e-22,3.0640301459190156e-35,1.1220303219872108e-36
tip,245.0,20.0,28.516660498395403,3.0,3.38259005e-21,0.0,-1.9097265843893654,-0.18957512152721104,-0.3645749976001831,0.0,-0.974390515122697,-0.1769456233592429,-0.32921433393167787,-0.17974518023876992,0.7974448917634541,0.6451761811910189,1.7201514628621544,-0.0725244310204165,-1.0469149461431135,-0.2494700543796594,167.75244378244597,1.742350743629214e-06,0.0005470213439804683,4.037649063001164e-16,8.853416797055026e-15,6.661338147750939e-16,nan,nan,nan,0.0,-6.459822142575953e-21,-6.412549198054849e-22,-1.2332077593611532e-21,0.0,-3.2959636612684096e-21,-5.985345049660227e-22,-1.113597130274671e-21,-6.080042582111198e-22,2.697429156302387e-21,2.1823665309937377e-21,5.818567222770468e-21,-2.453204187515722e-22,-3.541284080019982e-21,-8.438549237175949e-22,2.9947479566221203e-35,2.253257613826776e-36
tip,246.0,20.0,28.516660498395403,3.0,3.39639654e-21,0.0,-1.8947372168987924,-0.20676700431919298,-0.3960005439725755,0.0,-0.9666421439261974,-0.19170262190837994,-0.3540960217376532,-0.19500976563675954,0.7749395220178175,0.6125461221885438,1.6879702125795994,-0.07222961626017091,-1.0388717601863684,-0.2639322381685508,151.00956413807552,1.7129257608765755e-06,0.0005399782296787183,3.991152459913454e-16,8.603557000361945e-15,4.440892098500626e-16,nan,nan,nan,0.0,-6.435278927684288e-21,-7.022627380558721e-22,-1.3449748773865733e-21,0.0,-3.283100033049119e-21,-6.510981217585499e-22,-1.2026505030575302e-21,-6.62330493274901e-22,2.632001911290569e-21,2.0804495299915874e-21,5.733016189628416e-21,-2.453204187515722e-22,-3.528420451800692e-21,-8.964185405101219e-22,2.922109122772209e-35,1.5083030557860866e-36
tip,247.0,20.0,28.516660498395403,3.0,3.4102030300000005e-21,0.0,-1.879920465177504,-0.22516516266813458,-0.4292978255577156,0.0,-0.9589856645801147,-0.20725617498355142,-0.379829728513329,-0.21114780759206303,0.7517294895965633,0.5791559360667853,1.6547553025093695,-0.07193718866397587,-1.0309228532440906,-0.2791933636475273,136.0535270005125,1.684129027925906e-06,0.000533058554820157,2.82140110828382e-16,8.345873876398217e-15,4.440892098500626e-16,nan,nan,nan,0.0,-6.410910466507335e-21,-7.678589199813155e-22,-1.4639927454893335e-21,0.0,-3.270335819077671e-21,-7.067856359151174e-22,-1.2952964910602323e-21,-7.200568932283104e-22,2.563550183162554e-21,1.975039328017438e-21,5.6430515465260196e-21,-2.453204187515722e-22,-3.5156562378292436e-21,-9.521060546666895e-22,2.846112438129105e-35,1.5144343690209896e-36
tip,248.0,20.0,28.516660498395403,3.0,3.42400952e-21,0.0,-1.8652738247557092,-0.24480459111297842,-0.4644528095400817,0.0,-0.951419642150543,-0.22358654311348125,-0.40628840635244456,-0.22814774528147042,0.7278330990370617,0.5451312357980982,1.6204692336427309,-0.07164711935484695,-1.0230667615053899,-0.2952336624683282,122.6818834752502,1.6559449449525575e-06,0.00052625977699339,1.9838027329092923e-16,8.080570646352277e-15,3.3306690738754696e-16,nan,nan,nan,0.0,-6.3867153333703604e-21,-8.382132505105455e-22,-1.5902908414559866e-21,0.0,-3.2576699122384525e-21,-7.655624521644503e-22,-1.3911353712163986e-21,-7.811800518102898e-22,2.4921074600740024e-21,1.866534541022053e-21,5.548502082859815e-21,-2.453204187515722e-22,-3.502990330990025e-21,-1.0108828709160226e-21,2.766795082014275e-35,1.1404242616919192e-36
tip,249.0,20.0,28.516660498395403,3.0,3.4378160100000005e-21,0.0,-1.8507948315991611,-0.26571331508399487,-0.5014281969423606,0.0,-0.9439426690237056,-0.24066303492882324,-0.43332022193606556,-0.24598714180553463,0.7032796340948824,0.5106224470876395,1.5850815165151664,-0.07135937991968691,-1.0153020489433926,-0.3120224148485101,110.71639679665235,1.6283583399207908e-06,0.0005195794103248981,2.3076665643713636e-16,7.807972425220938e-15,5.551115123125783e-16,nan,nan,nan,0.0,-6.362692103296851e-21,-9.134734886659323e-22,-1.7238178833138806e-21,0.0,-3.2451012200918267e-21,-8.273552344934979e-22,-1.4896751964285597e-21,-8.456585343532074e-22,2.4177459855983287e-21,1.7554260236632653e-21,5.4492186146309195e-21,-2.453204187515722e-22,-3.490421638843399e-21,-1.07267565324507e-21,2.684237260906307e-35,1.908371244363494e-36
tip,250.0,20.0,28.516660498395403,3.0,3.4516225e-21,0.0,-1.8364810614952805,-0.28791096873387856,-0.5401605114476198,0.0,-0.9365533643071258,-0.2584431132586248,-0.46074869550413916,-0.264631575102083,0.678110251048501,0.4758046688029864,1.548570092761402,-0.07107394240000817,-1.007627306707134,-0.329517055658633,100.00000000000016,1.6013544562247125e-06,0.0005130150242606042,4.75951031551697e-16,7.52853613948391e-15,3.3306690738754696e-16,nan,nan,nan,0.0,-6.338839352680994e-21,-9.937599776786517e-22,-1.864430174924112e-21,0.0,-3.2326286646931725e-21,-8.920480646935177e-22,-1.5903305642477356e-21,-9.134082988327897e-22,2.3405805999996548e-21,1.642298100445436e-21,5.345079375002342e-21,-2.453204187515722e-22,-3.4779490834447446e-21,-1.13736848344509e-21,2.5985664731105805e-35,1.1496212315442735e-36
tip,251.0,20.0,28.516660498395403,3.0,3.4654289900000005e-21,0.0,-1.8223301294438328,-0.31140730703234,-0.5805573609012746,0.0,-0.929250373245174,-0.27687168400930595,-0.4883737476373965,-0.2840336603537049,0.6523786892358681,0.4408766256077771,1.5109228224114928,-0.07079077928287665,-1.0000411525280506,-0.3476624632921826,90.39415366299446,1.5749189406817311e-06,0.0005065642423658022,4.733827141167576e-16,7.242858415644406e-15,4.440892098500626e-16,nan,nan,nan,0.0,-6.315155659925112e-21,-1.0791599094877021e-21,-2.01188030882517e-21,0.0,-3.220251182412147e-21,-9.594791602759684e-22,-1.6924245430175781e-21,-9.842984807255429e-22,2.2607720221361785e-21,1.5278266393945672e-21,5.23599575043741e-21,-2.453204187515722e-22,-3.465571601163719e-21,-1.2047995790275405e-21,2.5099611524039596e-35,1.5389596219606008e-36
tip,252.0,20.0,28.516660498395403,3.0,3.47923548e-21,0.0,-1.8083396890524055,-0.3362006850820235,-0.6224950198552682,0.0,-0.9220323666486658,-0.29588063384705854,-0.515973812224731,-0.30413226737150706,0.6261517328016073,0.40605855442393446,1.472139003970382,-0.0705098634920716,-0.9925422301407374,-0.36639049733913015,81.77654884145369,1.5490378318699685e-06,0.0005002247411438418,3.0528877616268976e-16,6.951680706652833e-15,5.551115123125783e-16,nan,nan,nan,0.0,-6.2916396060432975e-21,-1.169721351937683e-21,-2.1658067592037538e-21,0.0,-3.207967723752407e-21,-1.029438399125575e-21,-1.795194394243142e-21,-1.0581477752517938e-21,2.178529324626832e-21,1.4127733295092638e-21,5.121918254105615e-21,-2.453204187515722e-22,-3.453288142503979e-21,-1.2747588178771472e-21,2.418653416021801e-35,1.931363668994379e-36
tip,253.0,20.0,28.516660498395403,3.0,3.4930419700000006e-21,0.0,-1.7945074319369396,-0.36227654743929805,-0.665816506060359,0.0,-0.914898040338123,-0.3153886861741241,-0.5433091496025853,-0.3248520021511788,0.599509354163999,0.37158889073553747,1.4322308844976415,-0.0702311683794547,-0.9851292087175778,-0.3856198545535788,74.03910815253931,1.5236975488011728e-06,0.0004939942488739163,3.11716524007851e-16,6.655890884710292e-15,3.3306690738754696e-16,nan,nan,nan,0.0,-6.26828977523265e-21,-1.2654471849521642e-21,-2.325724999987594e-21,0.0,-3.1957772531718174e-21,-1.1016659176693743e-21,-1.8978016622468393e-21,-1.134721677552598e-21,2.094111335502443e-21,1.2979755909249768e-21,5.002842590280485e-21,-2.453204187515722e-22,-3.4410976719233895e-21,-1.3469863364209466e-21,2.3249306208033483e-35,1.1634166863228047e-36
tip,254.0,20.0,28.516660498395403,3.0,3.50684846e-21,0.0,-1.7808310871275448,-0.38960598054246054,-0.7103303444832008,0.0,-0.9078461146003862,-0.3353016446491871,-0.5701264503187498,-0.3461030246670811,0.5725444699511991,0.33771966428163613,1.3912251065850842,-0.06995466771654348,-0.9778007823169297,-0.40525631236573056,67.08624462877196,1.4988848799207609e-06,0.0004878705444682346,3.7750833912530674e-16,6.356520531616273e-15,3.3306690738754696e-16,nan,nan,nan,0.0,-6.2451047554133564e-21,-1.3662891328721178e-21,-2.4910208746421822e-21,0.0,-3.1836787489033482e-21,-1.1758520561734692e-21,-1.999347064305574e-21,-1.2137308590550955e-21,2.007826692729879e-21,1.1843316845977727e-21,4.878815622541239e-21,-2.453204187515722e-22,-3.42899916765492e-21,-1.4211724749250413e-21,2.229135423725691e-35,1.1680151712489817e-36
tip,255.0,20.0,28.516660498395403,3.0,3.5206549500000006e-21,0.0,-1.767308420479801,-0.4181443915764525,-0.7558102259722337,0.0,-0.900875333658214,-0.3555130882726889,-0.5961647542998226,-0.36778127383737846,0.5453622453855251,0.3047105793583911,1.3491640289033486,-0.06968033568628251,-0.9705556693444966,-0.4251934239589714,60.83334365479985,1.474586972426643e-06,0.0004818514563487896,3.2885068875400893e-16,6.054737215882846e-15,3.3306690738754696e-16,nan,nan,nan,0.0,-6.222083138738894e-21,-1.472142122018376e-21,-2.6609470133297636e-21,0.0,-3.1716712027766933e-21,-1.2516389140170293e-21,-2.0988903932412047e-21,-1.2948309622528723e-21,1.920032288759664e-21,1.0727808095354876e-21,4.749941016720518e-21,-2.453204187515722e-22,-3.4169916215282654e-21,-1.4969593327686016e-21,2.1316640550047162e-35,1.172613656175159e-36
tip,256.0,20.0,28.516660498395403,3.0,3.53446144e-21,0.0,-1.7539372340917527,-0.44783038643071565,-0.8019957702612985,0.0,-0.8939844651525615,-0.3759055705729277,-0.6211626208358392,-0.3897691642749995,0.5180788945796337,0.27282184431672185,1.3061068476610371,-0.06940814687500797,-0.9633926120275694,-0.4453137174479357,55.2054381559135,1.4507913218986208e-06,0.0004759348613438821,7.803717986761624e-17,5.7518311733465854e-15,4.440892098500626e-16,nan,nan,nan,0.0,-6.199223522077554e-21,-1.5828392324996637e-21,-2.8346231250316586e-21,0.0,-3.1597536200407525e-21,-1.3286237442712118e-21,-2.195475331313614e-21,-1.3776240816310115e-21,1.8311298757695406e-21,9.642782887271366e-22,4.6163842895778904e-21,-2.453204187515722e-22,-3.405074038792324e-21,-1.573944163022784e-21,2.0329625491583463e-35,1.5696161881351146e-36
tip,257.0,20.0,28.516660498395403,3.0,3.54826793e-21,0.0,-1.7407153657267447,-0.47858492680423514,-0.8485945903379732,0.0,-0.8871722996372098,-0.39635235660847823,-0.6448663726060164,-0.4119368068646791,0.49081994302873155,0.24230592703119316,1.2621304389225094,-0.06913807626459939,-0.9563103759018092,-0.4654904328730776,50.13605135843289,1.4274857622302419e-06,0.00047011868360452173,1.3023940455323862e-16,5.449196016957054e-15,2.7755575615628914e-16,nan,nan,nan,0.0,-6.176524507466429e-21,-1.698147547560865e-21,-3.011040970467718e-21,0.0,-3.147925019187062e-21,-1.4063643559337868e-21,-2.2881586690533586e-21,-1.4616621609845446e-21,1.741560663253275e-21,8.597663501337028e-22,4.478376959905564e-21,-2.453204187515722e-22,-3.393245437938634e-21,-1.651684774685359e-21,1.9335207471252448e-35,9.848421883562608e-37
tip,258.0,20.0,28.516660498395403,3.0,3.56207442e-21,0.0,-1.727640688242269,-0.5103108507464276,-0.8952858230807688,0.0,-0.880437650085443,-0.4167197046871375,-0.667039106359319,-0.4341437855995171,0.46371794539830546,0.21339854372612385,1.2173298374958414,-0.06887009922481412,-0.9493077493102571,-0.4855898039119516,45.56618499368749,1.4046584558551029e-06,0.00046440089354076114,3.020114669027294e-16,5.148303399130699e-15,3.885780586188048e-16,nan,nan,nan,0.0,-6.1539847025389815e-21,-1.817765227692288e-21,-3.1890747289846522e-21,0.0,-3.1361844317742673e-21,-1.4843866003760067e-21,-2.3760429379021894e-21,-1.5464524732860044e-21,1.6517978313982607e-21,7.601414938720773e-22,4.336219474846694e-21,-2.453204187515722e-22,-3.3815048505258398e-21,-1.729707019127579e-21,1.8338639844442514e-35,1.3841439627793052e-36
tip,259.0,20.0,28.516660498395403,3.0,3.57588091e-21,0.0,-1.7147111090249905,-0.5428928406231981,-0.9417252358619042,0.0,-0.8737793514084586,-0.4368696649418037,-0.6874700228645985,-0.4562414962120158,0.43690968646665496,0.1863093285438598,1.1718182684017924,-0.0686041915057994,-0.9423835429142581,-0.5054738564476031,41.443433858947564,1.38229788425973e-06,0.0004587795067780007,3.5399424935587523e-16,4.850671935970385e-15,3.885780586188048e-16,nan,nan,nan,0.0,-6.131602720927392e-21,-1.9413201449601665e-21,-3.3674972933838302e-21,0.0,-3.1245309022536887e-21,-1.562193895023492e-21,-2.4583109309587813e-21,-1.6314652566543846e-21,1.5623370072301967e-21,6.662199712949063e-22,4.190282575967226e-21,-2.453204187515722e-22,-3.369851321005261e-21,-1.8075143137750645e-21,1.734542517650924e-35,1.389508861859845e-36
tip,260.0,20.0,28.516660498395403,3.0,3.5896874e-21,0.0,-1.701924569432015,-0.5761979162688087,-0.9875519383073907,0.0,-0.867196259985227,-0.4566633252829786,-0.705983493833822,-0.47807601844127134,0.4105329347022484,0.16121276615140487,1.1257266531632064,-0.06834032923077708,-0.935536589216004,-0.5250036545137556,37.72121025624578,1.3603928387752672e-06,0.0004532525831332399,1.9735753166907382e-16,4.5578311647337215e-15,4.440892098500626e-16,nan,nan,nan,0.0,-6.10937718264053e-21,-2.068370399936398e-21,-3.545002749787618e-21,0.0,-3.1129634877960937e-21,-1.6392785848104098e-21,-2.5342600524232485e-21,-1.7161434596407994e-21,1.4736849029856839e-21,5.7870343537284455e-22,4.0410067827041324e-21,-2.453204187515722e-22,-3.3582839065476658e-21,-1.8845990035619817e-21,1.6361189103371966e-35,1.5941414410747258e-36
tip,261.0,20.0,28.516660498395403,3.0,3.60349389e-21,0.0,-1.6892790442385943,-0.6100765176744287,-1.0323966227544026,0.0,-0.8606872532035039,-0.47596438918898637,-0.7224471737793327,-0.4994914547609851,0.38472286401451755,0.13824007942417105,1.0792025265641656,-0.06807848888889671,-0.9287657420924006,-0.5440428780778831,34.35806406770013,1.3389324116403761e-06,0.00044781822561123857,2.620739058607061e-16,4.2712818172865046e-15,5.551115123125783e-16,nan,nan,nan,0.0,-6.0873067144188145e-21,-2.1984070038722807e-21,-3.7202349221521245e-21,0.0,-3.1014812581197093e-21,-1.7151347683000944e-21,-2.6033339765615934e-21,-1.7999144053384214e-21,1.386346489819615e-21,4.981472815581151e-22,3.888899710546533e-21,-2.4532041875157216e-22,-3.3468016768712814e-21,-1.9604551870516665e-21,1.5391537931060015e-35,2.0003409428870354e-36
tip,262.0,20.0,28.516660498395403,3.0,3.61730038e-21,0.0,-1.6767725410922876,-0.6443642200897015,-1.075891129656949,0.0,-0.8542512290117257,-0.4946429232795969,-0.736778404893838,-0.5203336266445617,0.35960830573212876,0.1174728241178872,1.032408321002586,-0.06781864732825207,-0.9220698763399777,-0.562461570607849,31.317086148064412,1.3179059873278584e-06,0.00044247457942050565,3.591366959966276e-16,3.99245420870252e-15,5.273559366969494e-16,nan,nan,nan,0.0,-6.065389950066698e-21,-2.330858938188881e-21,-3.891821392146712e-21,0.0,-3.0900832953195825e-21,-1.789272034343597e-21,-2.665148803998274e-21,-1.8822030253881513e-21,1.3008112609759856e-21,4.249344913213066e-22,3.7345310118778166e-21,-2.453204187515722e-22,-3.3354037140711546e-21,-2.034592453095169e-21,1.4441906126272225e-35,1.907604830209131e-36
tip,263.0,20.0,28.516660498395403,3.0,3.63110687e-21,0.0,-1.664403099973748,-0.6788840946204446,-1.1176789929830189,0.0,-0.8478871054814929,-0.5125790712068456,-0.7489481796966732,-0.5404539786843492,0.33530803427464734,0.09893892578481935,0.9855190053533034,-0.0675607817490572,-0.9154478872305502,-0.5801398529559029,28.5653843679249,1.2973032341276683e-06,0.0004372198310090094,2.462432349006557e-16,3.722666999935146e-15,4.3021142204224816e-16,nan,nan,nan,0.0,-6.0436255307639736e-21,-2.4651006999100266e-21,-4.058411869875321e-21,0.0,-3.0787686936982636e-21,-1.8612293868773965e-21,-2.7195108805705843e-21,-1.9624461549195737e-21,1.2175393068208673e-21,3.5925781312767766e-22,3.578524830853947e-21,-2.453204187515722e-22,-3.3240891124498357e-21,-2.1065498056289686e-21,1.3517401718186799e-35,1.5621436501300766e-36
tip,264.0,20.0,28.516660498395403,3.0,3.64491336e-21,0.0,-1.6521687926641295,-0.7134496899413101,-1.1574264778960748,0.0,-0.8415938203804076,-0.5296665009262611,-0.7589820431917607,-0.5597135057661821,0.3119273194541466,0.08261177718864685,0.9387191027228194,-0.06730486969697744,-0.9088986900773851,-0.5969713706232386,26.073623063332533,1.2771140959791415e-06,0.0004320522071194836,1.752097325999114e-16,3.4630889206760004e-15,3.3306690738754696e-16,nan,nan,nan,0.0,-6.022012105356556e-21,-2.600462306554939e-21,-4.2187192325011484e-21,0.0,-3.0675365595979882e-21,-1.9305885055705815e-21,-2.7664237892297458e-21,-2.0401072349395944e-21,1.1369480540274068e-21,3.0111277036824216e-22,3.421549798801617e-21,-2.4532041875157226e-22,-3.3128569783495607e-21,-2.175908924322154e-21,1.2622659073839935e-35,1.2140000205107527e-36
tip,265.0,20.0,28.516660498395403,3.0,3.65871985e-21,0.0,-1.640067722219246,-0.7478685673878489,-1.194833495504088,0.0,-0.835370330754972,-0.5458153422447372,-0.7669575476228758,-0.5779864941703117,0.28955498851023487,0.06841278313209556,0.892199154831397,-0.06705088905661148,-0.9024212198115835,-0.6128662313013487,23.815617873008417,1.2573287845453793e-06,0.00042696997386416517,5.728360872093474e-16,3.214706151391354e-15,6.38378239159465e-16,nan,nan,nan,0.0,-6.000548330627841e-21,-2.7362415726929853e-21,-4.371561027445693e-21,0.0,-3.0563860112342816e-21,-1.9969854271053635e-21,-2.806082803595136e-21,-2.1146906592528287e-21,1.0594005841289183e-21,2.503032076391432e-22,3.2643067579348555e-21,-2.453204187515722e-22,-3.3017064299858537e-21,-2.2423058458569356e-21,1.1761709208012651e-35,2.335647135420782e-36
tip,266.0,20.0,28.516660498395403,3.0,3.67252634e-21,0.0,-1.628098022450495,-0.7819462754906846,-1.2296436871508658,0.0,-0.829215612523317,-0.5609543872829084,-0.7729982142993773,-0.5951638588562422,0.2682612252404087,0.05621739822393948,0.8461517469598104,-0.06679881804512046,-0.8960144305684374,-0.6277532053280288,21.767979000835354,1.2379377715229462e-06,0.0004219714358188053,8.39593410371317e-17,2.9782978887605685e-15,3.885780586188048e-16,nan,nan,nan,0.0,-5.979232871551355e-21,-2.871718293204436e-21,-4.5158988298762744e-21,0.0,-3.0453161785311157e-21,-2.0601197628350423e-21,-2.8388563027874282e-21,-2.185754948265592e-21,9.851964156960738e-22,2.0645987574368698e-22,3.107514578346919e-21,-2.453204187515722e-22,-3.290636597282688e-21,-2.3054401815866144e-21,1.0937877444839579e-35,1.4270631554236248e-36
tip,267.0,20.0,28.516660498395403,3.0,3.68633283e-21,0.0,-1.6162578574126143,-0.8154906052248088,-1.2616529343771004,0.0,-0.823128660077507,-0.5750323722317165,-0.7772643779716433,-0.6111558701159969,0.2480962878457904,0.045864282105863234,0.8007672521878055,-0.06654863520600016,-0.8896772952835071,-0.6415810074377167,19.90979685328245,1.218931781180093e-06,0.0004170549351357412,3.463262876192895e-16,2.7544221109042688e-15,5.273559366969494e-16,nan,nan,nan,0.0,-5.958064401525579e-21,-3.006169790596782e-21,-4.6508726320601405e-21,0.0,-3.034326202957624e-21,-2.119760712070557e-21,-2.8652551941063972e-21,-2.2529239482558154e-21,9.145654908870671e-22,1.6907100885122518e-22,2.9518946109287967e-21,-2.453204187515722e-22,-3.2796466217091966e-21,-2.3650811308221294e-21,1.0153716655104307e-35,1.944009502541366e-36
tip,268.0,20.0,28.516660498395403,3.0,3.7001393200000004e-21,0.0,-1.6045454208982883,-0.8483159290644428,-1.2907155883816175,0.0,-0.8171084858951749,-0.5880182341536648,-0.7799417296324945,-0.6258940950153733,0.22909025174151015,0.03716675626268007,0.7562294918338456,-0.06630031940299269,-0.8834088052981677,-0.6543185535566576,18.222364789196565,1.2003017831169826e-06,0.0004122188506758385,3.3531465608388726e-16,2.5434127220059798e-15,4.163336342344337e-16,nan,nan,nan,0.0,-5.937041602591707e-21,-3.1388871249136757e-21,-4.7758274995077584e-21,0.0,-3.0234152373664026e-21,-2.1757493890689424e-21,-2.8858930611220024e-21,-2.315895351122199e-21,8.476658482974603e-22,1.3752217624439878e-22,2.798154477678031e-21,-2.453204187515722e-22,-3.2687356561179747e-21,-2.421069807820515e-21,9.410981419682557e-36,1.5404924502693264e-36
tip,269.0,20.0,28.516660498395403,3.0,3.71394581e-21,0.0,-1.5929589359396452,-0.880247400938175,-1.3167478357950437,0.0,-0.8111541201602686,-0.5999003351687062,-0.7812287482657043,-0.6393324315014919,0.21125378499156233,0.02992537189456407,0.7127115350014702,-0.066053849814134,-0.8772079699744025,-0.6659541849828402,16.68893440058533,1.1820389852414607e-06,0.00040746159715907004,5.183389097725386e-16,2.3453881613684484e-15,1.6653345369377348e-16,nan,nan,nan,0.0,-5.9161631656351036e-21,-3.2691911464777252e-21,-4.8903301075775704e-21,0.0,-3.012582445833466e-21,-2.227997336217412e-21,-2.9014412362729572e-21,-2.374446005172078e-21,7.845851096160538e-22,1.11141209560508e-22,2.6469720191573788e-21,-2.453204187515722e-22,-3.2579028645850382e-21,-2.473317754968984e-21,8.710644534737953e-36,6.1849622257081905e-37
tip,270.0,20.0,28.516660498395403,3.0,3.7277523000000004e-21,0.0,-1.581496654316655,-0.9111247855367979,-1.3397278260444816,0.0,-0.8052646103926575,-0.6106847552939645,-0.7813244271470225,-0.6514471814087441,0.19457985509869297,0.023940183245634936,0.6703718687798572,-0.06580920592593349,-0.871073816318591,-0.676493961219898,15.294499332542568,1.1641348269541118e-06,0.00040278162433349864,3.124092183916618e-16,2.160270352587956e-15,3.3306690738754696e-16,nan,nan,nan,0.0,-5.8954277905712166e-21,-3.396447514871805e-21,-4.9941734849113165e-21,0.0,-3.0018270034998333e-21,-2.2764815011220137e-21,-2.9125839303434962e-21,-2.4284337288249634e-21,7.253455023778195e-22,8.92430731563371e-23,2.4989802756994113e-21,-2.453204187515722e-22,-3.2471474222514057e-21,-2.521801919873586e-21,8.052952775481565e-36,1.2415909300678152e-36
tip,271.0,20.0,28.516660498395403,3.0,3.74155879e-21,0.0,-1.5701568560724382,-0.9408056979278718,-1.3596924656282017,0.0,-0.7994390210864042,-0.6203928565285723,-0.7804176793706522,-0.6622361854874608,0.1790461645578318,0.019021341715751476,0.6293511581445663,-0.06556636752768281,-0.865005388614087,-0.6859592240562552,14.025604161142718,1.1465809725364768e-06,0.0003981774161624128,3.28117400727389e-16,1.987811743629295e-15,5.065392549852277e-16,nan,nan,nan,0.0,-5.8748341865165956e-21,-3.520079828764114e-21,-5.0873692964679706e-21,0.0,-2.991148096414831e-21,-2.3212363455976886e-21,-2.9199786281206656e-21,-2.4777956208666794e-21,6.69911750817142e-22,7.116946829416362e-23,2.3547543577524824e-21,-2.453204187515722e-22,-3.2364685151664034e-21,-2.566556764349261e-21,7.437514502241415e-36,1.8952464019700298e-36
tip,272.0,20.0,28.516660498395403,3.0,3.7553652800000004e-21,0.0,-1.558937849035479,-0.9691680695363478,-1.3767311073462316,0.0,-0.7936764333564623,-0.6290583949188214,-0.7786795202093272,-0.6717171195517837,0.1646180384376409,0.014996913147134625,0.5897697794991312,-0.06532531470588986,-0.8590017480623522,-0.6943837096247113,12.8701752908696,1.129369304736483e-06,0.00039364749002936865,6.034516613233917e-16,1.8276273654209797e-15,5.134781488891349e-16,nan,nan,nan,0.0,-5.85438107194572e-21,-3.639580118821427e-21,-5.1701282004239915e-21,0.0,-2.9805449213810927e-21,-2.3623440553706707e-21,-2.924226034441166e-21,-2.522543148746378e-21,6.182008660104221e-22,5.63188869399249e-23,2.2148009531242935e-21,-2.453204187515722e-22,-3.2258653401326652e-21,-2.607664474122243e-21,6.86340835287982e-36,1.928298012376928e-36
tip,273.0,20.0,28.516660498395403,3.0,3.76917177e-21,0.0,-1.5478379683487833,-0.9961117126471661,-1.3909766863728574,0.0,-0.7879759445935939,-0.6367244880919839,-0.7762586095330348,-0.6799251158726152,0.15125145650161,0.01171733506055887,0.5517262557016172,-0.06508602783883533,-0.8530619724324292,-0.7018105159308192,11.817371217347482,1.1124919185452515e-06,0.0003891903959608592,3.0076314429829827e-16,1.6792284951617774e-15,4.996003610813204e-16,nan,nan,nan,0.0,-5.834067174834387e-21,-3.7545161470760505e-21,-5.242830059004718e-21,0.0,-2.970016685801258e-21,-2.399923965784007e-21,-2.9258520372713677e-21,-2.5627545524610402e-21,5.700927200172514e-22,4.4164648529889734e-23,2.079551027758337e-21,-2.453204187515722e-22,-3.2153371045528306e-21,-2.645244384535579e-21,6.329300639343353e-36,1.8830795772695197e-36
tip,274.0,20.0,28.516660498395403,3.0,3.7829782600000005e-21,0.0,-1.5368555760058853,-1.0215589277024495,-1.4025951315240686,0.0,-0.782336668127317,-0.6434407256049437,-0.7732801095849484,-0.6869099193027219,0.13889594252237325,0.009056558542368226,0.5152966483034358,-0.06484848759124832,-0.8471851557185652,-0.708289213196192,10.857449834809778,1.0959411151596322e-06,0.0003848047158663515,4.2601525114064823e-16,1.5420547341535112e-15,3.0531133177191805e-16,nan,nan,nan,0.0,-5.8138912327900425e-21,-3.8645352148072784e-21,-5.3059868901373926e-21,0.0,-2.9595626075264754e-21,-2.4341222765621275e-21,-2.9253018434502778e-21,-2.5985652913005518e-21,5.254403309643476e-22,3.426076407619629e-23,1.9493560179827638e-21,-2.453204187515722e-22,-3.204883026278047e-21,-2.6794426953136997e-21,5.833559535032813e-36,1.1549861306248134e-36
tip,275.0,20.0,28.516660498395403,3.0,3.79678475e-21,0.0,-1.5259890603937865,-1.045454177805507,-1.411774062397949,0.0,-0.7767577328966571,-0.6492606434620445,-0.7698472376146009,-0.6927328076252929,0.12749708943461252,0.006910495282055968,0.48053488258827937,-0.06461267490909833,-0.8413704078057553,-0.7138733183711428,9.98165075779514,1.079709396124941e-06,0.00038048906279540274,1.766088805352865e-16,1.4155020426299958e-15,3.0531133177191805e-16,nan,nan,nan,0.0,-5.793851993169958e-21,-3.969364479115738e-21,-5.3602022305580806e-21,0.0,-2.949181914706601e-21,-2.4651029098718776e-21,-2.9229442516047434e-21,-2.6301573598163957e-21,4.840790048347229e-22,2.623766310185705e-23,1.8244875140542197e-21,-2.453204187515722e-22,-3.1945023334581728e-21,-2.7104233286234497e-21,5.374356569051418e-36,1.1592014084738089e-36
tip,276.0,20.0,28.516660498395403,3.0,3.8105912400000005e-21,0.0,-1.51523683584271,-1.067762932998213,-1.4187118360655289,0.0,-0.7712382831285316,-0.6542396898249427,-0.7660445278276325,-0.6974634987717403,0.11699859330358889,0.005193755300898585,0.44747390284449695,-0.06437857101450015,-0.8356168541430318,-0.7186182608394429,9.182090878892192,1.063789457652542e-06,0.0003762420802115844,4.703015459012764e-16,1.2989453213439902e-15,4.649058915617843e-16,nan,nan,nan,0.0,-5.773948213187549e-21,-4.068808078879698e-21,-5.406130894595621e-21,0.0,-2.9388738456422228e-21,-2.4930400309072443e-21,-2.9190825671899133e-21,-2.6577482986393445e-21,4.458338147349785e-22,1.9791278452307715e-23,1.7051401343078513e-21,-2.453204187515722e-22,-3.184194264393795e-21,-2.7383604496588167e-21,4.9497496627523944e-36,1.7715663178097254e-36
tip,277.0,20.0,28.516660498395403,3.0,3.82439773e-21,0.0,-1.5045973421827306,-1.0884698526071062,-1.4236079157918105,0.0,-0.7657774780235567,-0.6584337107417229,-0.7619417425111082,-0.701177236811755,0.10734376728183384,0.003835735512447744,0.4161274895756244,-0.0641461574007294,-0.829923635424286,-0.7225798681424522,8.451671604075317,1.0481741851070237e-06,0.0003720624412829121,2.7528046282614776e-16,1.1917552198629647e-15,6.800116025829084e-16,nan,nan,nan,0.0,-5.7541786600076685e-21,-4.162741633484052e-21,-5.444442881564231e-21,0.0,-2.928637648638415e-21,-2.5181123887161217e-21,-2.9139682704517268e-21,-2.6815806327905483e-21,4.105252599222936e-22,1.4669378186685537e-23,1.5914370265236167e-21,-2.4532041875157226e-22,-3.173958067389987e-21,-2.763432807467694e-21,4.557745957559573e-36,2.600634829291737e-36
tip,278.0,20.0,28.516660498395403,3.0,3.8382042200000005e-21,0.0,-1.4940690443071654,-1.10757651824447,-1.4266553094011738,0.0,-0.7603744914491086,-0.6618979051261646,-0.7575975554860575,-0.7039522006388719,0.09847658632294395,0.002776935963050944,0.38649252606269546,-0.06391541582734547,-0.8242899072764541,-0.7258133209535101,7.7839963986397995,1.0328566476579128e-06,0.0003679488481885076,2.463499151418178e-16,1.0933097352221916e-15,3.469446951953614e-16,nan,nan,nan,0.0,-5.73454211083113e-21,-4.251104866298832e-21,-5.4757944290289914e-21,0.0,-2.918472581860323e-21,-2.540499332664405e-21,-2.9078141345282703e-21,-2.701912307170405e-21,3.7797324919591784e-22,1.0658447332051899e-23,1.483437244532298e-21,-2.453204187515722e-22,-3.1637930006118955e-21,-2.7858197514159773e-21,4.196346039496899e-36,1.33164459320545e-36
tip,279.0,20.0,28.516660498395403,3.0,3.85201071e-21,0.0,-1.483650431742752,-1.1250989470549606,-1.4280355019364805,0.0,-0.7550285116394493,-0.6646861502386254,-0.7530624600180346,-0.7058673229058156,0.09034236140082383,0.0019660516214143435,0.3585514846877913,-0.06368632831541951,-0.8187148399548688,-0.728372478554045,7.1732974437416654,1.0178300930909635e-06,0.00036390003144118885,2.8435004687985984e-16,1.003001697262016e-15,3.885780586188048e-16,nan,nan,nan,0.0,-5.715037352969205e-21,-4.333893193865431e-21,-5.500808047719549e-21,0.0,-2.9083779131905185e-21,-2.5603781695078545e-21,-2.900804661288416e-21,-2.71900848767223e-21,3.47999743682664e-22,7.573251902100917e-24,1.381144159103773e-21,-2.453204187515722e-22,-3.1536983319420907e-21,-2.8056985882594266e-21,3.863573280001464e-36,1.4968068434706439e-36
tip,280.0,20.0,28.516660498395403,3.0,3.8658172000000005e-21,0.0,-1.4733400182265441,-1.141065103026591,-1.4279159405726585,0.0,-0.7497387409027327,-0.6668505840896779,-0.7483807022388489,-0.7070005511543732,0.08288815681305489,0.001358038663883565,0.3322749151999531,-0.06345887714286443,-0.8131976180455972,-0.7303094612325424,6.614370349308576,1.0030879427742102e-06,0.0003599147492256977,3.415346245294937e-16,9.202434016259409e-16,5.134781488891349e-16,nan,nan,nan,0.0,-5.6956631839084886e-21,-4.411149101599968e-21,-5.520062003219962e-21,0.0,-2.898352920088128e-21,-2.5779224578039234e-21,-2.893102990863021e-21,-2.7331348910620563e-21,3.2043046228420485e-22,5.249929225106106e-24,1.2845140823085204e-21,-2.4532041875157216e-22,-3.1436733388397006e-21,-2.823242876555496e-21,3.5574927701920705e-36,1.9850126597997788e-36
tip,281.0,20.0,28.516660498395403,3.0,3.87962369e-21,0.0,-1.4631363412894713,-1.1555125868456995,-1.4264497816640231,0.0,-0.7445043953347499,-0.6684413424476116,-0.7435913195357198,-0.7074275359176156,0.0760630528871383,0.0009130757990299162,0.3076237544437719,-0.06323304483986492,-0.8077374401746148,-0.7316743872874765,6.102515996427385,9.886237867741265e-07,0.0003559917867522728,3.1573111966492975e-16,8.444695263858192e-16,3.3306690738754696e-16,nan,nan,nan,0.0,-5.676418411366559e-21,-4.482954006019758e-21,-5.534088365539072e-21,0.0,-2.888396889449821e-21,-2.5933008675351564e-21,-2.8848544989491385e-21,-2.7445526273043076e-21,2.9509602191466466e-22,3.542390500682142e-24,1.1934644053468003e-21,-2.453204187515722e-22,-3.1337173082013933e-21,-2.838621286286729e-21,3.2762239800495044e-36,1.2921742642557633e-36
tip,282.0,20.0,28.516660498395403,3.0,3.8934301800000006e-21,0.0,-1.453037961846531,-1.1684866291555482,-1.4237773377776595,0.0,-0.7393247045392082,-0.6695063745638637,-0.7387285299909535,-0.7072206968291558,0.06981832997534441,0.0005961745482543444,0.28455133269098276,-0.0630088141844044,-0.8023335187236126,-0.7325151887482682,5.6334886936397535,9.744313791173392e-07,0.00035212995562527375,3.3696897316210966e-16,7.751391747950412e-16,3.7470027081099033e-16,nan,nan,nan,0.0,-5.657301853338973e-21,-4.54942110688068e-21,-5.543377656503594e-21,0.0,-2.8785091174725364e-21,-2.606676324429332e-21,-2.876187953493814e-21,-2.7535144049552657e-21,2.7183279304320466e-22,2.321163978721331e-24,1.1078807464582931e-21,-2.453204187515722e-22,-3.123829536224109e-21,-2.851996743180904e-21,3.017950256847309e-36,1.4588693428296831e-36
tip,283.0,20.0,28.516660498395403,3.0,3.90723667e-21,0.0,-1.4430434637935705,-1.1800384480914898,-1.4200285075293793,0.0,-0.7341989113544072,-0.6700912926009724,-0.7338217735005881,-0.7064485992475902,0.0641076187534347,0.0003771378538191877,0.2630050157020807,-0.06278616819788707,-0.7969850795522943,-0.7328774607988595,5.203449928986809,9.605046331934735e-07,0.00034832809322655144,2.702750944476301e-16,7.117375439395468e-16,3.5041414214731503e-16,nan,nan,nan,0.0,-5.638312338138056e-21,-4.6106894963929605e-21,-5.548387457064162e-21,0.0,-2.868688909518019e-21,-2.618205270698219e-21,-2.8672153426659323e-21,-2.760261872450319e-21,2.5048363881979976e-22,1.4735668520874299e-24,1.0276228417450954e-21,-2.453204187515722e-22,-3.1140093282695913e-21,-2.8635256894497917e-21,2.7809270310963334e-36,1.3691509858845819e-36
tip,284.0,20.0,28.516660498395403,3.0,3.9210431600000006e-21,0.0,-1.4331514536105567,-1.1902239702131046,-1.4153254497958798,0.0,-0.7291262715861482,-0.6702392369515707,-0.7288956731629028,-0.7051755694601058,0.058887034634577486,0.00023059842324499227,0.24292748339745218,-0.06256509014085225,-0.7916913617270004,-0.7328043270924229,4.80892708493897,9.468376172948694e-07,0.0003445850621132885,7.700582179143066e-17,6.537774170320696e-16,6.036837696399289e-16,nan,nan,nan,0.0,-5.619448704423732e-21,-4.666919557272138e-21,-5.549552174096059e-21,0.0,-2.858935579979169e-21,-2.6280369756125762e-21,-2.858031393608996e-21,-2.7650238432306535e-21,2.308986043665932e-22,9.041863701715621e-25,9.525291471515936e-22,-2.453204187515722e-22,-3.1042559987307412e-21,-2.873357394364148e-21,2.5634894692160646e-36,2.367070115749659e-36
tip,285.0,20.0,28.516660498395403,3.0,3.93484965e-21,0.0,-1.4233605599713401,-1.1991028637347214,-1.4097848670795337,0.0,-0.7241060537467163,-0.6699907586360853,-0.7239701033453385,-0.703461482925158,0.0541152951106311,0.0001359504013773642,0.22425769623661873,-0.062345563508779095,-0.7864516172554954,-0.7323363221448643,4.4467765580963485,9.334245502889819e-07,0.00034089974942999975,4.280653579829171e-16,6.00800466162078e-16,4.85722573273506e-16,nan,nan,nan,0.0,-5.600709801227032e-21,-4.7182894836805665e-21,-5.5472914908031995e-21,0.0,-2.849248452148148e-21,-2.6363129021224347e-21,-2.848713507758869e-21,-2.768015169876539e-21,2.129355500257135e-22,5.34944389277081e-25,8.824203175464656e-22,-2.453204187515722e-22,-3.09456887089972e-21,-2.881633320874007e-21,2.3640595039976897e-36,1.9112452974423546e-36
tip,286.0,20.0,28.516660498395403,3.0,3.9486561400000006e-21,0.0,-1.413669433359793,-1.206737800660481,-1.4035194586468815,0.0,-0.7191375387997931,-0.6693837295882484,-0.7190604539421576,-0.7013616729817993,0.04975380921154471,7.708485763509515e-05,0.20693163269931203,-0.06212757202797916,-0.7812651108277723,-0.7315113016162276,4.1141507910983925,9.202597974194416e-07,0.00033727106633441576,2.8933707324935935e-16,5.523782454946415e-16,4.83554168928535e-16,nan,nan,nan,0.0,-5.5820944879664684e-21,-4.764992625948105e-21,-5.542015727995486e-21,0.0,-2.839626858086292e-21,-2.6431661738547373e-21,-2.8393224764898882e-21,-2.7694360763802542e-21,1.9646068423155461e-22,3.043815964018444e-25,8.171018620183634e-22,-2.453204187515722e-22,-3.084947276837864e-21,-2.8884865926063094e-21,2.1811517506748436e-36,1.9093891381622572e-36
tip,287.0,20.0,28.516660498395403,3.0,3.96246263e-21,0.0,-1.4040767456923002,-1.213193852626373,-1.3966383464524514,0.0,-0.7142200199111501,-0.668453293185414,-0.7141780954825805,-0.6989269227472319,0.04576672672573616,4.192442856926475e-05,0.1908828930659272,-0.06191109965157506,-0.7761311195627252,-0.7303643928369891,3.8084687817186915,9.073378662318363e-07,0.0003336979474369494,3.986906715491039e-16,5.081127377263978e-16,6.140921104957897e-16,nan,nan,nan,0.0,-5.563601634457754e-21,-4.807235303977731e-21,-5.534127255442832e-21,0.0,-2.8300701384957887e-21,-2.648721194147637e-21,-2.829904014514297e-21,-2.7694718124868034e-21,1.813489443481518e-22,1.6612398148981595e-25,7.563663304800228e-22,-2.453204187515722e-22,-3.075390557247361e-21,-2.894041612899209e-21,2.0133777350678426e-36,2.4333170392173977e-36
tip,288.0,20.0,28.516660498395403,3.0,3.976269120000001e-21,0.0,-1.3945811899465168,-1.2185379326041494,-1.389246515914686,0.0,-0.7093528022049727,-0.6672318634977641,-0.7093309919596424,-0.6962035171156449,0.04212093870720852,2.181024532984079e-05,0.17604325734236737,-0.06169613055556264,-0.7710489327605353,-0.7289279940533268,3.5273896846555934,8.946534026204293e-07,0.0003301793502534702,3.4150554936554976e-16,4.676363597156787e-16,3.707971429900425e-16,nan,nan,nan,0.0,-5.54523012091719e-21,-4.845234752962521e-21,-5.524018021299155e-21,0.0,-2.820577642593101e-21,-2.653093454706215e-21,-2.820490919188095e-21,-2.7682925463423306e-21,1.6748418788688597e-22,8.672340500467015e-26,6.999953679546687e-22,-2.453204187515722e-22,-3.0658980613446736e-21,-2.8984138734577874e-21,1.8594480165266655e-36,1.4743892294555308e-36
tip,289.0,20.0,28.516660498395403,3.0,3.99007561e-21,0.0,-1.3851814797963327,-1.2228382165861644,-1.3814435060542072,0.0,-0.7045352025256948,-0.6657491753533092,-0.7045243814780258,-0.693233342678413,0.03878602717238555,1.082104766875246e-05,0.16234326321016823,-0.061482649134955165,-0.76601785166065,-0.7272318244882644,3.2687891659508583,8.822011869920857e-07,0.00032671425467108986,4.491733556341333e-16,4.3061140400519394e-16,7.945033519973776e-16,nan,nan,nan,0.0,-5.526978837959055e-21,-4.879216942976352e-21,-5.5120640400997795e-21,0.0,-2.8111487279841855e-21,-2.6563895469548527e-21,-2.8111055511858066e-21,-2.766053452659908e-21,1.5475918102933286e-22,4.317679837773655e-26,6.4776189498270265e-22,-2.453204187515722e-22,-3.0564691467357576e-21,-2.9017099657064248e-21,1.7181720605089807e-36,3.1701284468679814e-36
tip,290.0,20.0,28.516660498395403,3.0,4.0038821e-21,0.0,-1.3758763492529704,-1.2261635094507466,-1.3733217006707976,0.0,-0.6997665492051901,-0.6640323809256228,-0.699761444835082,-0.6900540301415148,0.035734168279567324,5.104370107816055e-06,0.14971283980222383,-0.061270640000007044,-0.7610371892051971,-0.7253030209256298,3.0307382090420703,8.699761305438596e-07,0.0003233016624266923,2.8224995112711757e-16,3.9672896389805556e-16,3.2829641782861074e-16,nan,nan,nan,0.0,-5.508846686587316e-21,-4.909414127163025e-21,-5.498618174857365e-21,0.0,-2.8017827605414297e-21,-2.6587073638084826e-21,-2.801762323245322e-21,-2.7628949793164715e-21,1.430753967329474e-22,2.0437296106459774e-26,5.994325594242915e-22,-2.453204187515722e-22,-3.047103179293002e-21,-2.9040277825600547e-21,1.588455997102971e-36,1.3144601508380954e-36
tip,291.0,20.0,28.516660498395403,3.0,4.01768859e-21,0.0,-1.3666645523121508,-1.2285825504559393,-1.3649646040977226,0.0,-0.6950461818351945,-0.6621061837804254,-0.6950439001713414,-0.686699136654449,0.03293999805476915,2.2816638527737784e-06,0.13808200185621144,-0.06106008797251561,-0.7561062698077101,-0.723166271752941,2.811484105852041,8.579732716507367e-07,0.00031994059659792005,4.790120409207391e-16,3.6570744271512587e-16,6.522560269672795e-16,nan,nan,nan,0.0,-5.490832578181987e-21,-4.936062094839927e-21,-5.484002715637288e-21,0.0,-2.7924791142823266e-21,-2.6601364599430583e-21,-2.7924699472674976e-21,-2.758943286099431e-21,1.3234265433926823e-22,9.16701482750465e-27,5.5477048334205955e-22,-2.453204187515722e-22,-3.0377995330338987e-21,-2.9054568786946308e-21,1.46929861987464e-36,2.6205615973051713e-36
tip,292.0,20.0,28.516660498395403,3.0,4.03149508e-21,0.0,-1.3575448626072546,-1.2301632802195734,-1.3564454397420558,0.0,-0.6903734510448398,-0.6599929988698803,-0.6903724879039672,-0.6831983653429272,0.03038045217495956,9.631408725541656e-07,0.12738158238768116,-0.06085097808219878,-0.7512244291270386,-0.720843976952079,2.6094333966185577,8.461877723601676e-07,0.0003166301011063466,3.8177598874086474e-16,3.3729077503163516e-16,3.7470027081099033e-16,nan,nan,nan,0.0,-5.472935434480423e-21,-4.959397211801872e-21,-5.468503116608534e-21,0.0,-2.7832371712498927e-21,-2.660758527778368e-21,-2.7832332883522033e-21,-2.7543108485440537e-21,1.2247864347152476e-22,3.882897689049026e-27,5.135382226785512e-22,-2.453204187515722e-22,-3.0285575900014648e-21,-2.90607894652994e-21,1.359786100069424e-36,1.510602298249175e-36
tip,293.0,20.0,28.516660498395403,3.0,4.04530157e-21,0.0,-1.3485160730684078,-1.2309721085556786,-1.347826308942037,0.0,-0.6857477182831531,-0.6577131267676228,-0.6857473357546675,-0.679577817515788,0.028034591515530182,3.825284851494658e-07,0.1175439645127292,-0.060643295563146904,-0.7463910138462999,-0.7183564223307697,2.423136548879933,8.346149149901256e-07,0.00031336924023256586,4.932881950070656e-16,3.112464898650267e-16,7.320533068622126e-16,nan,nan,nan,0.0,-5.455154187553865e-21,-4.979653403366498e-21,-5.4523638836505276e-21,0.0,-2.774056321394757e-21,-2.660647944322674e-21,-2.774054773951674e-21,-2.7490972121337912e-21,1.1340837707208294e-22,1.5474430815448557e-27,4.755007841873677e-22,-2.453204187515722e-22,-3.019376740146329e-21,-2.905968363074246e-21,1.2590859141079817e-36,2.9613763915734005e-36
tip,294.0,20.0,28.516660498395403,3.0,4.05910806e-21,0.0,-1.3395769955874042,-1.2310732294908777,-1.339158020485208,0.0,-0.6811683556064283,-0.6552849319216935,-0.6811682132124088,-0.6758602707008667,0.025883423684734834,1.42394018821327e-07,0.10850376609652645,-0.06043702585034709,-0.7416053814567753,-0.7157219577720405,2.25127418959719,8.232500988275061e-07,0.0003101570981429287,2.7547996494187145e-16,2.873658909987809e-16,6.431487287184012e-16,nan,nan,nan,0.0,-5.437487779779417e-21,-4.997059268276652e-21,-5.435787114565153e-21,0.0,-2.7649359624589993e-21,-2.6598723487598973e-21,-2.764935384466287e-21,-2.74338987223567e-21,1.0506361369910206e-22,5.779927094934401e-28,4.404285115027653e-22,-2.453204187515722e-22,-3.0102563812105714e-21,-2.9051927675114694e-21,1.166449204322233e-36,2.610610188519616e-36
tip,295.0,20.0,28.516660498395403,3.0,4.07291455e-21,0.0,-1.330726460688417,-1.2305280268062688,-1.3304805761522298,0.0,-0.6766347454703219,-0.6527250171000127,-0.6766346959938533,-0.6720654737676963,0.02390972837030913,4.947646839838574e-08,0.10019843388214822,-0.060232154576278105,-0.7368669000465999,-0.7129571716762908,2.0926447251958735,8.12088836923794e-07,0.0003069927784276647,2.736327382106268e-16,2.6557548717349973e-16,3.0184188481996443e-16,nan,nan,nan,0.0,-5.4199351638078574e-21,-5.011835504562043e-21,-5.4189336971028006e-21,0.0,-2.755875499861621e-21,-2.658493219295641e-21,-2.755875298348192e-21,-2.7372652466610937e-21,9.738228056597984e-23,2.0151342802240049e-28,4.080996592458145e-22,-2.453204187515722e-22,-3.001195918613193e-21,-2.903813638047213e-21,1.0816662658322855e-36,1.2293762044826574e-36
tip,296.0,20.0,28.516660498395403,3.0,4.08672104e-21,0.0,-1.3219633172043928,-1.2293946029046898,-1.321824197705865,0.0,-0.6721462805265821,-0.6500483888039561,-0.672146264548962,-0.6682104494378694,0.02209789172262597,1.597761955032806e-08,0.09256871429970293,-0.060028667567574474,-0.7321749480941566,-0.7100770563715306,1.9461532026896715,8.011267529850265e-07,0.0003038754036501331,2.071332722226327e-16,2.4547935308952602e-16,5.655198531684391e-16,nan,nan,nan,0.0,-5.402495302527386e-21,-5.024192790153041e-21,-5.401926759945678e-21,0.0,-2.7468743465857253e-21,-2.6565664275432277e-21,-2.746874281289649e-21,-2.7307897028655974e-21,9.030791904249739e-23,6.529607398544102e-29,3.783025123743448e-22,-2.453204187515722e-22,-2.9921947653372978e-21,-2.9018868462948002e-21,1.003205637156555e-36,2.3111218824811708e-36
tip,297.0,20.0,28.516660498395403,3.0,4.1005275300000004e-21,0.0,-1.3132864319590762,-1.2277274489967738,-1.3132107193390925,0.0,-0.6677023634242802,-0.647268610727992,-0.6677023586505539,-0.6643097946131522,0.020433752696288256,4.7737259032884505e-09,0.08555898296230247,-0.05982655084175772,-0.7275289142660379,-0.7070951615697497,1.8108012812936158,7.903595783531431e-07,0.0003008041149069438,4.75249803498881e-16,2.2729999330954564e-16,3.9985376121265404e-16,nan,nan,nan,0.0,-5.3851671690236646e-21,-5.034330203947942e-21,-5.384856707341053e-21,0.0,-2.7379319230673266e-21,-2.654142757594985e-21,-2.7379319034925305e-21,-2.7240206012598764e-21,8.378916547234173e-23,1.9574794487108412e-29,3.5083696507572225e-22,-2.453204187515722e-22,-2.9832523418188987e-21,-2.899463176346557e-21,9.320498801346077e-37,1.639611355826534e-36
tip,298.0,20.0,28.516660498395403,3.0,4.11433402e-21,0.0,-1.3046946894545814,-1.2255772589583211,-1.3046551500757064,0.0,-0.6633024066154443,-0.6443979440965879,-0.6633024053021758,-0.6603759700324672,0.01890446251885638,1.3132684883142287e-09,0.0791174304962603,-0.0596257906040337,-0.722928197219478,-0.7040237347006216,1.6856781983081814,7.797831490759282e-07,0.0002977780713986992,4.431924258483586e-16,2.100325166286121e-16,5.585809592645319e-16,nan,nan,nan,0.0,-5.3679497465363194e-21,-5.042434210670571e-21,-5.367787068324685e-21,0.0,-2.7290476570857953e-21,-2.6512683838146498e-21,-2.7290476516825702e-21,-2.71700731949508e-21,7.777927327114569e-23,5.4032252188652036e-30,3.2551553586574923e-22,-2.453204187515722e-22,-2.9743680758373678e-21,-2.8965888025662223e-21,8.641439284713145e-37,2.2981886436262977e-36
tip,299.0,20.0,28.516660498395403,3.0,4.1281405100000004e-21,0.0,-1.296186991564416,-1.222990875598032,-1.296167227527427,0.0,-0.6589458321649913,-0.6414474748741384,-0.6589458318340062,-0.6564195725054235,0.017498357290852765,3.309848879348709e-10,0.07319611596638387,-0.059426373244153986,-0.7183722054091453,-0.7008738481182925,1.5699526257777612,7.693934030628337e-07,0.0002947964500111128,2.8427475218797654e-16,1.9447596247699272e-16,3.5735303605122226e-16,nan,nan,nan,0.0,-5.350842028412094e-21,-5.0486781769166074e-21,-5.350760439690359e-21,0.0,-2.7202209836559618e-21,-2.6479853060651384e-21,-2.720220982289609e-21,-2.709792228816521e-21,7.223567759082315e-23,1.366352124081751e-30,3.021638514954871e-22,-2.453204187515722e-22,-2.965541402407534e-21,-2.8933057248167106e-21,8.028240989225136e-37,1.4752035444945413e-36
tip,300.0,20.0,28.516660498395403,3.0,4.141947e-21,0.0,-1.28776225723192,-1.220011348354271,-1.2877528263790465,0.0,-0.6546320715648379,-0.6384272285111836,-0.6546320714888205,-0.6524495850159838,0.01620484305365435,7.601688506095328e-11,0.06775090887764912,-0.059228285333340146,-0.7138603568981781,-0.6976555138445237,1.4628653256982243,7.591863773240398e-07,0.0002918584449062604,6.0305887818578e-16,1.8120804041956585e-16,5.295243410419204e-16,nan,nan,nan,0.0,-5.333843018054979e-21,-5.053222344281928e-21,-5.333803955962213e-21,0.0,-2.711451344921766e-21,-2.6443317438502114e-21,-2.7114513446069057e-21,-2.702411601308199e-21,6.711960107155447e-23,3.1485790902756024e-31,2.8062067377305215e-22,-2.453204187515722e-22,-2.956771763673338e-21,-2.8896521626017835e-21,7.5055409939169955e-37,2.1932617558055588e-36
