geometry,temperature_K,exposure_s,state_index,p_previous_hold_end,p_hold_start,p_hold_mean,p_hold_end,p_eq
face,300.0,20.0,0,0.015625,0.015625,0.00041705633465864315,0.00019223105784124865,0.00019223105784124347
face,300.0,20.0,1,0.015625,0.015625,0.004964856548517805,0.004705610163759977,0.004705610163759857
face,300.0,20.0,2,0.015625,0.015625,0.0049648565485178675,0.004705610163760005,0.004705610163759857
face,300.0,20.0,3,0.015625,0.015625,0.11415368292020735,0.1151882909137794,0.11518829091377628
face,300.0,20.0,4,0.015625,0.015625,0.00011328958158803216,3.2080326312347357e-07,3.2080326312354393e-07
face,300.0,20.0,5,0.015625,0.015625,7.642057800939503e-05,7.85291987920159e-06,7.852919879201732e-06
face,300.0,20.0,6,0.015625,0.015625,7.642057800939559e-05,7.85291987920208e-06,7.852919879201732e-06
face,300.0,20.0,7,0.015625,0.015625,0.0002334169104937102,0.00019223105784124632,0.00019223105784124347
face,300.0,20.0,8,0.015625,0.015625,0.004964856548517829,0.0047056101637599655,0.004705610163759857
face,300.0,20.0,9,0.015625,0.015625,0.00041705633465863003,0.00019223105784125,0.00019223105784124347
face,300.0,20.0,10,0.015625,0.015625,0.11415368292020801,0.11518829091377919,0.11518829091377628
face,300.0,20.0,11,0.015625,0.015625,0.004964856548517661,0.004705610163759975,0.004705610163759857
face,300.0,20.0,12,0.015625,0.015625,7.642057800939549e-05,7.852919879201847e-06,7.852919879201732e-06
face,300.0,20.0,13,0.015625,0.015625,0.00011328958158803353,3.2080326312352254e-07,3.2080326312354393e-07
face,300.0,20.0,14,0.015625,0.015625,0.00023341691049370657,0.00019223105784124244,0.00019223105784124347
face,300.0,20.0,15,0.015625,0.015625,7.642057800939525e-05,7.852919879201694e-06,7.852919879201732e-06
face,300.0,20.0,16,0.015625,0.015625,0.004964856548517823,0.00470561016375998,0.004705610163759857
face,300.0,20.0,17,0.015625,0.015625,0.11415368292020717,0.1151882909137796,0.11518829091377628
face,300.0,20.0,18,0.015625,0.015625,0.0004170563346586279,0.00019223105784125038,0.00019223105784124347
face,300.0,20.0,19,0.015625,0.015625,0.004964856548517652,0.0047056101637599854,0.004705610163759857
face,300.0,20.0,20,0.015625,0.015625,7.642057800939541e-05,7.852919879201865e-06,7.852919879201732e-06
face,300.0,20.0,21,0.015625,0.015625,0.00023341691049370616,0.00019223105784124336,0.00019223105784124347
face,300.0,20.0,22,0.015625,0.015625,0.00011328958158803357,3.2080326312352524e-07,3.2080326312354393e-07
face,300.0,20.0,23,0.015625,0.015625,7.642057800939502e-05,7.852919879201721e-06,7.852919879201732e-06
face,300.0,20.0,24,0.015625,0.015625,0.11415368292020746,0.11518829091377918,0.11518829091377628
face,300.0,20.0,25,0.015625,0.015625,0.004964856548517643,0.004705610163759978,0.004705610163759857
face,300.0,20.0,26,0.015625,0.015625,0.004964856548517664,0.004705610163759971,0.004705610163759857
face,300.0,20.0,27,0.015625,0.015625,0.00041705633465860065,0.00019223105784124924,0.00019223105784124347
face,300.0,20.0,28,0.015625,0.015625,0.00023341691049370592,0.00019223105784124263,0.00019223105784124347
face,300.0,20.0,29,0.015625,0.015625,7.642057800939499e-05,7.852919879201701e-06,7.852919879201732e-06
face,300.0,20.0,30,0.015625,0.015625,7.6420578009395e-05,7.852919879201686e-06,7.852919879201732e-06
face,300.0,20.0,31,0.015625,0.015625,0.00011328958158803507,3.2080326312356976e-07,3.2080326312354393e-07
face,300.0,20.0,32,0.015625,0.015625,0.00011328958158803219,3.208032631235384e-07,3.2080326312354393e-07
face,300.0,20.0,33,0.015625,0.015625,7.642057800939537e-05,7.85291987920188e-06,7.852919879201732e-06
face,300.0,20.0,34,0.015625,0.015625,7.642057800939548e-05,7.852919879201925e-06,7.852919879201732e-06
face,300.0,20.0,35,0.015625,0.015625,0.00023341691049370657,0.00019223105784124314,0.00019223105784124347
face,300.0,20.0,36,0.015625,0.015625,0.000417056334658573,0.00019223105784123805,0.00019223105784124347
face,300.0,20.0,37,0.015625,0.015625,0.004964856548517634,0.0047056101637597495,0.004705610163759857
face,300.0,20.0,38,0.015625,0.015625,0.004964856548517626,0.004705610163759736,0.004705610163759857
face,300.0,20.0,39,0.015625,0.015625,0.11415368292020377,0.11518829091377361,0.11518829091377628
face,300.0,20.0,40,0.015625,0.015625,7.642057800939545e-05,7.852919879201865e-06,7.852919879201732e-06
face,300.0,20.0,41,0.015625,0.015625,0.0001132895815880335,3.2080326312352053e-07,3.2080326312354393e-07
face,300.0,20.0,42,0.015625,0.015625,0.0002334169104937059,0.00019223105784124239,0.00019223105784124347
face,300.0,20.0,43,0.015625,0.015625,7.642057800939502e-05,7.852919879201693e-06,7.852919879201732e-06
face,300.0,20.0,44,0.015625,0.015625,0.004964856548517624,0.004705610163759724,0.004705610163759857
face,300.0,20.0,45,0.015625,0.015625,0.0004170563346585963,0.0001922310578412382,0.00019223105784124347
face,300.0,20.0,46,0.015625,0.015625,0.11415368292020318,0.1151882909137728,0.11518829091377628
face,300.0,20.0,47,0.015625,0.015625,0.004964856548517663,0.004705610163759737,0.004705610163759857
face,300.0,20.0,48,0.015625,0.015625,7.642057800939544e-05,7.852919879201886e-06,7.852919879201732e-06
face,300.0,20.0,49,0.015625,0.015625,0.00023341691049370565,0.00019223105784124336,0.00019223105784124347
face,300.0,20.0,50,0.015625,0.015625,0.00011328958158803353,3.208032631235193e-07,3.2080326312354393e-07
face,300.0,20.0,51,0.015625,0.015625,7.642057800939503e-05,7.852919879201708e-06,7.852919879201732e-06
face,300.0,20.0,52,0.015625,0.015625,0.004964856548517623,0.0047056101637597365,0.004705610163759857
face,300.0,20.0,53,0.015625,0.015625,0.1141536829202034,0.11518829091377343,0.11518829091377628
face,300.0,20.0,54,0.015625,0.015625,0.00041705633465859615,0.00019223105784123816,0.00019223105784124347
face,300.0,20.0,55,0.015625,0.015625,0.004964856548517662,0.00470561016375975,0.004705610163759857
face,300.0,20.0,56,0.015625,0.015625,0.00023341691049370616,0.00019223105784124268,0.00019223105784124347
face,300.0,20.0,57,0.015625,0.015625,7.642057800939503e-05,7.852919879201706e-06,7.852919879201732e-06
face,300.0,20.0,58,0.015625,0.015625,7.642057800939502e-05,7.852919879201679e-06,7.852919879201732e-06
face,300.0,20.0,59,0.015625,0.015625,0.00011328958158803509,3.20803263123569e-07,3.2080326312354393e-07
face,300.0,20.0,60,0.015625,0.015625,0.11415368292020335,0.11518829091377304,0.11518829091377628
face,300.0,20.0,61,0.015625,0.015625,0.004964856548517657,0.004705610163759738,0.004705610163759857
face,300.0,20.0,62,0.015625,0.015625,0.004964856548517647,0.004705610163759725,0.004705610163759857
face,300.0,20.0,63,0.015625,0.015625,0.0004170563346586332,0.00019223105784123886,0.00019223105784124347
face,290.0,20.0,0,0.00019223105784124865,0.00015593647152924137,0.00015551792369378236,0.00015550866751144025,0.00015550866751144356
face,290.0,20.0,1,0.004705610163759977,0.004256082472614617,0.004250541744081349,0.004250464391319314,0.004250464391319417
face,290.0,20.0,2,0.004705610163760005,0.004256082472614587,0.004250541744081342,0.0042504643913193075,0.004250464391319417
face,290.0,20.0,3,0.1151882909137794,0.1161643264332648,0.11617630072594595,0.11617646675896283,0.11617646675896616
face,290.0,20.0,4,3.2080326312347357e-07,2.0932627599557306e-07,2.0818508363441258e-07,2.0815700757487253e-07,2.0815700757501586e-07
face,290.0,20.0,5,7.85291987920159e-06,5.713266595780503e-06,5.689756779129233e-06,5.689483182254406e-06,5.689483182254797e-06
face,290.0,20.0,6,7.85291987920208e-06,5.7132665957804545e-06,5.689756779129677e-06,5.689483182254852e-06,5.689483182254797e-06
face,290.0,20.0,7,0.00019223105784124632,0.00015593629051153247,0.00015551016355459465,0.00015550866751144892,0.00015550866751144356
face,290.0,20.0,8,0.0047056101637599655,0.0042560824726145885,0.004250541744081358,0.004250464391319336,0.004250464391319417
face,290.0,20.0,9,0.00019223105784125,0.00015593647152923907,0.00015551792369378146,0.00015550866751143935,0.00015550866751144356
face,290.0,20.0,10,0.11518829091377919,0.11616432643326394,0.11617630072594652,0.11617646675896388,0.11617646675896616
face,290.0,20.0,11,0.004705610163759975,0.004256082472614604,0.004250541744081345,0.004250464391319311,0.004250464391319417
face,290.0,20.0,12,7.852919879201847e-06,5.713266595780364e-06,5.689756779129712e-06,5.689483182254899e-06,5.689483182254797e-06
face,290.0,20.0,13,3.2080326312352254e-07,2.0932627599545747e-07,2.0818508363453948e-07,2.0815700757500207e-07,2.0815700757501586e-07
face,290.0,20.0,14,0.00019223105784124244,0.00015593629051153225,0.0001555101635545879,0.00015550866751144242,0.00015550866751144356
face,290.0,20.0,15,7.852919879201694e-06,5.71326659578042e-06,5.6897567791296225e-06,5.6894831822548e-06,5.689483182254797e-06
face,290.0,20.0,16,0.00470561016375998,0.0042560824726145955,0.004250541744081357,0.004250464391319334,0.004250464391319417
face,290.0,20.0,17,0.1151882909137796,0.11616432643326408,0.11617630072594648,0.11617646675896373,0.11617646675896616
face,290.0,20.0,18,0.00019223105784125038,0.00015593647152923977,0.00015551792369378133,0.00015550866751143922,0.00015550866751144356
face,290.0,20.0,19,0.0047056101637599854,0.004256082472614605,0.004250541744081346,0.004250464391319312,0.004250464391319417
face,290.0,20.0,20,7.852919879201865e-06,5.71326659578038e-06,5.689756779129714e-06,5.689483182254899e-06,5.689483182254797e-06
face,290.0,20.0,21,0.00019223105784124336,0.00015593629051153244,0.0001555101635545881,0.00015550866751144255,0.00015550866751144356
face,290.0,20.0,22,3.2080326312352524e-07,2.0932627599545707e-07,2.081850836345396e-07,2.0815700757500234e-07,2.0815700757501586e-07
face,290.0,20.0,23,7.852919879201721e-06,5.7132665957804045e-06,5.689756779129618e-06,5.689483182254794e-06,5.689483182254797e-06
face,290.0,20.0,24,0.11518829091377918,0.11616432643326392,0.11617630072594656,0.11617646675896405,0.11617646675896616
face,290.0,20.0,25,0.004705610163759978,0.004256082472614591,0.004250541744081356,0.004250464391319333,0.004250464391319417
face,290.0,20.0,26,0.004705610163759971,0.0042560824726145885,0.004250541744081356,0.0042504643913193335,0.004250464391319417
face,290.0,20.0,27,0.00019223105784124924,0.00015593647152924349,0.00015551792369378068,0.00015550866751143854,0.00015550866751144356
face,290.0,20.0,28,0.00019223105784124263,0.00015593629051153247,0.00015551016355458836,0.00015550866751144315,0.00015550866751144356
face,290.0,20.0,29,7.852919879201701e-06,5.713266595780413e-06,5.689756779129621e-06,5.689483182254807e-06,5.689483182254797e-06
face,290.0,20.0,30,7.852919879201686e-06,5.713266595780414e-06,5.6897567791296165e-06,5.689483182254804e-06,5.689483182254797e-06
face,290.0,20.0,31,3.2080326312356976e-07,2.0932627599547743e-07,2.0818508363456674e-07,2.0815700757502926e-07,2.0815700757501586e-07
face,290.0,20.0,32,3.208032631235384e-07,2.0932627599548418e-07,2.0818508363455856e-07,2.0815700757502131e-07,2.0815700757501586e-07
face,290.0,20.0,33,7.85291987920188e-06,5.713266595780387e-06,5.689756779129711e-06,5.689483182254886e-06,5.689483182254797e-06
face,290.0,20.0,34,7.852919879201925e-06,5.7132665957803546e-06,5.689756779129708e-06,5.689483182254886e-06,5.689483182254797e-06
face,290.0,20.0,35,0.00019223105784124314,0.00015593629051153322,0.0001555101635545882,0.00015550866751144242,0.00015550866751144356
face,290.0,20.0,36,0.00019223105784123805,0.00015593647152923647,0.0001555179236937834,0.0001555086675114466,0.00015550866751144356
face,290.0,20.0,37,0.0047056101637597495,0.004256082472614491,0.0042505417440814,0.004250464391319514,0.004250464391319417
face,290.0,20.0,38,0.004705610163759736,0.004256082472614485,0.004250541744081393,0.004250464391319507,0.004250464391319417
face,290.0,20.0,39,0.11518829091377361,0.1161643264332611,0.11617630072594781,0.11617646675896895,0.11617646675896616
face,290.0,20.0,40,7.852919879201865e-06,5.713266595780364e-06,5.6897567791297275e-06,5.689483182254916e-06,5.689483182254797e-06
face,290.0,20.0,41,3.2080326312352053e-07,2.0932627599545548e-07,2.0818508363453715e-07,2.081570075749997e-07,2.0815700757501586e-07
face,290.0,20.0,42,0.00019223105784124239,0.00015593629051153217,0.0001555101635545882,0.00015550866751144272,0.00015550866751144356
face,290.0,20.0,43,7.852919879201693e-06,5.713266595780414e-06,5.689756779129605e-06,5.689483182254782e-06,5.689483182254797e-06
face,290.0,20.0,44,0.004705610163759724,0.004256082472614479,0.004250541744081393,0.0042504643913195105,0.004250464391319417
face,290.0,20.0,45,0.0001922310578412382,0.00015593647152923693,0.00015551792369378347,0.00015550866751144667,0.00015550866751144356
face,290.0,20.0,46,0.1151882909137728,0.11616432643326095,0.11617630072594726,0.11617646675896837,0.11617646675896616
face,290.0,20.0,47,0.004705610163759737,0.004256082472614487,0.0042505417440813955,0.00425046439131951,0.004250464391319417
face,290.0,20.0,48,7.852919879201886e-06,5.713266595780363e-06,5.689756779129698e-06,5.689483182254883e-06,5.689483182254797e-06
face,290.0,20.0,49,0.00019223105784124336,0.00015593629051153236,0.0001555101635545883,0.00015550866751144277,0.00015550866751144356
face,290.0,20.0,50,3.208032631235193e-07,2.0932627599545548e-07,2.081850836345419e-07,2.0815700757500472e-07,2.0815700757501586e-07
face,290.0,20.0,51,7.852919879201708e-06,5.713266595780412e-06,5.689756779129607e-06,5.689483182254784e-06,5.689483182254797e-06
face,290.0,20.0,52,0.0047056101637597365,0.004256082472614484,0.004250541744081399,0.004250464391319516,0.004250464391319417
face,290.0,20.0,53,0.11518829091377343,0.11616432643326126,0.11617630072594755,0.11617646675896864,0.11617646675896616
face,290.0,20.0,54,0.00019223105784123816,0.00015593647152923698,0.00015551792369378347,0.00015550866751144667,0.00015550866751144356
face,290.0,20.0,55,0.00470561016375975,0.004256082472614493,0.004250541744081402,0.004250464391319516,0.004250464391319417
face,290.0,20.0,56,0.00019223105784124268,0.0001559362905115324,0.00015551016355458845,0.00015550866751144323,0.00015550866751144356
face,290.0,20.0,57,7.852919879201706e-06,5.713266595780408e-06,5.689756779129621e-06,5.689483182254807e-06,5.689483182254797e-06
face,290.0,20.0,58,7.852919879201679e-06,5.713266595780413e-06,5.6897567791296225e-06,5.689483182254809e-06,5.689483182254797e-06
face,290.0,20.0,59,3.20803263123569e-07,2.0932627599547986e-07,2.0818508363456637e-07,2.0815700757502886e-07,2.0815700757501586e-07
face,290.0,20.0,60,0.11518829091377304,0.11616432643326066,0.11617630072594777,0.11617646675896909,0.11617646675896616
face,290.0,20.0,61,0.004705610163759738,0.0042560824726144844,0.004250541744081401,0.004250464391319517,0.004250464391319417
face,290.0,20.0,62,0.004705610163759725,0.00425608247261448,0.004250541744081395,0.004250464391319512,0.004250464391319417
face,290.0,20.0,63,0.00019223105784123886,0.0001559364715292371,0.00015551792369378412,0.0001555086675114473,0.00015550866751144356
face,280.0,20.0,0,0.00015550866751144025,0.00012416997488050844,0.00012380482129382468,0.00012378829997831126,0.0001237882999783082
face,280.0,20.0,1,0.004250464391319314,0.003813273672892714,0.0038079267764365102,0.003807776457560904,0.003807776457560825
face,280.0,20.0,2,0.0042504643913193075,0.0038132736728927114,0.003807926776436501,0.0038077764575608934,0.003807776457560825
face,280.0,20.0,3,0.11617646675896283,0.11711691118651137,0.11712837064498795,0.117128691106473,0.11712869110647137
face,280.0,20.0,4,2.0815700757487253e-07,1.3166706364774552e-07,1.3086672886479493e-07,1.308265555326153e-07,1.3082655553275457e-07
face,280.0,20.0,5,5.689483182254406e-06,4.042471937313247e-06,4.024688843356458e-06,4.024275947473669e-06,4.024275947473957e-06
face,280.0,20.0,6,5.689483182254852e-06,4.042471937313182e-06,4.024688843356747e-06,4.024275947473964e-06,4.024275947473957e-06
face,280.0,20.0,7,0.00015550866751144892,0.00012415488188385776,0.00012379073643020434,0.00012378829997831148,0.0001237882999783082
face,280.0,20.0,8,0.004250464391319336,0.0038132736728927158,0.003807926776436525,0.003807776457560929,0.003807776457560825
face,280.0,20.0,9,0.00015550866751143935,0.00012416997488050785,0.00012380482129382397,0.00012378829997831056,0.0001237882999783082
face,280.0,20.0,10,0.11617646675896388,0.11711691118651138,0.11712837064498881,0.11712869110647431,0.11712869110647137
face,280.0,20.0,11,0.004250464391319311,0.003813273672892709,0.003807926776436497,0.0038077764575608886,0.003807776457560825
face,280.0,20.0,12,5.689483182254899e-06,4.042471937313343e-06,4.0246888433568085e-06,4.0242759474740274e-06,4.024275947473957e-06
face,280.0,20.0,13,2.0815700757500207e-07,1.3166706364773695e-07,1.3086672886493152e-07,1.3082655553275494e-07,1.3082655553275457e-07
face,280.0,20.0,14,0.00015550866751144242,0.00012415488188385405,0.00012379073643019998,0.00012378829997830741,0.0001237882999783082
face,280.0,20.0,15,5.6894831822548e-06,4.042471937313304e-06,4.02468884335676e-06,4.024275947473974e-06,4.024275947473957e-06
face,280.0,20.0,16,0.004250464391319334,0.0038132736728927114,0.003807926776436521,0.0038077764575609255,0.003807776457560825
face,280.0,20.0,17,0.11617646675896373,0.11711691118651137,0.11712837064498886,0.1171286911064744,0.11712869110647137
face,280.0,20.0,18,0.00015550866751143922,0.0001241699748805077,0.0001238048212938236,0.00012378829997831018,0.0001237882999783082
face,280.0,20.0,19,0.004250464391319312,0.0038132736728927106,0.0038079267764364972,0.00380777645756089,0.003807776457560825
face,280.0,20.0,20,5.689483182254899e-06,4.042471937313342e-06,4.024688843356811e-06,4.024275947474029e-06,4.024275947473957e-06
face,280.0,20.0,21,0.00015550866751144255,0.00012415488188385383,0.00012379073643019992,0.00012378829997830725,0.0001237882999783082
face,280.0,20.0,22,2.0815700757500234e-07,1.3166706364773883e-07,1.3086672886492982e-07,1.308265555327531e-07,1.3082655553275457e-07
face,280.0,20.0,23,5.689483182254794e-06,4.042471937313305e-06,4.024688843356753e-06,4.024275947473965e-06,4.024275947473957e-06
face,280.0,20.0,24,0.11617646675896405,0.11711691118651127,0.11712837064498895,0.11712869110647467,0.11712869110647137
face,280.0,20.0,25,0.004250464391319333,0.0038132736728927097,0.003807926776436511,0.003807776457560916,0.003807776457560825
face,280.0,20.0,26,0.0042504643913193335,0.003813273672892707,0.0038079267764365085,0.003807776457560913,0.003807776457560825
face,280.0,20.0,27,0.00015550866751143854,0.00012416997488051072,0.00012380482129382874,0.00012378829997831536,0.0001237882999783082
face,280.0,20.0,28,0.00015550866751144315,0.00012415488188385407,0.00012379073643020014,0.00012378829997830763,0.0001237882999783082
face,280.0,20.0,29,5.689483182254807e-06,4.042471937313304e-06,4.0246888433567636e-06,4.0242759474739825e-06,4.024275947473957e-06
face,280.0,20.0,30,5.689483182254804e-06,4.042471937313305e-06,4.0246888433567526e-06,4.024275947473971e-06,4.024275947473957e-06
face,280.0,20.0,31,2.0815700757502926e-07,1.3166706364772345e-07,1.3086672886491995e-07,1.3082655553274347e-07,1.3082655553275457e-07
face,280.0,20.0,32,2.0815700757502131e-07,1.3166706364772797e-07,1.30866728864926e-07,1.3082655553274956e-07,1.3082655553275457e-07
face,280.0,20.0,33,5.689483182254886e-06,4.042471937313317e-06,4.0246888433568305e-06,4.024275947474045e-06,4.024275947473957e-06
face,280.0,20.0,34,5.689483182254886e-06,4.042471937313307e-06,4.024688843356846e-06,4.024275947474061e-06,4.024275947473957e-06
face,280.0,20.0,35,0.00015550866751144242,0.0001241548818838542,0.00012379073643019976,0.00012378829997830693,0.0001237882999783082
face,280.0,20.0,36,0.0001555086675114466,0.00012416997488050947,0.00012380482129382197,0.00012378829997830506,0.0001237882999783082
face,280.0,20.0,37,0.004250464391319514,0.0038132736728927487,0.003807926776436434,0.0038077764575607242,0.003807776457560825
face,280.0,20.0,38,0.004250464391319507,0.0038132736728927487,0.0038079267764364404,0.0038077764575607347,0.003807776457560825
face,280.0,20.0,39,0.11617646675896895,0.11711691118651238,0.11712837064498632,0.11712869110646854,0.11712869110647137
face,280.0,20.0,40,5.689483182254916e-06,4.042471937313343e-06,4.024688843356808e-06,4.0242759474740274e-06,4.024275947473957e-06
face,280.0,20.0,41,2.081570075749997e-07,1.316670636477376e-07,1.3086672886493093e-07,1.3082655553275433e-07,1.3082655553275457e-07
face,280.0,20.0,42,0.00015550866751144272,0.000124154881883854,0.00012379073643020006,0.0001237882999783075,0.0001237882999783082
face,280.0,20.0,43,5.689483182254782e-06,4.0424719373133005e-06,4.02468884335675e-06,4.024275947473964e-06,4.024275947473957e-06
face,280.0,20.0,44,0.0042504643913195105,0.003813273672892751,0.0038079267764364396,0.003807776457560733,0.003807776457560825
face,280.0,20.0,45,0.00015550866751144667,0.00012416997488050972,0.00012380482129382232,0.00012378829997830544,0.0001237882999783082
face,280.0,20.0,46,0.11617646675896837,0.11711691118651245,0.11712837064498643,0.11712869110646872,0.11712869110647137
face,280.0,20.0,47,0.00425046439131951,0.003813273672892748,0.0038079267764364404,0.003807776457560735,0.003807776457560825
face,280.0,20.0,48,5.689483182254883e-06,4.042471937313342e-06,4.024688843356811e-06,4.024275947474029e-06,4.024275947473957e-06
face,280.0,20.0,49,0.00015550866751144277,0.00012415488188385413,0.0001237907364301999,0.0001237882999783072,0.0001237882999783082
face,280.0,20.0,50,2.0815700757500472e-07,1.3166706364773883e-07,1.3086672886493038e-07,1.3082655553275374e-07,1.3082655553275457e-07
face,280.0,20.0,51,5.689483182254784e-06,4.0424719373133e-06,4.0246888433567415e-06,4.024275947473953e-06,4.024275947473957e-06
face,280.0,20.0,52,0.004250464391319516,0.003813273672892749,0.003807926776436434,0.0038077764575607234,0.003807776457560825
face,280.0,20.0,53,0.11617646675896864,0.11711691118651238,0.11712837064498603,0.11712869110646808,0.11712869110647137
face,280.0,20.0,54,0.00015550866751144667,0.00012416997488050966,0.0001238048212938224,0.0001237882999783055,0.0001237882999783082
face,280.0,20.0,55,0.004250464391319516,0.0038132736728927474,0.003807926776436434,0.0038077764575607247,0.003807776457560825
face,280.0,20.0,56,0.00015550866751144323,0.000124154881883854,0.0001237907364302001,0.00012378829997830758,0.0001237882999783082
face,280.0,20.0,57,5.689483182254807e-06,4.042471937313301e-06,4.024688843356755e-06,4.024275947473974e-06,4.024275947473957e-06
face,280.0,20.0,58,5.689483182254809e-06,4.0424719373132955e-06,4.024688843356748e-06,4.0242759474739664e-06,4.024275947473957e-06
face,280.0,20.0,59,2.0815700757502886e-07,1.3166706364772472e-07,1.3086672886491942e-07,1.3082655553274295e-07,1.3082655553275457e-07
face,280.0,20.0,60,0.11617646675896909,0.11711691118651249,0.11712837064498628,0.11712869110646842,0.11712869110647137
face,280.0,20.0,61,0.004250464391319517,0.003813273672892749,0.0038079267764364335,0.003807776457560723,0.003807776457560825
face,280.0,20.0,62,0.004250464391319512,0.0038132736728927518,0.0038079267764364387,0.0038077764575607316,0.003807776457560825
face,280.0,20.0,63,0.0001555086675114473,0.00012416997488050934,0.0001238048212938218,0.0001237882999783049,0.0001237882999783082
face,270.0,20.0,0,0.00012378829997831126,9.72349012337092e-05,9.682804095781623e-05,9.678903102672531e-05,9.678903054586381e-05
face,270.0,20.0,1,0.003807776457560904,0.003386144418905693,0.003380441301340367,0.003380094130364947,0.0033800941294207442
face,270.0,20.0,2,0.0038077764575608934,0.003386144418905689,0.003380441301340373,0.0033800941303649555,0.0033800941294207442
face,270.0,20.0,3,0.117128691106473,0.1180277265252079,0.11803987235904957,0.11804061120439914,0.11804061120677106
face,270.0,20.0,4,1.308265555326153e-07,8.017012027627608e-08,7.944129197862817e-08,7.936350536594162e-08,7.936350327429331e-08
face,270.0,20.0,5,4.024275947473669e-06,2.7862966274545688e-06,2.7722597389230965e-06,2.7715548975705686e-06,2.7715548961985853e-06
face,270.0,20.0,6,4.024275947473964e-06,2.786296627454586e-06,2.7722597389232214e-06,2.771554897570695e-06,2.7715548961985853e-06
face,270.0,20.0,7,0.00012378829997831148,9.709697237138363e-05,9.67930365417687e-05,9.678903054357274e-05,9.678903054586381e-05
face,270.0,20.0,8,0.003807776457560929,0.0033861444189056946,0.003380441301340375,0.003380094130364957,0.0033800941294207442
face,270.0,20.0,9,0.00012378829997831056,9.723490123370858e-05,9.682804095781624e-05,9.678903102672534e-05,9.678903054586381e-05
face,270.0,20.0,10,0.11712869110647431,0.1180277265252081,0.11803987235904974,0.11804061120439928,0.11804061120677106
face,270.0,20.0,11,0.0038077764575608886,0.0033861444189056877,0.003380441301340371,0.003380094130364954,0.0033800941294207442
face,270.0,20.0,12,4.0242759474740274e-06,2.786296627454681e-06,2.7722597389231066e-06,2.7715548975705724e-06,2.7715548961985853e-06
face,270.0,20.0,13,1.3082655553275494e-07,8.017012027635483e-08,7.944129197862363e-08,7.936350536593271e-08,7.936350327429331e-08
face,270.0,20.0,14,0.00012378829997830741,9.709697237138405e-05,9.679303654176864e-05,9.678903054357259e-05,9.678903054586381e-05
face,270.0,20.0,15,4.024275947473974e-06,2.7862966274546878e-06,2.772259738923077e-06,2.771554897570544e-06,2.7715548961985853e-06
face,270.0,20.0,16,0.0038077764575609255,0.003386144418905695,0.0033804413013403724,0.0033800941303649525,0.0033800941294207442
face,270.0,20.0,17,0.1171286911064744,0.11802772652520821,0.11803987235904972,0.11804061120439914,0.11804061120677106
face,270.0,20.0,18,0.00012378829997831018,9.723490123370864e-05,9.68280409578161e-05,9.67890310267252e-05,9.678903054586381e-05
face,270.0,20.0,19,0.00380777645756089,0.0033861444189056886,0.0033804413013403707,0.003380094130364951,0.0033800941294207442
face,270.0,20.0,20,4.024275947474029e-06,2.7862966274546878e-06,2.772259738923109e-06,2.7715548975705733e-06,2.7715548961985853e-06
face,270.0,20.0,21,0.00012378829997830725,9.709697237138401e-05,9.679303654176888e-05,9.678903054357282e-05,9.678903054586381e-05
face,270.0,20.0,22,1.308265555327531e-07,8.017012027635707e-08,7.94412919786241e-08,7.936350536593333e-08,7.936350327429331e-08
face,270.0,20.0,23,4.024275947473965e-06,2.7862966274546873e-06,2.7722597389230812e-06,2.7715548975705483e-06,2.7715548961985853e-06
face,270.0,20.0,24,0.11712869110647467,0.11802772652520815,0.11803987235904982,0.11804061120439935,0.11804061120677106
face,270.0,20.0,25,0.003807776457560916,0.0033861444189056907,0.003380441301340374,0.0033800941303649547,0.0033800941294207442
face,270.0,20.0,26,0.003807776457560913,0.0033861444189056894,0.003380441301340373,0.003380094130364955,0.0033800941294207442
face,270.0,20.0,27,0.00012378829997831536,9.723490123371123e-05,9.682804095781651e-05,9.678903102672547e-05,9.678903054586381e-05
face,270.0,20.0,28,0.00012378829997830763,9.709697237138407e-05,9.679303654176874e-05,9.678903054357267e-05,9.678903054586381e-05
face,270.0,20.0,29,4.0242759474739825e-06,2.7862966274546742e-06,2.7722597389230774e-06,2.7715548975705424e-06,2.7715548961985853e-06
face,270.0,20.0,30,4.024275947473971e-06,2.786296627454678e-06,2.772259738923077e-06,2.771554897570544e-06,2.7715548961985853e-06
face,270.0,20.0,31,1.3082655553274347e-07,8.017012027634665e-08,7.94412919786194e-08,7.936350536592916e-08,7.936350327429331e-08
face,270.0,20.0,32,1.3082655553274956e-07,8.017012027634113e-08,7.944129197861691e-08,7.936350536592599e-08,7.936350327429331e-08
face,270.0,20.0,33,4.024275947474045e-06,2.786296627454718e-06,2.7722597389231486e-06,2.771554897570615e-06,2.7715548961985853e-06
face,270.0,20.0,34,4.024275947474061e-06,2.7862966274547123e-06,2.7722597389230905e-06,2.771554897570556e-06,2.7715548961985853e-06
face,270.0,20.0,35,0.00012378829997830693,9.70969723713837e-05,9.679303654176887e-05,9.678903054357293e-05,9.678903054586381e-05
face,270.0,20.0,36,0.00012378829997830506,9.72349012337095e-05,9.68280409578163e-05,9.678903102672525e-05,9.678903054586381e-05
face,270.0,20.0,37,0.0038077764575607242,0.0033861444189057072,0.0033804413013403816,0.0033800941303649607,0.0033800941294207442
face,270.0,20.0,38,0.0038077764575607347,0.0033861444189057077,0.0033804413013403816,0.0033800941303649603,0.0033800941294207442
face,270.0,20.0,39,0.11712869110646854,0.11802772652520847,0.11803987235905002,0.11804061120439949,0.11804061120677106
face,270.0,20.0,40,4.0242759474740274e-06,2.786296627454681e-06,2.7722597389231062e-06,2.7715548975705724e-06,2.7715548961985853e-06
face,270.0,20.0,41,1.3082655553275433e-07,8.017012027635246e-08,7.944129197862347e-08,7.936350536593271e-08,7.936350327429331e-08
face,270.0,20.0,42,0.0001237882999783075,9.709697237138405e-05,9.679303654176874e-05,9.678903054357267e-05,9.678903054586381e-05
face,270.0,20.0,43,4.024275947473964e-06,2.7862966274546776e-06,2.7722597389230728e-06,2.771554897570541e-06,2.7715548961985853e-06
face,270.0,20.0,44,0.003807776457560733,0.0033861444189057103,0.003380441301340381,0.003380094130364957,0.0033800941294207442
face,270.0,20.0,45,0.00012378829997830544,9.723490123370969e-05,9.682804095781643e-05,9.678903102672535e-05,9.678903054586381e-05
face,270.0,20.0,46,0.11712869110646872,0.11802772652520863,0.11803987235904997,0.11804061120439928,0.11804061120677106
face,270.0,20.0,47,0.003807776457560735,0.003386144418905708,0.003380441301340382,0.0033800941303649603,0.0033800941294207442
face,270.0,20.0,48,4.024275947474029e-06,2.786296627454687e-06,2.772259738923097e-06,2.771554897570562e-06,2.7715548961985853e-06
face,270.0,20.0,49,0.0001237882999783072,9.709697237138403e-05,9.679303654176867e-05,9.67890305435726e-05,9.678903054586381e-05
face,270.0,20.0,50,1.3082655553275374e-07,8.017012027635385e-08,7.944129197862211e-08,7.936350536593137e-08,7.936350327429331e-08
face,270.0,20.0,51,4.024275947473953e-06,2.78629662745468e-06,2.7722597389230702e-06,2.7715548975705364e-06,2.7715548961985853e-06
face,270.0,20.0,52,0.0038077764575607234,0.0033861444189057103,0.0033804413013403824,0.003380094130364959,0.0033800941294207442
face,270.0,20.0,53,0.11712869110646808,0.11802772652520861,0.11803987235904999,0.11804061120439935,0.11804061120677106
face,270.0,20.0,54,0.0001237882999783055,9.723490123370973e-05,9.682804095781645e-05,9.678903102672538e-05,9.678903054586381e-05
face,270.0,20.0,55,0.0038077764575607247,0.0033861444189057085,0.003380441301340381,0.0033800941303649603,0.0033800941294207442
face,270.0,20.0,56,0.00012378829997830758,9.709697237138403e-05,9.679303654176882e-05,9.678903054357276e-05,9.678903054586381e-05
face,270.0,20.0,57,4.024275947473974e-06,2.786296627454676e-06,2.772259738923073e-06,2.771554897570538e-06,2.7715548961985853e-06
face,270.0,20.0,58,4.0242759474739664e-06,2.786296627454678e-06,2.772259738923077e-06,2.7715548975705432e-06,2.7715548961985853e-06
face,270.0,20.0,59,1.3082655553274295e-07,8.017012027634868e-08,7.944129197862134e-08,7.936350536593141e-08,7.936350327429331e-08
face,270.0,20.0,60,0.11712869110646842,0.11802772652520864,0.11803987235904997,0.11804061120439928,0.11804061120677106
face,270.0,20.0,61,0.003807776457560723,0.003386144418905711,0.003380441301340383,0.003380094130364959,0.0033800941294207442
face,270.0,20.0,62,0.0038077764575607316,0.003386144418905712,0.0033804413013403816,0.003380094130364957,0.0033800941294207442
face,270.0,20.0,63,0.0001237882999783049,9.723490123370959e-05,9.682804095781638e-05,9.678903102672534e-05,9.678903054586381e-05
face,260.0,20.0,0,9.678903102672531e-05,7.490733426527967e-05,7.431929056789118e-05,7.418513984949724e-05,7.418311404940991e-05
face,260.0,20.0,1,0.003380094130364947,0.00297925893278354,0.0029711866759881437,0.0029700145819776336,0.0029700093536725097
face,260.0,20.0,2,0.0033800941303649555,0.002979258932783557,0.002971186675988164,0.0029700145819776544,0.0029700093536725097
face,260.0,20.0,3,0.11804061120439914,0.11888835331085829,0.11890536216742183,0.11890785049144184,0.11890786298114932
face,260.0,20.0,4,7.936350536594162e-08,4.729933125155258e-08,4.649397343477529e-08,4.628577628293663e-08,4.628066027004611e-08
face,260.0,20.0,5,2.7715548975705686e-06,1.8684409280719446e-06,1.8545825651090347e-06,1.8529070694020865e-06,1.8529013732778182e-06
face,260.0,20.0,6,2.771554897570695e-06,1.8684409280718932e-06,1.854582565108948e-06,1.8529070694020037e-06,1.8529013732778182e-06
face,260.0,20.0,7,9.678903054357274e-05,7.443730812188545e-05,7.418953093025762e-05,7.418310483829037e-05,7.418311404940991e-05
face,260.0,20.0,8,0.003380094130364957,0.0029792589327835434,0.0029711866759881697,0.0029700145819776627,0.0029700093536725097
face,260.0,20.0,9,9.678903102672534e-05,7.490733426527868e-05,7.431929056789104e-05,7.418513984949732e-05,7.418311404940991e-05
face,260.0,20.0,10,0.11804061120439928,0.11888835331085844,0.11890536216742192,0.11890785049144194,0.11890786298114932
face,260.0,20.0,11,0.003380094130364954,0.0029792589327835416,0.0029711866759881537,0.0029700145819776444,0.0029700093536725097
face,260.0,20.0,12,2.7715548975705724e-06,1.8684409280718896e-06,1.854582565108995e-06,1.8529070694020554e-06,1.8529013732778182e-06
face,260.0,20.0,13,7.936350536593271e-08,4.729933125154896e-08,4.64939734348002e-08,4.628577628296951e-08,4.628066027004611e-08
face,260.0,20.0,14,9.678903054357259e-05,7.443730812188695e-05,7.418953093025812e-05,7.418310483829082e-05,7.418311404940991e-05
face,260.0,20.0,15,2.771554897570544e-06,1.8684409280718479e-06,1.8545825651090241e-06,1.8529070694020842e-06,1.8529013732778182e-06
face,260.0,20.0,16,0.0033800941303649525,0.0029792589327835455,0.0029711866759881546,0.0029700145819776444,0.0029700093536725097
face,260.0,20.0,17,0.11804061120439914,0.11888835331085845,0.11890536216742197,0.11890785049144197,0.11890786298114932
face,260.0,20.0,18,9.67890310267252e-05,7.49073342652786e-05,7.431929056789027e-05,7.418513984949644e-05,7.418311404940991e-05
face,260.0,20.0,19,0.003380094130364951,0.0029792589327835425,0.0029711866759881546,0.002970014581977645,0.0029700093536725097
face,260.0,20.0,20,2.7715548975705733e-06,1.8684409280718525e-06,1.854582565108986e-06,1.8529070694020463e-06,1.8529013732778182e-06
face,260.0,20.0,21,9.678903054357282e-05,7.443730812188692e-05,7.418953093025801e-05,7.418310483829072e-05,7.418311404940991e-05
face,260.0,20.0,22,7.936350536593333e-08,4.7299331251546447e-08,4.649397343479908e-08,4.6285776282968584e-08,4.628066027004611e-08
face,260.0,20.0,23,2.7715548975705483e-06,1.868440928071848e-06,1.8545825651090144e-06,1.8529070694020738e-06,1.8529013732778182e-06
face,260.0,20.0,24,0.11804061120439935,0.11888835331085845,0.11890536216742192,0.11890785049144194,0.11890786298114932
face,260.0,20.0,25,0.0033800941303649547,0.0029792589327835447,0.002971186675988157,0.0029700145819776475,0.0029700093536725097
face,260.0,20.0,26,0.003380094130364955,0.0029792589327835442,0.0029711866759881567,0.002970014581977647,0.0029700093536725097
face,260.0,20.0,27,9.678903102672547e-05,7.490733426528034e-05,7.431929056789265e-05,7.418513984949893e-05,7.418311404940991e-05
face,260.0,20.0,28,9.678903054357267e-05,7.443730812188699e-05,7.418953093025805e-05,7.418310483829078e-05,7.418311404940991e-05
face,260.0,20.0,29,2.7715548975705424e-06,1.8684409280718487e-06,1.854582565109014e-06,1.8529070694020738e-06,1.8529013732778182e-06
face,260.0,20.0,30,2.771554897570544e-06,1.8684409280718428e-06,1.8545825651090226e-06,1.8529070694020823e-06,1.8529013732778182e-06
face,260.0,20.0,31,7.936350536592916e-08,4.729933125154665e-08,4.649397343478984e-08,4.628577628295676e-08,4.628066027004611e-08
face,260.0,20.0,32,7.936350536592599e-08,4.7299331251539505e-08,4.649397343475342e-08,4.628577628291425e-08,4.628066027004611e-08
face,260.0,20.0,33,2.771554897570615e-06,1.868440928071879e-06,1.8545825651090175e-06,1.852907069402077e-06,1.8529013732778182e-06
face,260.0,20.0,34,2.771554897570556e-06,1.8684409280718754e-06,1.8545825651090203e-06,1.8529070694020793e-06,1.8529013732778182e-06
face,260.0,20.0,35,9.678903054357293e-05,7.443730812188714e-05,7.418953093025811e-05,7.418310483829079e-05,7.418311404940991e-05
face,260.0,20.0,36,9.678903102672525e-05,7.490733426527954e-05,7.43192905678913e-05,7.418513984949735e-05,7.418311404940991e-05
face,260.0,20.0,37,0.0033800941303649607,0.0029792589327835425,0.0029711866759881576,0.002970014581977646,0.0029700093536725097
face,260.0,20.0,38,0.0033800941303649603,0.0029792589327835425,0.0029711866759881576,0.0029700145819776466,0.0029700093536725097
face,260.0,20.0,39,0.11804061120439949,0.11888835331085844,0.11890536216742187,0.11890785049144172,0.11890786298114932
face,260.0,20.0,40,2.7715548975705724e-06,1.8684409280718883e-06,1.8545825651089974e-06,1.8529070694020554e-06,1.8529013732778182e-06
face,260.0,20.0,41,7.936350536593271e-08,4.729933125154674e-08,4.649397343479967e-08,4.628577628296854e-08,4.628066027004611e-08
face,260.0,20.0,42,9.678903054357267e-05,7.4437308121887e-05,7.41895309302581e-05,7.418310483829079e-05,7.418311404940991e-05
face,260.0,20.0,43,2.771554897570541e-06,1.8684409280718494e-06,1.8545825651090129e-06,1.8529070694020734e-06,1.8529013732778182e-06
face,260.0,20.0,44,0.003380094130364957,0.00297925893278354,0.002971186675988157,0.0029700145819776484,0.0029700093536725097
face,260.0,20.0,45,9.678903102672535e-05,7.490733426527954e-05,7.431929056789133e-05,7.418513984949733e-05,7.418311404940991e-05
face,260.0,20.0,46,0.11804061120439928,0.11888835331085829,0.11890536216742185,0.11890785049144181,0.11890786298114932
face,260.0,20.0,47,0.0033800941303649603,0.002979258932783544,0.002971186675988157,0.002970014581977646,0.0029700093536725097
face,260.0,20.0,48,2.771554897570562e-06,1.8684409280718525e-06,1.8545825651089957e-06,1.8529070694020558e-06,1.8529013732778182e-06
face,260.0,20.0,49,9.67890305435726e-05,7.443730812188697e-05,7.418953093025796e-05,7.418310483829065e-05,7.418311404940991e-05
face,260.0,20.0,50,7.936350536593137e-08,4.729933125154709e-08,4.649397343480088e-08,4.6285776282970636e-08,4.628066027004611e-08
face,260.0,20.0,51,2.7715548975705364e-06,1.8684409280718504e-06,1.8545825651090175e-06,1.8529070694020772e-06,1.8529013732778182e-06
face,260.0,20.0,52,0.003380094130364959,0.00297925893278354,0.0029711866759881554,0.0029700145819776466,0.0029700093536725097
face,260.0,20.0,53,0.11804061120439935,0.1188883533108582,0.11890536216742172,0.11890785049144169,0.11890786298114932
face,260.0,20.0,54,9.678903102672538e-05,7.490733426527952e-05,7.43192905678913e-05,7.418513984949731e-05,7.418311404940991e-05
face,260.0,20.0,55,0.0033800941303649603,0.0029792589327835434,0.002971186675988156,0.0029700145819776444,0.0029700093536725097
face,260.0,20.0,56,9.678903054357276e-05,7.443730812188692e-05,7.418953093025793e-05,7.418310483829064e-05,7.418311404940991e-05
face,260.0,20.0,57,2.771554897570538e-06,1.8684409280718479e-06,1.8545825651090175e-06,1.8529070694020791e-06,1.8529013732778182e-06
face,260.0,20.0,58,2.7715548975705432e-06,1.868440928071847e-06,1.8545825651090228e-06,1.852907069402085e-06,1.8529013732778182e-06
face,260.0,20.0,59,7.936350536593141e-08,4.729933125154945e-08,4.649397343478927e-08,4.6285776282955985e-08,4.628066027004611e-08
face,260.0,20.0,60,0.11804061120439928,0.11888835331085826,0.11890536216742185,0.11890785049144184,0.11890786298114932
face,260.0,20.0,61,0.003380094130364959,0.0029792589327835403,0.0029711866759881554,0.0029700145819776457,0.0029700093536725097
face,260.0,20.0,62,0.003380094130364957,0.002979258932783541,0.0029711866759881567,0.0029700145819776475,0.0029700093536725097
face,260.0,20.0,63,9.678903102672534e-05,7.490733426527944e-05,7.431929056789108e-05,7.418513984949708e-05,7.418311404940991e-05
face,250.0,20.0,0,7.418513984949724e-05,5.694110368988162e-05,5.6147083643475355e-05,5.573583953163146e-05,5.560160159619305e-05
face,250.0,20.0,1,0.0029700145819776336,0.0025984836511562274,0.0025854019179500734,0.002580783426150387,0.002580109683774703
face,250.0,20.0,2,0.0029700145819776544,0.0025984836511562556,0.0025854019179501132,0.0025807834261504245,0.002580109683774703
face,250.0,20.0,3,0.11890785049144184,0.11968777725429162,0.11971500170748767,0.11972467294515395,0.11972615516823157
face,250.0,20.0,4,4.628577628293663e-08,2.7235356704210073e-08,2.6447739160283207e-08,2.6008389208593995e-08,2.582174375947969e-08
face,250.0,20.0,5,1.8529070694020865e-06,1.2200724650134159e-06,1.2036456591607666e-06,1.1987852094426527e-06,1.1982196413986768e-06
face,250.0,20.0,6,1.8529070694020037e-06,1.2200724650134519e-06,1.2036456591606078e-06,1.1987852094424533e-06,1.1982196413986768e-06
face,250.0,20.0,7,7.418310483829037e-05,5.584695941932948e-05,5.5613633911241313e-05,5.560078420557003e-05,5.560160159619305e-05
face,250.0,20.0,8,0.0029700145819776627,0.00259848365115624,0.0025854019179500907,0.0025807834261504046,0.002580109683774703
face,250.0,20.0,9,7.418513984949732e-05,5.694110368988088e-05,5.614708364347375e-05,5.57358395316297e-05,5.560160159619305e-05
face,250.0,20.0,10,0.11890785049144194,0.11968777725429172,0.11971500170748771,0.11972467294515389,0.11972615516823157
face,250.0,20.0,11,0.0029700145819776444,0.0025984836511562404,0.002585401917950091,0.0025807834261504033,0.002580109683774703
face,250.0,20.0,12,1.8529070694020554e-06,1.220072465013424e-06,1.2036456591606624e-06,1.1987852094425257e-06,1.1982196413986768e-06
face,250.0,20.0,13,4.628577628296951e-08,2.7235356704211426e-08,2.644773916028366e-08,2.6008389208587358e-08,2.582174375947969e-08
face,250.0,20.0,14,7.418310483829082e-05,5.584695941933079e-05,5.56136339112414e-05,5.560078420557005e-05,5.560160159619305e-05
face,250.0,20.0,15,1.8529070694020842e-06,1.2200724650134083e-06,1.2036456591606548e-06,1.198785209442514e-06,1.1982196413986768e-06
face,250.0,20.0,16,0.0029700145819776444,0.002598483651156239,0.002585401917950086,0.002580783426150398,0.002580109683774703
face,250.0,20.0,17,0.11890785049144197,0.11968777725429182,0.11971500170748771,0.11972467294515383,0.11972615516823157
face,250.0,20.0,18,7.418513984949644e-05,5.694110368988105e-05,5.614708364347372e-05,5.573583953162962e-05,5.560160159619305e-05
face,250.0,20.0,19,0.002970014581977645,0.0025984836511562426,0.0025854019179500933,0.0025807834261504046,0.002580109683774703
face,250.0,20.0,20,1.8529070694020463e-06,1.2200724650134438e-06,1.2036456591606459e-06,1.198785209442503e-06,1.1982196413986768e-06
face,250.0,20.0,21,7.418310483829072e-05,5.584695941933096e-05,5.561363391124123e-05,5.5600784205569856e-05,5.560160159619305e-05
face,250.0,20.0,22,4.6285776282968584e-08,2.723535670421401e-08,2.6447739160280666e-08,2.6008389208587086e-08,2.582174375947969e-08
face,250.0,20.0,23,1.8529070694020738e-06,1.2200724650134063e-06,1.2036456591606594e-06,1.198785209442521e-06,1.1982196413986768e-06
face,250.0,20.0,24,0.11890785049144194,0.11968777725429178,0.11971500170748774,0.1197246729451539,0.11972615516823157
face,250.0,20.0,25,0.0029700145819776475,0.002598483651156243,0.002585401917950093,0.0025807834261504037,0.002580109683774703
face,250.0,20.0,26,0.002970014581977647,0.0025984836511562413,0.0025854019179500907,0.0025807834261504024,0.002580109683774703
face,250.0,20.0,27,7.418513984949893e-05,5.6941103689881086e-05,5.6147083643474894e-05,5.573583953163121e-05,5.560160159619305e-05
face,250.0,20.0,28,7.418310483829078e-05,5.584695941933088e-05,5.5613633911241185e-05,5.560078420556979e-05,5.560160159619305e-05
face,250.0,20.0,29,1.8529070694020738e-06,1.2200724650134116e-06,1.2036456591606577e-06,1.1987852094425155e-06,1.1982196413986768e-06
face,250.0,20.0,30,1.8529070694020823e-06,1.2200724650134207e-06,1.2036456591606639e-06,1.1987852094425214e-06,1.1982196413986768e-06
face,250.0,20.0,31,4.628577628295676e-08,2.72353567042105e-08,2.6447739160287005e-08,2.600838920859257e-08,2.582174375947969e-08
face,250.0,20.0,32,4.628577628291425e-08,2.723535670421118e-08,2.644773916027962e-08,2.600838920858871e-08,2.582174375947969e-08
face,250.0,20.0,33,1.852907069402077e-06,1.2200724650134362e-06,1.203645659160658e-06,1.1987852094425162e-06,1.1982196413986768e-06
face,250.0,20.0,34,1.8529070694020793e-06,1.2200724650134252e-06,1.2036456591606512e-06,1.198785209442514e-06,1.1982196413986768e-06
face,250.0,20.0,35,7.418310483829079e-05,5.584695941933089e-05,5.561363391124129e-05,5.560078420556996e-05,5.560160159619305e-05
face,250.0,20.0,36,7.418513984949735e-05,5.694110368988125e-05,5.614708364347509e-05,5.5735839531630955e-05,5.560160159619305e-05
face,250.0,20.0,37,0.002970014581977646,0.00259848365115624,0.002585401917950088,0.0025807834261504024,0.002580109683774703
face,250.0,20.0,38,0.0029700145819776466,0.0025984836511562417,0.00258540191795009,0.0025807834261504033,0.002580109683774703
face,250.0,20.0,39,0.11890785049144172,0.11968777725429133,0.11971500170748749,0.11972467294515389,0.11972615516823157
face,250.0,20.0,40,1.8529070694020554e-06,1.2200724650134311e-06,1.2036456591606713e-06,1.1987852094425333e-06,1.1982196413986768e-06
face,250.0,20.0,41,4.628577628296854e-08,2.7235356704213494e-08,2.6447739160284858e-08,2.6008389208587424e-08,2.582174375947969e-08
face,250.0,20.0,42,7.418310483829079e-05,5.5846959419330834e-05,5.5613633911241354e-05,5.560078420557e-05,5.560160159619305e-05
face,250.0,20.0,43,1.8529070694020734e-06,1.2200724650134087e-06,1.2036456591606656e-06,1.1987852094425248e-06,1.1982196413986768e-06
face,250.0,20.0,44,0.0029700145819776484,0.002598483651156242,0.002585401917950092,0.002580783426150406,0.002580109683774703
face,250.0,20.0,45,7.418513984949733e-05,5.6941103689881e-05,5.61470836434753e-05,5.573583953163136e-05,5.560160159619305e-05
face,250.0,20.0,46,0.11890785049144181,0.11968777725429151,0.11971500170748764,0.11972467294515404,0.11972615516823157
face,250.0,20.0,47,0.002970014581977646,0.0025984836511562413,0.00258540191795009,0.0025807834261504046,0.002580109683774703
face,250.0,20.0,48,1.8529070694020558e-06,1.220072465013433e-06,1.2036456591606467e-06,1.198785209442503e-06,1.1982196413986768e-06
face,250.0,20.0,49,7.418310483829065e-05,5.584695941933088e-05,5.561363391124124e-05,5.5600784205569856e-05,5.560160159619305e-05
face,250.0,20.0,50,4.6285776282970636e-08,2.723535670421469e-08,2.644773916028185e-08,2.6008389208586838e-08,2.582174375947969e-08
face,250.0,20.0,51,1.8529070694020772e-06,1.220072465013406e-06,1.2036456591606598e-06,1.198785209442519e-06,1.1982196413986768e-06
face,250.0,20.0,52,0.0029700145819776466,0.00259848365115624,0.0025854019179500885,0.0025807834261504024,0.002580109683774703
face,250.0,20.0,53,0.11890785049144169,0.11968777725429126,0.11971500170748739,0.11972467294515379,0.11972615516823157
face,250.0,20.0,54,7.418513984949731e-05,5.694110368988126e-05,5.6147083643475273e-05,5.573583953163134e-05,5.560160159619305e-05
face,250.0,20.0,55,0.0029700145819776444,0.0025984836511562383,0.0025854019179500877,0.0025807834261504033,0.002580109683774703
face,250.0,20.0,56,7.418310483829064e-05,5.584695941933094e-05,5.5613633911241225e-05,5.560078420556984e-05,5.560160159619305e-05
face,250.0,20.0,57,1.8529070694020791e-06,1.2200724650134216e-06,1.2036456591606613e-06,1.1987852094425206e-06,1.1982196413986768e-06
face,250.0,20.0,58,1.852907069402085e-06,1.2200724650134135e-06,1.203645659160663e-06,1.1987852094425234e-06,1.1982196413986768e-06
face,250.0,20.0,59,4.6285776282955985e-08,2.723535670421146e-08,2.6447739160288114e-08,2.6008389208593138e-08,2.582174375947969e-08
face,250.0,20.0,60,0.11890785049144184,0.1196877772542915,0.1197150017074876,0.11972467294515396,0.11972615516823157
face,250.0,20.0,61,0.0029700145819776457,0.0025984836511562404,0.0025854019179500885,0.0025807834261504024,0.002580109683774703
face,250.0,20.0,62,0.0029700145819776475,0.002598483651156243,0.002585401917950092,0.0025807834261504063,0.002580109683774703
face,250.0,20.0,63,7.418513984949708e-05,5.694110368988145e-05,5.6147083643475484e-05,5.5735839531631484e-05,5.560160159619305e-05
face,240.0,20.0,0,5.573583953163146e-05,4.319345445786449e-05,4.239287455122629e-05,4.1754183852153276e-05,4.0641991089936376e-05
face,240.0,20.0,1,0.002580783426150387,0.002253171542666749,0.002235131209643085,0.0022235512276455455,0.002212918721537004
face,240.0,20.0,2,0.0025807834261504245,0.0022531715426667644,0.002235131209643093,0.0022235512276455494,0.002212918721537004
face,240.0,20.0,3,0.11972467294515395,0.12040789240583329,0.12044511722127206,0.12046898777458931,0.12049137202191733
face,240.0,20.0,4,2.6008389208593995e-08,1.5695469739366884e-08,1.5120213000650082e-08,1.4655798559220442e-08,1.3708628360991796e-08
face,240.0,20.0,5,1.1987852094426527e-06,7.809696721366889e-07,7.634213654193026e-07,7.535268476911249e-07,7.464221002239133e-07
face,240.0,20.0,6,1.1987852094424533e-06,7.809696721366885e-07,7.634213654192567e-07,7.535268476910618e-07,7.464221002239133e-07
face,240.0,20.0,7,5.560078420557003e-05,4.0993419561722386e-05,4.068552194707459e-05,4.063387677383797e-05,4.0641991089936376e-05
face,240.0,20.0,8,0.0025807834261504046,0.0022531715426667397,0.0022351312096430868,0.0022235512276455576,0.002212918721537004
face,240.0,20.0,9,5.57358395316297e-05,4.319345445786334e-05,4.239287455122529e-05,4.175418385215239e-05,4.0641991089936376e-05
face,240.0,20.0,10,0.11972467294515389,0.12040789240583295,0.12044511722127174,0.12046898777458898,0.12049137202191733
face,240.0,20.0,11,0.0025807834261504033,0.0022531715426667574,0.0022351312096430933,0.002223551227645557,0.002212918721537004
face,240.0,20.0,12,1.1987852094425257e-06,7.809696721366679e-07,7.634213654192802e-07,7.535268476910986e-07,7.464221002239133e-07
face,240.0,20.0,13,2.6008389208587358e-08,1.5695469739355766e-08,1.5120213000616274e-08,1.465579855916863e-08,1.3708628360991796e-08
face,240.0,20.0,14,5.560078420557005e-05,4.0993419561723e-05,4.068552194707485e-05,4.063387677383823e-05,4.0641991089936376e-05
face,240.0,20.0,15,1.198785209442514e-06,7.809696721366841e-07,7.634213654192906e-07,7.535268476910926e-07,7.464221002239133e-07
face,240.0,20.0,16,0.002580783426150398,0.002253171542666749,0.0022351312096430855,0.002223551227645548,0.002212918721537004
face,240.0,20.0,17,0.11972467294515383,0.12040789240583295,0.12044511722127174,0.12046898777458898,0.12049137202191733
face,240.0,20.0,18,5.573583953162962e-05,4.319345445786311e-05,4.239287455122525e-05,4.1754183852152375e-05,4.0641991089936376e-05
face,240.0,20.0,19,0.0025807834261504046,0.002253171542666759,0.002235131209643094,0.0022235512276455563,0.002212918721537004
face,240.0,20.0,20,1.198785209442503e-06,7.809696721366777e-07,7.634213654192932e-07,7.535268476911038e-07,7.464221002239133e-07
face,240.0,20.0,21,5.5600784205569856e-05,4.0993419561722996e-05,4.0685521947074836e-05,4.063387677383826e-05,4.0641991089936376e-05
face,240.0,20.0,22,2.6008389208587086e-08,1.5695469739360207e-08,1.5120213000618312e-08,1.4655798559169484e-08,1.3708628360991796e-08
face,240.0,20.0,23,1.198785209442521e-06,7.809696721366861e-07,7.634213654192857e-07,7.535268476910904e-07,7.464221002239133e-07
face,240.0,20.0,24,0.1197246729451539,0.1204078924058331,0.12044511722127187,0.12046898777458911,0.12049137202191733
face,240.0,20.0,25,0.0025807834261504037,0.002253171542666756,0.0022351312096430924,0.0022235512276455546,0.002212918721537004
face,240.0,20.0,26,0.0025807834261504024,0.0022531715426667544,0.0022351312096430902,0.0022235512276455546,0.002212918721537004
face,240.0,20.0,27,5.573583953163121e-05,4.319345445786307e-05,4.2392874551225157e-05,4.175418385215203e-05,4.0641991089936376e-05
face,240.0,20.0,28,5.560078420556979e-05,4.099341956172297e-05,4.0685521947074815e-05,4.063387677383824e-05,4.0641991089936376e-05
face,240.0,20.0,29,1.1987852094425155e-06,7.809696721366946e-07,7.63421365419288e-07,7.535268476910897e-07,7.464221002239133e-07
face,240.0,20.0,30,1.1987852094425214e-06,7.809696721367092e-07,7.634213654192939e-07,7.535268476910916e-07,7.464221002239133e-07
face,240.0,20.0,31,2.600838920859257e-08,1.5695469739368608e-08,1.5120213000627596e-08,1.4655798559177395e-08,1.3708628360991796e-08
face,240.0,20.0,32,2.600838920858871e-08,1.5695469739363462e-08,1.512021300064068e-08,1.4655798559205354e-08,1.3708628360991796e-08
face,240.0,20.0,33,1.1987852094425162e-06,7.809696721366842e-07,7.634213654192982e-07,7.535268476911048e-07,7.464221002239133e-07
face,240.0,20.0,34,1.198785209442514e-06,7.809696721366626e-07,7.634213654192673e-07,7.535268476910787e-07,7.464221002239133e-07
face,240.0,20.0,35,5.560078420556996e-05,4.099341956172296e-05,4.0685521947074944e-05,4.063387677383836e-05,4.0641991089936376e-05
face,240.0,20.0,36,5.5735839531630955e-05,4.319345445786452e-05,4.239287455122542e-05,4.1754183852152585e-05,4.0641991089936376e-05
face,240.0,20.0,37,0.0025807834261504024,0.00225317154266674,0.0022351312096430785,0.0022235512276455446,0.002212918721537004
face,240.0,20.0,38,0.0025807834261504033,0.0022531715426667414,0.0022351312096430802,0.002223551227645547,0.002212918721537004
face,240.0,20.0,39,0.11972467294515389,0.12040789240583274,0.12044511722127155,0.12046898777458885,0.12049137202191733
face,240.0,20.0,40,1.1987852094425333e-06,7.80969672136667e-07,7.634213654192946e-07,7.535268476911112e-07,7.464221002239133e-07
face,240.0,20.0,41,2.6008389208587424e-08,1.569546973935403e-08,1.5120213000613835e-08,1.4655798559167027e-08,1.3708628360991796e-08
face,240.0,20.0,42,5.560078420557e-05,4.0993419561723016e-05,4.068552194707473e-05,4.0633876773838105e-05,4.0641991089936376e-05
face,240.0,20.0,43,1.1987852094425248e-06,7.809696721366884e-07,7.634213654192882e-07,7.535268476910902e-07,7.464221002239133e-07
face,240.0,20.0,44,0.002580783426150406,0.002253171542666743,0.0022351312096430824,0.002223551227645548,0.002212918721537004
face,240.0,20.0,45,5.573583953163136e-05,4.319345445786483e-05,4.2392874551225705e-05,4.175418385215282e-05,4.0641991089936376e-05
face,240.0,20.0,46,0.11972467294515404,0.12040789240583284,0.12044511722127164,0.12046898777458895,0.12049137202191733
face,240.0,20.0,47,0.0025807834261504046,0.002253171542666737,0.0022351312096430785,0.0022235512276455468,0.002212918721537004
face,240.0,20.0,48,1.198785209442503e-06,7.809696721366699e-07,7.634213654192833e-07,7.53526847691102e-07,7.464221002239133e-07
face,240.0,20.0,49,5.5600784205569856e-05,4.099341956172287e-05,4.0685521947074714e-05,4.0633876773838125e-05,4.0641991089936376e-05
face,240.0,20.0,50,2.6008389208586838e-08,1.5695469739359416e-08,1.512021300061781e-08,1.465579855916949e-08,1.3708628360991796e-08
face,240.0,20.0,51,1.198785209442519e-06,7.809696721366937e-07,7.634213654192839e-07,7.535268476910904e-07,7.464221002239133e-07
face,240.0,20.0,52,0.0025807834261504024,0.0022531715426667384,0.002235131209643077,0.0022235512276455446,0.002212918721537004
face,240.0,20.0,53,0.11972467294515379,0.12040789240583254,0.12044511722127134,0.12046898777458866,0.12049137202191733
face,240.0,20.0,54,5.573583953163134e-05,4.319345445786441e-05,4.239287455122532e-05,4.1754183852152625e-05,4.0641991089936376e-05
face,240.0,20.0,55,0.0025807834261504033,0.0022531715426667384,0.0022351312096430776,0.002223551227645545,0.002212918721537004
face,240.0,20.0,56,5.560078420556984e-05,4.099341956172303e-05,4.068552194707475e-05,4.063387677383815e-05,4.0641991089936376e-05
face,240.0,20.0,57,1.1987852094425206e-06,7.809696721366996e-07,7.634213654192841e-07,7.535268476910902e-07,7.464221002239133e-07
face,240.0,20.0,58,1.1987852094425234e-06,7.809696721366956e-07,7.634213654192904e-07,7.535268476910936e-07,7.464221002239133e-07
face,240.0,20.0,59,2.6008389208593138e-08,1.569546973936558e-08,1.5120213000625707e-08,1.4655798559176411e-08,1.3708628360991796e-08
face,240.0,20.0,60,0.11972467294515396,0.12040789240583279,0.12044511722127155,0.12046898777458886,0.12049137202191733
face,240.0,20.0,61,0.0025807834261504024,0.002253171542666733,0.002235131209643074,0.002223551227645543,0.002212918721537004
face,240.0,20.0,62,0.0025807834261504063,0.0022531715426667436,0.0022351312096430824,0.0022235512276455485,0.002212918721537004
face,240.0,20.0,63,5.5735839531631484e-05,4.31934544578647e-05,4.239287455122563e-05,4.1754183852152856e-05,4.0641991089936376e-05
face,230.0,20.0,0,4.1754183852153276e-05,3.354071484531775e-05,3.295450132593689e-05,3.240661175250223e-05,2.887785034288356e-05
face,230.0,20.0,1,0.0022235512276455455,0.0019592105868855873,0.001940686919480641,0.0019249738003295931,0.0018708251314444898
face,230.0,20.0,2,0.0022235512276455494,0.0019592105868855613,0.0019406869194806197,0.001924973800329579,0.0018708251314444898
face,230.0,20.0,3,0.12046898777458931,0.12101750492649868,0.12105559117211259,0.12108777883579527,0.12119969564517129
face,230.0,20.0,4,1.4655798559220442e-08,9.539419000672891e-09,9.222355118859189e-09,8.92854919244095e-09,6.880629823258191e-09
face,230.0,20.0,5,7.535268476911249e-07,5.009114282613731e-07,4.865546919621063e-07,4.751698081593707e-07,4.457553121397785e-07
face,230.0,20.0,6,7.535268476910618e-07,5.009114282613899e-07,4.865546919620807e-07,4.751698081593254e-07,4.457553121397785e-07
face,230.0,20.0,7,4.063387677383797e-05,2.952182260943816e-05,2.9098155861403805e-05,2.8907683627735417e-05,2.887785034288356e-05
face,230.0,20.0,8,0.0022235512276455576,0.001959210586885562,0.0019406869194806293,0.0019249738003295856,0.0018708251314444898
face,230.0,20.0,9,4.175418385215239e-05,3.354071484531808e-05,3.295450132593706e-05,3.2406611752502355e-05,2.887785034288356e-05
face,230.0,20.0,10,0.12046898777458898,0.12101750492649808,0.12105559117211186,0.12108777883579458,0.12119969564517129
face,230.0,20.0,11,0.002223551227645557,0.0019592105868855725,0.0019406869194806315,0.0019249738003295869,0.0018708251314444898
face,230.0,20.0,12,7.535268476910986e-07,5.009114282613641e-07,4.86554691962074e-07,4.751698081593279e-07,4.457553121397785e-07
face,230.0,20.0,13,1.465579855916863e-08,9.539419000663978e-09,9.22235511884951e-09,8.928549192434294e-09,6.880629823258191e-09
face,230.0,20.0,14,4.063387677383823e-05,2.9521822609437698e-05,2.909815586140427e-05,2.8907683627735963e-05,2.887785034288356e-05
face,230.0,20.0,15,7.535268476910926e-07,5.009114282613126e-07,4.865546919620585e-07,4.7516980815931036e-07,4.457553121397785e-07
face,230.0,20.0,16,0.002223551227645548,0.0019592105868855717,0.0019406869194806302,0.001924973800329585,0.0018708251314444898
face,230.0,20.0,17,0.12046898777458898,0.12101750492649825,0.12105559117211205,0.12108777883579479,0.12119969564517129
face,230.0,20.0,18,4.1754183852152375e-05,3.3540714845318316e-05,3.2954501325937445e-05,3.240661175250266e-05,2.887785034288356e-05
face,230.0,20.0,19,0.0022235512276455563,0.0019592105868855756,0.0019406869194806358,0.0019249738003295908,0.0018708251314444898
face,230.0,20.0,20,7.535268476911038e-07,5.009114282613626e-07,4.865546919620741e-07,4.751698081593281e-07,4.457553121397785e-07
face,230.0,20.0,21,4.063387677383826e-05,2.9521822609437698e-05,2.9098155861404165e-05,2.8907683627735888e-05,2.887785034288356e-05
face,230.0,20.0,22,1.4655798559169484e-08,9.539419000666694e-09,9.22235511885166e-09,8.928549192435981e-09,6.880629823258191e-09
face,230.0,20.0,23,7.535268476910904e-07,5.00911428261325e-07,4.865546919620651e-07,4.7516980815931385e-07,4.457553121397785e-07
face,230.0,20.0,24,0.12046898777458911,0.12101750492649818,0.121055591172112,0.12108777883579473,0.12119969564517129
face,230.0,20.0,25,0.0022235512276455546,0.001959210586885569,0.001940686919480629,0.001924973800329584,0.0018708251314444898
face,230.0,20.0,26,0.0022235512276455546,0.001959210586885571,0.0019406869194806302,0.0019249738003295853,0.0018708251314444898
face,230.0,20.0,27,4.175418385215203e-05,3.354071484531802e-05,3.2954501325937025e-05,3.240661175250235e-05,2.887785034288356e-05
face,230.0,20.0,28,4.063387677383824e-05,2.9521822609437833e-05,2.9098155861404253e-05,2.890768362773597e-05,2.887785034288356e-05
face,230.0,20.0,29,7.535268476910897e-07,5.009114282612852e-07,4.865546919620413e-07,4.7516980815929956e-07,4.457553121397785e-07
face,230.0,20.0,30,7.535268476910916e-07,5.009114282613036e-07,4.865546919620501e-07,4.75169808159305e-07,4.457553121397785e-07
face,230.0,20.0,31,1.4655798559177395e-08,9.539419000676817e-09,9.222355118862716e-09,8.92854919244467e-09,6.880629823258191e-09
face,230.0,20.0,32,1.4655798559205354e-08,9.539419000677178e-09,9.222355118858982e-09,8.928549192439406e-09,6.880629823258191e-09
face,230.0,20.0,33,7.535268476911048e-07,5.009114282613814e-07,4.865546919620901e-07,4.751698081593396e-07,4.457553121397785e-07
face,230.0,20.0,34,7.535268476910787e-07,5.009114282613622e-07,4.865546919620704e-07,4.751698081593214e-07,4.457553121397785e-07
face,230.0,20.0,35,4.063387677383836e-05,2.952182260943802e-05,2.9098155861404337e-05,2.890768362773594e-05,2.887785034288356e-05
face,230.0,20.0,36,4.1754183852152585e-05,3.354071484531529e-05,3.29545013259348e-05,3.240661175250054e-05,2.887785034288356e-05
face,230.0,20.0,37,0.0022235512276455446,0.0019592105868855743,0.0019406869194806338,0.00192497380032959,0.0018708251314444898
face,230.0,20.0,38,0.002223551227645547,0.001959210586885576,0.0019406869194806373,0.0019249738003295931,0.0018708251314444898
face,230.0,20.0,39,0.12046898777458885,0.12101750492649879,0.12105559117211259,0.12108777883579531,0.12119969564517129
face,230.0,20.0,40,7.535268476911112e-07,5.009114282613627e-07,4.865546919620731e-07,4.7516980815932963e-07,4.457553121397785e-07
face,230.0,20.0,41,1.4655798559167027e-08,9.539419000662108e-09,9.22235511884849e-09,8.92854919243346e-09,6.880629823258191e-09
face,230.0,20.0,42,4.0633876773838105e-05,2.952182260943781e-05,2.9098155861404242e-05,2.8907683627735932e-05,2.887785034288356e-05
face,230.0,20.0,43,7.535268476910902e-07,5.009114282613011e-07,4.86554691962049e-07,4.751698081593053e-07,4.457553121397785e-07
face,230.0,20.0,44,0.002223551227645548,0.001959210586885577,0.0019406869194806362,0.0019249738003295925,0.0018708251314444898
face,230.0,20.0,45,4.175418385215282e-05,3.354071484531523e-05,3.295450132593477e-05,3.24066117525005e-05,2.887785034288356e-05
face,230.0,20.0,46,0.12046898777458895,0.12101750492649903,0.1210555911721128,0.12108777883579551,0.12119969564517129
face,230.0,20.0,47,0.0022235512276455468,0.001959210586885575,0.0019406869194806354,0.0019249738003295916,0.0018708251314444898
face,230.0,20.0,48,7.53526847691102e-07,5.00911428261365e-07,4.865546919620747e-07,4.751698081593285e-07,4.457553121397785e-07
face,230.0,20.0,49,4.0633876773838125e-05,2.9521822609437694e-05,2.9098155861404202e-05,2.8907683627735898e-05,2.887785034288356e-05
face,230.0,20.0,50,1.465579855916949e-08,9.539419000667763e-09,9.222355118852707e-09,8.928549192436789e-09,6.880629823258191e-09
face,230.0,20.0,51,7.535268476910904e-07,5.009114282613134e-07,4.865546919620579e-07,4.7516980815931015e-07,4.457553121397785e-07
face,230.0,20.0,52,0.0022235512276455446,0.0019592105868855743,0.0019406869194806334,0.0019249738003295895,0.0018708251314444898
face,230.0,20.0,53,0.12046898777458866,0.1210175049264987,0.12105559117211244,0.12108777883579516,0.12119969564517129
face,230.0,20.0,54,4.1754183852152625e-05,3.354071484531439e-05,3.295450132593392e-05,3.24066117524998e-05,2.887785034288356e-05
face,230.0,20.0,55,0.002223551227645545,0.0019592105868855747,0.0019406869194806338,0.0019249738003295899,0.0018708251314444898
face,230.0,20.0,56,4.063387677383815e-05,2.9521822609437735e-05,2.9098155861404256e-05,2.890768362773597e-05,2.887785034288356e-05
face,230.0,20.0,57,7.535268476910902e-07,5.009114282612991e-07,4.865546919620512e-07,4.7516980815930427e-07,4.457553121397785e-07
face,230.0,20.0,58,7.535268476910936e-07,5.009114282612975e-07,4.865546919620446e-07,4.751698081593027e-07,4.457553121397785e-07
face,230.0,20.0,59,1.4655798559176411e-08,9.539419000675744e-09,9.222355118862774e-09,8.928549192444733e-09,6.880629823258191e-09
face,230.0,20.0,60,0.12046898777458886,0.12101750492649882,0.12105559117211256,0.12108777883579529,0.12119969564517129
face,230.0,20.0,61,0.002223551227645543,0.0019592105868855747,0.0019406869194806347,0.0019249738003295903,0.0018708251314444898
face,230.0,20.0,62,0.0022235512276455485,0.001959210586885578,0.0019406869194806362,0.0019249738003295923,0.0018708251314444898
face,230.0,20.0,63,4.1754183852152856e-05,3.3540714845315395e-05,3.2954501325934884e-05,3.24066117525006e-05,2.887785034288356e-05
face,220.0,20.0,0,3.240661175250223e-05,2.7379214974846907e-05,2.706570018871676e-05,2.6757861453502822e-05,1.9870184515242862e-05
face,220.0,20.0,1,0.0019249738003295931,0.0017324861619908171,0.0017187659073089477,0.0017057809956117118,0.0015560003977173533
face,220.0,20.0,2,0.001924973800329579,0.0017324861619908124,0.001718765907308951,0.0017057809956117149,0.0015560003977173533
face,220.0,20.0,3,0.12108777883579527,0.12148583696224027,0.1215140483579813,0.12154066993725986,0.12184774810919634
face,220.0,20.0,4,8.92854919244095e-09,6.451780516692249e-09,6.3142329922690634e-09,6.180350503070558e-09,3.240307997452423e-09
face,220.0,20.0,5,4.751698081593707e-07,3.3582066827791436e-07,3.270587226382625e-07,3.1900661856262444e-07,2.537430152646509e-07
face,220.0,20.0,6,4.751698081593254e-07,3.3582066827797063e-07,3.270587226383034e-07,3.190066185626641e-07,2.537430152646509e-07
face,220.0,20.0,7,2.8907683627735417e-05,2.113340568635414e-05,2.0693695534032858e-05,2.036601647577346e-05,1.9870184515242862e-05
face,220.0,20.0,8,0.0019249738003295856,0.0017324861619908262,0.0017187659073089477,0.00170578099561171,0.0015560003977173533
face,220.0,20.0,9,3.2406611752502355e-05,2.737921497484369e-05,2.7065700188713073e-05,2.675786145349932e-05,1.9870184515242862e-05
face,220.0,20.0,10,0.12108777883579458,0.12148583696223954,0.12151404835798052,0.12154066993725908,0.12184774810919634
face,220.0,20.0,11,0.0019249738003295869,0.001732486161990819,0.001718765907308951,0.0017057809956117144,0.0015560003977173533
face,220.0,20.0,12,4.751698081593279e-07,3.3582066827795274e-07,3.270587226382854e-07,3.1900661856264837e-07,2.537430152646509e-07
face,220.0,20.0,13,8.928549192434294e-09,6.451780516686868e-09,6.3142329922713465e-09,6.180350503072452e-09,3.240307997452423e-09
face,220.0,20.0,14,2.8907683627735963e-05,2.1133405686353915e-05,2.069369553403265e-05,2.036601647577324e-05,1.9870184515242862e-05
face,220.0,20.0,15,4.7516980815931036e-07,3.3582066827791086e-07,3.270587226382683e-07,3.1900661856263185e-07,2.537430152646509e-07
face,220.0,20.0,16,0.001924973800329585,0.0017324861619908165,0.001718765907308945,0.0017057809956117088,0.0015560003977173533
face,220.0,20.0,17,0.12108777883579479,0.1214858369622396,0.12151404835798059,0.12154066993725914,0.12184774810919634
face,220.0,20.0,18,3.240661175250266e-05,2.737921497484424e-05,2.706570018871369e-05,2.6757861453499875e-05,1.9870184515242862e-05
face,220.0,20.0,19,0.0019249738003295908,0.0017324861619907976,0.001718765907308933,0.0017057809956116977,0.0015560003977173533
face,220.0,20.0,20,4.751698081593281e-07,3.358206682779402e-07,3.2705872263827664e-07,3.1900661856264064e-07,2.537430152646509e-07
face,220.0,20.0,21,2.8907683627735888e-05,2.1133405686353718e-05,2.0693695534032516e-05,2.036601647577312e-05,1.9870184515242862e-05
face,220.0,20.0,22,8.928549192435981e-09,6.451780516688818e-09,6.314232992273582e-09,6.1803505030745325e-09,3.240307997452423e-09
face,220.0,20.0,23,4.7516980815931385e-07,3.358206682779059e-07,3.2705872263825906e-07,3.190066185626236e-07,2.537430152646509e-07
face,220.0,20.0,24,0.12108777883579473,0.12148583696223958,0.12151404835798059,0.12154066993725914,0.12184774810919634
face,220.0,20.0,25,0.001924973800329584,0.001732486161990803,0.0017187659073089365,0.0017057809956117008,0.0015560003977173533
face,220.0,20.0,26,0.0019249738003295853,0.0017324861619908058,0.0017187659073089382,0.0017057809956117019,0.0015560003977173533
face,220.0,20.0,27,3.240661175250235e-05,2.737921497483645e-05,2.706570018870674e-05,2.675786145349338e-05,1.9870184515242862e-05
face,220.0,20.0,28,2.890768362773597e-05,2.1133405686353928e-05,2.0693695534032726e-05,2.0366016475773292e-05,1.9870184515242862e-05
face,220.0,20.0,29,4.7516980815929956e-07,3.3582066827790154e-07,3.2705872263824577e-07,3.190066185626124e-07,2.537430152646509e-07
face,220.0,20.0,30,4.75169808159305e-07,3.358206682779081e-07,3.2705872263825747e-07,3.190066185626224e-07,2.537430152646509e-07
face,220.0,20.0,31,8.92854919244467e-09,6.451780516698136e-09,6.314232992281162e-09,6.180350503081615e-09,3.240307997452423e-09
face,220.0,20.0,32,8.928549192439406e-09,6.451780516687925e-09,6.314232992268003e-09,6.180350503069902e-09,3.240307997452423e-09
face,220.0,20.0,33,4.751698081593396e-07,3.3582066827793797e-07,3.270587226382743e-07,3.190066185626378e-07,2.537430152646509e-07
face,220.0,20.0,34,4.751698081593214e-07,3.358206682779446e-07,3.270587226382789e-07,3.1900661856264154e-07,2.537430152646509e-07
face,220.0,20.0,35,2.890768362773594e-05,2.1133405686354013e-05,2.069369553403271e-05,2.0366016475773295e-05,1.9870184515242862e-05
face,220.0,20.0,36,3.240661175250054e-05,2.737921497486503e-05,2.7065700188733737e-05,2.6757861453518808e-05,1.9870184515242862e-05
face,220.0,20.0,37,0.00192497380032959,0.0017324861619908579,0.0017187659073089855,0.0017057809956117474,0.0015560003977173533
face,220.0,20.0,38,0.0019249738003295931,0.0017324861619908579,0.0017187659073089865,0.0017057809956117485,0.0015560003977173533
face,220.0,20.0,39,0.12108777883579531,0.12148583696224054,0.12151404835798155,0.12154066993726012,0.12184774810919634
face,220.0,20.0,40,4.7516980815932963e-07,3.358206682779381e-07,3.270587226382785e-07,3.190066185626425e-07,2.537430152646509e-07
face,220.0,20.0,41,8.92854919243346e-09,6.4517805166884516e-09,6.314232992273325e-09,6.180350503074298e-09,3.240307997452423e-09
face,220.0,20.0,42,2.8907683627735932e-05,2.1133405686354e-05,2.069369553403266e-05,2.036601647577324e-05,1.9870184515242862e-05
face,220.0,20.0,43,4.751698081593053e-07,3.3582066827791806e-07,3.270587226382717e-07,3.190066185626344e-07,2.537430152646509e-07
face,220.0,20.0,44,0.0019249738003295925,0.0017324861619908646,0.0017187659073089941,0.0017057809956117556,0.0015560003977173533
face,220.0,20.0,45,3.24066117525005e-05,2.7379214974866315e-05,2.7065700188735028e-05,2.6757861453520027e-05,1.9870184515242862e-05
face,220.0,20.0,46,0.12108777883579551,0.12148583696224072,0.12151404835798169,0.12154066993726025,0.12184774810919634
face,220.0,20.0,47,0.0019249738003295916,0.0017324861619908557,0.0017187659073089833,0.0017057809956117454,0.0015560003977173533
face,220.0,20.0,48,4.751698081593285e-07,3.358206682779558e-07,3.270587226382887e-07,3.190066185626501e-07,2.537430152646509e-07
face,220.0,20.0,49,2.8907683627735898e-05,2.1133405686353816e-05,2.0693695534032526e-05,2.0366016475773136e-05,1.9870184515242862e-05
face,220.0,20.0,50,8.928549192436789e-09,6.45178051669064e-09,6.314232992275451e-09,6.180350503076284e-09,3.240307997452423e-09
face,220.0,20.0,51,4.7516980815931015e-07,3.3582066827790864e-07,3.270587226382594e-07,3.190066185626238e-07,2.537430152646509e-07
face,220.0,20.0,52,0.0019249738003295895,0.0017324861619908637,0.0017187659073089941,0.0017057809956117552,0.0015560003977173533
face,220.0,20.0,53,0.12108777883579516,0.12148583696223983,0.12151404835798088,0.12154066993725943,0.12184774810919634
face,220.0,20.0,54,3.24066117524998e-05,2.737921497486563e-05,2.7065700188734398e-05,2.6757861453519434e-05,1.9870184515242862e-05
face,220.0,20.0,55,0.0019249738003295899,0.0017324861619908514,0.0017187659073089783,0.0017057809956117411,0.0015560003977173533
face,220.0,20.0,56,2.890768362773597e-05,2.1133405686353898e-05,2.0693695534032665e-05,2.0366016475773238e-05,1.9870184515242862e-05
face,220.0,20.0,57,4.7516980815930427e-07,3.358206682779195e-07,3.270587226382675e-07,3.190066185626307e-07,2.537430152646509e-07
face,220.0,20.0,58,4.751698081593027e-07,3.358206682779129e-07,3.2705872263826637e-07,3.190066185626297e-07,2.537430152646509e-07
face,220.0,20.0,59,8.928549192444733e-09,6.451780516689493e-09,6.314232992274658e-09,6.180350503075557e-09,3.240307997452423e-09
face,220.0,20.0,60,0.12108777883579529,0.12148583696224051,0.12151404835798149,0.12154066993726005,0.12184774810919634
face,220.0,20.0,61,0.0019249738003295903,0.0017324861619908475,0.0017187659073089768,0.001705780995611739,0.0015560003977173533
face,220.0,20.0,62,0.0019249738003295923,0.0017324861619908527,0.0017187659073089824,0.0017057809956117446,0.0015560003977173533
face,220.0,20.0,63,3.24066117525006e-05,2.7379214974865495e-05,2.7065700188733985e-05,2.6757861453519048e-05,1.9870184515242862e-05
face,210.0,20.0,0,2.6757861453502822e-05,2.4203560032656177e-05,2.40680724234543e-05,2.393324992361105e-05,1.3180119758991123e-05
face,210.0,20.0,1,0.0017057809956117118,0.0015825519574136574,0.0015749620749621425,0.0015674969343225495,0.0012703063939330866
face,210.0,20.0,2,0.0017057809956117149,0.001582551957413566,0.0015749620749620568,0.001567496934322466,0.0012703063939330866
face,210.0,20.0,3,0.12154066993725986,0.12179464444395346,0.12181028584340678,0.12182564773338196,0.12243275205192837
face,210.0,20.0,4,6.180350503070558e-09,5.134826880180193e-09,5.082965208151028e-09,5.031572974157678e-09,1.4188650826673314e-09
face,210.0,20.0,5,3.1900661856262444e-07,2.4735965880515155e-07,2.432504216996673e-07,2.3925417578340995e-07,1.3675091119040573e-07
face,210.0,20.0,6,3.190066185626641e-07,2.4735965880511666e-07,2.432504216996329e-07,2.3925417578337565e-07,1.3675091119040573e-07
face,210.0,20.0,7,2.036601647577346e-05,1.554822704198436e-05,1.5230350436715631e-05,1.4941608124624911e-05,1.3180119758991123e-05
face,210.0,20.0,8,0.00170578099561171,0.001582551957413606,0.0015749620749621086,0.0015674969343225163,0.0012703063939330866
face,210.0,20.0,9,2.675786145349932e-05,2.4203560032653093e-05,2.4068072423451812e-05,2.3933249923608595e-05,1.3180119758991123e-05
face,210.0,20.0,10,0.12154066993725908,0.12179464444395323,0.12181028584340661,0.12182564773338177,0.12243275205192837
face,210.0,20.0,11,0.0017057809956117144,0.001582551957413629,0.0015749620749621214,0.0015674969343225293,0.0012703063939330866
face,210.0,20.0,12,3.1900661856264837e-07,2.473596588050852e-07,2.4325042169960454e-07,2.392541757833495e-07,1.3675091119040573e-07
face,210.0,20.0,13,6.180350503072452e-09,5.134826880169998e-09,5.082965208140258e-09,5.0315729741472925e-09,1.4188650826673314e-09
face,210.0,20.0,14,2.036601647577324e-05,1.554822704198477e-05,1.5230350436716163e-05,1.4941608124625373e-05,1.3180119758991123e-05
face,210.0,20.0,15,3.1900661856263185e-07,2.4735965880501306e-07,2.432504216995368e-07,2.3925417578328464e-07,1.3675091119040573e-07
face,210.0,20.0,16,0.0017057809956117088,0.0015825519574136227,0.001574962074962112,0.0015674969343225198,0.0012703063939330866
face,210.0,20.0,17,0.12154066993725914,0.12179464444395309,0.12181028584340647,0.12182564773338164,0.12243275205192837
face,210.0,20.0,18,2.6757861453499875e-05,2.4203560032653646e-05,2.406807242345221e-05,2.393324992360899e-05,1.3180119758991123e-05
face,210.0,20.0,19,0.0017057809956116977,0.0015825519574136026,0.0015749620749620954,0.001567496934322504,0.0012703063939330866
face,210.0,20.0,20,3.1900661856264064e-07,2.4735965880508686e-07,2.432504216996052e-07,2.392541757833503e-07,1.3675091119040573e-07
face,210.0,20.0,21,2.036601647577312e-05,1.5548227041984477e-05,1.5230350436715895e-05,1.4941608124625138e-05,1.3180119758991123e-05
face,210.0,20.0,22,6.1803505030745325e-09,5.134826880171133e-09,5.082965208141176e-09,5.031572974148186e-09,1.4188650826673314e-09
face,210.0,20.0,23,3.190066185626236e-07,2.4735965880501163e-07,2.4325042169953323e-07,2.3925417578328126e-07,1.3675091119040573e-07
face,210.0,20.0,24,0.12154066993725914,0.12179464444395334,0.12181028584340668,0.12182564773338186,0.12243275205192837
face,210.0,20.0,25,0.0017057809956117008,0.0015825519574136102,0.0015749620749621032,0.0015674969343225113,0.0012703063939330866
face,210.0,20.0,26,0.0017057809956117019,0.00158255195741361,0.0015749620749621036,0.0015674969343225118,0.0012703063939330866
face,210.0,20.0,27,2.675786145349338e-05,2.4203560032646937e-05,2.40680724234462e-05,2.3933249923603086e-05,1.3180119758991123e-05
face,210.0,20.0,28,2.0366016475773292e-05,1.554822704198446e-05,1.5230350436715841e-05,1.494160812462509e-05,1.3180119758991123e-05
face,210.0,20.0,29,3.190066185626124e-07,2.473596588050046e-07,2.432504216995224e-07,2.392541757832711e-07,1.3675091119040573e-07
face,210.0,20.0,30,3.190066185626224e-07,2.4735965880500306e-07,2.43250421699521e-07,2.3925417578326966e-07,1.3675091119040573e-07
face,210.0,20.0,31,6.180350503081615e-09,5.134826880188558e-09,5.082965208158041e-09,5.031572974164701e-09,1.4188650826673314e-09
face,210.0,20.0,32,6.180350503069902e-09,5.13482688018353e-09,5.082965208153866e-09,5.031572974160612e-09,1.4188650826673314e-09
face,210.0,20.0,33,3.190066185626378e-07,2.4735965880509517e-07,2.432504216996147e-07,2.3925417578335934e-07,1.3675091119040573e-07
face,210.0,20.0,34,3.1900661856264154e-07,2.4735965880510004e-07,2.4325042169961925e-07,2.3925417578336326e-07,1.3675091119040573e-07
face,210.0,20.0,35,2.0366016475773295e-05,1.5548227041984616e-05,1.5230350436716017e-05,1.4941608124625251e-05,1.3180119758991123e-05
face,210.0,20.0,36,2.6757861453518808e-05,2.4203560032666426e-05,2.4068072423464633e-05,2.3933249923621213e-05,1.3180119758991123e-05
face,210.0,20.0,37,0.0017057809956117474,0.001582551957413654,0.001574962074962146,0.0015674969343225534,0.0012703063939330866
face,210.0,20.0,38,0.0017057809956117485,0.0015825519574136537,0.0015749620749621453,0.0015674969343225525,0.0012703063939330866
face,210.0,20.0,39,0.12154066993726012,0.12179464444395405,0.12181028584340742,0.1218256477333826,0.12243275205192837
face,210.0,20.0,40,3.190066185626425e-07,2.4735965880506256e-07,2.4325042169958384e-07,2.3925417578333007e-07,1.3675091119040573e-07
face,210.0,20.0,41,6.180350503074298e-09,5.134826880175829e-09,5.082965208146241e-09,5.031572974153148e-09,1.4188650826673314e-09
face,210.0,20.0,42,2.036601647577324e-05,1.5548227041984677e-05,1.5230350436716075e-05,1.49416081246253e-05,1.3180119758991123e-05
face,210.0,20.0,43,3.190066185626344e-07,2.473596588050053e-07,2.43250421699529e-07,2.392541757832774e-07,1.3675091119040573e-07
face,210.0,20.0,44,0.0017057809956117556,0.0015825519574136635,0.001574962074962155,0.0015674969343225623,0.0012703063939330866
face,210.0,20.0,45,2.6757861453520027e-05,2.420356003266729e-05,2.406807242346572e-05,2.3933249923622277e-05,1.3180119758991123e-05
face,210.0,20.0,46,0.12154066993726025,0.1217946444439544,0.12181028584340783,0.121825647733383,0.12243275205192837
face,210.0,20.0,47,0.0017057809956117454,0.0015825519574136436,0.0015749620749621349,0.0015674969343225425,0.0012703063939330866
face,210.0,20.0,48,3.190066185626501e-07,2.473596588050542e-07,2.43250421699575e-07,2.3925417578332165e-07,1.3675091119040573e-07
face,210.0,20.0,49,2.0366016475773136e-05,1.554822704198458e-05,1.5230350436715955e-05,1.4941608124625185e-05,1.3180119758991123e-05
face,210.0,20.0,50,6.180350503076284e-09,5.134826880175207e-09,5.082965208145561e-09,5.031572974152481e-09,1.4188650826673314e-09
face,210.0,20.0,51,3.190066185626238e-07,2.4735965880500274e-07,2.4325042169952947e-07,2.392541757832777e-07,1.3675091119040573e-07
face,210.0,20.0,52,0.0017057809956117552,0.0015825519574136468,0.0015749620749621392,0.0015674969343225467,0.0012703063939330866
face,210.0,20.0,53,0.12154066993725943,0.1217946444439533,0.12181028584340668,0.12182564773338184,0.12243275205192837
face,210.0,20.0,54,2.6757861453519434e-05,2.4203560032666988e-05,2.4068072423465405e-05,2.393324992362197e-05,1.3180119758991123e-05
face,210.0,20.0,55,0.0017057809956117411,0.0015825519574136305,0.0015749620749621219,0.0015674969343225295,0.0012703063939330866
face,210.0,20.0,56,2.0366016475773238e-05,1.5548227041984572e-05,1.5230350436715936e-05,1.4941608124625179e-05,1.3180119758991123e-05
face,210.0,20.0,57,3.190066185626307e-07,2.473596588050125e-07,2.4325042169953243e-07,2.3925417578328046e-07,1.3675091119040573e-07
face,210.0,20.0,58,3.190066185626297e-07,2.4735965880501375e-07,2.432504216995351e-07,2.39254175783283e-07,1.3675091119040573e-07
face,210.0,20.0,59,6.180350503075557e-09,5.1348268801795246e-09,5.082965208148781e-09,5.031572974155629e-09,1.4188650826673314e-09
face,210.0,20.0,60,0.12154066993726005,0.12179464444395398,0.12181028584340742,0.1218256477333826,0.12243275205192837
face,210.0,20.0,61,0.001705780995611739,0.0015825519574136397,0.0015749620749621334,0.0015674969343225408,0.0012703063939330866
face,210.0,20.0,62,0.0017057809956117446,0.001582551957413641,0.0015749620749621334,0.001567496934322541,0.0012703063939330866
face,210.0,20.0,63,2.6757861453519048e-05,2.4203560032664633e-05,2.4068072423463037e-05,2.3933249923619644e-05,1.3180119758991123e-05
face,200.0,20.0,0,2.393324992361105e-05,2.291909844241398e-05,2.2872497466015596e-05,2.2825955852245146e-05,8.382256078048769e-06
face,200.0,20.0,1,0.0015674969343225495,0.0015056726313653031,0.0015024499508254196,0.00149924148699699,0.0010151950895426044
face,200.0,20.0,2,0.001567496934322466,0.0015056726313651867,0.0015024499508253179,0.0014992414869968891,0.0010151950895426044
face,200.0,20.0,3,0.12182564773338196,0.12195307607928933,0.1219597313120024,0.12196635359452442,0.12295270631618875
face,200.0,20.0,4,5.031572974157678e-09,4.658116362217227e-09,4.641596752366031e-09,4.625121553734973e-09,5.714572624151704e-10
face,200.0,20.0,5,2.3925417578340995e-07,2.077086625721007e-07,2.0614078991209063e-07,2.0458582950070306e-07,6.921055635684985e-08
face,200.0,20.0,6,2.3925417578337565e-07,2.077086625721355e-07,2.061407899121164e-07,2.0458582950072897e-07,6.921055635684985e-08
face,200.0,20.0,7,1.4941608124624911e-05,1.2239484096552017e-05,1.2079365704600084e-05,1.1923678849244886e-05,8.382256078048769e-06
face,200.0,20.0,8,0.0015674969343225163,0.0015056726313651943,0.0015024499508253116,0.0014992414869968828,0.0010151950895426044
face,200.0,20.0,9,2.3933249923608595e-05,2.291909844241134e-05,2.287249746601292e-05,2.2825955852242483e-05,8.382256078048769e-06
face,200.0,20.0,10,0.12182564773338177,0.12195307607928896,0.12195973131200197,0.12196635359452399,0.12295270631618875
face,200.0,20.0,11,0.0015674969343225293,0.0015056726313652535,0.0015024499508253777,0.0014992414869969485,0.0010151950895426044
face,200.0,20.0,12,2.392541757833495e-07,2.0770866257211e-07,2.0614078991209458e-07,2.0458582950070732e-07,6.921055635684985e-08
face,200.0,20.0,13,5.0315729741472925e-09,4.658116362216095e-09,4.641596752365448e-09,4.62512155373436e-09,5.714572624151704e-10
face,200.0,20.0,14,1.4941608124625373e-05,1.2239484096551539e-05,1.2079365704599657e-05,1.1923678849244476e-05,8.382256078048769e-06
face,200.0,20.0,15,2.3925417578328464e-07,2.077086625720494e-07,2.0614078991205167e-07,2.04585829500665e-07,6.921055635684985e-08
face,200.0,20.0,16,0.0015674969343225198,0.0015056726313652615,0.0015024499508253812,0.001499241486996952,0.0010151950895426044
face,200.0,20.0,17,0.12182564773338164,0.12195307607928872,0.12195973131200177,0.12196635359452378,0.12295270631618875
face,200.0,20.0,18,2.393324992360899e-05,2.291909844241201e-05,2.287249746601366e-05,2.2825955852243215e-05,8.382256078048769e-06
face,200.0,20.0,19,0.001567496934322504,0.0015056726313652429,0.001502449950825367,0.0014992414869969377,0.0010151950895426044
face,200.0,20.0,20,2.392541757833503e-07,2.0770866257211246e-07,2.0614078991209452e-07,2.045858295007073e-07,6.921055635684985e-08
face,200.0,20.0,21,1.4941608124625138e-05,1.2239484096551398e-05,1.2079365704599532e-05,1.1923678849244356e-05,8.382256078048769e-06
face,200.0,20.0,22,5.031572974148186e-09,4.658116362216163e-09,4.641596752364976e-09,4.6251215537338916e-09,5.714572624151704e-10
face,200.0,20.0,23,2.3925417578328126e-07,2.0770866257205237e-07,2.0614078991205103e-07,2.045858295006643e-07,6.921055635684985e-08
face,200.0,20.0,24,0.12182564773338186,0.12195307607928899,0.12195973131200204,0.12196635359452403,0.12295270631618875
face,200.0,20.0,25,0.0015674969343225113,0.0015056726313652394,0.001502449950825364,0.0014992414869969349,0.0010151950895426044
face,200.0,20.0,26,0.0015674969343225118,0.0015056726313652403,0.0015024499508253621,0.0014992414869969333,0.0010151950895426044
face,200.0,20.0,27,2.3933249923603086e-05,2.2919098442405444e-05,2.2872497466006943e-05,2.282595585223653e-05,8.382256078048769e-06
face,200.0,20.0,28,1.494160812462509e-05,1.2239484096551422e-05,1.2079365704599549e-05,1.1923678849244371e-05,8.382256078048769e-06
face,200.0,20.0,29,2.392541757832711e-07,2.0770866257204917e-07,2.0614078991205365e-07,2.04585829500667e-07,6.921055635684985e-08
face,200.0,20.0,30,2.3925417578326966e-07,2.077086625720585e-07,2.0614078991206054e-07,2.0458582950067373e-07,6.921055635684985e-08
face,200.0,20.0,31,5.031572974164701e-09,4.6581163622319806e-09,4.641596752380597e-09,4.625121553749429e-09,5.714572624151704e-10
face,200.0,20.0,32,5.031572974160612e-09,4.658116362226017e-09,4.64159675237236e-09,4.625121553741264e-09,5.714572624151704e-10
face,200.0,20.0,33,2.3925417578335934e-07,2.0770866257211458e-07,2.061407899121006e-07,2.045858295007133e-07,6.921055635684985e-08
face,200.0,20.0,34,2.3925417578336326e-07,2.0770866257213038e-07,2.0614078991211363e-07,2.0458582950072614e-07,6.921055635684985e-08
face,200.0,20.0,35,1.4941608124625251e-05,1.223948409655138e-05,1.207936570459952e-05,1.1923678849244344e-05,8.382256078048769e-06
face,200.0,20.0,36,2.3933249923621213e-05,2.2919098442421805e-05,2.287249746602351e-05,2.2825955852253027e-05,8.382256078048769e-06
face,200.0,20.0,37,0.0015674969343225534,0.0015056726313653012,0.0015024499508254257,0.001499241486996996,0.0010151950895426044
face,200.0,20.0,38,0.0015674969343225525,0.0015056726313652908,0.001502449950825413,0.0014992414869969834,0.0010151950895426044
face,200.0,20.0,39,0.1218256477333826,0.12195307607928921,0.12195973131200229,0.12196635359452428,0.12295270631618875
face,200.0,20.0,40,2.3925417578333007e-07,2.0770866257210457e-07,2.0614078991208965e-07,2.0458582950070242e-07,6.921055635684985e-08
face,200.0,20.0,41,5.031572974153148e-09,4.658116362220599e-09,4.6415967523693075e-09,4.625121553738202e-09,5.714572624151704e-10
face,200.0,20.0,42,1.49416081246253e-05,1.2239484096551539e-05,1.2079365704599682e-05,1.19236788492445e-05,8.382256078048769e-06
face,200.0,20.0,43,2.392541757832774e-07,2.0770866257204612e-07,2.0614078991204733e-07,2.0458582950066073e-07,6.921055635684985e-08
face,200.0,20.0,44,0.0015674969343225623,0.001505672631365299,0.001502449950825422,0.0014992414869969925,0.0010151950895426044
face,200.0,20.0,45,2.3933249923622277e-05,2.291909844242384e-05,2.28724974660256e-05,2.282595585225511e-05,8.382256078048769e-06
face,200.0,20.0,46,0.121825647733383,0.12195307607928937,0.12195973131200244,0.12196635359452446,0.12295270631618875
face,200.0,20.0,47,0.0015674969343225425,0.0015056726313652502,0.0015024499508253714,0.0014992414869969425,0.0010151950895426044
face,200.0,20.0,48,2.3925417578332165e-07,2.0770866257209393e-07,2.0614078991207483e-07,2.0458582950068792e-07,6.921055635684985e-08
face,200.0,20.0,49,1.4941608124625185e-05,1.2239484096551446e-05,1.2079365704599594e-05,1.1923678849244414e-05,8.382256078048769e-06
face,200.0,20.0,50,5.031572974152481e-09,4.658116362220289e-09,4.64159675236921e-09,4.625121553738105e-09,5.714572624151704e-10
face,200.0,20.0,51,2.392541757832777e-07,2.0770866257202786e-07,2.0614078991202898e-07,2.045858295006426e-07,6.921055635684985e-08
face,200.0,20.0,52,0.0015674969343225467,0.0015056726313652934,0.0015024499508254174,0.001499241486996988,0.0010151950895426044
face,200.0,20.0,53,0.12182564773338184,0.12195307607928851,0.12195973131200162,0.12196635359452361,0.12295270631618875
face,200.0,20.0,54,2.393324992362197e-05,2.291909844242357e-05,2.2872497466025327e-05,2.2825955852254832e-05,8.382256078048769e-06
face,200.0,20.0,55,0.0015674969343225295,0.001505672631365233,0.0015024499508253552,0.001499241486996926,0.0010151950895426044
face,200.0,20.0,56,1.4941608124625179e-05,1.2239484096551549e-05,1.2079365704599694e-05,1.1923678849244512e-05,8.382256078048769e-06
face,200.0,20.0,57,2.3925417578328046e-07,2.0770866257204025e-07,2.0614078991204203e-07,2.0458582950065554e-07,6.921055635684985e-08
face,200.0,20.0,58,2.39254175783283e-07,2.0770866257206698e-07,2.0614078991206713e-07,2.0458582950068024e-07,6.921055635684985e-08
face,200.0,20.0,59,5.031572974155629e-09,4.658116362226829e-09,4.641596752375213e-09,4.625121553744073e-09,5.714572624151704e-10
face,200.0,20.0,60,0.1218256477333826,0.12195307607928896,0.121959731312002,0.121966353594524,0.12295270631618875
face,200.0,20.0,61,0.0015674969343225408,0.0015056726313652353,0.001502449950825356,0.0014992414869969268,0.0010151950895426044
face,200.0,20.0,62,0.001567496934322541,0.0015056726313652366,0.0015024499508253589,0.0014992414869969297,0.0010151950895426044
face,200.0,20.0,63,2.3933249923619644e-05,2.2919098442420406e-05,2.2872497466021973e-05,2.282595585225149e-05,8.382256078048769e-06
tip,300.0,20.0,0,0.015625,0.015625,0.12893643628941748,0.1386212622589525,0.13862342525810084
tip,300.0,20.0,1,0.015625,0.015625,0.02058784259339233,0.020906810180371216,0.02090692501803362
tip,300.0,20.0,2,0.015625,0.015625,0.02058784259339233,0.020906810180371223,0.02090692501803362
tip,300.0,20.0,3,0.015625,0.015625,0.003594406512237191,0.00315315922994283,0.003153143221615331
tip,300.0,20.0,4,0.015625,0.015625,0.020587842593392358,0.02090681018037125,0.02090692501803362
tip,300.0,20.0,5,0.015625,0.015625,0.0035944065122371785,0.0031531592299428183,0.003153143221615331
tip,300.0,20.0,6,0.015625,0.015625,0.003594406512237202,0.0031531592299428417,0.003153143221615331
tip,300.0,20.0,7,0.015625,0.015625,0.0008712610176165947,0.0004755542774427387,0.0004755511471650089
tip,300.0,20.0,8,0.015625,0.015625,0.020587842593392337,0.02090681018037123,0.02090692501803362
tip,300.0,20.0,9,0.015625,0.015625,0.003659709965299169,0.0031531475614514177,0.003153143221615331
tip,300.0,20.0,10,0.015625,0.015625,0.021278516481820758,0.02090716209035384,0.02090692501803363
tip,300.0,20.0,11,0.015625,0.015625,0.003696794595504011,0.0031531789530901645,0.003153143221615331
tip,300.0,20.0,12,0.015625,0.015625,0.021278516481820754,0.020907162090353835,0.02090692501803363
tip,300.0,20.0,13,0.015625,0.015625,0.0036967945955040105,0.003153178953090163,0.003153143221615331
tip,300.0,20.0,14,0.015625,0.015625,0.021422603899781616,0.02090729268556842,0.02090692501803363
tip,300.0,20.0,15,0.015625,0.015625,0.0035944065122371794,0.003153159229942812,0.003153143221615331
tip,300.0,20.0,16,0.015625,0.015625,0.020587842593392344,0.02090681018037123,0.02090692501803362
tip,300.0,20.0,17,0.015625,0.015625,0.021278516481820754,0.020907162090353835,0.02090692501803363
tip,300.0,20.0,18,0.015625,0.015625,0.003659709965299169,0.0031531475614514173,0.003153143221615331
tip,300.0,20.0,19,0.015625,0.015625,0.0036967945955040118,0.003153178953090165,0.003153143221615331
tip,300.0,20.0,20,0.015625,0.015625,0.021278516481820765,0.020907162090353846,0.02090692501803363
tip,300.0,20.0,21,0.015625,0.015625,0.021422603899781612,0.020907292685568412,0.02090692501803363
tip,300.0,20.0,22,0.015625,0.015625,0.0036967945955040118,0.003153178953090165,0.003153143221615331
tip,300.0,20.0,23,0.015625,0.015625,0.003594406512237181,0.0031531592299428126,0.003153143221615331
tip,300.0,20.0,24,0.015625,0.015625,0.0035944065122371863,0.003153159229942825,0.003153143221615331
tip,300.0,20.0,25,0.015625,0.015625,0.003696794595504011,0.0031531789530901645,0.003153143221615331
tip,300.0,20.0,26,0.015625,0.015625,0.0036967945955040105,0.0031531789530901636,0.003153143221615331
tip,300.0,20.0,27,0.015625,0.015625,0.0036597099652991728,0.003153147561451414,0.003153143221615331
tip,300.0,20.0,28,0.015625,0.015625,0.021422603899781612,0.020907292685568412,0.02090692501803363
tip,300.0,20.0,29,0.015625,0.015625,0.021278516481820612,0.020907162090353634,0.02090692501803363
tip,300.0,20.0,30,0.015625,0.015625,0.02127851648182062,0.02090716209035364,0.02090692501803363
tip,300.0,20.0,31,0.015625,0.015625,0.0205878425933921,0.0209068101803709,0.02090692501803362
tip,300.0,20.0,32,0.015625,0.015625,0.020587842593392334,0.020906810180371223,0.02090692501803362
tip,300.0,20.0,33,0.015625,0.015625,0.021278516481820754,0.020907162090353832,0.02090692501803363
tip,300.0,20.0,34,0.015625,0.015625,0.021278516481820758,0.020907162090353835,0.02090692501803363
tip,300.0,20.0,35,0.015625,0.015625,0.021422603899781616,0.020907292685568415,0.02090692501803363
tip,300.0,20.0,36,0.015625,0.015625,0.0036597099652991693,0.003153147561451418,0.003153143221615331
tip,300.0,20.0,37,0.015625,0.015625,0.003696794595504011,0.0031531789530901645,0.003153143221615331
tip,300.0,20.0,38,0.015625,0.015625,0.003696794595504011,0.003153178953090165,0.003153143221615331
tip,300.0,20.0,39,0.015625,0.015625,0.003594406512237181,0.003153159229942813,0.003153143221615331
tip,300.0,20.0,40,0.015625,0.015625,0.0035944065122371863,0.0031531592299428256,0.003153143221615331
tip,300.0,20.0,41,0.015625,0.015625,0.003696794595504011,0.003153178953090165,0.003153143221615331
tip,300.0,20.0,42,0.015625,0.015625,0.021422603899781616,0.020907292685568415,0.02090692501803363
tip,300.0,20.0,43,0.015625,0.015625,0.02127851648182062,0.020907162090353645,0.02090692501803363
tip,300.0,20.0,44,0.015625,0.015625,0.003696794595504011,0.0031531789530901645,0.003153143221615331
tip,300.0,20.0,45,0.015625,0.015625,0.003659709965299173,0.003153147561451415,0.003153143221615331
tip,300.0,20.0,46,0.015625,0.015625,0.02127851648182062,0.02090716209035364,0.02090692501803363
tip,300.0,20.0,47,0.015625,0.015625,0.02058784259339211,0.020906810180370907,0.02090692501803362
tip,300.0,20.0,48,0.015625,0.015625,0.0035944065122371863,0.003153159229942825,0.003153143221615331
tip,300.0,20.0,49,0.015625,0.015625,0.02142260389978161,0.020907292685568405,0.02090692501803363
tip,300.0,20.0,50,0.015625,0.015625,0.003696794595504011,0.003153178953090164,0.003153143221615331
tip,300.0,20.0,51,0.015625,0.015625,0.021278516481820612,0.02090716209035364,0.02090692501803363
tip,300.0,20.0,52,0.015625,0.015625,0.003696794595504011,0.0031531789530901645,0.003153143221615331
tip,300.0,20.0,53,0.015625,0.015625,0.02127851648182062,0.020907162090353634,0.02090692501803363
tip,300.0,20.0,54,0.015625,0.015625,0.003659709965299172,0.003153147561451414,0.003153143221615331
tip,300.0,20.0,55,0.015625,0.015625,0.02058784259339211,0.020906810180370904,0.02090692501803362
tip,300.0,20.0,56,0.015625,0.015625,0.0008712610176165926,0.0004755542774427364,0.0004755511471650089
tip,300.0,20.0,57,0.015625,0.015625,0.0035944065122371803,0.0031531592299428117,0.003153143221615331
tip,300.0,20.0,58,0.015625,0.015625,0.0035944065122371803,0.0031531592299428126,0.003153143221615331
tip,300.0,20.0,59,0.015625,0.015625,0.020587842593392105,0.020906810180370904,0.02090692501803362
tip,300.0,20.0,60,0.015625,0.015625,0.003594406512237181,0.003153159229942812,0.003153143221615331
tip,300.0,20.0,61,0.015625,0.015625,0.02058784259339211,0.020906810180370904,0.02090692501803362
tip,300.0,20.0,62,0.015625,0.015625,0.020587842593392105,0.020906810180370904,0.02090692501803362
tip,300.0,20.0,63,0.015625,0.015625,0.12893643628941534,0.13862126225894958,0.13862342525810084
tip,290.0,20.0,0,0.1386212622589525,0.1459155405610808,0.14609056265664472,0.14612530928707107,0.1461264230972583
tip,290.0,20.0,1,0.020906810180371216,0.020646081037252455,0.020645598237625365,0.020646761667497546,0.020646816657343414
tip,290.0,20.0,2,0.020906810180371223,0.02064608103725248,0.020645598237625344,0.020646761667497526,0.020646816657343414
tip,290.0,20.0,3,0.00315315922994283,0.0029214856700614062,0.002917701188693265,0.002917283300410575,0.0029172755279052048
tip,290.0,20.0,4,0.02090681018037125,0.020646081037252493,0.02064559823762534,0.020646761667497522,0.020646816657343414
tip,290.0,20.0,5,0.0031531592299428183,0.0029214856700613906,0.00291770118869326,0.0029172833004105715,0.0029172755279052048
tip,290.0,20.0,6,0.0031531592299428417,0.00292148567006139,0.0029177011886932606,0.002917283300410572,0.0029172755279052048
tip,290.0,20.0,7,0.0004755542774427387,0.0004132992077310517,0.00041230306474607367,0.0004121955351004207,0.0004121941240122207
tip,290.0,20.0,8,0.02090681018037123,0.020646081037252472,0.020645598237625355,0.020646761667497533,0.020646816657343414
tip,290.0,20.0,9,0.0031531475614514177,0.0029215708866761232,0.002917675144840754,0.00291727771451778,0.0029172755279052048
tip,290.0,20.0,10,0.02090716209035384,0.020661345749583025,0.02065021371771955,0.020646937793798514,0.020646816657343425
tip,290.0,20.0,11,0.0031531789530901645,0.0029226343866209834,0.0029180148239998827,0.0029172926517927445,0.0029172755279052048
tip,290.0,20.0,12,0.020907162090353835,0.02066134574958303,0.02065021371771955,0.02064693779379851,0.020646816657343425
tip,290.0,20.0,13,0.003153178953090163,0.0029226343866209825,0.0029180148239998822,0.0029172926517927445,0.0029172755279052048
tip,290.0,20.0,14,0.02090729268556842,0.020665722170018757,0.02065164701195413,0.0206470031844276,0.020646816657343425
tip,290.0,20.0,15,0.003153159229942812,0.0029214856700613824,0.002917701188693247,0.0029172833004105577,0.0029172755279052048
tip,290.0,20.0,16,0.02090681018037123,0.020646081037252472,0.020645598237625355,0.020646761667497533,0.020646816657343414
tip,290.0,20.0,17,0.020907162090353835,0.020661345749583032,0.020650213717719565,0.020646937793798524,0.020646816657343425
tip,290.0,20.0,18,0.0031531475614514173,0.0029215708866761237,0.0029176751448407533,0.002917277714517779,0.0029172755279052048
tip,290.0,20.0,19,0.003153178953090165,0.002922634386620984,0.0029180148239998844,0.002917292651792746,0.0029172755279052048
tip,290.0,20.0,20,0.020907162090353846,0.02066134574958304,0.020650213717719558,0.020646937793798514,0.020646816657343425
tip,290.0,20.0,21,0.020907292685568412,0.020665722170018767,0.020651647011954138,0.020647003184427606,0.020646816657343425
tip,290.0,20.0,22,0.003153178953090165,0.002922634386620984,0.002918014823999882,0.0029172926517927436,0.0029172755279052048
tip,290.0,20.0,23,0.0031531592299428126,0.002921485670061382,0.0029177011886932476,0.002917283300410558,0.0029172755279052048
tip,290.0,20.0,24,0.003153159229942825,0.002921485670061397,0.002917701188693264,0.002917283300410575,0.0029172755279052048
tip,290.0,20.0,25,0.0031531789530901645,0.0029226343866209825,0.002918014823999884,0.0029172926517927454,0.0029172755279052048
tip,290.0,20.0,26,0.0031531789530901636,0.0029226343866209834,0.0029180148239998835,0.0029172926517927454,0.0029172755279052048
tip,290.0,20.0,27,0.003153147561451414,0.0029215708866761154,0.002917675144840748,0.0029172777145177737,0.0029172755279052048
tip,290.0,20.0,28,0.020907292685568412,0.020665722170018767,0.020651647011954134,0.020647003184427606,0.020646816657343425
tip,290.0,20.0,29,0.020907162090353634,0.0206613457495828,0.020650213717719322,0.020646937793798274,0.020646816657343425
tip,290.0,20.0,30,0.02090716209035364,0.020661345749582796,0.02065021371771931,0.020646937793798264,0.020646816657343425
tip,290.0,20.0,31,0.0209068101803709,0.020646081037252084,0.02064559823762496,0.020646761667497137,0.020646816657343414
tip,290.0,20.0,32,0.020906810180371223,0.020646081037252465,0.020645598237625355,0.020646761667497533,0.020646816657343414
tip,290.0,20.0,33,0.020907162090353832,0.020661345749583025,0.020650213717719565,0.020646937793798524,0.020646816657343425
tip,290.0,20.0,34,0.020907162090353835,0.020661345749583025,0.020650213717719558,0.020646937793798517,0.020646816657343425
tip,290.0,20.0,35,0.020907292685568415,0.02066572217001876,0.020651647011954145,0.02064700318442761,0.020646816657343425
tip,290.0,20.0,36,0.003153147561451418,0.002921570886676124,0.0029176751448407538,0.0029172777145177794,0.0029172755279052048
tip,290.0,20.0,37,0.0031531789530901645,0.0029226343866209825,0.002918014823999883,0.0029172926517927454,0.0029172755279052048
tip,290.0,20.0,38,0.003153178953090165,0.002922634386620982,0.0029180148239998822,0.0029172926517927445,0.0029172755279052048
tip,290.0,20.0,39,0.003153159229942813,0.002921485670061382,0.0029177011886932468,0.002917283300410557,0.0029172755279052048
tip,290.0,20.0,40,0.0031531592299428256,0.002921485670061396,0.002917701188693264,0.002917283300410575,0.0029172755279052048
tip,290.0,20.0,41,0.003153178953090165,0.0029226343866209817,0.0029180148239998835,0.0029172926517927454,0.0029172755279052048
tip,290.0,20.0,42,0.020907292685568415,0.020665722170018757,0.020651647011954138,0.02064700318442761,0.020646816657343425
tip,290.0,20.0,43,0.020907162090353645,0.02066134574958279,0.02065021371771931,0.02064693779379827,0.020646816657343425
tip,290.0,20.0,44,0.0031531789530901645,0.002922634386620982,0.002918014823999882,0.002917292651792744,0.0029172755279052048
tip,290.0,20.0,45,0.003153147561451415,0.0029215708866761154,0.0029176751448407473,0.0029172777145177733,0.0029172755279052048
tip,290.0,20.0,46,0.02090716209035364,0.02066134574958279,0.02065021371771932,0.02064693779379827,0.020646816657343425
tip,290.0,20.0,47,0.020906810180370907,0.020646081037252077,0.020645598237624956,0.020646761667497134,0.020646816657343414
tip,290.0,20.0,48,0.003153159229942825,0.0029214856700613967,0.002917701188693265,0.002917283300410576,0.0029172755279052048
tip,290.0,20.0,49,0.020907292685568405,0.020665722170018767,0.02065164701195415,0.02064700318442762,0.020646816657343425
tip,290.0,20.0,50,0.003153178953090164,0.002922634386620984,0.002918014823999884,0.0029172926517927454,0.0029172755279052048
tip,290.0,20.0,51,0.02090716209035364,0.020661345749582796,0.020650213717719322,0.020646937793798278,0.020646816657343425
tip,290.0,20.0,52,0.0031531789530901645,0.002922634386620984,0.002918014823999883,0.0029172926517927454,0.0029172755279052048
tip,290.0,20.0,53,0.020907162090353634,0.020661345749582796,0.020650213717719322,0.020646937793798274,0.020646816657343425
tip,290.0,20.0,54,0.003153147561451414,0.002921570886676115,0.002917675144840747,0.002917277714517773,0.0029172755279052048
tip,290.0,20.0,55,0.020906810180370904,0.020646081037252073,0.020645598237624956,0.020646761667497134,0.020646816657343414
tip,290.0,20.0,56,0.0004755542774427364,0.00041329920773105014,0.0004123030647460739,0.0004121955351004209,0.0004121941240122207
tip,290.0,20.0,57,0.0031531592299428117,0.002921485670061382,0.0029177011886932476,0.002917283300410558,0.0029172755279052048
tip,290.0,20.0,58,0.0031531592299428126,0.0029214856700613815,0.002917701188693247,0.0029172833004105572,0.0029172755279052048
tip,290.0,20.0,59,0.020906810180370904,0.020646081037252077,0.020645598237624956,0.020646761667497134,0.020646816657343414
tip,290.0,20.0,60,0.003153159229942812,0.002921485670061382,0.002917701188693246,0.0029172833004105564,0.0029172755279052048
tip,290.0,20.0,61,0.020906810180370904,0.020646081037252073,0.02064559823762496,0.020646761667497137,0.020646816657343414
tip,290.0,20.0,62,0.020906810180370904,0.020646081037252077,0.02064559823762495,0.02064676166749713,0.020646816657343414
tip,290.0,20.0,63,0.13862126225894958,0.14591554056107717,0.14609056265664105,0.14612530928706735,0.1461264230972583
tip,280.0,20.0,0,0.14612530928707107,0.15391122333024704,0.15420647915429256,0.15432761842714846,0.15436724715218872
tip,280.0,20.0,1,0.020646761667497546,0.020334139033620607,0.020333535754676862,0.020337075104439332,0.02033886928216884
tip,280.0,20.0,2,0.020646761667497526,0.020334139033620583,0.020333535754676828,0.02033707510443929,0.02033886928216884
tip,280.0,20.0,3,0.002917283300410575,0.0026871948773135555,0.0026814318541077296,0.0026800392665683823,0.0026797757381092583
tip,280.0,20.0,4,0.020646761667497522,0.020334139033620604,0.020333535754676856,0.02033707510443932,0.02033886928216884
tip,280.0,20.0,5,0.0029172833004105715,0.0026871948773135486,0.0026814318541077266,0.002680039266568378,0.0026797757381092583
tip,280.0,20.0,6,0.002917283300410572,0.0026871948773135746,0.0026814318541077183,0.002680039266568368,0.0026797757381092583
tip,280.0,20.0,7,0.0004121955351004207,0.0003549548141639818,0.00035346917290264,0.0003531226195478259,0.00035307754363979364
tip,280.0,20.0,8,0.020646761667497533,0.020334139033620618,0.020333535754676856,0.020337075104439318,0.02033886928216884
tip,280.0,20.0,9,0.00291727771451778,0.002687690875437387,0.002681324205810166,0.002679869372436482,0.0026797757381092583
tip,280.0,20.0,10,0.020646937793798514,0.020374479254989974,0.02035446653503311,0.020343132497581677,0.02033886928216884
tip,280.0,20.0,11,0.0029172926517927445,0.002690142323236286,0.002682782077643168,0.0026803516620982977,0.0026797757381092583
tip,280.0,20.0,12,0.02064693779379851,0.020374479254989974,0.02035446653503311,0.020343132497581677,0.02033886928216884
tip,280.0,20.0,13,0.0029172926517927445,0.0026901423232362854,0.002682782077643168,0.0026803516620982977,0.0026797757381092583
tip,280.0,20.0,14,0.0206470031844276,0.020385005431438792,0.020360927242203824,0.020345353217290287,0.02033886928216884
tip,280.0,20.0,15,0.0029172833004105577,0.0026871948773135534,0.002681431854107725,0.0026800392665683737,0.0026797757381092583
tip,280.0,20.0,16,0.020646761667497533,0.020334139033620618,0.02033353575467685,0.020337075104439314,0.02033886928216884
tip,280.0,20.0,17,0.020646937793798524,0.020374479254989974,0.02035446653503311,0.02034313249758168,0.02033886928216884
tip,280.0,20.0,18,0.002917277714517779,0.0026876908754373875,0.002681324205810165,0.0026798693724364806,0.0026797757381092583
tip,280.0,20.0,19,0.002917292651792746,0.002690142323236285,0.002682782077643168,0.0026803516620982977,0.0026797757381092583
tip,280.0,20.0,20,0.020646937793798514,0.020374479254989978,0.020354466535033106,0.020343132497581677,0.02033886928216884
tip,280.0,20.0,21,0.020647003184427606,0.020385005431438796,0.02036092724220382,0.020345353217290283,0.02033886928216884
tip,280.0,20.0,22,0.0029172926517927436,0.0026901423232362867,0.0026827820776431674,0.0026803516620982973,0.0026797757381092583
tip,280.0,20.0,23,0.002917283300410558,0.0026871948773135534,0.0026814318541077244,0.0026800392665683732,0.0026797757381092583
tip,280.0,20.0,24,0.002917283300410575,0.0026871948773135534,0.002681431854107728,0.0026800392665683793,0.0026797757381092583
tip,280.0,20.0,25,0.0029172926517927454,0.0026901423232362862,0.0026827820776431674,0.0026803516620982973,0.0026797757381092583
tip,280.0,20.0,26,0.0029172926517927454,0.0026901423232362867,0.002682782077643168,0.0026803516620982977,0.0026797757381092583
tip,280.0,20.0,27,0.0029172777145177737,0.0026876908754374066,0.0026813242058101754,0.0026798693724364867,0.0026797757381092583
tip,280.0,20.0,28,0.020647003184427606,0.020385005431438792,0.020360927242203824,0.020345353217290287,0.02033886928216884
tip,280.0,20.0,29,0.020646937793798274,0.020374479254989836,0.020354466535032947,0.020343132497581493,0.02033886928216884
tip,280.0,20.0,30,0.020646937793798264,0.020374479254989825,0.020354466535032943,0.020343132497581493,0.02033886928216884
tip,280.0,20.0,31,0.020646761667497137,0.020334139033620413,0.020333535754676637,0.020337075104439065,0.02033886928216884
tip,280.0,20.0,32,0.020646761667497533,0.02033413903362061,0.02033353575467685,0.020337075104439314,0.02033886928216884
tip,280.0,20.0,33,0.020646937793798524,0.020374479254989974,0.020354466535033106,0.020343132497581677,0.02033886928216884
tip,280.0,20.0,34,0.020646937793798517,0.02037447925498997,0.020354466535033106,0.020343132497581677,0.02033886928216884
tip,280.0,20.0,35,0.02064700318442761,0.020385005431438785,0.02036092724220382,0.020345353217290283,0.02033886928216884
tip,280.0,20.0,36,0.0029172777145177794,0.0026876908754373883,0.0026813242058101668,0.0026798693724364823,0.0026797757381092583
tip,280.0,20.0,37,0.0029172926517927454,0.002690142323236286,0.0026827820776431665,0.002680351662098296,0.0026797757381092583
tip,280.0,20.0,38,0.0029172926517927445,0.002690142323236287,0.0026827820776431665,0.0026803516620982955,0.0026797757381092583
tip,280.0,20.0,39,0.002917283300410557,0.002687194877313553,0.0026814318541077244,0.0026800392665683724,0.0026797757381092583
tip,280.0,20.0,40,0.002917283300410575,0.0026871948773135542,0.002681431854107728,0.0026800392665683793,0.0026797757381092583
tip,280.0,20.0,41,0.0029172926517927454,0.0026901423232362854,0.0026827820776431665,0.0026803516620982964,0.0026797757381092583
tip,280.0,20.0,42,0.02064700318442761,0.02038500543143879,0.020360927242203824,0.020345353217290287,0.02033886928216884
tip,280.0,20.0,43,0.02064693779379827,0.02037447925498983,0.020354466535032936,0.020343132497581483,0.02033886928216884
tip,280.0,20.0,44,0.002917292651792744,0.002690142323236287,0.002682782077643167,0.002680351662098297,0.0026797757381092583
tip,280.0,20.0,45,0.0029172777145177733,0.002687690875437407,0.002681324205810174,0.002679869372436485,0.0026797757381092583
tip,280.0,20.0,46,0.02064693779379827,0.02037447925498983,0.020354466535032943,0.020343132497581493,0.02033886928216884
tip,280.0,20.0,47,0.020646761667497134,0.020334139033620413,0.020333535754676633,0.02033707510443906,0.02033886928216884
tip,280.0,20.0,48,0.002917283300410576,0.002687194877313553,0.0026814318541077274,0.0026800392665683793,0.0026797757381092583
tip,280.0,20.0,49,0.02064700318442762,0.02038500543143879,0.02036092724220382,0.020345353217290283,0.02033886928216884
tip,280.0,20.0,50,0.0029172926517927454,0.002690142323236285,0.002682782077643168,0.0026803516620982977,0.0026797757381092583
tip,280.0,20.0,51,0.020646937793798278,0.020374479254989825,0.02035446653503294,0.020343132497581493,0.02033886928216884
tip,280.0,20.0,52,0.0029172926517927454,0.002690142323236287,0.0026827820776431665,0.0026803516620982964,0.0026797757381092583
tip,280.0,20.0,53,0.020646937793798274,0.02037447925498983,0.020354466535032936,0.02034313249758149,0.02033886928216884
tip,280.0,20.0,54,0.002917277714517773,0.0026876908754374066,0.0026813242058101746,0.002679869372436486,0.0026797757381092583
tip,280.0,20.0,55,0.020646761667497134,0.020334139033620413,0.020333535754676633,0.02033707510443906,0.02033886928216884
tip,280.0,20.0,56,0.0004121955351004209,0.0003549548141639815,0.00035346917290263977,0.0003531226195478256,0.00035307754363979364
tip,280.0,20.0,57,0.002917283300410558,0.002687194877313553,0.002681431854107723,0.002680039266568372,0.0026797757381092583
tip,280.0,20.0,58,0.0029172833004105572,0.0026871948773135525,0.002681431854107724,0.002680039266568373,0.0026797757381092583
tip,280.0,20.0,59,0.020646761667497134,0.020334139033620413,0.020333535754676633,0.02033707510443906,0.02033886928216884
tip,280.0,20.0,60,0.0029172833004105564,0.002687194877313553,0.0026814318541077244,0.002680039266568373,0.0026797757381092583
tip,280.0,20.0,61,0.020646761667497137,0.020334139033620417,0.020333535754676627,0.020337075104439058,0.02033886928216884
tip,280.0,20.0,62,0.02064676166749713,0.020334139033620413,0.020333535754676633,0.020337075104439065,0.02033886928216884
tip,280.0,20.0,63,0.14612530928706735,0.15391122333024485,0.15420647915429037,0.15432761842714596,0.15436724715218872
tip,270.0,20.0,0,0.15432761842714846,0.16236275874861764,0.16280478676267826,0.163081931469595,0.16343390435948135
tip,270.0,20.0,1,0.020337075104439332,0.01996588530704278,0.019959241655248306,0.019962638181381775,0.019976194203950314
tip,270.0,20.0,2,0.02033707510443929,0.019965885307042814,0.019959241655248306,0.019962638181381758,0.019976194203950314
tip,270.0,20.0,3,0.0026800392665683823,0.002457162451685444,0.0024481192815931654,0.0024441484078166543,0.002441649646919101
tip,270.0,20.0,4,0.02033707510443932,0.0199658853070428,0.01995924165524834,0.019962638181381803,0.019976194203950314
tip,270.0,20.0,5,0.002680039266568378,0.0024571624516854552,0.0024481192815931706,0.0024441484078166573,0.002441649646919101
tip,270.0,20.0,6,0.002680039266568368,0.0024571624516854487,0.002448119281593158,0.00244414840781664,0.002441649646919101
tip,270.0,20.0,7,0.0003531226195478259,0.000302117953305559,0.00029991723695483316,0.00029890617256107593,0.00029843787747724476
tip,270.0,20.0,8,0.020337075104439318,0.019965885307042797,0.019959241655248313,0.019962638181381775,0.019976194203950314
tip,270.0,20.0,9,0.002679869372436482,0.0024584401892294963,0.0024482405713483328,0.0024434183181873386,0.002441649646919101
tip,270.0,20.0,10,0.020343132497581677,0.020062851169749287,0.020035793106834385,0.020012868094501236,0.019976194203950314
tip,270.0,20.0,11,0.0026803516620982977,0.0024638169712123494,0.0024530197500599324,0.0024469664440494813,0.002441649646919101
tip,270.0,20.0,12,0.020343132497581677,0.020062851169749294,0.02003579310683439,0.02001286809450124,0.019976194203950314
tip,270.0,20.0,13,0.0026803516620982977,0.002463816971212351,0.002453019750059933,0.0024469664440494817,0.002441649646919101
tip,270.0,20.0,14,0.020345353217290287,0.020087169110750654,0.02005784384130349,0.0200297268789301,0.019976194203950314
tip,270.0,20.0,15,0.0026800392665683737,0.0024571624516854405,0.0024481192815931545,0.00244414840781664,0.002441649646919101
tip,270.0,20.0,16,0.020337075104439314,0.01996588530704279,0.01995924165524832,0.01996263818138178,0.019976194203950314
tip,270.0,20.0,17,0.02034313249758168,0.020062851169749298,0.020035793106834385,0.020012868094501233,0.019976194203950314
tip,270.0,20.0,18,0.0026798693724364806,0.0024584401892294976,0.0024482405713483323,0.002443418318187337,0.002441649646919101
tip,270.0,20.0,19,0.0026803516620982977,0.00246381697121235,0.002453019750059932,0.0024469664440494813,0.002441649646919101
tip,270.0,20.0,20,0.020343132497581677,0.020062851169749298,0.020035793106834395,0.02001286809450124,0.019976194203950314
tip,270.0,20.0,21,0.020345353217290283,0.020087169110750657,0.0200578438413035,0.020029726878930114,0.019976194203950314
tip,270.0,20.0,22,0.0026803516620982973,0.0024638169712123507,0.002453019750059932,0.00244696644404948,0.002441649646919101
tip,270.0,20.0,23,0.0026800392665683732,0.0024571624516854405,0.002448119281593155,0.002444148407816641,0.002441649646919101
tip,270.0,20.0,24,0.0026800392665683793,0.0024571624516854505,0.0024481192815931654,0.002444148407816651,0.002441649646919101
tip,270.0,20.0,25,0.0026803516620982973,0.0024638169712123507,0.0024530197500599324,0.002446966444049481,0.002441649646919101
tip,270.0,20.0,26,0.0026803516620982977,0.002463816971212351,0.002453019750059933,0.002446966444049481,0.002441649646919101
tip,270.0,20.0,27,0.0026798693724364867,0.0024584401892295037,0.002448240571348337,0.0024434183181873416,0.002441649646919101
tip,270.0,20.0,28,0.020345353217290287,0.020087169110750654,0.02005784384130349,0.020029726878930103,0.019976194203950314
tip,270.0,20.0,29,0.020343132497581493,0.0200628511697491,0.020035793106834187,0.02001286809450104,0.019976194203950314
tip,270.0,20.0,30,0.020343132497581493,0.020062851169749107,0.020035793106834187,0.02001286809450104,0.019976194203950314
tip,270.0,20.0,31,0.020337075104439065,0.01996588530704253,0.019959241655248,0.019962638181381467,0.019976194203950314
tip,270.0,20.0,32,0.020337075104439314,0.019965885307042797,0.01995924165524832,0.01996263818138178,0.019976194203950314
tip,270.0,20.0,33,0.020343132497581677,0.02006285116974929,0.020035793106834385,0.020012868094501233,0.019976194203950314
tip,270.0,20.0,34,0.020343132497581677,0.02006285116974928,0.02003579310683438,0.020012868094501236,0.019976194203950314
tip,270.0,20.0,35,0.020345353217290283,0.020087169110750657,0.020057843841303498,0.02002972687893011,0.019976194203950314
tip,270.0,20.0,36,0.0026798693724364823,0.002458440189229499,0.002448240571348334,0.0024434183181873386,0.002441649646919101
tip,270.0,20.0,37,0.002680351662098296,0.0024638169712123507,0.0024530197500599333,0.002446966444049482,0.002441649646919101
tip,270.0,20.0,38,0.0026803516620982955,0.00246381697121235,0.0024530197500599307,0.002446966444049479,0.002441649646919101
tip,270.0,20.0,39,0.0026800392665683724,0.002457162451685442,0.002448119281593156,0.0024441484078166417,0.002441649646919101
tip,270.0,20.0,40,0.0026800392665683793,0.0024571624516854496,0.002448119281593165,0.0024441484078166504,0.002441649646919101
tip,270.0,20.0,41,0.0026803516620982964,0.00246381697121235,0.002453019750059932,0.0024469664440494804,0.002441649646919101
tip,270.0,20.0,42,0.020345353217290287,0.02008716911075065,0.020057843841303487,0.020029726878930103,0.019976194203950314
tip,270.0,20.0,43,0.020343132497581483,0.020062851169749107,0.020035793106834187,0.02001286809450104,0.019976194203950314
tip,270.0,20.0,44,0.002680351662098297,0.0024638169712123507,0.002453019750059932,0.002446966444049481,0.002441649646919101
tip,270.0,20.0,45,0.002679869372436485,0.002458440189229504,0.0024482405713483367,0.0024434183181873416,0.002441649646919101
tip,270.0,20.0,46,0.020343132497581493,0.0200628511697491,0.020035793106834184,0.020012868094501028,0.019976194203950314
tip,270.0,20.0,47,0.02033707510443906,0.01996588530704252,0.019959241655247997,0.019962638181381463,0.019976194203950314
tip,270.0,20.0,48,0.0026800392665683793,0.0024571624516854505,0.0024481192815931654,0.002444148407816651,0.002441649646919101
tip,270.0,20.0,49,0.020345353217290283,0.020087169110750664,0.020057843841303498,0.020029726878930107,0.019976194203950314
tip,270.0,20.0,50,0.0026803516620982977,0.0024638169712123503,0.0024530197500599324,0.0024469664440494813,0.002441649646919101
tip,270.0,20.0,51,0.020343132497581493,0.02006285116974911,0.020035793106834187,0.02001286809450103,0.019976194203950314
tip,270.0,20.0,52,0.0026803516620982964,0.0024638169712123516,0.002453019750059933,0.0024469664440494813,0.002441649646919101
tip,270.0,20.0,53,0.02034313249758149,0.020062851169749114,0.020035793106834187,0.020012868094501028,0.019976194203950314
tip,270.0,20.0,54,0.002679869372436486,0.0024584401892295033,0.0024482405713483367,0.002443418318187341,0.002441649646919101
tip,270.0,20.0,55,0.02033707510443906,0.01996588530704252,0.019959241655248,0.019962638181381463,0.019976194203950314
tip,270.0,20.0,56,0.0003531226195478256,0.0003021179533055603,0.00029991723695483414,0.0002989061725610768,0.00029843787747724476
tip,270.0,20.0,57,0.002680039266568372,0.0024571624516854414,0.0024481192815931554,0.0024441484078166413,0.002441649646919101
tip,270.0,20.0,58,0.002680039266568373,0.0024571624516854414,0.002448119281593156,0.0024441484078166413,0.002441649646919101
tip,270.0,20.0,59,0.02033707510443906,0.01996588530704253,0.019959241655248004,0.019962638181381467,0.019976194203950314
tip,270.0,20.0,60,0.002680039266568373,0.002457162451685442,0.002448119281593155,0.0024441484078166413,0.002441649646919101
tip,270.0,20.0,61,0.020337075104439058,0.01996588530704252,0.019959241655248,0.019962638181381467,0.019976194203950314
tip,270.0,20.0,62,0.020337075104439065,0.019965885307042526,0.019959241655247997,0.01996263818138146,0.019976194203950314
tip,270.0,20.0,63,0.15432761842714596,0.16236275874861436,0.1628047867626747,0.1630819314695915,0.16343390435948135
tip,260.0,20.0,0,0.163081931469595,0.1709113710518366,0.17145639106761626,0.1718869167908318,0.1734238475294004
tip,260.0,20.0,1,0.019962638181381775,0.01953789293159917,0.01951839967789447,0.0195109895268862,0.0195510726458784
tip,260.0,20.0,2,0.019962638181381758,0.019537892931599164,0.01951839967789448,0.019510989526886232,0.0195510726458784
tip,260.0,20.0,3,0.0024441484078166543,0.0022380938064386524,0.0022259538256792426,0.002217767474508989,0.002204105416007523
tip,260.0,20.0,4,0.019962638181381803,0.019537892931599164,0.01951839967789447,0.0195109895268862,0.0195510726458784
tip,260.0,20.0,5,0.0024441484078166573,0.0022380938064386472,0.0022259538256792348,0.002217767474508976,0.002204105416007523
tip,260.0,20.0,6,0.00244414840781664,0.0022380938064386433,0.002225953825679237,0.0022177674745089827,0.002204105416007523
tip,260.0,20.0,7,0.00029890617256107593,0.00025595507944942153,0.00025330566756202617,0.00025138945353869556,0.00024848154231056163
tip,260.0,20.0,8,0.019962638181381775,0.01953789293159915,0.01951839967789446,0.019510989526886204,0.0195510726458784
tip,260.0,20.0,9,0.0024434183181873386,0.0022411871551269525,0.002228013672247943,0.0022183263289367555,0.002204105416007523
tip,260.0,20.0,10,0.020012868094501236,0.01975388547449964,0.01972712269752572,0.019699869041178448,0.0195510726458784
tip,260.0,20.0,11,0.0024469664440494813,0.002252093766776504,0.0022391966133384774,0.0022292898697318236,0.002204105416007523
tip,260.0,20.0,12,0.02001286809450124,0.01975388547449964,0.019727122697525724,0.01969986904117845,0.0195510726458784
tip,260.0,20.0,13,0.0024469664440494817,0.002252093766776503,0.0022391966133384765,0.002229289869731822,0.002204105416007523
tip,260.0,20.0,14,0.0200297268789301,0.019805772175822772,0.01978074178715709,0.01975307309833553,0.0195510726458784
tip,260.0,20.0,15,0.00244414840781664,0.00223809380643853,0.0022259538256791055,0.00221776747450886,0.002204105416007523
tip,260.0,20.0,16,0.01996263818138178,0.01953789293159916,0.019518399677894465,0.01951098952688621,0.0195510726458784
tip,260.0,20.0,17,0.020012868094501233,0.019753885474499643,0.01972712269752573,0.01969986904117845,0.0195510726458784
tip,260.0,20.0,18,0.002443418318187337,0.002241187155126954,0.0022280136722479436,0.0022183263289367564,0.002204105416007523
tip,260.0,20.0,19,0.0024469664440494813,0.0022520937667765053,0.0022391966133384783,0.002229289869731823,0.002204105416007523
tip,260.0,20.0,20,0.02001286809450124,0.019753885474499643,0.01972712269752573,0.019699869041178455,0.0195510726458784
tip,260.0,20.0,21,0.020029726878930114,0.01980577217582277,0.019780741787157097,0.01975307309833554,0.0195510726458784
tip,260.0,20.0,22,0.00244696644404948,0.0022520937667765057,0.0022391966133384787,0.0022292898697318236,0.002204105416007523
tip,260.0,20.0,23,0.002444148407816641,0.0022380938064385297,0.0022259538256791055,0.00221776747450886,0.002204105416007523
tip,260.0,20.0,24,0.002444148407816651,0.002238093806438642,0.002225953825679235,0.0022177674745089823,0.002204105416007523
tip,260.0,20.0,25,0.002446966444049481,0.0022520937667765027,0.002239196613338476,0.002229289869731822,0.002204105416007523
tip,260.0,20.0,26,0.002446966444049481,0.002252093766776503,0.0022391966133384765,0.0022292898697318228,0.002204105416007523
tip,260.0,20.0,27,0.0024434183181873416,0.002241187155126842,0.002228013672247816,0.0022183263289366323,0.002204105416007523
tip,260.0,20.0,28,0.020029726878930103,0.019805772175822765,0.01978074178715709,0.019753073098335527,0.0195510726458784
tip,260.0,20.0,29,0.02001286809450104,0.019753885474498696,0.019727122697524673,0.01969986904117742,0.0195510726458784
tip,260.0,20.0,30,0.02001286809450104,0.019753885474498713,0.019727122697524687,0.019699869041177428,0.0195510726458784
tip,260.0,20.0,31,0.019962638181381467,0.01953789293159734,0.01951839967789244,0.01951098952688425,0.0195510726458784
tip,260.0,20.0,32,0.01996263818138178,0.019537892931599146,0.01951839967789446,0.01951098952688621,0.0195510726458784
tip,260.0,20.0,33,0.020012868094501233,0.019753885474499647,0.019727122697525724,0.01969986904117845,0.0195510726458784
tip,260.0,20.0,34,0.020012868094501236,0.019753885474499643,0.01972712269752573,0.019699869041178455,0.0195510726458784
tip,260.0,20.0,35,0.02002972687893011,0.01980577217582277,0.0197807417871571,0.019753073098335544,0.0195510726458784
tip,260.0,20.0,36,0.0024434183181873386,0.0022411871551269533,0.002228013672247943,0.002218326328936756,0.002204105416007523
tip,260.0,20.0,37,0.002446966444049482,0.0022520937667765057,0.0022391966133384774,0.0022292898697318228,0.002204105416007523
tip,260.0,20.0,38,0.002446966444049479,0.002252093766776505,0.002239196613338477,0.0022292898697318228,0.002204105416007523
tip,260.0,20.0,39,0.0024441484078166417,0.00223809380643853,0.002225953825679106,0.00221776747450886,0.002204105416007523
tip,260.0,20.0,40,0.0024441484078166504,0.002238093806438644,0.002225953825679236,0.002217767474508983,0.002204105416007523
tip,260.0,20.0,41,0.0024469664440494804,0.0022520937667765053,0.0022391966133384774,0.0022292898697318228,0.002204105416007523
tip,260.0,20.0,42,0.020029726878930103,0.019805772175822786,0.019780741787157108,0.019753073098335548,0.0195510726458784
tip,260.0,20.0,43,0.02001286809450104,0.01975388547449874,0.0197271226975247,0.019699869041177445,0.0195510726458784
tip,260.0,20.0,44,0.002446966444049481,0.002252093766776506,0.002239196613338478,0.002229289869731823,0.002204105416007523
tip,260.0,20.0,45,0.0024434183181873416,0.002241187155126843,0.0022280136722478156,0.002218326328936632,0.002204105416007523
tip,260.0,20.0,46,0.020012868094501028,0.01975388547449872,0.019727122697524694,0.019699869041177438,0.0195510726458784
tip,260.0,20.0,47,0.019962638181381463,0.019537892931597346,0.01951839967789245,0.019510989526884258,0.0195510726458784
tip,260.0,20.0,48,0.002444148407816651,0.0022380938064386438,0.002225953825679238,0.0022177674745089836,0.002204105416007523
tip,260.0,20.0,49,0.020029726878930107,0.019805772175822786,0.019780741787157108,0.019753073098335544,0.0195510726458784
tip,260.0,20.0,50,0.0024469664440494813,0.0022520937667765057,0.0022391966133384796,0.002229289869731824,0.002204105416007523
tip,260.0,20.0,51,0.02001286809450103,0.019753885474498738,0.0197271226975247,0.01969986904117744,0.0195510726458784
tip,260.0,20.0,52,0.0024469664440494813,0.0022520937667765066,0.0022391966133384804,0.002229289869731824,0.002204105416007523
tip,260.0,20.0,53,0.020012868094501028,0.01975388547449874,0.019727122697524704,0.01969986904117744,0.0195510726458784
tip,260.0,20.0,54,0.002443418318187341,0.0022411871551268423,0.0022280136722478174,0.002218326328936634,0.002204105416007523
tip,260.0,20.0,55,0.019962638181381463,0.019537892931597342,0.01951839967789245,0.01951098952688426,0.0195510726458784
tip,260.0,20.0,56,0.0002989061725610768,0.0002559550794494217,0.00025330566756202443,0.0002513894535386931,0.00024848154231056163
tip,260.0,20.0,57,0.0024441484078166413,0.002238093806438533,0.002225953825679107,0.00221776747450886,0.002204105416007523
tip,260.0,20.0,58,0.0024441484078166413,0.0022380938064385336,0.002225953825679108,0.00221776747450886,0.002204105416007523
tip,260.0,20.0,59,0.019962638181381467,0.019537892931597346,0.01951839967789246,0.019510989526884265,0.0195510726458784
tip,260.0,20.0,60,0.0024441484078166413,0.0022380938064385297,0.0022259538256791055,0.0022177674745088596,0.002204105416007523
tip,260.0,20.0,61,0.019962638181381467,0.019537892931597342,0.01951839967789245,0.019510989526884258,0.0195510726458784
tip,260.0,20.0,62,0.01996263818138146,0.01953789293159734,0.01951839967789245,0.019510989526884258,0.0195510726458784
tip,260.0,20.0,63,0.1630819314695915,0.17091137105181628,0.17145639106759383,0.1718869167908102,0.1734238475294004
tip,250.0,20.0,0,0.1718869167908318,0.17897576144938424,0.17951094163081122,0.17999096560057543,0.1844436479207736
tip,250.0,20.0,1,0.0195109895268862,0.019066829570767288,0.019035133974596316,0.01901120044299391,0.019054955825203095
tip,250.0,20.0,2,0.019510989526886232,0.01906682957076734,0.019035133974596354,0.01901120044299393,0.019054955825203095
tip,250.0,20.0,3,0.002217767474508989,0.0020409263290551123,0.0020281680207204647,0.0020173138055980954,0.001968576015458143
tip,250.0,20.0,4,0.0195109895268862,0.01906682957076725,0.019035133974596278,0.019011200442993866,0.019054955825203095
tip,250.0,20.0,5,0.002217767474508976,0.0020409263290551145,0.0020281680207204695,0.002017313805598098,0.001968576015458143
tip,250.0,20.0,6,0.0022177674745089827,0.002040926329055097,0.0020281680207204483,0.002017313805598079,0.001968576015458143
tip,250.0,20.0,7,0.00025138945353869556,0.00021812444964268104,0.00021568900919791598,0.00021352330397466954,0.00020337446930794747
tip,250.0,20.0,8,0.019510989526886204,0.019066829570767278,0.019035133974596306,0.019011200442993897,0.019054955825203095
tip,250.0,20.0,9,0.0022183263289367555,0.0020484463957620913,0.002035455860484509,0.0020238303568019763,0.001968576015458143
tip,250.0,20.0,10,0.019699869041178448,0.019482201908816214,0.01946346199841127,0.01944322622481732,0.019054955825203095
tip,250.0,20.0,11,0.0022292898697318236,0.002066810297532945,0.002054703088561105,0.002043859489935986,0.001968576015458143
tip,250.0,20.0,12,0.01969986904117845,0.019482201908816214,0.019463461998411265,0.01944322622481731,0.019054955825203095
tip,250.0,20.0,13,0.002229289869731822,0.0020668102975329476,0.0020547030885611074,0.0020438594899359883,0.001968576015458143
tip,250.0,20.0,14,0.01975307309833553,0.019573388758895787,0.019559399761610436,0.019543473415000182,0.019054955825203095
tip,250.0,20.0,15,0.00221776747450886,0.0020409263290549276,0.002028168020720288,0.002017313805597928,0.001968576015458143
tip,250.0,20.0,16,0.01951098952688621,0.019066829570767274,0.019035133974596295,0.01901120044299389,0.019054955825203095
tip,250.0,20.0,17,0.01969986904117845,0.01948220190881622,0.01946346199841128,0.019443226224817322,0.019054955825203095
tip,250.0,20.0,18,0.0022183263289367564,0.00204844639576209,0.002035455860484509,0.0020238303568019763,0.001968576015458143
tip,250.0,20.0,19,0.002229289869731823,0.002066810297532942,0.002054703088561104,0.0020438594899359853,0.001968576015458143
tip,250.0,20.0,20,0.019699869041178455,0.019482201908816194,0.019463461998411247,0.019443226224817294,0.019054955825203095
tip,250.0,20.0,21,0.01975307309833554,0.01957338875889578,0.019559399761610426,0.01954347341500017,0.019054955825203095
tip,250.0,20.0,22,0.0022292898697318236,0.0020668102975329393,0.002054703088561101,0.0020438594899359823,0.001968576015458143
tip,250.0,20.0,23,0.00221776747450886,0.0020409263290549254,0.002028168020720286,0.0020173138055979262,0.001968576015458143
tip,250.0,20.0,24,0.0022177674745089823,0.0020409263290550963,0.0020281680207204504,0.002017313805598085,0.001968576015458143
tip,250.0,20.0,25,0.002229289869731822,0.002066810297532944,0.002054703088561104,0.0020438594899359853,0.001968576015458143
tip,250.0,20.0,26,0.0022292898697318228,0.0020668102975329454,0.0020547030885611057,0.0020438594899359866,0.001968576015458143
tip,250.0,20.0,27,0.0022183263289366323,0.0020484463957619204,0.002035455860484346,0.0020238303568018163,0.001968576015458143
tip,250.0,20.0,28,0.019753073098335527,0.019573388758895787,0.019559399761610433,0.01954347341500017,0.019054955825203095
tip,250.0,20.0,29,0.01969986904117742,0.019482201908814778,0.019463461998409873,0.019443226224815938,0.019054955825203095
tip,250.0,20.0,30,0.019699869041177428,0.019482201908814768,0.01946346199840987,0.019443226224815934,0.019054955825203095
tip,250.0,20.0,31,0.01951098952688425,0.01906682957076454,0.01903513397459366,0.01901120044299129,0.019054955825203095
tip,250.0,20.0,32,0.01951098952688621,0.019066829570767278,0.0190351339745963,0.01901120044299389,0.019054955825203095
tip,250.0,20.0,33,0.01969986904117845,0.019482201908816194,0.01946346199841125,0.019443226224817298,0.019054955825203095
tip,250.0,20.0,34,0.019699869041178455,0.019482201908816197,0.01946346199841125,0.019443226224817298,0.019054955825203095
tip,250.0,20.0,35,0.019753073098335544,0.019573388758895777,0.019559399761610415,0.01954347341500016,0.019054955825203095
tip,250.0,20.0,36,0.002218326328936756,0.0020484463957620887,0.0020354558604845064,0.0020238303568019737,0.001968576015458143
tip,250.0,20.0,37,0.0022292898697318228,0.0020668102975329432,0.0020547030885611035,0.0020438594899359853,0.001968576015458143
tip,250.0,20.0,38,0.0022292898697318228,0.0020668102975329393,0.0020547030885611005,0.0020438594899359827,0.001968576015458143
tip,250.0,20.0,39,0.00221776747450886,0.0020409263290549276,0.002028168020720288,0.0020173138055979267,0.001968576015458143
tip,250.0,20.0,40,0.002217767474508983,0.0020409263290550998,0.0020281680207204517,0.0020173138055980854,0.001968576015458143
tip,250.0,20.0,41,0.0022292898697318228,0.00206681029753294,0.002054703088561101,0.002043859489935983,0.001968576015458143
tip,250.0,20.0,42,0.019753073098335548,0.019573388758895777,0.01955939976161042,0.019543473415000165,0.019054955825203095
tip,250.0,20.0,43,0.019699869041177445,0.019482201908814778,0.01946346199840987,0.019443226224815938,0.019054955825203095
tip,250.0,20.0,44,0.002229289869731823,0.002066810297532946,0.0020547030885611052,0.002043859489935986,0.001968576015458143
tip,250.0,20.0,45,0.002218326328936632,0.0020484463957619174,0.002035455860484344,0.0020238303568018146,0.001968576015458143
tip,250.0,20.0,46,0.019699869041177438,0.01948220190881479,0.019463461998409884,0.019443226224815945,0.019054955825203095
tip,250.0,20.0,47,0.019510989526884258,0.019066829570764533,0.019035133974593655,0.019011200442991285,0.019054955825203095
tip,250.0,20.0,48,0.0022177674745089836,0.002040926329055099,0.002028168020720453,0.0020173138055980862,0.001968576015458143
tip,250.0,20.0,49,0.019753073098335544,0.01957338875889578,0.01955939976161042,0.019543473415000165,0.019054955825203095
tip,250.0,20.0,50,0.002229289869731824,0.002066810297532941,0.002054703088561102,0.002043859489935984,0.001968576015458143
tip,250.0,20.0,51,0.01969986904117744,0.019482201908814785,0.01946346199840988,0.01944322622481594,0.019054955825203095
tip,250.0,20.0,52,0.002229289869731824,0.0020668102975329398,0.0020547030885611013,0.002043859489935983,0.001968576015458143
tip,250.0,20.0,53,0.01969986904117744,0.019482201908814764,0.01946346199840987,0.019443226224815934,0.019054955825203095
tip,250.0,20.0,54,0.002218326328936634,0.0020484463957619187,0.0020354558604843438,0.0020238303568018137,0.001968576015458143
tip,250.0,20.0,55,0.01951098952688426,0.019066829570764537,0.01903513397459365,0.01901120044299128,0.019054955825203095
tip,250.0,20.0,56,0.0002513894535386931,0.00021812444964268028,0.0002156890091979166,0.00021352330397467052,0.00020337446930794747
tip,250.0,20.0,57,0.00221776747450886,0.0020409263290549267,0.002028168020720286,0.0020173138055979262,0.001968576015458143
tip,250.0,20.0,58,0.00221776747450886,0.0020409263290549237,0.0020281680207202843,0.002017313805597925,0.001968576015458143
tip,250.0,20.0,59,0.019510989526884265,0.019066829570764544,0.01903513397459366,0.01901120044299129,0.019054955825203095
tip,250.0,20.0,60,0.0022177674745088596,0.0020409263290549276,0.0020281680207202865,0.0020173138055979262,0.001968576015458143
tip,250.0,20.0,61,0.019510989526884258,0.019066829570764533,0.019035133974593655,0.019011200442991285,0.019054955825203095
tip,250.0,20.0,62,0.019510989526884258,0.019066829570764533,0.01903513397459365,0.01901120044299128,0.019054955825203095
tip,250.0,20.0,63,0.1718869167908102,0.17897576144935154,0.17951094163077969,0.17999096560054448,0.1844436479207736
tip,240.0,20.0,0,0.17999096560057543,0.1857470455870986,0.18616687400795323,0.18656851474698455,0.19660771230342403
tip,240.0,20.0,1,0.01901120044299391,0.01859490158516582,0.018561290022478007,0.018530645177614328,0.01847853214774356
tip,240.0,20.0,2,0.01901120044299393,0.018594901585165746,0.018561290022477944,0.018530645177614272,0.01847853214774356
tip,240.0,20.0,3,0.0020173138055980954,0.001878810490686473,0.001868543429160328,0.001858868810256869,0.0017367383320559876
tip,240.0,20.0,4,0.019011200442993866,0.018594901585165653,0.018561290022477847,0.018530645177614186,0.01847853214774356
tip,240.0,20.0,5,0.002017313805598098,0.0018788104906864564,0.0018685434291603115,0.0018588688102568534,0.0017367383320559876
tip,240.0,20.0,6,0.002017313805598079,0.001878810490686463,0.0018685434291603172,0.0018588688102568589,0.0017367383320559876
tip,240.0,20.0,7,0.00021352330397466954,0.00018976602957281472,0.0001880730021058043,0.00018644434706110478,0.00016323049958277865
tip,240.0,20.0,8,0.019011200442993897,0.018594901585165757,0.018561290022477948,0.018530645177614272,0.01847853214774356
tip,240.0,20.0,9,0.0020238303568019763,0.0018924962582461443,0.0018828550134310639,0.0018735570435162697,0.0017367383320559876
tip,240.0,20.0,10,0.01944322622481732,0.019288842054033774,0.019279391072488047,0.019269184400357332,0.01847853214774357
tip,240.0,20.0,11,0.002043859489935986,0.0019196742271222074,0.001910773601559289,0.0019022418336788732,0.0017367383320559876
tip,240.0,20.0,12,0.01944322622481731,0.019288842054033747,0.019279391072488015,0.019269184400357305,0.01847853214774357
tip,240.0,20.0,13,0.0020438594899359883,0.0019196742271222072,0.0019107736015592889,0.0019022418336788727,0.0017367383320559876
tip,240.0,20.0,14,0.019543473415000182,0.019430776488854818,0.01942549973185082,0.019419576147993212,0.01847853214774357
tip,240.0,20.0,15,0.002017313805597928,0.001878810490686336,0.0018685434291602174,0.0018588688102567608,0.0017367383320559876
tip,240.0,20.0,16,0.01901120044299389,0.01859490158516576,0.018561290022477948,0.018530645177614272,0.01847853214774356
tip,240.0,20.0,17,0.019443226224817322,0.01928884205403376,0.01927939107248804,0.019269184400357322,0.01847853214774357
tip,240.0,20.0,18,0.0020238303568019763,0.0018924962582461465,0.001882855013431066,0.0018735570435162712,0.0017367383320559876
tip,240.0,20.0,19,0.0020438594899359853,0.0019196742271222116,0.0019107736015592915,0.0019022418336788755,0.0017367383320559876
tip,240.0,20.0,20,0.019443226224817294,0.019288842054033774,0.01927939107248805,0.019269184400357332,0.01847853214774357
tip,240.0,20.0,21,0.01954347341500017,0.019430776488854832,0.019425499731850836,0.019419576147993237,0.01847853214774357
tip,240.0,20.0,22,0.0020438594899359823,0.0019196742271222083,0.0019107736015592906,0.0019022418336788745,0.0017367383320559876
tip,240.0,20.0,23,0.0020173138055979262,0.0018788104906863382,0.0018685434291602198,0.0018588688102567628,0.0017367383320559876
tip,240.0,20.0,24,0.002017313805598085,0.0018788104906864588,0.0018685434291603167,0.0018588688102568578,0.0017367383320559876
tip,240.0,20.0,25,0.0020438594899359853,0.0019196742271222092,0.0019107736015592895,0.0019022418336788732,0.0017367383320559876
tip,240.0,20.0,26,0.0020438594899359866,0.0019196742271222077,0.001910773601559289,0.001902241833678873,0.0017367383320559876
tip,240.0,20.0,27,0.0020238303568018163,0.0018924962582460285,0.0018828550134309754,0.0018735570435161818,0.0017367383320559876
tip,240.0,20.0,28,0.01954347341500017,0.0194307764888548,0.019425499731850808,0.019419576147993202,0.01847853214774357
tip,240.0,20.0,29,0.019443226224815938,0.01928884205403262,0.0192793910724871,0.01926918440035639,0.01847853214774357
tip,240.0,20.0,30,0.019443226224815934,0.019288842054032605,0.019279391072487075,0.01926918440035637,0.01847853214774357
tip,240.0,20.0,31,0.01901120044299129,0.01859490158516361,0.018561290022476237,0.018530645177612583,0.01847853214774356
tip,240.0,20.0,32,0.01901120044299389,0.018594901585165715,0.018561290022477903,0.01853064517761423,0.01847853214774356
tip,240.0,20.0,33,0.019443226224817298,0.019288842054033764,0.019279391072488043,0.019269184400357325,0.01847853214774357
tip,240.0,20.0,34,0.019443226224817298,0.019288842054033778,0.019279391072488054,0.019269184400357336,0.01847853214774357
tip,240.0,20.0,35,0.01954347341500016,0.01943077648885483,0.01942549973185083,0.01941957614799323,0.01847853214774357
tip,240.0,20.0,36,0.0020238303568019737,0.0018924962582461387,0.0018828550134310576,0.0018735570435162634,0.0017367383320559876
tip,240.0,20.0,37,0.0020438594899359853,0.0019196742271222103,0.0019107736015592904,0.001902241833678874,0.0017367383320559876
tip,240.0,20.0,38,0.0020438594899359827,0.001919674227122209,0.0019107736015592908,0.0019022418336788747,0.0017367383320559876
tip,240.0,20.0,39,0.0020173138055979267,0.0018788104906863347,0.001868543429160217,0.0018588688102567602,0.0017367383320559876
tip,240.0,20.0,40,0.0020173138055980854,0.0018788104906864549,0.0018685434291603126,0.0018588688102568539,0.0017367383320559876
tip,240.0,20.0,41,0.002043859489935983,0.0019196742271222074,0.001910773601559288,0.0019022418336788719,0.0017367383320559876
tip,240.0,20.0,42,0.019543473415000165,0.01943077648885479,0.019425499731850798,0.0194195761479932,0.01847853214774357
tip,240.0,20.0,43,0.019443226224815938,0.01928884205403263,0.019279391072487103,0.0192691844003564,0.01847853214774357
tip,240.0,20.0,44,0.002043859489935986,0.0019196742271222072,0.0019107736015592882,0.001902241833678872,0.0017367383320559876
tip,240.0,20.0,45,0.0020238303568018146,0.0018924962582460268,0.0018828550134309737,0.0018735570435161801,0.0017367383320559876
tip,240.0,20.0,46,0.019443226224815945,0.01928884205403263,0.019279391072487096,0.019269184400356385,0.01847853214774357
tip,240.0,20.0,47,0.019011200442991285,0.01859490158516362,0.018561290022476248,0.018530645177612593,0.01847853214774356
tip,240.0,20.0,48,0.0020173138055980862,0.0018788104906864583,0.0018685434291603163,0.0018588688102568578,0.0017367383320559876
tip,240.0,20.0,49,0.019543473415000165,0.01943077648885484,0.019425499731850836,0.019419576147993237,0.01847853214774357
tip,240.0,20.0,50,0.002043859489935984,0.0019196742271222146,0.0019107736015592965,0.0019022418336788797,0.0017367383320559876
tip,240.0,20.0,51,0.01944322622481594,0.019288842054032664,0.019279391072487138,0.019269184400356427,0.01847853214774357
tip,240.0,20.0,52,0.002043859489935983,0.0019196742271222072,0.0019107736015592889,0.001902241833678873,0.0017367383320559876
tip,240.0,20.0,53,0.019443226224815934,0.019288842054032657,0.019279391072487124,0.01926918440035642,0.01847853214774357
tip,240.0,20.0,54,0.0020238303568018137,0.0018924962582460272,0.0018828550134309737,0.0018735570435161803,0.0017367383320559876
tip,240.0,20.0,55,0.01901120044299128,0.01859490158516362,0.01856129002247625,0.018530645177612597,0.01847853214774356
tip,240.0,20.0,56,0.00021352330397467052,0.00018976602957281003,0.00018807300210579733,0.00018644434706109847,0.00016323049958277865
tip,240.0,20.0,57,0.0020173138055979262,0.0018788104906863352,0.0018685434291602174,0.0018588688102567606,0.0017367383320559876
tip,240.0,20.0,58,0.002017313805597925,0.001878810490686336,0.001868543429160217,0.00185886881025676,0.0017367383320559876
tip,240.0,20.0,59,0.01901120044299129,0.018594901585163637,0.01856129002247626,0.01853064517761261,0.01847853214774356
tip,240.0,20.0,60,0.0020173138055979262,0.0018788104906863389,0.0018685434291602196,0.0018588688102567624,0.0017367383320559876
tip,240.0,20.0,61,0.019011200442991285,0.0185949015851636,0.01856129002247623,0.01853064517761258,0.01847853214774356
tip,240.0,20.0,62,0.01901120044299128,0.01859490158516357,0.018561290022476203,0.018530645177612555,0.01847853214774356
tip,240.0,20.0,63,0.17999096560054448,0.18574704558707267,0.18616687400793352,0.18656851474696495,0.19660771230342403
tip,230.0,20.0,0,0.18656851474698455,0.19057956847983384,0.19084200043080712,0.1911002993655359,0.21003547972126033
tip,230.0,20.0,1,0.018530645177614328,0.01818288573020841,0.018157610054903683,0.018133060805314436,0.017811902889611417
tip,230.0,20.0,2,0.018530645177614272,0.018182885730208265,0.018157610054903534,0.018133060805314294,0.017811902889611417
tip,230.0,20.0,3,0.001858868810256869,0.0017616201599370779,0.0017551933369170734,0.001748893281189824,0.001510525197790351
tip,230.0,20.0,4,0.018530645177614186,0.018182885730208303,0.01815761005490357,0.018133060805314325,0.017811902889611417
tip,230.0,20.0,5,0.0018588688102568534,0.00176162015993703,0.0017551933369170257,0.0017488932811897783,0.001510525197790351
tip,230.0,20.0,6,0.0018588688102568589,0.001761620159937082,0.0017551933369170769,0.0017488932811898271,0.001510525197790351
tip,230.0,20.0,7,0.00018644434706110478,0.00017124511854854936,0.00017030552947894885,0.00016937737933690682,0.00012809896771278387
tip,230.0,20.0,8,0.018530645177614272,0.018182885730208192,0.01815761005490348,0.018133060805314242,0.017811902889611417
tip,230.0,20.0,9,0.0018735570435162697,0.0017843782752712566,0.0017787085889332604,0.001773101230095996,0.0015105251977903496
tip,230.0,20.0,10,0.019269184400357332,0.019193873073287786,0.019190527151330967,0.019186975497033458,0.017811902889611434
tip,230.0,20.0,11,0.0019022418336788732,0.0018194164891744747,0.0018141357960750107,0.0018089327987180217,0.0015105251977903496
tip,230.0,20.0,12,0.019269184400357305,0.019193873073287748,0.019190527151330922,0.019186975497033423,0.017811902889611434
tip,230.0,20.0,13,0.0019022418336788727,0.00181941648917447,0.0018141357960750053,0.0018089327987180163,0.0015105251977903496
tip,230.0,20.0,14,0.019419576147993212,0.019383092953402258,0.01938225674586887,0.019381281757119163,0.017811902889611434
tip,230.0,20.0,15,0.0018588688102567608,0.001761620159936791,0.001755193336916779,0.0017488932811895327,0.001510525197790351
tip,230.0,20.0,16,0.018530645177614272,0.01818288573020821,0.018157610054903493,0.018133060805314252,0.017811902889611417
tip,230.0,20.0,17,0.019269184400357322,0.019193873073287848,0.019190527151331023,0.019186975497033517,0.017811902889611434
tip,230.0,20.0,18,0.0018735570435162712,0.0017843782752712534,0.001778708588933257,0.0017731012300959926,0.0015105251977903496
tip,230.0,20.0,19,0.0019022418336788755,0.0018194164891744736,0.0018141357960750088,0.00180893279871802,0.0015105251977903496
tip,230.0,20.0,20,0.019269184400357332,0.01919387307328779,0.019190527151330964,0.019186975497033455,0.017811902889611434
tip,230.0,20.0,21,0.019419576147993237,0.019383092953402282,0.019382256745868902,0.01938128175711919,0.017811902889611434
tip,230.0,20.0,22,0.0019022418336788745,0.0018194164891744704,0.0018141357960750047,0.0018089327987180158,0.0015105251977903496
tip,230.0,20.0,23,0.0018588688102567628,0.001761620159936792,0.0017551933369167772,0.0017488932811895316,0.001510525197790351
tip,230.0,20.0,24,0.0018588688102568578,0.0017616201599370467,0.0017551933369170448,0.0017488932811897963,0.001510525197790351
tip,230.0,20.0,25,0.0019022418336788732,0.0018194164891744667,0.0018141357960750031,0.001808932798718014,0.0015105251977903496
tip,230.0,20.0,26,0.001902241833678873,0.0018194164891744617,0.001814135796074998,0.0018089327987180093,0.0015105251977903496
tip,230.0,20.0,27,0.0018735570435161818,0.0017843782752710033,0.0017787085889329878,0.0017731012300957244,0.0015105251977903496
tip,230.0,20.0,28,0.019419576147993202,0.019383092953402285,0.01938225674586891,0.0193812817571192,0.017811902889611434
tip,230.0,20.0,29,0.01926918440035639,0.01919387307328564,0.019190527151328685,0.019186975497031182,0.017811902889611434
tip,230.0,20.0,30,0.01926918440035637,0.01919387307328561,0.019190527151328646,0.019186975497031144,0.017811902889611434
tip,230.0,20.0,31,0.018530645177612583,0.018182885730203966,0.018157610054898975,0.01813306080530975,0.017811902889611417
tip,230.0,20.0,32,0.01853064517761423,0.018182885730208223,0.018157610054903503,0.018133060805314263,0.017811902889611417
tip,230.0,20.0,33,0.019269184400357325,0.019193873073287793,0.019190527151330967,0.019186975497033465,0.017811902889611434
tip,230.0,20.0,34,0.019269184400357336,0.019193873073287803,0.019190527151330978,0.019186975497033472,0.017811902889611434
tip,230.0,20.0,35,0.01941957614799323,0.01938309295340229,0.01938225674586891,0.0193812817571192,0.017811902889611434
tip,230.0,20.0,36,0.0018735570435162634,0.0017843782752712503,0.0017787085889332545,0.0017731012300959902,0.0015105251977903496
tip,230.0,20.0,37,0.001902241833678874,0.0018194164891744723,0.0018141357960750084,0.001808932798718019,0.0015105251977903496
tip,230.0,20.0,38,0.0019022418336788747,0.0018194164891744693,0.0018141357960750053,0.0018089327987180163,0.0015105251977903496
tip,230.0,20.0,39,0.0018588688102567602,0.0017616201599367927,0.0017551933369167794,0.0017488932811895335,0.001510525197790351
tip,230.0,20.0,40,0.0018588688102568539,0.0017616201599370367,0.001755193336917035,0.0017488932811897872,0.001510525197790351
tip,230.0,20.0,41,0.0019022418336788719,0.0018194164891744712,0.0018141357960750053,0.0018089327987180163,0.0015105251977903496
tip,230.0,20.0,42,0.0194195761479932,0.019383092953402247,0.01938225674586886,0.019381281757119152,0.017811902889611434
tip,230.0,20.0,43,0.0192691844003564,0.019193873073285617,0.019190527151328653,0.019186975497031154,0.017811902889611434
tip,230.0,20.0,44,0.001902241833678872,0.001819416489174465,0.0018141357960750005,0.0018089327987180115,0.0015105251977903496
tip,230.0,20.0,45,0.0018735570435161801,0.0017843782752709964,0.0017787085889329815,0.0017731012300957183,0.0015105251977903496
tip,230.0,20.0,46,0.019269184400356385,0.019193873073285607,0.019190527151328643,0.01918697549703114,0.017811902889611434
tip,230.0,20.0,47,0.018530645177612593,0.01818288573020399,0.018157610054898996,0.01813306080530977,0.017811902889611417
tip,230.0,20.0,48,0.0018588688102568578,0.0017616201599370445,0.0017551933369170426,0.0017488932811897942,0.001510525197790351
tip,230.0,20.0,49,0.019419576147993237,0.019383092953402313,0.019382256745868926,0.019381281757119218,0.017811902889611434
tip,230.0,20.0,50,0.0019022418336788797,0.001819416489174477,0.0018141357960750112,0.0018089327987180221,0.0015105251977903496
tip,230.0,20.0,51,0.019269184400356427,0.019193873073285656,0.01919052715132869,0.019186975497031192,0.017811902889611434
tip,230.0,20.0,52,0.001902241833678873,0.0018194164891744656,0.0018141357960750008,0.0018089327987180117,0.0015105251977903496
tip,230.0,20.0,53,0.01926918440035642,0.01919387307328566,0.019190527151328695,0.019186975497031192,0.017811902889611434
tip,230.0,20.0,54,0.0018735570435161803,0.0017843782752709934,0.0017787085889329791,0.001773101230095716,0.0015105251977903496
tip,230.0,20.0,55,0.018530645177612597,0.01818288573020402,0.018157610054899024,0.018133060805309797,0.017811902889611417
tip,230.0,20.0,56,0.00018644434706109847,0.00017124511854854028,0.00017030552947894026,0.00016937737933689855,0.00012809896771278387
tip,230.0,20.0,57,0.0018588688102567606,0.0017616201599367938,0.0017551933369167807,0.0017488932811895348,0.001510525197790351
tip,230.0,20.0,58,0.00185886881025676,0.001761620159936791,0.0017551933369167778,0.0017488932811895316,0.001510525197790351
tip,230.0,20.0,59,0.01853064517761261,0.01818288573020397,0.01815761005489898,0.01813306080530975,0.017811902889611417
tip,230.0,20.0,60,0.0018588688102567624,0.0017616201599367832,0.0017551933369167705,0.0017488932811895246,0.001510525197790351
tip,230.0,20.0,61,0.01853064517761258,0.018182885730204,0.018157610054899007,0.018133060805309777,0.017811902889611417
tip,230.0,20.0,62,0.018530645177612555,0.01818288573020397,0.018157610054898975,0.018133060805309745,0.017811902889611417
tip,230.0,20.0,63,0.18656851474696495,0.19057956847977803,0.19084200043074678,0.1911002993654756,0.21003547972126033
tip,220.0,20.0,0,0.1911002993655359,0.19339478514717667,0.19352660402878638,0.19365775916270675,0.22484629527092256
tip,220.0,20.0,1,0.018133060805314436,0.017899688600486317,0.017885254400556966,0.01787094174884178,0.017044925348106366
tip,220.0,20.0,2,0.018133060805314294,0.017899688600486133,0.017885254400556785,0.017870941748841608,0.017044925348106366
tip,220.0,20.0,3,0.001748893281189824,0.001692909916649665,0.0016896921148083326,0.0016864938079465977,0.0012921248258613866
tip,220.0,20.0,4,0.018133060805314325,0.01789968860048611,0.017885254400556747,0.01787094174884157,0.017044925348106366
tip,220.0,20.0,5,0.0017488932811897783,0.0016929099166496605,0.0016896921148083248,0.0016864938079465903,0.0012921248258613866
tip,220.0,20.0,6,0.0017488932811898271,0.001692909916649773,0.0016896921148084351,0.0016864938079466992,0.0012921248258613866
tip,220.0,20.0,7,0.00016937737933690682,0.00016153226127823978,0.0001611079033327739,0.00016068508826618184,9.795211956107537e-05
tip,220.0,20.0,8,0.018133060805314242,0.01789968860048598,0.017885254400556633,0.017870941748841455,0.017044925348106366
tip,220.0,20.0,9,0.001773101230095996,0.0017247371557485263,0.0017220594884977786,0.0017193901883225133,0.0012921248258613866
tip,220.0,20.0,10,0.019186975497033458,0.01916499503747105,0.01916438303033947,0.019163734708851878,0.017044925348106366
tip,220.0,20.0,11,0.0018089327987180217,0.0017636855706345345,0.0017611511889493929,0.0017586285706536542,0.0012921248258613866
tip,220.0,20.0,12,0.019186975497033423,0.019164995037470937,0.01916438303033937,0.019163734708851778,0.017044925348106366
tip,220.0,20.0,13,0.0018089327987180163,0.001763685570634523,0.0017611511889493823,0.0017586285706536436,0.0012921248258613866
tip,220.0,20.0,14,0.019381281757119163,0.0193805987909778,0.019381075064849942,0.019381530722127747,0.017044925348106366
tip,220.0,20.0,15,0.0017488932811895327,0.0016929099166493394,0.001689692114807994,0.0016864938079462599,0.0012921248258613866
tip,220.0,20.0,16,0.018133060805314252,0.017899688600486033,0.017885254400556688,0.017870941748841514,0.017044925348106366
tip,220.0,20.0,17,0.019186975497033517,0.019164995037471034,0.019164383030339457,0.019163734708851868,0.017044925348106366
tip,220.0,20.0,18,0.0017731012300959926,0.0017247371557485235,0.0017220594884977754,0.0017193901883225098,0.0012921248258613866
tip,220.0,20.0,19,0.00180893279871802,0.0017636855706345267,0.0017611511889493842,0.0017586285706536456,0.0012921248258613866
tip,220.0,20.0,20,0.019186975497033455,0.019164995037470968,0.019164383030339387,0.019163734708851795,0.017044925348106366
tip,220.0,20.0,21,0.01938128175711919,0.019380598790977838,0.019381075064849974,0.019381530722127775,0.017044925348106366
tip,220.0,20.0,22,0.0018089327987180158,0.0017636855706345228,0.0017611511889493823,0.0017586285706536436,0.0012921248258613866
tip,220.0,20.0,23,0.0017488932811895316,0.001692909916649341,0.0016896921148079943,0.0016864938079462603,0.0012921248258613866
tip,220.0,20.0,24,0.0017488932811897963,0.0016929099166496729,0.0016896921148083371,0.0016864938079466025,0.0012921248258613866
tip,220.0,20.0,25,0.001808932798718014,0.0017636855706345195,0.0017611511889493792,0.0017586285706536406,0.0012921248258613866
tip,220.0,20.0,26,0.0018089327987180093,0.0017636855706345224,0.0017611511889493807,0.001758628570653642,0.0012921248258613866
tip,220.0,20.0,27,0.0017731012300957244,0.0017247371557481172,0.001722059488497347,0.0017193901883220822,0.0012921248258613866
tip,220.0,20.0,28,0.0193812817571192,0.019380598790977806,0.019381075064849953,0.019381530722127754,0.017044925348106366
tip,220.0,20.0,29,0.019186975497031182,0.019164995037467727,0.019164383030336008,0.019163734708848412,0.017044925348106366
tip,220.0,20.0,30,0.019186975497031144,0.01916499503746764,0.019164383030335914,0.01916373470884832,0.017044925348106366
tip,220.0,20.0,31,0.01813306080530975,0.017899688600479188,0.017885254400549534,0.017870941748834367,0.017044925348106366
tip,220.0,20.0,32,0.018133060805314263,0.017899688600486085,0.017885254400556733,0.01787094174884156,0.017044925348106366
tip,220.0,20.0,33,0.019186975497033465,0.019164995037471065,0.01916438303033949,0.019163734708851896,0.017044925348106366
tip,220.0,20.0,34,0.019186975497033472,0.019164995037471037,0.01916438303033946,0.019163734708851868,0.017044925348106366
tip,220.0,20.0,35,0.0193812817571192,0.01938059879097783,0.01938107506484997,0.019381530722127775,0.017044925348106366
tip,220.0,20.0,36,0.0017731012300959902,0.001724737155748519,0.0017220594884977713,0.0017193901883225057,0.0012921248258613866
tip,220.0,20.0,37,0.001808932798718019,0.0017636855706345267,0.0017611511889493857,0.001758628570653647,0.0012921248258613866
tip,220.0,20.0,38,0.0018089327987180163,0.0017636855706345302,0.0017611511889493875,0.0017586285706536488,0.0012921248258613866
tip,220.0,20.0,39,0.0017488932811895335,0.0016929099166493448,0.0016896921148080014,0.001686493807946267,0.0012921248258613866
tip,220.0,20.0,40,0.0017488932811897872,0.0016929099166496707,0.001689692114808335,0.0016864938079466003,0.0012921248258613866
tip,220.0,20.0,41,0.0018089327987180163,0.0017636855706345286,0.0017611511889493877,0.001758628570653649,0.0012921248258613866
tip,220.0,20.0,42,0.019381281757119152,0.019380598790977782,0.019381075064849918,0.019381530722127723,0.017044925348106366
tip,220.0,20.0,43,0.019186975497031154,0.019164995037467714,0.019164383030335994,0.0191637347088484,0.017044925348106366
tip,220.0,20.0,44,0.0018089327987180115,0.0017636855706345126,0.0017611511889493716,0.0017586285706536332,0.0012921248258613866
tip,220.0,20.0,45,0.0017731012300957183,0.0017247371557481113,0.0017220594884973424,0.0017193901883220777,0.0012921248258613866
tip,220.0,20.0,46,0.01918697549703114,0.01916499503746764,0.01916438303033592,0.019163734708848325,0.017044925348106366
tip,220.0,20.0,47,0.01813306080530977,0.01789968860047918,0.017885254400549524,0.017870941748834353,0.017044925348106366
tip,220.0,20.0,48,0.0017488932811897942,0.0016929099166496742,0.00168969211480834,0.0016864938079466055,0.0012921248258613866
tip,220.0,20.0,49,0.019381281757119218,0.01938059879097789,0.019381075064850026,0.01938153072212783,0.017044925348106366
tip,220.0,20.0,50,0.0018089327987180221,0.0017636855706345338,0.0017611511889493925,0.0017586285706536538,0.0012921248258613866
tip,220.0,20.0,51,0.019186975497031192,0.019164995037467762,0.019164383030336043,0.01916373470884845,0.017044925348106366
tip,220.0,20.0,52,0.0018089327987180117,0.001763685570634524,0.0017611511889493827,0.001758628570653644,0.0012921248258613866
tip,220.0,20.0,53,0.019186975497031192,0.019164995037467793,0.019164383030336078,0.01916373470884848,0.017044925348106366
tip,220.0,20.0,54,0.001773101230095716,0.00172473715574811,0.0017220594884973402,0.0017193901883220757,0.0012921248258613866
tip,220.0,20.0,55,0.018133060805309797,0.017899688600479222,0.017885254400549562,0.0178709417488344,0.017044925348106366
tip,220.0,20.0,56,0.00016937737933689855,0.00016153226127822983,0.00016110790333276272,0.00016068508826617075,9.795211956107537e-05
tip,220.0,20.0,57,0.0017488932811895348,0.001692909916649339,0.0016896921148079947,0.0016864938079462605,0.0012921248258613866
tip,220.0,20.0,58,0.0017488932811895316,0.001692909916649335,0.0016896921148079904,0.001686493807946256,0.0012921248258613866
tip,220.0,20.0,59,0.01813306080530975,0.01789968860047919,0.017885254400549534,0.017870941748834367,0.017044925348106366
tip,220.0,20.0,60,0.0017488932811895246,0.0016929099166493225,0.001689692114807978,0.001686493807946244,0.0012921248258613866
tip,220.0,20.0,61,0.018133060805309777,0.017899688600479215,0.01788525440054956,0.01787094174883439,0.017044925348106366
tip,220.0,20.0,62,0.018133060805309745,0.0178996886004792,0.017885254400549545,0.01787094174883438,0.017044925348106366
tip,220.0,20.0,63,0.1911002993654756,0.19339478514707747,0.19352660402868196,0.1936577591626024,0.22484629527092256
tip,210.0,20.0,0,0.19365775916270675,0.1947123707305803,0.19476556717885934,0.1948186886982605,0.24115087122701293
tip,210.0,20.0,1,0.01787094174884178,0.01775099245082027,0.017744640408756653,0.017738302365958972,0.016167803773185684
tip,210.0,20.0,2,0.017870941748841608,0.017750992450820017,0.01774464040875642,0.017738302365958736,0.016167803773185684
tip,210.0,20.0,3,0.0016864938079465977,0.0016608843448630399,0.0016596014032487158,0.0016583205904148017,0.001083959919025814
tip,210.0,20.0,4,0.01787094174884157,0.01775099245081995,0.017744640408756344,0.017738302365958664,0.016167803773185684
tip,210.0,20.0,5,0.0016864938079465903,0.0016608843448630592,0.0016596014032487353,0.0016583205904148208,0.001083959919025814
tip,210.0,20.0,6,0.0016864938079466992,0.0016608843448631077,0.0016596014032487882,0.0016583205904148735,0.001083959919025814
tip,210.0,20.0,7,0.00016068508826618184,0.00015742956102442117,0.00015727460163092078,0.0001571197969576042,7.267338981458544e-05
tip,210.0,20.0,8,0.017870941748841455,0.017750992450819864,0.017744640408756254,0.017738302365958573,0.016167803773185684
tip,210.0,20.0,9,0.0017193901883225133,0.0016985080747720556,0.0016974933601165362,0.001696479472245308,0.0010839599190258131
tip,210.0,20.0,10,0.019163734708851878,0.019161527568529454,0.019161602434496088,0.01916167302130318,0.016167803773185697
tip,210.0,20.0,11,0.0017586285706536542,0.0017387131528740591,0.0017377327345465007,0.0017367535799982126,0.0010839599190258131
tip,210.0,20.0,12,0.019163734708851778,0.01916152756852936,0.01916160243449599,0.01916167302130308,0.016167803773185697
tip,210.0,20.0,13,0.0017586285706536436,0.001738713152874051,0.0017377327345464934,0.0017367535799982054,0.0010839599190258131
tip,210.0,20.0,14,0.019381530722127747,0.01938732346055386,0.01938773875099104,0.019388151914031905,0.016167803773185697
tip,210.0,20.0,15,0.0016864938079462599,0.001660884344862625,0.0016596014032483103,0.0016583205904143964,0.001083959919025814
tip,210.0,20.0,16,0.017870941748841514,0.017750992450819895,0.017744640408756288,0.017738302365958608,0.016167803773185684
tip,210.0,20.0,17,0.019163734708851868,0.019161527568529433,0.01916160243449606,0.019161673021303144,0.016167803773185697
tip,210.0,20.0,18,0.0017193901883225098,0.0016985080747720495,0.001697493360116531,0.0016964794722453026,0.0010839599190258131
tip,210.0,20.0,19,0.0017586285706536456,0.0017387131528740535,0.0017377327345464947,0.0017367535799982065,0.0010839599190258131
tip,210.0,20.0,20,0.019163734708851795,0.019161527568529353,0.019161602434495988,0.019161673021303074,0.016167803773185697
tip,210.0,20.0,21,0.019381530722127775,0.01938732346055379,0.019387738750990955,0.019388151914031822,0.016167803773185697
tip,210.0,20.0,22,0.0017586285706536436,0.001738713152874057,0.0017377327345464984,0.00173675357999821,0.0010839599190258131
tip,210.0,20.0,23,0.0016864938079462603,0.0016608843448626131,0.0016596014032482988,0.001658320590414385,0.001083959919025814
tip,210.0,20.0,24,0.0016864938079466025,0.0016608843448630483,0.0016596014032487288,0.0016583205904148145,0.001083959919025814
tip,210.0,20.0,25,0.0017586285706536406,0.0017387131528740437,0.0017377327345464862,0.001736753579998198,0.0010839599190258131
tip,210.0,20.0,26,0.001758628570653642,0.0017387131528740537,0.0017377327345464966,0.0017367535799982087,0.0010839599190258131
tip,210.0,20.0,27,0.0017193901883220822,0.0016985080747715868,0.0016974933601160839,0.0016964794722448557,0.0010839599190258131
tip,210.0,20.0,28,0.019381530722127754,0.019387323460553784,0.01938773875099095,0.01938815191403182,0.016167803773185697
tip,210.0,20.0,29,0.019163734708848412,0.019161527568525676,0.019161602434492397,0.01916167302129948,0.016167803773185697
tip,210.0,20.0,30,0.01916373470884832,0.01916152756852558,0.019161602434492307,0.019161673021299393,0.016167803773185697
tip,210.0,20.0,31,0.017870941748834367,0.01775099245081161,0.017744640408748194,0.017738302365950514,0.016167803773185684
tip,210.0,20.0,32,0.01787094174884156,0.017750992450819927,0.017744640408756316,0.017738302365958636,0.016167803773185684
tip,210.0,20.0,33,0.019163734708851896,0.01916152756852945,0.019161602434496085,0.019161673021303168,0.016167803773185697
tip,210.0,20.0,34,0.019163734708851868,0.019161527568529454,0.019161602434496085,0.019161673021303168,0.016167803773185697
tip,210.0,20.0,35,0.019381530722127775,0.0193873234605538,0.019387738750990962,0.01938815191403183,0.016167803773185697
tip,210.0,20.0,36,0.0017193901883225057,0.001698508074772043,0.0016974933601165234,0.001696479472245295,0.0010839599190258131
tip,210.0,20.0,37,0.001758628570653647,0.0017387131528740583,0.001737732734546501,0.001736753579998213,0.0010839599190258131
tip,210.0,20.0,38,0.0017586285706536488,0.0017387131528740665,0.0017377327345465081,0.00173675357999822,0.0010839599190258131
tip,210.0,20.0,39,0.001686493807946267,0.0016608843448626376,0.0016596014032483227,0.0016583205904144088,0.001083959919025814
tip,210.0,20.0,40,0.0016864938079466003,0.0016608843448630427,0.0016596014032487214,0.0016583205904148071,0.001083959919025814
tip,210.0,20.0,41,0.001758628570653649,0.001738713152874044,0.001737732734546485,0.001736753579998197,0.0010839599190258131
tip,210.0,20.0,42,0.019381530722127723,0.01938732346055378,0.019387738750990948,0.019388151914031815,0.016167803773185697
tip,210.0,20.0,43,0.0191637347088484,0.019161527568525658,0.019161602434492383,0.019161673021299466,0.016167803773185697
tip,210.0,20.0,44,0.0017586285706536332,0.001738713152874049,0.0017377327345464914,0.001736753579998203,0.0010839599190258131
tip,210.0,20.0,45,0.0017193901883220777,0.0016985080747715891,0.0016974933601160845,0.0016964794722448562,0.0010839599190258131
tip,210.0,20.0,46,0.019163734708848325,0.019161527568525596,0.019161602434492317,0.019161673021299404,0.016167803773185697
tip,210.0,20.0,47,0.017870941748834353,0.01775099245081159,0.017744640408748163,0.017738302365950486,0.016167803773185684
tip,210.0,20.0,48,0.0016864938079466055,0.0016608843448630431,0.0016596014032487227,0.0016583205904148084,0.001083959919025814
tip,210.0,20.0,49,0.01938153072212783,0.0193873234605538,0.019387738750990965,0.019388151914031832,0.016167803773185697
tip,210.0,20.0,50,0.0017586285706536538,0.001738713152874064,0.0017377327345465057,0.0017367535799982178,0.0010839599190258131
tip,210.0,20.0,51,0.01916373470884845,0.01916152756852573,0.01916160243449245,0.019161673021299536,0.016167803773185697
tip,210.0,20.0,52,0.001758628570653644,0.0017387131528740624,0.0017377327345465042,0.001736753579998216,0.0010839599190258131
tip,210.0,20.0,53,0.01916373470884848,0.019161527568525776,0.019161602434492497,0.019161673021299584,0.016167803773185697
tip,210.0,20.0,54,0.0017193901883220757,0.001698508074771588,0.001697493360116084,0.0016964794722448557,0.0010839599190258131
tip,210.0,20.0,55,0.0178709417488344,0.017750992450811593,0.017744640408748173,0.017738302365950493,0.016167803773185684
tip,210.0,20.0,56,0.00016068508826617075,0.00015742956102440835,0.00015727460163090796,0.00015711979695759136,7.267338981458544e-05
tip,210.0,20.0,57,0.0016864938079462605,0.0016608843448626127,0.0016596014032482986,0.001658320590414385,0.001083959919025814
tip,210.0,20.0,58,0.001686493807946256,0.0016608843448626205,0.0016596014032483064,0.0016583205904143923,0.001083959919025814
tip,210.0,20.0,59,0.017870941748834367,0.017750992450811534,0.017744640408748107,0.01773830236595043,0.016167803773185684
tip,210.0,20.0,60,0.001686493807946244,0.001660884344862605,0.00165960140324829,0.0016583205904143763,0.001083959919025814
tip,210.0,20.0,61,0.01787094174883439,0.01775099245081159,0.017744640408748166,0.01773830236595049,0.016167803773185684
tip,210.0,20.0,62,0.01787094174883438,0.01775099245081159,0.017744640408748163,0.017738302365950486,0.016167803773185684
tip,210.0,20.0,63,0.1936577591626024,0.19471237073045453,0.19476556717873705,0.19481868869813823,0.24115087122701293
tip,200.0,20.0,0,0.1948186886982605,0.19520852941434083,0.19522583466895757,0.19524313402101168,0.2590379530793401
tip,200.0,20.0,1,0.017738302365958972,0.017690585205687816,0.017688397851479742,0.01768621160669402,0.015172030378926461
tip,200.0,20.0,2,0.017738302365958736,0.01769058520568741,0.01768839785147934,0.017686211606693623,0.015172030378926461
tip,200.0,20.0,3,0.0016583205904148017,0.0016489923651798364,0.0016485833447314132,0.0016481744876344507,0.0008886362136615677
tip,200.0,20.0,4,0.017738302365958664,0.017690585205687212,0.01768839785147912,0.017686211606693404,0.015172030378926461
tip,200.0,20.0,5,0.0016583205904148208,0.001648992365179881,0.0016485833447314633,0.0016481744876345006,0.0008886362136615677
tip,200.0,20.0,6,0.0016583205904148735,0.0016489923651799524,0.0016485833447315282,0.0016481744876345656,0.0008886362136615677
tip,200.0,20.0,7,0.0001571197969576042,0.00015602653065243725,0.0001559806067011181,0.0001559346940661874,5.2048031839403835e-05
tip,200.0,20.0,8,0.017738302365958573,0.017690585205687268,0.017688397851479198,0.01768621160669348,0.015172030378926461
tip,200.0,20.0,9,0.001696479472245308,0.001689218526600682,0.0016889072288438568,0.0016885959911835896,0.0008886362136615669
tip,200.0,20.0,10,0.01916167302130318,0.01916289708956484,0.019162990963685355,0.019163084498705636,0.015172030378926475
tip,200.0,20.0,11,0.0017367535799982126,0.001729686320151013,0.0017293800335850427,0.0017290738421487332,0.0008886362136615669
tip,200.0,20.0,12,0.01916167302130308,0.01916289708956476,0.019162990963685275,0.019163084498705553,0.015172030378926475
tip,200.0,20.0,13,0.0017367535799982054,0.0017296863201510077,0.0017293800335850384,0.0017290738421487292,0.0008886362136615669
tip,200.0,20.0,14,0.019388151914031905,0.01939160753060104,0.019391783292339253,0.019391958900123893,0.015172030378926475
tip,200.0,20.0,15,0.0016583205904143964,0.0016489923651794684,0.0016485833447310513,0.001648174487634089,0.0008886362136615677
tip,200.0,20.0,16,0.017738302365958608,0.017690585205687306,0.01768839785147922,0.017686211606693505,0.015172030378926461
tip,200.0,20.0,17,0.019161673021303144,0.0191628970895648,0.019162990963685324,0.0191630844987056,0.015172030378926475
tip,200.0,20.0,18,0.0016964794722453026,0.0016892185266006658,0.0016889072288438403,0.0016885959911835734,0.0008886362136615669
tip,200.0,20.0,19,0.0017367535799982065,0.0017296863201510064,0.0017293800335850369,0.0017290738421487273,0.0008886362136615669
tip,200.0,20.0,20,0.019161673021303074,0.019162897089564777,0.0191629909636853,0.019163084498705574,0.015172030378926475
tip,200.0,20.0,21,0.019388151914031822,0.01939160753060094,0.019391783292339145,0.019391958900123785,0.015172030378926475
tip,200.0,20.0,22,0.00173675357999821,0.0017296863201510064,0.0017293800335850382,0.0017290738421487288,0.0008886362136615669
tip,200.0,20.0,23,0.001658320590414385,0.0016489923651794554,0.0016485833447310405,0.0016481744876340782,0.0008886362136615677
tip,200.0,20.0,24,0.0016583205904148145,0.00164899236517988,0.001648583344731457,0.0016481744876344945,0.0008886362136615677
tip,200.0,20.0,25,0.001736753579998198,0.0017296863201509962,0.0017293800335850269,0.0017290738421487173,0.0008886362136615669
tip,200.0,20.0,26,0.0017367535799982087,0.00172968632015101,0.0017293800335850403,0.001729073842148731,0.0008886362136615669
tip,200.0,20.0,27,0.0016964794722448557,0.001689218526600262,0.001688907228843439,0.0016885959911831718,0.0008886362136615669
tip,200.0,20.0,28,0.01938815191403182,0.01939160753060098,0.019391783292339194,0.019391958900123834,0.015172030378926475
tip,200.0,20.0,29,0.01916167302129948,0.019162897089561166,0.01916299096368174,0.019163084498702014,0.015172030378926475
tip,200.0,20.0,30,0.019161673021299393,0.019162897089561058,0.019162990963681643,0.01916308449870192,0.015172030378926475
tip,200.0,20.0,31,0.017738302365950514,0.017690585205679347,0.01768839785147141,0.0176862116066857,0.015172030378926461
tip,200.0,20.0,32,0.017738302365958636,0.017690585205687278,0.017688397851479194,0.017686211606693477,0.015172030378926461
tip,200.0,20.0,33,0.019161673021303168,0.019162897089564885,0.0191629909636854,0.01916308449870568,0.015172030378926475
tip,200.0,20.0,34,0.019161673021303168,0.01916289708956486,0.019162990963685376,0.019163084498705654,0.015172030378926475
tip,200.0,20.0,35,0.01938815191403183,0.01939160753060094,0.019391783292339145,0.019391958900123785,0.015172030378926475
tip,200.0,20.0,36,0.001696479472245295,0.001689218526600663,0.0016889072288438368,0.0016885959911835699,0.0008886362136615669
tip,200.0,20.0,37,0.001736753579998213,0.0017296863201510173,0.001729380033585048,0.0017290738421487386,0.0008886362136615669
tip,200.0,20.0,38,0.00173675357999822,0.0017296863201510194,0.0017293800335850503,0.001729073842148741,0.0008886362136615669
tip,200.0,20.0,39,0.0016583205904144088,0.0016489923651794869,0.0016485833447310704,0.001648174487634108,0.0008886362136615677
tip,200.0,20.0,40,0.0016583205904148071,0.0016489923651798696,0.0016485833447314469,0.0016481744876344845,0.0008886362136615677
tip,200.0,20.0,41,0.001736753579998197,0.0017296863201509904,0.0017293800335850206,0.0017290738421487117,0.0008886362136615669
tip,200.0,20.0,42,0.019388151914031815,0.019391607530600933,0.01939178329233915,0.01939195890012379,0.015172030378926475
tip,200.0,20.0,43,0.019161673021299466,0.019162897089561107,0.019162990963681684,0.019163084498701962,0.015172030378926475
tip,200.0,20.0,44,0.001736753579998203,0.0017296863201510023,0.0017293800335850332,0.0017290738421487238,0.0008886362136615669
tip,200.0,20.0,45,0.0016964794722448562,0.0016892185266002588,0.0016889072288434356,0.0016885959911831683,0.0008886362136615669
tip,200.0,20.0,46,0.019161673021299404,0.019162897089561075,0.019162990963681646,0.019163084498701927,0.015172030378926475
tip,200.0,20.0,47,0.017738302365950486,0.017690585205679323,0.017688397851471388,0.017686211606685667,0.015172030378926461
tip,200.0,20.0,48,0.0016583205904148084,0.0016489923651798752,0.001648583344731452,0.0016481744876344895,0.0008886362136615677
tip,200.0,20.0,49,0.019388151914031832,0.019391607530600985,0.019391783292339194,0.019391958900123834,0.015172030378926475
tip,200.0,20.0,50,0.0017367535799982178,0.0017296863201510166,0.0017293800335850464,0.0017290738421487368,0.0008886362136615669
tip,200.0,20.0,51,0.019161673021299536,0.019162897089561166,0.019162990963681736,0.01916308449870201,0.015172030378926475
tip,200.0,20.0,52,0.001736753579998216,0.0017296863201510116,0.0017293800335850418,0.0017290738421487325,0.0008886362136615669
tip,200.0,20.0,53,0.019161673021299584,0.019162897089561242,0.019162990963681816,0.019163084498702094,0.015172030378926475
tip,200.0,20.0,54,0.0016964794722448557,0.001689218526600259,0.0016889072288434348,0.001688595991183168,0.0008886362136615669
tip,200.0,20.0,55,0.017738302365950493,0.017690585205679357,0.017688397851471416,0.0176862116066857,0.015172030378926461
tip,200.0,20.0,56,0.00015711979695759136,0.00015602653065243367,0.00015598060670111495,0.00015593469406618426,5.2048031839403835e-05
tip,200.0,20.0,57,0.001658320590414385,0.0016489923651794556,0.001648583344731038,0.0016481744876340758,0.0008886362136615677
tip,200.0,20.0,58,0.0016583205904143923,0.0016489923651794593,0.001648583344731042,0.0016481744876340795,0.0008886362136615677
tip,200.0,20.0,59,0.01773830236595043,0.017690585205679267,0.017688397851471326,0.017686211606685605,0.015172030378926461
tip,200.0,20.0,60,0.0016583205904143763,0.0016489923651794459,0.0016485833447310292,0.001648174487634067,0.0008886362136615677
tip,200.0,20.0,61,0.01773830236595049,0.017690585205679323,0.017688397851471378,0.01768621160668566,0.015172030378926461
tip,200.0,20.0,62,0.017738302365950486,0.0176905852056793,0.017688397851471364,0.017686211606685643,0.015172030378926461
tip,200.0,20.0,63,0.19481868869813823,0.19520852941422154,0.19522583466884127,0.19524313402089533,0.2590379530793401
face,300.0,150.0,0,0.015625,0.015625,0.00022220776141690385,0.00019223105784125236,0.00019223105784124347
face,300.0,150.0,1,0.015625,0.015625,0.004740176348394417,0.004705610163760069,0.004705610163759857
face,300.0,150.0,2,0.015625,0.015625,0.00474017634839445,0.0047056101637600965,0.004705610163759857
face,300.0,150.0,3,0.015625,0.015625,0.11505034318130467,0.11518829091378162,0.11518829091377628
face,300.0,150.0,4,0.015625,0.015625,1.5383307039777966e-05,3.2080326312347357e-07,3.2080326312354393e-07
face,300.0,150.0,5,0.015625,0.015625,1.6995274296560718e-05,7.85291987920159e-06,7.852919879201732e-06
face,300.0,150.0,6,0.015625,0.015625,1.699527429656122e-05,7.85291987920208e-06,7.852919879201732e-06
face,300.0,150.0,7,0.015625,0.015625,0.00019772250486157486,0.00019223105784124634,0.00019223105784124347
face,300.0,150.0,8,0.015625,0.015625,0.00474017634839441,0.0047056101637600566,0.004705610163759857
face,300.0,150.0,9,0.015625,0.015625,0.00022220776141690328,0.00019223105784125374,0.00019223105784124347
face,300.0,150.0,10,0.015625,0.015625,0.11505034318130454,0.1151882909137814,0.11518829091377628
face,300.0,150.0,11,0.015625,0.015625,0.004740176348394396,0.004705610163760066,0.004705610163759857
face,300.0,150.0,12,0.015625,0.015625,1.6995274296561002e-05,7.852919879201847e-06,7.852919879201732e-06
face,300.0,150.0,13,0.015625,0.015625,1.5383307039778187e-05,3.2080326312352254e-07,3.2080326312354393e-07
face,300.0,150.0,14,0.015625,0.015625,0.00019772250486157098,0.00019223105784124244,0.00019223105784124347
face,300.0,150.0,15,0.015625,0.015625,1.6995274296560836e-05,7.852919879201694e-06,7.852919879201732e-06
face,300.0,150.0,16,0.015625,0.015625,0.004740176348394422,0.004705610163760072,0.004705610163759857
face,300.0,150.0,17,0.015625,0.015625,0.11505034318130483,0.11518829091378184,0.11518829091377628
face,300.0,150.0,18,0.015625,0.015625,0.0002222077614169033,0.00019223105784125412,0.00019223105784124347
face,300.0,150.0,19,0.015625,0.015625,0.004740176348394405,0.004705610163760077,0.004705610163759857
face,300.0,150.0,20,0.015625,0.015625,1.699527429656101e-05,7.852919879201865e-06,7.852919879201732e-06
face,300.0,150.0,21,0.015625,0.015625,0.00019772250486157177,0.0001922310578412434,0.00019223105784124347
face,300.0,150.0,22,0.015625,0.015625,1.5383307039778197e-05,3.2080326312352524e-07,3.2080326312354393e-07
face,300.0,150.0,23,0.015625,0.015625,1.6995274296560826e-05,7.852919879201721e-06,7.852919879201732e-06
face,300.0,150.0,24,0.015625,0.015625,0.11505034318130448,0.1151882909137814,0.11518829091377628
face,300.0,150.0,25,0.015625,0.015625,0.004740176348394396,0.004705610163760069,0.004705610163759857
face,300.0,150.0,26,0.015625,0.015625,0.004740176348394393,0.004705610163760063,0.004705610163759857
face,300.0,150.0,27,0.015625,0.015625,0.00022220776141689864,0.00019223105784125296,0.00019223105784124347
face,300.0,150.0,28,0.015625,0.015625,0.00019772250486157104,0.00019223105784124263,0.00019223105784124347
face,300.0,150.0,29,0.015625,0.015625,1.699527429656081e-05,7.852919879201701e-06,7.852919879201732e-06
face,300.0,150.0,30,0.015625,0.015625,1.69952742965608e-05,7.852919879201686e-06,7.852919879201732e-06
face,300.0,150.0,31,0.015625,0.015625,1.5383307039778434e-05,3.2080326312356976e-07,3.2080326312354393e-07
face,300.0,150.0,32,0.015625,0.015625,1.5383307039778024e-05,3.208032631235384e-07,3.2080326312354393e-07
face,300.0,150.0,33,0.015625,0.015625,1.6995274296561016e-05,7.85291987920188e-06,7.852919879201732e-06
face,300.0,150.0,34,0.015625,0.015625,1.699527429656107e-05,7.852919879201925e-06,7.852919879201732e-06
face,300.0,150.0,35,0.015625,0.015625,0.0001977225048615716,0.00019223105784124317,0.00019223105784124347
face,300.0,150.0,36,0.015625,0.015625,0.00022220776141688013,0.0001922310578412343,0.00019223105784124347
face,300.0,150.0,37,0.015625,0.015625,0.00474017634839407,0.004705610163759658,0.004705610163759857
face,300.0,150.0,38,0.015625,0.015625,0.004740176348394058,0.0047056101637596446,0.004705610163759857
face,300.0,150.0,39,0.015625,0.015625,0.1150503431812961,0.11518829091377139,0.11518829091377628
face,300.0,150.0,40,0.015625,0.015625,1.6995274296561016e-05,7.852919879201865e-06,7.852919879201732e-06
face,300.0,150.0,41,0.015625,0.015625,1.5383307039778183e-05,3.2080326312352053e-07,3.2080326312354393e-07
face,300.0,150.0,42,0.015625,0.015625,0.00019772250486157082,0.00019223105784124239,0.00019223105784124347
face,300.0,150.0,43,0.015625,0.015625,1.6995274296560802e-05,7.852919879201693e-06,7.852919879201732e-06
face,300.0,150.0,44,0.015625,0.015625,0.0047401763483940484,0.004705610163759633,0.004705610163759857
face,300.0,150.0,45,0.015625,0.015625,0.00022220776141688336,0.00019223105784123444,0.00019223105784124347
face,300.0,150.0,46,0.015625,0.015625,0.1150503431812953,0.11518829091377056,0.11518829091377628
face,300.0,150.0,47,0.015625,0.015625,0.004740176348394065,0.004705610163759646,0.004705610163759857
face,300.0,150.0,48,0.015625,0.015625,1.6995274296561026e-05,7.852919879201886e-06,7.852919879201732e-06
face,300.0,150.0,49,0.015625,0.015625,0.00019772250486157169,0.0001922310578412434,0.00019223105784124347
face,300.0,150.0,50,0.015625,0.015625,1.5383307039778183e-05,3.208032631235193e-07,3.2080326312354393e-07
face,300.0,150.0,51,0.015625,0.015625,1.699527429656082e-05,7.852919879201708e-06,7.852919879201732e-06
face,300.0,150.0,52,0.015625,0.015625,0.004740176348394059,0.004705610163759645,0.004705610163759857
face,300.0,150.0,53,0.015625,0.015625,0.1150503431812959,0.1151882909137712,0.11518829091377628
face,300.0,150.0,54,0.015625,0.015625,0.0002222077614168833,0.0001922310578412344,0.00019223105784124347
face,300.0,150.0,55,0.015625,0.015625,0.004740176348394075,0.0047056101637596584,0.004705610163759857
face,300.0,150.0,56,0.015625,0.015625,0.00019772250486157112,0.00019223105784124268,0.00019223105784124347
face,300.0,150.0,57,0.015625,0.015625,1.699527429656082e-05,7.852919879201706e-06,7.852919879201732e-06
face,300.0,150.0,58,0.015625,0.015625,1.6995274296560792e-05,7.852919879201679e-06,7.852919879201732e-06
face,300.0,150.0,59,0.015625,0.015625,1.5383307039778434e-05,3.20803263123569e-07,3.2080326312354393e-07
face,300.0,150.0,60,0.015625,0.015625,0.11505034318129555,0.11518829091377081,0.11518829091377628
face,300.0,150.0,61,0.015625,0.015625,0.004740176348394065,0.004705610163759647,0.004705610163759857
face,300.0,150.0,62,0.015625,0.015625,0.004740176348394053,0.004705610163759634,0.004705610163759857
face,300.0,150.0,63,0.015625,0.015625,0.00022220776141688889,0.00019223105784123512,0.00019223105784124347
face,290.0,150.0,0,0.00019223105784125236,0.0001559364715292415,0.00015550990166907856,0.0001555086675114275,0.00015550866751144356
face,290.0,150.0,1,0.004705610163760069,0.004256082472614621,0.004250474705020718,0.004250464391318965,0.004250464391319417
face,290.0,150.0,2,0.0047056101637600965,0.004256082472614589,0.004250474705020712,0.004250464391318959,0.004250464391319417
face,290.0,150.0,3,0.11518829091378162,0.1161643264332649,0.11617644462122176,0.11617646675895328,0.11617646675896616
face,290.0,150.0,4,3.2080326312347357e-07,2.0932627599557306e-07,2.0816075104947785e-07,2.0815700757487253e-07,2.0815700757501586e-07
face,290.0,150.0,5,7.85291987920159e-06,5.713266595780504e-06,5.689519661837715e-06,5.6894831822544035e-06,5.689483182254797e-06
face,290.0,150.0,6,7.85291987920208e-06,5.7132665957804545e-06,5.6895196618381615e-06,5.689483182254851e-06,5.689483182254797e-06
face,290.0,150.0,7,0.00019223105784124634,0.00015593629051153247,0.0001555088669838683,0.00015550866751144884,0.00015550866751144356
face,290.0,150.0,8,0.0047056101637600566,0.004256082472614592,0.004250474705020743,0.004250464391318992,0.004250464391319417
face,290.0,150.0,9,0.00019223105784125374,0.0001559364715292392,0.00015550990166907764,0.0001555086675114266,0.00015550866751144356
face,290.0,150.0,10,0.1151882909137814,0.11616432643326402,0.11617644462122281,0.11617646675895442,0.11617646675896616
face,290.0,150.0,11,0.004705610163760066,0.004256082472614607,0.004250474705020715,0.004250464391318962,0.004250464391319417
face,290.0,150.0,12,7.852919879201847e-06,5.713266595780363e-06,5.689519661838208e-06,5.689483182254901e-06,5.689483182254797e-06
face,290.0,150.0,13,3.2080326312352254e-07,2.0932627599545747e-07,2.0816075104960707e-07,2.0815700757500207e-07,2.0815700757501586e-07
face,290.0,150.0,14,0.00019223105784124244,0.00015593629051153228,0.00015550886698386182,0.00015550866751144242,0.00015550866751144356
face,290.0,150.0,15,7.852919879201694e-06,5.713266595780421e-06,5.689519661838108e-06,5.689483182254798e-06,5.689483182254797e-06
face,290.0,150.0,16,0.004705610163760072,0.004256082472614598,0.004250474705020739,0.0042504643913189874,0.004250464391319417
face,290.0,150.0,17,0.11518829091378184,0.11616432643326419,0.11617644462122267,0.11617646675895427,0.11617646675896616
face,290.0,150.0,18,0.00019223105784125412,0.0001559364715292399,0.00015550990166907753,0.00015550866751142645,0.00015550866751144356
face,290.0,150.0,19,0.004705610163760077,0.0042560824726146085,0.004250474705020715,0.004250464391318962,0.004250464391319417
face,290.0,150.0,20,7.852919879201865e-06,5.713266595780379e-06,5.689519661838209e-06,5.689483182254901e-06,5.689483182254797e-06
face,290.0,150.0,21,0.0001922310578412434,0.00015593629051153244,0.00015550886698386193,0.00015550866751144253,0.00015550866751144356
face,290.0,150.0,22,3.2080326312352524e-07,2.0932627599545707e-07,2.081607510496073e-07,2.0815700757500234e-07,2.0815700757501586e-07
face,290.0,150.0,23,7.852919879201721e-06,5.7132665957804045e-06,5.689519661838101e-06,5.689483182254791e-06,5.689483182254797e-06
face,290.0,150.0,24,0.1151882909137814,0.11616432643326398,0.11617644462122302,0.11617646675895467,0.11617646675896616
face,290.0,150.0,25,0.004705610163760069,0.004256082472614595,0.004250474705020737,0.004250464391318986,0.004250464391319417
face,290.0,150.0,26,0.004705610163760063,0.004256082472614592,0.0042504747050207395,0.004250464391318988,0.004250464391319417
face,290.0,150.0,27,0.00019223105784125296,0.0001559364715292436,0.00015550990166907685,0.0001555086675114258,0.00015550866751144356
face,290.0,150.0,28,0.00019223105784124263,0.00015593629051153244,0.00015550886698386255,0.0001555086675114432,0.00015550866751144356
face,290.0,150.0,29,7.852919879201701e-06,5.713266595780412e-06,5.689519661838116e-06,5.6894831822548075e-06,5.689483182254797e-06
face,290.0,150.0,30,7.852919879201686e-06,5.713266595780413e-06,5.689519661838113e-06,5.689483182254805e-06,5.689483182254797e-06
face,290.0,150.0,31,3.2080326312356976e-07,2.0932627599547743e-07,2.0816075104963423e-07,2.0815700757502926e-07,2.0815700757501586e-07
face,290.0,150.0,32,3.208032631235384e-07,2.0932627599548418e-07,2.081607510496263e-07,2.0815700757502131e-07,2.0815700757501586e-07
face,290.0,150.0,33,7.85291987920188e-06,5.713266595780387e-06,5.689519661838194e-06,5.689483182254884e-06,5.689483182254797e-06
face,290.0,150.0,34,7.852919879201925e-06,5.713266595780355e-06,5.689519661838194e-06,5.689483182254884e-06,5.689483182254797e-06
face,290.0,150.0,35,0.00019223105784124317,0.0001559362905115332,0.00015550886698386182,0.00015550866751144234,0.00015550866751144356
face,290.0,150.0,36,0.0001922310578412343,0.00015593647152923633,0.00015550990166909878,0.00015550866751145933,0.00015550866751144356
face,290.0,150.0,37,0.004705610163759658,0.004256082472614486,0.004250474705021297,0.00425046439131986,0.004250464391319417
face,290.0,150.0,38,0.0047056101637596446,0.004256082472614482,0.00425047470502129,0.004250464391319854,0.004250464391319417
face,290.0,150.0,39,0.11518829091377139,0.11616432643326101,0.1161764446212382,0.1161764667589784,0.11617646675896616
face,290.0,150.0,40,7.852919879201865e-06,5.713266595780363e-06,5.689519661838225e-06,5.689483182254917e-06,5.689483182254797e-06
face,290.0,150.0,41,3.2080326312352053e-07,2.0932627599545548e-07,2.081607510496047e-07,2.081570075749997e-07,2.0815700757501586e-07
face,290.0,150.0,42,0.00019223105784124239,0.0001559362905115322,0.00015550886698386215,0.00015550866751144272,0.00015550866751144356
face,290.0,150.0,43,7.852919879201693e-06,5.713266595780414e-06,5.68951966183809e-06,5.68948318225478e-06,5.689483182254797e-06
face,290.0,150.0,44,0.004705610163759633,0.004256082472614475,0.0042504747050212946,0.004250464391319858,0.004250464391319417
face,290.0,150.0,45,0.00019223105784123444,0.00015593647152923676,0.0001555099016690989,0.00015550866751145944,0.00015550866751144356
face,290.0,150.0,46,0.11518829091377056,0.11616432643326088,0.11617644462123765,0.11617646675897784,0.11617646675896616
face,290.0,150.0,47,0.004705610163759646,0.004256082472614484,0.004250474705021293,0.0042504643913198565,0.004250464391319417
face,290.0,150.0,48,7.852919879201886e-06,5.713266595780362e-06,5.689519661838193e-06,5.689483182254884e-06,5.689483182254797e-06
face,290.0,150.0,49,0.0001922310578412434,0.00015593629051153236,0.00015550886698386215,0.00015550866751144274,0.00015550866751144356
face,290.0,150.0,50,3.208032631235193e-07,2.0932627599545548e-07,2.081607510496097e-07,2.0815700757500472e-07,2.0815700757501586e-07
face,290.0,150.0,51,7.852919879201708e-06,5.713266595780412e-06,5.689519661838091e-06,5.689483182254781e-06,5.689483182254797e-06
face,290.0,150.0,52,0.004705610163759645,0.00425608247261448,0.0042504747050213,0.0042504643913198635,0.004250464391319417
face,290.0,150.0,53,0.1151882909137712,0.11616432643326115,0.11617644462123791,0.11617646675897811,0.11617646675896616
face,290.0,150.0,54,0.0001922310578412344,0.00015593647152923682,0.0001555099016690989,0.00015550866751145944,0.00015550866751144356
face,290.0,150.0,55,0.0047056101637596584,0.004256082472614489,0.004250474705021299,0.004250464391319862,0.004250464391319417
face,290.0,150.0,56,0.00019223105784124268,0.00015593629051153238,0.00015550886698386266,0.00015550866751144328,0.00015550866751144356
face,290.0,150.0,57,7.852919879201706e-06,5.713266595780407e-06,5.689519661838116e-06,5.6894831822548075e-06,5.689483182254797e-06
face,290.0,150.0,58,7.852919879201679e-06,5.713266595780412e-06,5.689519661838118e-06,5.68948318225481e-06,5.689483182254797e-06
face,290.0,150.0,59,3.20803263123569e-07,2.0932627599547986e-07,2.0816075104963383e-07,2.0815700757502886e-07,2.0815700757501586e-07
face,290.0,150.0,60,0.11518829091377081,0.11616432643326058,0.11617644462123837,0.11617646675897861,0.11617646675896616
face,290.0,150.0,61,0.004705610163759647,0.004256082472614481,0.0042504747050213015,0.004250464391319865,0.004250464391319417
face,290.0,150.0,62,0.004705610163759634,0.004256082472614476,0.004250474705021296,0.00425046439131986,0.004250464391319417
face,290.0,150.0,63,0.00019223105784123512,0.00015593647152923693,0.00015550990166909948,0.00015550866751146004,0.00015550866751144356
face,280.0,150.0,0,0.0001555086675114275,0.00012416997488050573,0.00012379050282038513,0.00012378829997832463,0.0001237882999783082
face,280.0,150.0,1,0.004250464391318965,0.0038132736728926308,0.0038077965000778134,0.003807776457561307,0.003807776457560825
face,280.0,150.0,2,0.004250464391318959,0.0038132736728926286,0.0038077965000778034,0.0038077764575612967,0.003807776457560825
face,280.0,150.0,3,0.11617646675895328,0.11711691118650883,0.11712864837827983,0.11712869110648519,0.11712869110647137
face,280.0,150.0,4,2.0815700757487253e-07,1.3166706364774555e-07,1.3083191197690571e-07,1.3082655553261502e-07,1.3082655553275457e-07
face,280.0,150.0,5,5.6894831822544035e-06,4.042471937313248e-06,4.024331000258039e-06,4.024275947473665e-06,4.024275947473957e-06
face,280.0,150.0,6,5.689483182254851e-06,4.042471937313183e-06,4.024331000258334e-06,4.024275947473961e-06,4.024275947473957e-06
face,280.0,150.0,7,0.00015550866751144884,0.00012415488188385781,0.0001237886248385637,0.00012378829997831126,0.0001237882999783082
face,280.0,150.0,8,0.004250464391318992,0.0038132736728926325,0.0038077965000778468,0.003807776457561345,0.003807776457560825
face,280.0,150.0,9,0.0001555086675114266,0.0001241699748805051,0.00012379050282038443,0.0001237882999783239,0.0001237882999783082
face,280.0,150.0,10,0.11617646675895442,0.11711691118650885,0.11712864837828138,0.11712869110648691,0.11712869110647137
face,280.0,150.0,11,0.004250464391318962,0.003813273672892626,0.0038077965000777986,0.003807776457561292,0.003807776457560825
face,280.0,150.0,12,5.689483182254901e-06,4.042471937313344e-06,4.024331000258401e-06,4.024275947474031e-06,4.024275947473957e-06
face,280.0,150.0,13,2.0815700757500207e-07,1.3166706364773697e-07,1.3083191197704497e-07,1.3082655553275467e-07,1.3082655553275457e-07
face,280.0,150.0,14,0.00015550866751144242,0.0001241548818838541,0.00012378862483855983,0.00012378829997830747,0.0001237882999783082
face,280.0,150.0,15,5.689483182254798e-06,4.042471937313305e-06,4.024331000258345e-06,4.0242759474739715e-06,4.024275947473957e-06
face,280.0,150.0,16,0.0042504643913189874,0.0038132736728926277,0.0038077965000778433,0.003807776457561342,0.003807776457560825
face,280.0,150.0,17,0.11617646675895427,0.11711691118650883,0.11712864837828146,0.117128691106487,0.11712869110647137
face,280.0,150.0,18,0.00015550866751142645,0.000124169974880505,0.00012379050282038405,0.00012378829997832351,0.0001237882999783082
face,280.0,150.0,19,0.004250464391318962,0.0038132736728926273,0.0038077965000777995,0.0038077764575612932,0.003807776457560825
face,280.0,150.0,20,5.689483182254901e-06,4.042471937313343e-06,4.024331000258403e-06,4.024275947474031e-06,4.024275947473957e-06
face,280.0,150.0,21,0.00015550866751144253,0.00012415488188385388,0.00012378862483855958,0.0001237882999783072,0.0001237882999783082
face,280.0,150.0,22,2.0815700757500234e-07,1.3166706364773885e-07,1.3083191197704315e-07,1.3082655553275284e-07,1.3082655553275457e-07
face,280.0,150.0,23,5.689483182254791e-06,4.042471937313306e-06,4.024331000258335e-06,4.0242759474739605e-06,4.024275947473957e-06
face,280.0,150.0,24,0.11617646675895467,0.11711691118650872,0.11712864837828196,0.11712869110648762,0.11712869110647137
face,280.0,150.0,25,0.004250464391318986,0.0038132736728926256,0.0038077965000778333,0.003807776457561332,0.003807776457560825
face,280.0,150.0,26,0.004250464391318988,0.003813273672892624,0.0038077965000778303,0.0038077764575613284,0.003807776457560825
face,280.0,150.0,27,0.0001555086675114258,0.000124169974880508,0.00012379050282038923,0.0001237882999783287,0.0001237882999783082
face,280.0,150.0,28,0.0001555086675114432,0.0001241548818838541,0.0001237886248385601,0.0001237882999783078,0.0001237882999783082
face,280.0,150.0,29,5.6894831822548075e-06,4.042471937313305e-06,4.024331000258356e-06,4.024275947473984e-06,4.024275947473957e-06
face,280.0,150.0,30,5.689483182254805e-06,4.042471937313306e-06,4.0243310002583454e-06,4.024275947473975e-06,4.024275947473957e-06
face,280.0,150.0,31,2.0815700757502926e-07,1.3166706364772347e-07,1.3083191197703346e-07,1.308265555327432e-07,1.3082655553275457e-07
face,280.0,150.0,32,2.0815700757502131e-07,1.31667063647728e-07,1.3083191197703957e-07,1.308265555327493e-07,1.3082655553275457e-07
face,280.0,150.0,33,5.689483182254884e-06,4.0424719373133175e-06,4.024331000258414e-06,4.024275947474041e-06,4.024275947473957e-06
face,280.0,150.0,34,5.689483182254884e-06,4.042471937313308e-06,4.024331000258432e-06,4.024275947474059e-06,4.024275947473957e-06
face,280.0,150.0,35,0.00015550866751144234,0.00012415488188385426,0.00012378862483855915,0.0001237882999783067,0.0001237882999783082
face,280.0,150.0,36,0.00015550866751145933,0.00012416997488051224,0.00012379050282036852,0.00012378829997829164,0.0001237882999783082
face,280.0,150.0,37,0.00425046439131986,0.0038132736728928333,0.003807796500077318,0.003807776457560312,0.003807776457560825
face,280.0,150.0,38,0.004250464391319854,0.0038132736728928337,0.003807796500077331,0.003807776457560326,0.003807776457560825
face,280.0,150.0,39,0.1161764667589784,0.11711691118651496,0.11712864837826582,0.11712869110645595,0.11712869110647137
face,280.0,150.0,40,5.689483182254917e-06,4.042471937313344e-06,4.024331000258401e-06,4.024275947474031e-06,4.024275947473957e-06
face,280.0,150.0,41,2.081570075749997e-07,1.3166706364773764e-07,1.3083191197704434e-07,1.3082655553275404e-07,1.3082655553275457e-07
face,280.0,150.0,42,0.00015550866751144272,0.00012415488188385405,0.0001237886248385599,0.00012378829997830755,0.0001237882999783082
face,280.0,150.0,43,5.68948318225478e-06,4.042471937313301e-06,4.024331000258335e-06,4.024275947473961e-06,4.024275947473957e-06
face,280.0,150.0,44,0.004250464391319858,0.003813273672892836,0.003807796500077329,0.0038077764575603235,0.003807776457560825
face,280.0,150.0,45,0.00015550866751145944,0.00012416997488051248,0.00012379050282036892,0.00012378829997829202,0.0001237882999783082
face,280.0,150.0,46,0.11617646675897784,0.11711691118651506,0.11712864837826605,0.11712869110645621,0.11712869110647137
face,280.0,150.0,47,0.0042504643913198565,0.0038132736728928324,0.0038077965000773316,0.0038077764575603266,0.003807776457560825
face,280.0,150.0,48,5.689483182254884e-06,4.042471937313343e-06,4.024331000258402e-06,4.024275947474031e-06,4.024275947473957e-06
face,280.0,150.0,49,0.00015550866751144274,0.00012415488188385418,0.00012378862483855956,0.00012378829997830717,0.0001237882999783082
face,280.0,150.0,50,2.0815700757500472e-07,1.3166706364773885e-07,1.3083191197704375e-07,1.3082655553275348e-07,1.3082655553275457e-07
face,280.0,150.0,51,5.689483182254781e-06,4.0424719373133005e-06,4.0243310002583226e-06,4.024275947473949e-06,4.024275947473957e-06
face,280.0,150.0,52,0.0042504643913198635,0.0038132736728928333,0.0038077965000773172,0.0038077764575603105,0.003807776457560825
face,280.0,150.0,53,0.11617646675897811,0.117116911186515,0.11712864837826531,0.11712869110645538,0.11712869110647137
face,280.0,150.0,54,0.00015550866751145944,0.00012416997488051245,0.00012379050282036898,0.00012378829997829207,0.0001237882999783082
face,280.0,150.0,55,0.004250464391319862,0.003813273672892832,0.0038077965000773185,0.0038077764575603123,0.003807776457560825
face,280.0,150.0,56,0.00015550866751144328,0.00012415488188385402,0.00012378862483856004,0.00012378829997830774,0.0001237882999783082
face,280.0,150.0,57,5.6894831822548075e-06,4.042471937313302e-06,4.024331000258347e-06,4.024275947473976e-06,4.024275947473957e-06
face,280.0,150.0,58,5.68948318225481e-06,4.042471937313296e-06,4.024331000258341e-06,4.024275947473971e-06,4.024275947473957e-06
face,280.0,150.0,59,2.0815700757502886e-07,1.3166706364772475e-07,1.3083191197703293e-07,1.3082655553274268e-07,1.3082655553275457e-07
face,280.0,150.0,60,0.11617646675897861,0.11711691118651506,0.11712864837826571,0.11712869110645581,0.11712869110647137
face,280.0,150.0,61,0.004250464391319865,0.0038132736728928333,0.003807796500077317,0.00380777645756031,0.003807776457560825
face,280.0,150.0,62,0.00425046439131986,0.0038132736728928368,0.0038077965000773276,0.0038077764575603222,0.003807776457560825
face,280.0,150.0,63,0.00015550866751146004,0.0001241699748805121,0.00012379050282036838,0.00012378829997829148,0.0001237882999783082
face,270.0,150.0,0,0.00012378829997832463,9.72349012337153e-05,9.679423193856561e-05,9.67890305458686e-05,9.678903054586381e-05
face,270.0,150.0,1,0.003807776457561307,0.0033861444189059045,0.0033801404190188537,0.0033800941294209,0.0033800941294207442
face,270.0,150.0,2,0.0038077764575612967,0.0033861444189058993,0.0033801404190188637,0.0033800941294209125,0.0033800941294207442
face,270.0,150.0,3,0.11712869110648519,0.11802772652521523,0.11804051269372613,0.11804061120677672,0.11804061120677106
face,270.0,150.0,4,1.3082655553261502e-07,8.017012027627606e-08,7.937387512116785e-08,7.936350327430243e-08,7.936350327429331e-08
face,270.0,150.0,5,4.024275947473665e-06,2.7862966274545688e-06,2.7716488752411374e-06,2.7715548961986217e-06,2.7715548961985853e-06
face,270.0,150.0,6,4.024275947473961e-06,2.7862966274545857e-06,2.7716488752412636e-06,2.771554896198749e-06,2.7715548961985853e-06
face,270.0,150.0,7,0.00012378829997831126,9.70969723713836e-05,9.67895646786303e-05,9.678903054586407e-05,9.678903054586381e-05
face,270.0,150.0,8,0.003807776457561345,0.0033861444189059063,0.0033801404190188645,0.0033800941294209125,0.0033800941294207442
face,270.0,150.0,9,0.0001237882999783239,9.723490123371469e-05,9.679423193856564e-05,9.678903054586862e-05,9.678903054586381e-05
face,270.0,150.0,10,0.11712869110648691,0.11802772652521543,0.11804051269372627,0.11804061120677684,0.11804061120677106
face,270.0,150.0,11,0.003807776457561292,0.003386144418905898,0.003380140419018862,0.0033800941294209108,0.0033800941294207442
face,270.0,150.0,12,4.024275947474031e-06,2.7862966274546806e-06,2.7716488752411395e-06,2.7715548961986217e-06,2.7715548961985853e-06
face,270.0,150.0,13,1.3082655553275467e-07,8.017012027635484e-08,7.937387512115953e-08,7.936350327429352e-08,7.936350327429331e-08
face,270.0,150.0,14,0.00012378829997830747,9.709697237138401e-05,9.678956467863002e-05,9.678903054586373e-05,9.678903054586381e-05
face,270.0,150.0,15,4.0242759474739715e-06,2.786296627454687e-06,2.7716488752411137e-06,2.771554896198598e-06,2.7715548961985853e-06
face,270.0,150.0,16,0.003807776457561342,0.003386144418905908,0.0033801404190188576,0.003380094129420903,0.0033800941294207442
face,270.0,150.0,17,0.117128691106487,0.11802772652521562,0.11804051269372597,0.11804061120677638,0.11804061120677106
face,270.0,150.0,18,0.00012378829997832351,9.723490123371476e-05,9.67942319385655e-05,9.678903054586849e-05,9.678903054586381e-05
face,270.0,150.0,19,0.0038077764575612932,0.0033861444189059,0.0033801404190188576,0.0033800941294209043,0.0033800941294207442
face,270.0,150.0,20,4.024275947474031e-06,2.7862966274546873e-06,2.77164887524114e-06,2.7715548961986217e-06,2.7715548961985853e-06
face,270.0,150.0,21,0.0001237882999783072,9.7096972371384e-05,9.678956467863023e-05,9.678903054586386e-05,9.678903054586381e-05
face,270.0,150.0,22,1.3082655553275284e-07,8.017012027635701e-08,7.937387512116011e-08,7.936350327429413e-08,7.936350327429331e-08
face,270.0,150.0,23,4.0242759474739605e-06,2.786296627454687e-06,2.7716488752411175e-06,2.771554896198601e-06,2.7715548961985853e-06
face,270.0,150.0,24,0.11712869110648762,0.11802772652521552,0.1180405126937263,0.1180406112067768,0.11804061120677106
face,270.0,150.0,25,0.003807776457561332,0.0033861444189059037,0.0033801404190188598,0.003380094129420905,0.0033800941294207442
face,270.0,150.0,26,0.0038077764575613284,0.003386144418905901,0.0033801404190188624,0.0033800941294209103,0.0033800941294207442
face,270.0,150.0,27,0.0001237882999783287,9.723490123371734e-05,9.67942319385658e-05,9.678903054586876e-05,9.678903054586381e-05
face,270.0,150.0,28,0.0001237882999783078,9.709697237138405e-05,9.678956467863005e-05,9.678903054586369e-05,9.678903054586381e-05
face,270.0,150.0,29,4.024275947473984e-06,2.7862966274546746e-06,2.771648875241109e-06,2.771554896198591e-06,2.7715548961985853e-06
face,270.0,150.0,30,4.024275947473975e-06,2.786296627454677e-06,2.771648875241111e-06,2.7715548961985934e-06,2.7715548961985853e-06
face,270.0,150.0,31,1.308265555327432e-07,8.017012027634665e-08,7.937387512115586e-08,7.936350327428996e-08,7.936350327429331e-08
face,270.0,150.0,32,1.308265555327493e-07,8.017012027634109e-08,7.937387512115279e-08,7.936350327428678e-08,7.936350327429331e-08
face,270.0,150.0,33,4.024275947474041e-06,2.7862966274547174e-06,2.771648875241184e-06,2.771554896198668e-06,2.7715548961985853e-06
face,270.0,150.0,34,4.024275947474059e-06,2.7862966274547115e-06,2.771648875241126e-06,2.7715548961986103e-06,2.7715548961985853e-06
face,270.0,150.0,35,0.0001237882999783067,9.709697237138367e-05,9.678956467863049e-05,9.678903054586426e-05,9.678903054586381e-05
face,270.0,150.0,36,0.00012378829997829164,9.723490123370333e-05,9.679423193855504e-05,9.678903054585928e-05,9.678903054586381e-05
face,270.0,150.0,37,0.003807776457560312,0.003386144418905495,0.003380140419018504,0.0033800941294205964,0.0033800941294207442
face,270.0,150.0,38,0.003807776457560326,0.003386144418905495,0.0033801404190185024,0.003380094129420594,0.0033800941294207442
face,270.0,150.0,39,0.11712869110645595,0.11802772652520109,0.11804051269371386,0.11804061120676604,0.11804061120677106
face,270.0,150.0,40,4.024275947474031e-06,2.78629662745468e-06,2.7716488752411395e-06,2.7715548961986217e-06,2.7715548961985853e-06
face,270.0,150.0,41,1.3082655553275404e-07,8.017012027635249e-08,7.93738751211595e-08,7.936350327429352e-08,7.936350327429331e-08
face,270.0,150.0,42,0.00012378829997830755,9.709697237138401e-05,9.67895646786301e-05,9.678903054586381e-05,9.678903054586381e-05
face,270.0,150.0,43,4.024275947473961e-06,2.786296627454677e-06,2.7716488752411107e-06,2.771554896198595e-06,2.7715548961985853e-06
face,270.0,150.0,44,0.0038077764575603235,0.003386144418905496,0.0033801404190184933,0.003380094129420582,0.0033800941294207442
face,270.0,150.0,45,0.00012378829997829202,9.723490123370352e-05,9.679423193855515e-05,9.678903054585939e-05,9.678903054586381e-05
face,270.0,150.0,46,0.11712869110645621,0.1180277265252012,0.1180405126937134,0.1180406112067654,0.11804061120677106
face,270.0,150.0,47,0.0038077764575603266,0.0033861444189054956,0.0033801404190185024,0.003380094129420594,0.0033800941294207442
face,270.0,150.0,48,4.024275947474031e-06,2.786296627454687e-06,2.7716488752411285e-06,2.7715548961986103e-06,2.7715548961985853e-06
face,270.0,150.0,49,0.00012378829997830717,9.709697237138402e-05,9.678956467863001e-05,9.678903054586365e-05,9.678903054586381e-05
face,270.0,150.0,50,1.3082655553275348e-07,8.01701202763538e-08,7.937387512115817e-08,7.936350327429218e-08,7.936350327429331e-08
face,270.0,150.0,51,4.024275947473949e-06,2.78629662745468e-06,2.7716488752411056e-06,2.7715548961985896e-06,2.7715548961985853e-06
face,270.0,150.0,52,0.0038077764575603105,0.003386144418905496,0.003380140419018497,0.003380094129420586,0.0033800941294207442
face,270.0,150.0,53,0.11712869110645538,0.11802772652520122,0.11804051269371353,0.11804061120676557,0.11804061120677106
face,270.0,150.0,54,0.00012378829997829207,9.723490123370358e-05,9.679423193855516e-05,9.67890305458594e-05,9.678903054586381e-05
face,270.0,150.0,55,0.0038077764575603123,0.003386144418905496,0.0033801404190185037,0.003380094129420596,0.0033800941294207442
face,270.0,150.0,56,0.00012378829997830774,9.709697237138401e-05,9.678956467863015e-05,9.678903054586378e-05,9.678903054586381e-05
face,270.0,150.0,57,4.024275947473976e-06,2.7862966274546763e-06,2.7716488752411048e-06,2.771554896198586e-06,2.7715548961985853e-06
face,270.0,150.0,58,4.024275947473971e-06,2.786296627454677e-06,2.7716488752411103e-06,2.7715548961985925e-06,2.7715548961985853e-06
face,270.0,150.0,59,1.3082655553274268e-07,8.017012027634869e-08,7.93738751211581e-08,7.936350327429222e-08,7.936350327429331e-08
face,270.0,150.0,60,0.11712869110645581,0.1180277265252012,0.1180405126937133,0.1180406112067652,0.11804061120677106
face,270.0,150.0,61,0.00380777645756031,0.003386144418905497,0.003380140419018497,0.003380094129420586,0.0033800941294207442
face,270.0,150.0,62,0.0038077764575603222,0.0033861444189054977,0.0033801404190184937,0.0033800941294205825,0.0033800941294207442
face,270.0,150.0,63,0.00012378829997829148,9.723490123370345e-05,9.679423193855514e-05,9.678903054585938e-05,9.678903054586381e-05
face,260.0,150.0,0,9.67890305458686e-05,7.490733426528257e-05,7.420131341622202e-05,7.418311404941284e-05,7.418311404940991e-05
face,260.0,150.0,1,0.0033800941294209,0.0029792589327836553,0.002970166431232059,0.0029700093536726077,0.0029700093536725097
face,260.0,150.0,2,0.0033800941294209125,0.0029792589327836743,0.0029701664312320806,0.0029700093536726285,0.0029700093536725097
face,260.0,150.0,3,0.11804061120677672,0.11888835331086292,0.11890752929417109,0.11890786298115366,0.11890786298114932
face,260.0,150.0,4,7.936350327430243e-08,4.729933125155257e-08,4.630921581336925e-08,4.628066027002017e-08,4.628066027004611e-08
face,260.0,150.0,5,2.7715548961986217e-06,1.8684409280719446e-06,1.853125642133703e-06,1.8529013732778364e-06,1.8529013732778182e-06
face,260.0,150.0,6,2.771554896198749e-06,1.8684409280718936e-06,1.8531256421336207e-06,1.8529013732777547e-06,1.8529013732778182e-06
face,260.0,150.0,7,9.678903054586407e-05,7.443730812188545e-05,7.418396945313698e-05,7.418311404940962e-05,7.418311404940991e-05
face,260.0,150.0,8,0.0033800941294209125,0.002979258932783659,0.002970166431232088,0.0029700093536726363,0.0029700093536725097
face,260.0,150.0,9,9.678903054586862e-05,7.490733426528161e-05,7.420131341622208e-05,7.418311404941293e-05,7.418311404940991e-05
face,260.0,150.0,10,0.11804061120677684,0.11888835331086316,0.11890752929417123,0.11890786298115373,0.11890786298114932
face,260.0,150.0,11,0.0033800941294209108,0.0029792589327836596,0.0029701664312320707,0.002970009353672619,0.0029700093536725097
face,260.0,150.0,12,2.7715548961986217e-06,1.8684409280718896e-06,1.8531256421336734e-06,1.8529013732778097e-06,1.8529013732778182e-06
face,260.0,150.0,13,7.936350327429352e-08,4.729933125154899e-08,4.630921581340111e-08,4.628066027005309e-08,4.628066027004611e-08
face,260.0,150.0,14,9.678903054586373e-05,7.443730812188699e-05,7.418396945313758e-05,7.418311404941029e-05,7.418311404940991e-05
face,260.0,150.0,15,2.771554896198598e-06,1.8684409280718485e-06,1.8531256421337005e-06,1.852901373277835e-06,1.8529013732778182e-06
face,260.0,150.0,16,0.003380094129420903,0.002979258932783659,0.0029701664312320685,0.0029700093536726177,0.0029700093536725097
face,260.0,150.0,17,0.11804061120677638,0.11888835331086296,0.11890752929417116,0.11890786298115373,0.11890786298114932
face,260.0,150.0,18,9.678903054586849e-05,7.49073342652815e-05,7.42013134162212e-05,7.418311404941204e-05,7.418311404940991e-05
face,260.0,150.0,19,0.0033800941294209043,0.0029792589327836574,0.0029701664312320702,0.002970009353672619,0.0029700093536725097
face,260.0,150.0,20,2.7715548961986217e-06,1.8684409280718521e-06,1.8531256421336639e-06,1.8529013732778002e-06,1.8529013732778182e-06
face,260.0,150.0,21,9.678903054586386e-05,7.443730812188692e-05,7.418396945313743e-05,7.418311404941015e-05,7.418311404940991e-05
face,260.0,150.0,22,7.936350327429413e-08,4.729933125154647e-08,4.6309215813400154e-08,4.628066027005216e-08,4.628066027004611e-08
face,260.0,150.0,23,2.771554896198601e-06,1.8684409280718477e-06,1.8531256421336895e-06,1.8529013732778237e-06,1.8529013732778182e-06
face,260.0,150.0,24,0.1180406112067768,0.11888835331086298,0.11890752929417113,0.11890786298115369,0.11890786298114932
face,260.0,150.0,25,0.003380094129420905,0.0029792589327836583,0.002970166431232071,0.0029700093536726207,0.0029700093536725097
face,260.0,150.0,26,0.0033800941294209103,0.00297925893278366,0.002970166431232073,0.0029700093536726207,0.0029700093536725097
face,260.0,150.0,27,9.678903054586876e-05,7.490733426528325e-05,7.420131341622371e-05,7.418311404941454e-05,7.418311404940991e-05
face,260.0,150.0,28,9.678903054586369e-05,7.443730812188694e-05,7.418396945313751e-05,7.41831140494103e-05,7.418311404940991e-05
face,260.0,150.0,29,2.771554896198591e-06,1.8684409280718483e-06,1.8531256421336914e-06,1.8529013732778277e-06,1.8529013732778182e-06
face,260.0,150.0,30,2.7715548961985934e-06,1.868440928071843e-06,1.8531256421337e-06,1.8529013732778364e-06,1.8529013732778182e-06
face,260.0,150.0,31,7.936350327428996e-08,4.72993312515467e-08,4.6309215813388667e-08,4.6280660270040324e-08,4.628066027004611e-08
face,260.0,150.0,32,7.936350327428678e-08,4.7299331251539485e-08,4.630921581334693e-08,4.628066026999778e-08,4.628066027004611e-08
face,260.0,150.0,33,2.771554896198668e-06,1.868440928071879e-06,1.8531256421336929e-06,1.852901373277827e-06,1.8529013732778182e-06
face,260.0,150.0,34,2.7715548961986103e-06,1.8684409280718758e-06,1.8531256421336958e-06,1.8529013732778303e-06,1.8529013732778182e-06
face,260.0,150.0,35,9.678903054586426e-05,7.443730812188714e-05,7.418396945313739e-05,7.418311404941003e-05,7.418311404940991e-05
face,260.0,150.0,36,9.678903054585928e-05,7.490733426527662e-05,7.42013134162166e-05,7.418311404940755e-05,7.418311404940991e-05
face,260.0,150.0,37,0.0033800941294205964,0.0029792589327834276,0.0029701664312318473,0.0029700093536723982,0.0029700093536725097
face,260.0,150.0,38,0.003380094129420594,0.0029792589327834267,0.0029701664312318478,0.0029700093536723995,0.0029700093536725097
face,260.0,150.0,39,0.11804061120676604,0.11888835331085382,0.1189075292941618,0.11890786298114432,0.11890786298114932
face,260.0,150.0,40,2.7715548961986217e-06,1.8684409280718881e-06,1.8531256421336736e-06,1.8529013732778097e-06,1.8529013732778182e-06
face,260.0,150.0,41,7.936350327429352e-08,4.7299331251546764e-08,4.630921581340019e-08,4.628066027005211e-08,4.628066027004611e-08
face,260.0,150.0,42,9.678903054586381e-05,7.443730812188705e-05,7.418396945313754e-05,7.418311404941026e-05,7.418311404940991e-05
face,260.0,150.0,43,2.771554896198595e-06,1.8684409280718498e-06,1.8531256421336895e-06,1.8529013732778244e-06,1.8529013732778182e-06
face,260.0,150.0,44,0.003380094129420582,0.002979258932783424,0.002970166431231855,0.002970009353672413,0.0029700093536725097
face,260.0,150.0,45,9.678903054585939e-05,7.490733426527664e-05,7.420131341621658e-05,7.418311404940754e-05,7.418311404940991e-05
face,260.0,150.0,46,0.1180406112067654,0.11888835331085369,0.11890752929416228,0.1189078629811451,0.11890786298114932
face,260.0,150.0,47,0.003380094129420594,0.0029792589327834284,0.002970166431231847,0.0029700093536723987,0.0029700093536725097
face,260.0,150.0,48,2.7715548961986103e-06,1.8684409280718521e-06,1.8531256421336734e-06,1.8529013732778097e-06,1.8529013732778182e-06
face,260.0,150.0,49,9.678903054586365e-05,7.443730812188697e-05,7.418396945313736e-05,7.41831140494101e-05,7.418311404940991e-05
face,260.0,150.0,50,7.936350327429218e-08,4.7299331251547115e-08,4.6309215813402166e-08,4.6280660270054214e-08,4.628066027004611e-08
face,260.0,150.0,51,2.7715548961985896e-06,1.86844092807185e-06,1.853125642133693e-06,1.8529013732778273e-06,1.8529013732778182e-06
face,260.0,150.0,52,0.003380094129420586,0.002979258932783425,0.0029701664312318534,0.0029700093536724104,0.0029700093536725097
face,260.0,150.0,53,0.11804061120676557,0.11888835331085368,0.11890752929416211,0.1189078629811449,0.11890786298114932
face,260.0,150.0,54,9.67890305458594e-05,7.490733426527662e-05,7.420131341621654e-05,7.418311404940751e-05,7.418311404940991e-05
face,260.0,150.0,55,0.003380094129420596,0.002979258932783428,0.0029701664312318456,0.0029700093536723965,0.0029700093536725097
face,260.0,150.0,56,9.678903054586378e-05,7.443730812188688e-05,7.418396945313737e-05,7.418311404941017e-05,7.418311404940991e-05
face,260.0,150.0,57,2.771554896198586e-06,1.8684409280718477e-06,1.8531256421336963e-06,1.852901373277833e-06,1.8529013732778182e-06
face,260.0,150.0,58,2.7715548961985925e-06,1.8684409280718475e-06,1.8531256421337026e-06,1.8529013732778392e-06,1.8529013732778182e-06
face,260.0,150.0,59,7.936350327429222e-08,4.729933125154949e-08,4.630921581338792e-08,4.628066027003955e-08,4.628066027004611e-08
face,260.0,150.0,60,0.1180406112067652,0.11888835331085364,0.1189075292941624,0.11890786298114536,0.11890786298114932
face,260.0,150.0,61,0.003380094129420586,0.0029792589327834263,0.002970166431231852,0.0029700093536724095,0.0029700093536725097
face,260.0,150.0,62,0.0033800941294205825,0.002979258932783426,0.0029701664312318547,0.0029700093536724126,0.0029700093536725097
face,260.0,150.0,63,9.678903054585938e-05,7.490733426527652e-05,7.420131341621631e-05,7.418311404940728e-05,7.418311404940991e-05
face,250.0,150.0,0,7.418311404941284e-05,5.694110368988352e-05,5.5681354879084755e-05,5.560160160038146e-05,5.560160159619305e-05
face,250.0,150.0,1,0.0029700093536726077,0.002598483651156316,0.002580843787201324,0.0025801096837817852,0.002580109683774703
face,250.0,150.0,2,0.0029700093536726285,0.0025984836511563445,0.0025808437872013638,0.0025801096837818264,0.002580109683774703
face,250.0,150.0,3,0.11890786298115366,0.11968777725429582,0.11972460405074109,0.11972615516821686,0.11972615516823157
face,250.0,150.0,4,4.628066027002017e-08,2.7235356704210053e-08,2.591603164338843e-08,2.582174377111184e-08,2.582174375947969e-08
face,250.0,150.0,5,1.8529013732778364e-06,1.2200724650134155e-06,1.1989666216561693e-06,1.1982196414044252e-06,1.1982196413986768e-06
face,250.0,150.0,6,1.8529013732777547e-06,1.2200724650134515e-06,1.198966621655975e-06,1.198219641404225e-06,1.1982196413986768e-06
face,250.0,150.0,7,7.418311404940962e-05,5.5846959419329444e-05,5.560317070626248e-05,5.5601601596183716e-05,5.560160159619305e-05
face,250.0,150.0,8,0.0029700093536726363,0.002598483651156327,0.002580843787201337,0.002580109683781794,0.002580109683774703
face,250.0,150.0,9,7.418311404941293e-05,5.69411036898828e-05,5.568135487908299e-05,5.5601601600379666e-05,5.560160159619305e-05
face,250.0,150.0,10,0.11890786298115373,0.1196877772542958,0.11972460405074051,0.11972615516821586,0.11972615516823157
face,250.0,150.0,11,0.002970009353672619,0.0025984836511563298,0.0025808437872013425,0.0025801096837818056,0.002580109683774703
face,250.0,150.0,12,1.8529013732778097e-06,1.2200724650134241e-06,1.1989666216560438e-06,1.1982196414042937e-06,1.1982196413986768e-06
face,250.0,150.0,13,4.628066027005309e-08,2.7235356704211324e-08,2.591603164338173e-08,2.5821743771103996e-08,2.582174375947969e-08
face,250.0,150.0,14,7.418311404941029e-05,5.5846959419330786e-05,5.560317070626238e-05,5.560160159618344e-05,5.560160159619305e-05
face,250.0,150.0,15,1.852901373277835e-06,1.220072465013408e-06,1.198966621656034e-06,1.198219641404286e-06,1.1982196413986768e-06
face,250.0,150.0,16,0.0029700093536726177,0.0025984836511563254,0.002580843787201328,0.002580109683781783,0.002580109683774703
face,250.0,150.0,17,0.11890786298115373,0.11968777725429577,0.11972460405074024,0.11972615516821539,0.11972615516823157
face,250.0,150.0,18,7.418311404941204e-05,5.694110368988297e-05,5.56813548790829e-05,5.5601601600379564e-05,5.560160159619305e-05
face,250.0,150.0,19,0.002970009353672619,0.002598483651156331,0.002580843787201342,0.002580109683781803,0.002580109683774703
face,250.0,150.0,20,1.8529013732778002e-06,1.2200724650134447e-06,1.1989666216560215e-06,1.1982196414042713e-06,1.1982196413986768e-06
face,250.0,150.0,21,7.418311404941015e-05,5.584695941933095e-05,5.560317070626219e-05,5.560160159618324e-05,5.560160159619305e-05
face,250.0,150.0,22,4.628066027005216e-08,2.723535670421402e-08,2.591603164338148e-08,2.5821743771104165e-08,2.582174375947969e-08
face,250.0,150.0,23,1.8529013732778237e-06,1.220072465013406e-06,1.1989666216560406e-06,1.1982196414042933e-06,1.1982196413986768e-06
face,250.0,150.0,24,0.11890786298115369,0.11968777725429576,0.11972460405074037,0.11972615516821561,0.11972615516823157
face,250.0,150.0,25,0.0029700093536726207,0.0025984836511563285,0.002580843787201334,0.0025801096837817887,0.002580109683774703
face,250.0,150.0,26,0.0029700093536726207,0.0025984836511563293,0.0025808437872013347,0.002580109683781791,0.002580109683774703
face,250.0,150.0,27,7.418311404941454e-05,5.694110368988303e-05,5.568135487908451e-05,5.560160160038125e-05,5.560160159619305e-05
face,250.0,150.0,28,7.41831140494103e-05,5.5846959419330935e-05,5.560317070626214e-05,5.560160159618312e-05,5.560160159619305e-05
face,250.0,150.0,29,1.8529013732778277e-06,1.2200724650134119e-06,1.1989666216560342e-06,1.1982196414042838e-06,1.1982196413986768e-06
face,250.0,150.0,30,1.8529013732778364e-06,1.2200724650134212e-06,1.1989666216560402e-06,1.1982196414042895e-06,1.1982196413986768e-06
face,250.0,150.0,31,4.6280660270040324e-08,2.7235356704210414e-08,2.5916031643386985e-08,2.5821743771109555e-08,2.582174375947969e-08
face,250.0,150.0,32,4.628066026999778e-08,2.7235356704211165e-08,2.591603164338313e-08,2.5821743771106266e-08,2.582174375947969e-08
face,250.0,150.0,33,1.852901373277827e-06,1.2200724650134354e-06,1.1989666216560364e-06,1.1982196414042884e-06,1.1982196413986768e-06
face,250.0,150.0,34,1.8529013732778303e-06,1.2200724650134246e-06,1.1989666216560332e-06,1.1982196414042859e-06,1.1982196413986768e-06
face,250.0,150.0,35,7.418311404941003e-05,5.5846959419330854e-05,5.5603170706262415e-05,5.560160159618364e-05,5.560160159619305e-05
face,250.0,150.0,36,7.418311404940755e-05,5.6941103689879304e-05,5.568135487908103e-05,5.560160160037845e-05,5.560160159619305e-05
face,250.0,150.0,37,0.0029700093536723982,0.002598483651156149,0.002580843787201191,0.0025801096837816885,0.002580109683774703
face,250.0,150.0,38,0.0029700093536723995,0.0025984836511561502,0.0025808437872011885,0.0025801096837816846,0.002580109683774703
face,250.0,150.0,39,0.11890786298114432,0.11968777725428703,0.11972460405073367,0.1197261551682109,0.11972615516823157
face,250.0,150.0,40,1.8529013732778097e-06,1.2200724650134315e-06,1.1989666216560516e-06,1.1982196414043013e-06,1.1982196413986768e-06
face,250.0,150.0,41,4.628066027005211e-08,2.7235356704213385e-08,2.591603164338178e-08,2.5821743771103857e-08,2.582174375947969e-08
face,250.0,150.0,42,7.418311404941026e-05,5.584695941933083e-05,5.5603170706262334e-05,5.5601601596183383e-05,5.560160159619305e-05
face,250.0,150.0,43,1.8529013732778244e-06,1.2200724650134083e-06,1.1989666216560446e-06,1.1982196414042969e-06,1.1982196413986768e-06
face,250.0,150.0,44,0.002970009353672413,0.002598483651156157,0.002580843787201193,0.0025801096837816838,0.002580109683774703
face,250.0,150.0,45,7.418311404940754e-05,5.694110368987906e-05,5.568135487908145e-05,5.560160160037891e-05,5.560160159619305e-05
face,250.0,150.0,46,0.1189078629811451,0.1196877772542874,0.11972460405073376,0.11972615516821075,0.11972615516823157
face,250.0,150.0,47,0.0029700093536723987,0.00259848365115615,0.0025808437872011903,0.002580109683781686,0.002580109683774703
face,250.0,150.0,48,1.8529013732778097e-06,1.2200724650134337e-06,1.198966621656022e-06,1.1982196414042713e-06,1.1982196413986768e-06
face,250.0,150.0,49,7.41831140494101e-05,5.584695941933086e-05,5.560317070626219e-05,5.560160159618324e-05,5.560160159619305e-05
face,250.0,150.0,50,4.6280660270054214e-08,2.7235356704214692e-08,2.5916031643381228e-08,2.582174377110368e-08,2.582174375947969e-08
face,250.0,150.0,51,1.8529013732778273e-06,1.2200724650134055e-06,1.1989666216560387e-06,1.1982196414042912e-06,1.1982196413986768e-06
face,250.0,150.0,52,0.0029700093536724104,0.002598483651156156,0.0025808437872011925,0.0025801096837816855,0.002580109683774703
face,250.0,150.0,53,0.1189078629811449,0.11968777725428725,0.11972460405073379,0.11972615516821092,0.11972615516823157
face,250.0,150.0,54,7.418311404940751e-05,5.694110368987933e-05,5.5681354879081434e-05,5.5601601600378894e-05,5.560160159619305e-05
face,250.0,150.0,55,0.0029700093536723965,0.0025984836511561476,0.0025808437872011916,0.002580109683781689,0.002580109683774703
face,250.0,150.0,56,7.418311404941017e-05,5.5846959419331e-05,5.560317070626219e-05,5.5601601596183173e-05,5.560160159619305e-05
face,250.0,150.0,57,1.852901373277833e-06,1.2200724650134218e-06,1.198966621656039e-06,1.1982196414042888e-06,1.1982196413986768e-06
face,250.0,150.0,58,1.8529013732778392e-06,1.2200724650134142e-06,1.1989666216560419e-06,1.1982196414042914e-06,1.1982196413986768e-06
face,250.0,150.0,59,4.628066027003955e-08,2.723535670421137e-08,2.5916031643387548e-08,2.5821743771110028e-08,2.582174375947969e-08
face,250.0,150.0,60,0.11890786298114536,0.11968777725428775,0.11972460405073389,0.11972615516821068,0.11972615516823157
face,250.0,150.0,61,0.0029700093536724095,0.0025984836511561563,0.002580843787201193,0.0025801096837816855,0.002580109683774703
face,250.0,150.0,62,0.0029700093536724126,0.0025984836511561585,0.0025808437872011933,0.0025801096837816846,0.002580109683774703
face,250.0,150.0,63,7.418311404940728e-05,5.6941103689879534e-05,5.568135487908157e-05,5.5601601600379016e-05,5.560160159619305e-05
face,240.0,150.0,0,5.560160160038146e-05,4.319344991363074e-05,4.103362320735024e-05,4.0643774537474254e-05,4.0641991089936376e-05
face,240.0,150.0,1,0.0025801096837817852,0.002253171535120396,0.0022169706514692487,0.002212922429917326,0.002212918721537004
face,240.0,150.0,2,0.0025801096837818264,0.002253171535120414,0.002216970651469253,0.0022129224299173296,0.002212918721537004
face,240.0,150.0,3,0.11972615516821686,0.12040789242548464,0.12048286539287902,0.12049136281839211,0.12049137202191733
face,240.0,150.0,4,2.582174377111184e-08,1.5695459950432446e-08,1.4048600148711886e-08,1.3711343409804759e-08,1.3708628360991796e-08
face,240.0,150.0,5,1.1982196414044252e-06,7.80969667674782e-07,7.493755474423035e-07,7.464242011541922e-07,7.464221002239133e-07
face,240.0,150.0,6,1.198219641404225e-06,7.809696676747809e-07,7.493755474422388e-07,7.464242011541244e-07,7.464221002239133e-07
face,240.0,150.0,7,5.5601601596183716e-05,4.0993419569413296e-05,4.0646881283555494e-05,4.0641987493149845e-05,4.0641991089936376e-05
face,240.0,150.0,8,0.002580109683781794,0.0022531715351203794,0.00221697065146926,0.002212922429917342,0.002212918721537004
face,240.0,150.0,9,5.5601601600379666e-05,4.319344991362955e-05,4.103362320734944e-05,4.064377453747351e-05,4.0641991089936376e-05
face,240.0,150.0,10,0.11972615516821586,0.12040789242548361,0.12048286539287809,0.12049136281839132,0.12049137202191733
face,240.0,150.0,11,0.0025801096837818056,0.0022531715351204076,0.0022169706514692652,0.002212922429917344,0.002212918721537004
face,240.0,150.0,12,1.1982196414042937e-06,7.809696676747581e-07,7.493755474422762e-07,7.46424201154165e-07,7.464221002239133e-07
face,240.0,150.0,13,2.5821743771103996e-08,1.5695459950421335e-08,1.404860014864801e-08,1.3711343409733824e-08,1.3708628360991796e-08
face,240.0,150.0,14,5.560160159618344e-05,4.099341956941374e-05,4.0646881283555616e-05,4.064198749314997e-05,4.0641991089936376e-05
face,240.0,150.0,15,1.198219641404286e-06,7.809696676747769e-07,7.493755474422704e-07,7.464242011541557e-07,7.464221002239133e-07
face,240.0,150.0,16,0.002580109683781783,0.0022531715351203872,0.0022169706514692435,0.002212922429917322,0.002212918721537004
face,240.0,150.0,17,0.11972615516821539,0.12040789242548335,0.12048286539287778,0.12049136281839089,0.12049137202191733
face,240.0,150.0,18,5.5601601600379564e-05,4.319344991362931e-05,4.10336232073494e-05,4.0643774537473455e-05,4.0641991089936376e-05
face,240.0,150.0,19,0.002580109683781803,0.002253171535120406,0.0022169706514692604,0.0022129224299173383,0.002212918721537004
face,240.0,150.0,20,1.1982196414042713e-06,7.809696676747683e-07,7.493755474422799e-07,7.464242011541667e-07,7.464221002239133e-07
face,240.0,150.0,21,5.560160159618324e-05,4.099341956941376e-05,4.0646881283555616e-05,4.064198749314997e-05,4.0641991089936376e-05
face,240.0,150.0,22,2.5821743771104165e-08,1.569545995042549e-08,1.4048600148648069e-08,1.3711343409733456e-08,1.3708628360991796e-08
face,240.0,150.0,23,1.1982196414042933e-06,7.809696676747787e-07,7.493755474422679e-07,7.464242011541535e-07,7.464221002239133e-07
face,240.0,150.0,24,0.11972615516821561,0.12040789242548337,0.12048286539287782,0.12049136281839101,0.12049137202191733
face,240.0,150.0,25,0.0025801096837817887,0.0022531715351203937,0.002216970651469249,0.002212922429917328,0.002212918721537004
face,240.0,150.0,26,0.002580109683781791,0.002253171535120394,0.002216970651469253,0.002212922429917333,0.002212918721537004
face,240.0,150.0,27,5.560160160038125e-05,4.319344991362925e-05,4.103362320734887e-05,4.064377453747283e-05,4.0641991089936376e-05
face,240.0,150.0,28,5.560160159618312e-05,4.099341956941364e-05,4.0646881283555535e-05,4.06419874931499e-05,4.0641991089936376e-05
face,240.0,150.0,29,1.1982196414042838e-06,7.809696676747854e-07,7.493755474422652e-07,7.464242011541504e-07,7.464221002239133e-07
face,240.0,150.0,30,1.1982196414042895e-06,7.809696676747998e-07,7.493755474422668e-07,7.464242011541514e-07,7.464221002239133e-07
face,240.0,150.0,31,2.5821743771109555e-08,1.5695459950433975e-08,1.4048600148654968e-08,1.3711343409739754e-08,1.3708628360991796e-08
face,240.0,150.0,32,2.5821743771106266e-08,1.5695459950429035e-08,1.4048600148692995e-08,1.3711343409783637e-08,1.3708628360991796e-08
face,240.0,150.0,33,1.1982196414042884e-06,7.809696676747773e-07,7.493755474422823e-07,7.464242011541681e-07,7.464221002239133e-07
face,240.0,150.0,34,1.1982196414042859e-06,7.80969667674755e-07,7.493755474422557e-07,7.464242011541424e-07,7.464221002239133e-07
face,240.0,150.0,35,5.560160159618364e-05,4.099341956941386e-05,4.064688128355589e-05,4.0641987493150245e-05,4.0641991089936376e-05
face,240.0,150.0,36,5.560160160037845e-05,4.319344991362892e-05,4.10336232073481e-05,4.06437745374724e-05,4.0641991089936376e-05
face,240.0,150.0,37,0.0025801096837816885,0.002253171535120291,0.002216970651469163,0.0022129224299172524,0.002212918721537004
face,240.0,150.0,38,0.0025801096837816846,0.002253171535120288,0.0022169706514691624,0.0022129224299172524,0.002212918721537004
face,240.0,150.0,39,0.1197261551682109,0.12040789242547839,0.12048286539287333,0.12049136281838706,0.12049137202191733
face,240.0,150.0,40,1.1982196414043013e-06,7.809696676747571e-07,7.493755474422886e-07,7.464242011541769e-07,7.464221002239133e-07
face,240.0,150.0,41,2.5821743771103857e-08,1.5695459950419585e-08,1.4048600148646967e-08,1.3711343409733113e-08,1.3708628360991796e-08
face,240.0,150.0,42,5.5601601596183383e-05,4.099341956941375e-05,4.064688128355548e-05,4.064198749314983e-05,4.0641991089936376e-05
face,240.0,150.0,43,1.1982196414042969e-06,7.809696676747812e-07,7.49375547442268e-07,7.464242011541533e-07,7.464221002239133e-07
face,240.0,150.0,44,0.0025801096837816838,0.0022531715351202866,0.0022169706514691603,0.0022129224299172498,0.002212918721537004
face,240.0,150.0,45,5.560160160037891e-05,4.31934499136292e-05,4.1033623207348274e-05,4.0643774537472554e-05,4.0641991089936376e-05
face,240.0,150.0,46,0.11972615516821075,0.12040789242547818,0.12048286539287309,0.1204913628183868,0.12049137202191733
face,240.0,150.0,47,0.002580109683781686,0.002253171535120284,0.002216970651469163,0.0022129224299172533,0.002212918721537004
face,240.0,150.0,48,1.1982196414042713e-06,7.809696676747607e-07,7.493755474422785e-07,7.464242011541667e-07,7.464221002239133e-07
face,240.0,150.0,49,5.560160159618324e-05,4.099341956941362e-05,4.064688128355549e-05,4.064198749314983e-05,4.0641991089936376e-05
face,240.0,150.0,50,2.582174377110368e-08,1.5695459950424707e-08,1.4048600148648426e-08,1.3711343409734011e-08,1.3708628360991796e-08
face,240.0,150.0,51,1.1982196414042912e-06,7.809696676747865e-07,7.49375547442268e-07,7.46424201154154e-07,7.464221002239133e-07
face,240.0,150.0,52,0.0025801096837816855,0.0022531715351202857,0.00221697065146916,0.0022129224299172493,0.002212918721537004
face,240.0,150.0,53,0.11972615516821092,0.12040789242547825,0.12048286539287309,0.12049136281838675,0.12049137202191733
face,240.0,150.0,54,5.5601601600378894e-05,4.319344991362872e-05,4.103362320734822e-05,4.064377453747259e-05,4.0641991089936376e-05
face,240.0,150.0,55,0.002580109683781689,0.0022531715351202892,0.0022169706514691633,0.0022129224299172537,0.002212918721537004
face,240.0,150.0,56,5.5601601596183173e-05,4.0993419569413696e-05,4.064688128355545e-05,4.064198749314981e-05,4.0641991089936376e-05
face,240.0,150.0,57,1.1982196414042888e-06,7.809696676747904e-07,7.49375547442266e-07,7.464242011541519e-07,7.464221002239133e-07
face,240.0,150.0,58,1.1982196414042914e-06,7.809696676747863e-07,7.49375547442269e-07,7.464242011541546e-07,7.464221002239133e-07
face,240.0,150.0,59,2.5821743771110028e-08,1.5695459950430937e-08,1.4048600148654599e-08,1.3711343409739749e-08,1.3708628360991796e-08
face,240.0,150.0,60,0.11972615516821068,0.1204078924254781,0.12048286539287299,0.12049136281838671,0.12049137202191733
face,240.0,150.0,61,0.0025801096837816855,0.00225317153512028,0.0022169706514691594,0.0022129224299172498,0.002212918721537004
face,240.0,150.0,62,0.0025801096837816846,0.0022531715351202875,0.0022169706514691607,0.0022129224299172507,0.002212918721537004
face,240.0,150.0,63,5.5601601600379016e-05,4.3193449913628995e-05,4.1033623207348396e-05,4.064377453747274e-05,4.0641991089936376e-05
face,230.0,150.0,0,4.0643774537474254e-05,3.351192634567067e-05,3.072412656152197e-05,2.9305298698569674e-05,2.887785034288356e-05
face,230.0,150.0,1,0.002212922429917326,0.0019591248961452388,0.001894370439497043,0.001873220799878595,0.0018708251314444898
face,230.0,150.0,2,0.0022129224299173296,0.0019591248961452158,0.001894370439497047,0.0018732207998786092,0.0018708251314444898
face,230.0,150.0,3,0.12049136281839211,0.1210177051483801,0.12115070864547141,0.12119447599952107,0.12119969564517129
face,230.0,150.0,4,1.3711343409804759e-08,9.506818132214553e-09,8.001916219934928e-09,7.1937876387569106e-09,6.880629823258191e-09
face,230.0,150.0,5,7.464242011541922e-07,5.008734229542496e-07,4.5803884774577465e-07,4.4675706055747504e-07,4.457553121397785e-07
face,230.0,150.0,6,7.464242011541244e-07,5.008734229542665e-07,4.5803884774571414e-07,4.4675706055740627e-07,4.457553121397785e-07
face,230.0,150.0,7,4.0641987493149845e-05,2.9521879322199382e-05,2.8902269363771e-05,2.887639411674369e-05,2.887785034288356e-05
face,230.0,150.0,8,0.002212922429917342,0.0019591248961452158,0.0018943704394970462,0.0018732207998786044,0.0018708251314444898
face,230.0,150.0,9,4.064377453747351e-05,3.3511926345671006e-05,3.072412656152198e-05,2.9305298698569576e-05,2.887785034288356e-05
face,230.0,150.0,10,0.12049136281839132,0.12101770514837962,0.1211507086454709,0.12119447599952075,0.12119969564517129
face,230.0,150.0,11,0.002212922429917344,0.0019591248961452284,0.001894370439497047,0.0018732207998786033,0.0018708251314444898
face,230.0,150.0,12,7.46424201154165e-07,5.008734229542405e-07,4.5803884774572425e-07,4.4675706055742067e-07,4.457553121397785e-07
face,230.0,150.0,13,1.3711343409733824e-08,9.50681813220551e-09,8.00191621993478e-09,7.193787638761562e-09,6.880629823258191e-09
face,230.0,150.0,14,4.064198749314997e-05,2.952187932219889e-05,2.8902269363771558e-05,2.8876394116744265e-05,2.887785034288356e-05
face,230.0,150.0,15,7.464242011541557e-07,5.008734229541898e-07,4.580388477457049e-07,4.4675706055739987e-07,4.457553121397785e-07
face,230.0,150.0,16,0.002212922429917322,0.0019591248961452223,0.0018943704394970393,0.0018732207998785955,0.0018708251314444898
face,230.0,150.0,17,0.12049136281839089,0.12101770514837933,0.12115070864547069,0.12119447599952052,0.12119969564517129
face,230.0,150.0,18,4.0643774537473455e-05,3.351192634567133e-05,3.072412656152211e-05,2.930529869856955e-05,2.887785034288356e-05
face,230.0,150.0,19,0.0022129224299173383,0.001959124896145228,0.0018943704394970462,0.0018732207998786025,0.0018708251314444898
face,230.0,150.0,20,7.464242011541667e-07,5.008734229542386e-07,4.5803884774572367e-07,4.4675706055741966e-07,4.457553121397785e-07
face,230.0,150.0,21,4.064198749314997e-05,2.9521879322198877e-05,2.8902269363771457e-05,2.8876394116744176e-05,2.887785034288356e-05
face,230.0,150.0,22,1.3711343409733456e-08,9.506818132208107e-09,8.001916219935439e-09,7.193787638761531e-09,6.880629823258191e-09
face,230.0,150.0,23,7.464242011541535e-07,5.00873422954202e-07,4.580388477457053e-07,4.467570605573987e-07,4.457553121397785e-07
face,230.0,150.0,24,0.12049136281839101,0.12101770514837937,0.12115070864547069,0.1211944759995205,0.12119969564517129
face,230.0,150.0,25,0.002212922429917328,0.0019591248961452175,0.0018943704394970384,0.0018732207998785957,0.0018708251314444898
face,230.0,150.0,26,0.002212922429917333,0.001959124896145223,0.001894370439497043,0.0018732207998785996,0.0018708251314444898
face,230.0,150.0,27,4.064377453747283e-05,3.351192634567102e-05,3.072412656152205e-05,2.9305298698569684e-05,2.887785034288356e-05
face,230.0,150.0,28,4.06419874931499e-05,2.9521879322199002e-05,2.8902269363771538e-05,2.887639411674426e-05,2.887785034288356e-05
face,230.0,150.0,29,7.464242011541504e-07,5.008734229541613e-07,4.5803884774569884e-07,4.467570605573971e-07,4.457553121397785e-07
face,230.0,150.0,30,7.464242011541514e-07,5.0087342295418e-07,4.5803884774570175e-07,4.467570605573984e-07,4.457553121397785e-07
face,230.0,150.0,31,1.3711343409739754e-08,9.506818132218295e-09,8.001916219938973e-09,7.19378763876125e-09,6.880629823258191e-09
face,230.0,150.0,32,1.3711343409783637e-08,9.50681813221877e-09,8.001916219930456e-09,7.1937876387503295e-09,6.880629823258191e-09
face,230.0,150.0,33,7.464242011541681e-07,5.008734229542579e-07,4.580388477457308e-07,4.467570605574241e-07,4.457553121397785e-07
face,230.0,150.0,34,7.464242011541424e-07,5.008734229542384e-07,4.5803884774571557e-07,4.4675706055741093e-07,4.457553121397785e-07
face,230.0,150.0,35,4.0641987493150245e-05,2.9521879322199236e-05,2.890226936377152e-05,2.887639411674421e-05,2.887785034288356e-05
face,230.0,150.0,36,4.06437745374724e-05,3.3511926345666995e-05,3.0724126561520086e-05,2.9305298698568566e-05,2.887785034288356e-05
face,230.0,150.0,37,0.0022129224299172524,0.0019591248961451585,0.0018943704394969822,0.0018732207998785415,0.0018708251314444898
face,230.0,150.0,38,0.0022129224299172524,0.001959124896145157,0.001894370439496983,0.0018732207998785415,0.0018708251314444898
face,230.0,150.0,39,0.12049136281838706,0.12101770514837581,0.12115070864546708,0.12119447599951687,0.12119969564517129
face,230.0,150.0,40,7.464242011541769e-07,5.008734229542391e-07,4.5803884774572785e-07,4.4675706055742533e-07,4.457553121397785e-07
face,230.0,150.0,41,1.3711343409733113e-08,9.506818132203642e-09,8.001916219934355e-09,7.193787638761438e-09,6.880629823258191e-09
face,230.0,150.0,42,4.064198749314983e-05,2.9521879322199012e-05,2.890226936377152e-05,2.8876394116744227e-05,2.887785034288356e-05
face,230.0,150.0,43,7.464242011541533e-07,5.008734229541782e-07,4.580388477457035e-07,4.4675706055740066e-07,4.457553121397785e-07
face,230.0,150.0,44,0.0022129224299172498,0.0019591248961451577,0.001894370439496983,0.001873220799878542,0.0018708251314444898
face,230.0,150.0,45,4.0643774537472554e-05,3.351192634566691e-05,3.0724126561520046e-05,2.9305298698568532e-05,2.887785034288356e-05
face,230.0,150.0,46,0.1204913628183868,0.12101770514837586,0.12115070864546709,0.12119447599951684,0.12119969564517129
face,230.0,150.0,47,0.0022129224299172533,0.001959124896145157,0.0018943704394969827,0.0018732207998785418,0.0018708251314444898
face,230.0,150.0,48,7.464242011541667e-07,5.008734229542416e-07,4.580388477457239e-07,4.4675706055741966e-07,4.457553121397785e-07
face,230.0,150.0,49,4.064198749314983e-05,2.952187932219887e-05,2.8902269363771463e-05,2.8876394116744176e-05,2.887785034288356e-05
face,230.0,150.0,50,1.3711343409734011e-08,9.50681813220918e-09,8.00191621993573e-09,7.193787638761447e-09,6.880629823258191e-09
face,230.0,150.0,51,7.46424201154154e-07,5.008734229541901e-07,4.580388477457044e-07,4.4675706055739955e-07,4.457553121397785e-07
face,230.0,150.0,52,0.0022129224299172493,0.0019591248961451577,0.0018943704394969814,0.0018732207998785404,0.0018708251314444898
face,230.0,150.0,53,0.12049136281838675,0.12101770514837572,0.12115070864546693,0.12119447599951673,0.12119969564517129
face,230.0,150.0,54,4.064377453747259e-05,3.351192634566618e-05,3.0724126561519734e-05,2.9305298698568468e-05,2.887785034288356e-05
face,230.0,150.0,55,0.0022129224299172537,0.00195912489614516,0.001894370439496983,0.0018732207998785415,0.0018708251314444898
face,230.0,150.0,56,4.064198749314981e-05,2.9521879322198914e-05,2.8902269363771538e-05,2.887639411674426e-05,2.887785034288356e-05
face,230.0,150.0,57,7.464242011541519e-07,5.008734229541754e-07,4.580388477456992e-07,4.4675706055739494e-07,4.457553121397785e-07
face,230.0,150.0,58,7.464242011541546e-07,5.00873422954174e-07,4.580388477457021e-07,4.467570605574003e-07,4.457553121397785e-07
face,230.0,150.0,59,1.3711343409739749e-08,9.506818132217221e-09,8.001916219939059e-09,7.193787638761353e-09,6.880629823258191e-09
face,230.0,150.0,60,0.12049136281838671,0.12101770514837579,0.12115070864546704,0.12119447599951684,0.12119969564517129
face,230.0,150.0,61,0.0022129224299172498,0.0019591248961451585,0.001894370439496982,0.0018732207998785409,0.0018708251314444898
face,230.0,150.0,62,0.0022129224299172507,0.001959124896145159,0.001894370439496983,0.0018732207998785424,0.0018708251314444898
face,230.0,150.0,63,4.064377453747274e-05,3.351192634566711e-05,3.072412656152012e-05,2.9305298698568556e-05,2.887785034288356e-05
face,220.0,150.0,0,2.9305298698569674e-05,2.6375610290128428e-05,2.463494330271733e-05,2.3158841048982626e-05,1.9870184515242862e-05
face,220.0,150.0,1,0.001873220799878595,0.0017237586346457755,0.0016525397711337013,0.0016051753004366076,0.0015560003977173533
face,220.0,150.0,2,0.0018732207998786092,0.00172375863464578,0.001652539771133708,0.0016051753004366104,0.0015560003977173533
face,220.0,150.0,3,0.12119447599952107,0.12150429885360312,0.12164966068823678,0.12174609309357853,0.12184774810919634
face,220.0,150.0,4,7.1937876387569106e-09,5.848894074956087e-09,5.164789145445541e-09,4.601721842072616e-09,3.240307997452423e-09
face,220.0,150.0,5,4.4675706055747504e-07,3.326323153365574e-07,2.923498427884922e-07,2.700212543163719e-07,2.537430152646509e-07
face,220.0,150.0,6,4.4675706055740627e-07,3.3263231533661424e-07,2.923498427885292e-07,2.7002125431640627e-07,2.537430152646509e-07
face,220.0,150.0,7,2.887639411674369e-05,2.1137153292726604e-05,2.0034961720691218e-05,1.985282027111798e-05,1.9870184515242862e-05
face,220.0,150.0,8,0.0018732207998786044,0.001723758634645791,0.0016525397711336987,0.0016051753004365987,0.0015560003977173533
face,220.0,150.0,9,2.9305298698569576e-05,2.637561029012569e-05,2.4634943302714875e-05,2.3158841048980874e-05,1.9870184515242862e-05
face,220.0,150.0,10,0.12119447599952075,0.12150429885360277,0.12164966068823638,0.12174609309357814,0.12184774810919634
face,220.0,150.0,11,0.0018732207998786033,0.001723758634645783,0.001652539771133705,0.0016051753004366082,0.0015560003977173533
face,220.0,150.0,12,4.4675706055742067e-07,3.32632315336596e-07,2.923498427885183e-07,2.700212543163993e-07,2.537430152646509e-07
face,220.0,150.0,13,7.193787638761562e-09,5.848894074953207e-09,5.164789145447454e-09,4.6017218420722045e-09,3.240307997452423e-09
face,220.0,150.0,14,2.8876394116744265e-05,2.113715329272639e-05,2.0034961720691018e-05,1.985282027111778e-05,1.9870184515242862e-05
face,220.0,150.0,15,4.4675706055739987e-07,3.3263231533655416e-07,2.923498427885037e-07,2.700212543163865e-07,2.537430152646509e-07
face,220.0,150.0,16,0.0018732207998785955,0.001723758634645776,0.0016525397711336972,0.001605175300436602,0.0015560003977173533
face,220.0,150.0,17,0.12119447599952052,0.12150429885360246,0.12164966068823606,0.12174609309357783,0.12184774810919634
face,220.0,150.0,18,2.930529869856955e-05,2.637561029012614e-05,2.4634943302715153e-05,2.3158841048980945e-05,1.9870184515242862e-05
face,220.0,150.0,19,0.0018732207998786025,0.0017237586346457604,0.001652539771133692,0.0016051753004366,0.0015560003977173533
face,220.0,150.0,20,4.4675706055741966e-07,3.326323153365831e-07,2.923498427885131e-07,2.700212543163966e-07,2.537430152646509e-07
face,220.0,150.0,21,2.8876394116744176e-05,2.1137153292726197e-05,2.0034961720690885e-05,1.985282027111765e-05,1.9870184515242862e-05
face,220.0,150.0,22,7.193787638761531e-09,5.848894074954912e-09,5.164789145448786e-09,4.601721842072967e-09,3.240307997452423e-09
face,220.0,150.0,23,4.467570605573987e-07,3.3263231533654955e-07,2.923498427884981e-07,2.70021254316383e-07,2.537430152646509e-07
face,220.0,150.0,24,0.1211944759995205,0.12150429885360246,0.12164966068823609,0.12174609309357785,0.12184774810919634
face,220.0,150.0,25,0.0018732207998785957,0.0017237586346457653,0.0016525397711336927,0.0016051753004365991,0.0015560003977173533
face,220.0,150.0,26,0.0018732207998785996,0.0017237586346457738,0.0016525397711336977,0.0016051753004366026,0.0015560003977173533
face,220.0,150.0,27,2.9305298698569684e-05,2.6375610290119727e-05,2.463494330271141e-05,2.3158841048978875e-05,1.9870184515242862e-05
face,220.0,150.0,28,2.887639411674426e-05,2.1137153292726387e-05,2.003496172069101e-05,1.9852820271117752e-05,1.9870184515242862e-05
face,220.0,150.0,29,4.467570605573971e-07,3.3263231533654537e-07,2.923498427884926e-07,2.700212543163818e-07,2.537430152646509e-07
face,220.0,150.0,30,4.467570605573984e-07,3.326323153365523e-07,2.923498427884984e-07,2.7002125431638393e-07,2.537430152646509e-07
face,220.0,150.0,31,7.19378763876125e-09,5.848894074963124e-09,5.1647891454532976e-09,4.601721842075751e-09,3.240307997452423e-09
face,220.0,150.0,32,7.1937876387503295e-09,5.848894074950688e-09,5.164789145445796e-09,4.601721842074845e-09,3.240307997452423e-09
face,220.0,150.0,33,4.467570605574241e-07,3.326323153365805e-07,2.9234984278850917e-07,2.700212543163921e-07,2.537430152646509e-07
face,220.0,150.0,34,4.4675706055741093e-07,3.326323153365884e-07,2.9234984278851123e-07,2.7002125431639193e-07,2.537430152646509e-07
face,220.0,150.0,35,2.887639411674421e-05,2.1137153292726468e-05,2.0034961720691038e-05,1.985282027111779e-05,1.9870184515242862e-05
face,220.0,150.0,36,2.9305298698568566e-05,2.6375610290142953e-05,2.46349433027266e-05,2.315884104898807e-05,1.9870184515242862e-05
face,220.0,150.0,37,0.0018732207998785415,0.0017237586346457545,0.0016525397711336675,0.0016051753004365657,0.0015560003977173533
face,220.0,150.0,38,0.0018732207998785415,0.0017237586346457552,0.0016525397711336701,0.001605175300436569,0.0015560003977173533
face,220.0,150.0,39,0.12119447599951687,0.12150429885359915,0.12164966068823278,0.12174609309357458,0.12184774810919634
face,220.0,150.0,40,4.4675706055742533e-07,3.326323153365817e-07,2.923498427885153e-07,2.700212543163984e-07,2.537430152646509e-07
face,220.0,150.0,41,7.193787638761438e-09,5.848894074954954e-09,5.1647891454488755e-09,4.601721842073037e-09,3.240307997452423e-09
face,220.0,150.0,42,2.8876394116744227e-05,2.1137153292726492e-05,2.003496172069101e-05,1.985282027111777e-05,1.9870184515242862e-05
face,220.0,150.0,43,4.4675706055740066e-07,3.326323153365617e-07,2.923498427885043e-07,2.700212543163854e-07,2.537430152646509e-07
face,220.0,150.0,44,0.001873220799878542,0.0017237586346457612,0.0016525397711336745,0.0016051753004365712,0.0015560003977173533
face,220.0,150.0,45,2.9305298698568532e-05,2.6375610290144047e-05,2.4634943302727395e-05,2.3158841048988596e-05,1.9870184515242862e-05
face,220.0,150.0,46,0.12119447599951684,0.12150429885359926,0.12164966068823288,0.12174609309357468,0.12184774810919634
face,220.0,150.0,47,0.0018732207998785418,0.0017237586346457528,0.0016525397711336682,0.001605175300436568,0.0015560003977173533
face,220.0,150.0,48,4.4675706055741966e-07,3.3263231533659857e-07,2.9234984278851605e-07,2.700212543163944e-07,2.537430152646509e-07
face,220.0,150.0,49,2.8876394116744176e-05,2.1137153292726282e-05,2.003496172069091e-05,1.985282027111768e-05,1.9870184515242862e-05
face,220.0,150.0,50,7.193787638761447e-09,5.848894074956549e-09,5.164789145449934e-09,4.601721842073646e-09,3.240307997452423e-09
face,220.0,150.0,51,4.4675706055739955e-07,3.326323153365526e-07,2.923498427884985e-07,2.7002125431638324e-07,2.537430152646509e-07
face,220.0,150.0,52,0.0018732207998785404,0.0017237586346457612,0.0016525397711336732,0.001605175300436568,0.0015560003977173533
face,220.0,150.0,53,0.12119447599951673,0.12150429885359855,0.12164966068823223,0.12174609309357401,0.12184774810919634
face,220.0,150.0,54,2.9305298698568468e-05,2.63756102901436e-05,2.4634943302727124e-05,2.3158841048988437e-05,1.9870184515242862e-05
face,220.0,150.0,55,0.0018732207998785415,0.0017237586346457504,0.0016525397711336643,0.0016051753004365638,0.0015560003977173533
face,220.0,150.0,56,2.887639411674426e-05,2.113715329272636e-05,2.003496172069097e-05,1.9852820271117722e-05,1.9870184515242862e-05
face,220.0,150.0,57,4.4675706055739494e-07,3.326323153365634e-07,2.9234984278850197e-07,2.7002125431638414e-07,2.537430152646509e-07
face,220.0,150.0,58,4.467570605574003e-07,3.3263231533655765e-07,2.92349842788502e-07,2.700212543163843e-07,2.537430152646509e-07
face,220.0,150.0,59,7.193787638761353e-09,5.848894074954477e-09,5.1647891454489756e-09,4.601721842073299e-09,3.240307997452423e-09
face,220.0,150.0,60,0.12119447599951684,0.1215042988535991,0.12164966068823271,0.1217460930935745,0.12184774810919634
face,220.0,150.0,61,0.0018732207998785409,0.0017237586346457458,0.0016525397711336623,0.0016051753004365627,0.0015560003977173533
face,220.0,150.0,62,0.0018732207998785424,0.0017237586346457528,0.0016525397711336686,0.0016051753004365681,0.0015560003977173533
face,220.0,150.0,63,2.9305298698568556e-05,2.6375610290143326e-05,2.4634943302726768e-05,2.3158841048988226e-05,1.9870184515242862e-05
face,210.0,150.0,0,2.3158841048982626e-05,2.1535992840736867e-05,2.0812505405467724e-05,2.011530344495627e-05,1.3180119758991123e-05
face,210.0,150.0,1,0.0016051753004366076,0.0015261257597377418,0.001484057528450538,0.0014469011086940126,0.0012703063939330866
face,210.0,150.0,2,0.0016051753004366104,0.0015261257597376497,0.001484057528450464,0.001446901108693952,0.0012703063939330866
face,210.0,150.0,3,0.12174609309357853,0.1219102122334871,0.1219965343809799,0.12207228399431619,0.12243275205192837
face,210.0,150.0,4,4.601721842072616e-09,4.005028897533793e-09,3.760187442943079e-09,3.5305818237594985e-09,1.4188650826673314e-09
face,210.0,150.0,5,2.700212543163719e-07,2.2676510155352282e-07,2.0571326453307297e-07,1.8857992377215311e-07,1.3675091119040573e-07
face,210.0,150.0,6,2.7002125431640627e-07,2.267651015534866e-07,2.057132645330384e-07,1.885799237721195e-07,1.3675091119040573e-07
face,210.0,150.0,7,1.985282027111798e-05,1.5542718966919607e-05,1.412286999923971e-05,1.3417794423630878e-05,1.3180119758991123e-05
face,210.0,150.0,8,0.0016051753004365987,0.0015261257597376824,0.0014840575284505015,0.0014469011086939824,0.0012703063939330866
face,210.0,150.0,9,2.3158841048980874e-05,2.153599284073532e-05,2.0812505405466735e-05,2.0115303444955344e-05,1.3180119758991123e-05
face,210.0,150.0,10,0.12174609309357814,0.1219102122334869,0.12199653438097971,0.12207228399431602,0.12243275205192837
face,210.0,150.0,11,0.0016051753004366082,0.0015261257597377123,0.0014840575284505192,0.001446901108693998,0.0012703063939330866
face,210.0,150.0,12,2.700212543163993e-07,2.2676510155345673e-07,2.0571326453302297e-07,1.8857992377211452e-07,1.3675091119040573e-07
face,210.0,150.0,13,4.6017218420722045e-09,4.005028897522358e-09,3.7601874429334726e-09,3.5305818237524253e-09,1.4188650826673314e-09
face,210.0,150.0,14,1.985282027111778e-05,1.5542718966920017e-05,1.412286999923996e-05,1.3417794423630954e-05,1.3180119758991123e-05
face,210.0,150.0,15,2.700212543163865e-07,2.2676510155338632e-07,2.0571326453297154e-07,1.8857992377207646e-07,1.3675091119040573e-07
face,210.0,150.0,16,0.001605175300436602,0.0015261257597377039,0.0014840575284505082,0.0014469011086939878,0.0012703063939330866
face,210.0,150.0,17,0.12174609309357783,0.12191021223348641,0.12199653438097925,0.12207228399431558,0.12243275205192837
face,210.0,150.0,18,2.3158841048980945e-05,2.1535992840735535e-05,2.0812505405466786e-05,2.011530344495538e-05,1.3180119758991123e-05
face,210.0,150.0,19,0.0016051753004366,0.0015261257597376913,0.0014840575284505004,0.0014469011086939818,0.0012703063939330866
face,210.0,150.0,20,2.700212543163966e-07,2.2676510155345853e-07,2.0571326453302374e-07,1.885799237721154e-07,1.3675091119040573e-07
face,210.0,150.0,21,1.985282027111765e-05,1.5542718966919733e-05,1.4122869999239808e-05,1.3417794423630871e-05,1.3180119758991123e-05
face,210.0,150.0,22,4.601721842072967e-09,4.005028897522572e-09,3.760187442933483e-09,3.5305818237524137e-09,1.4188650826673314e-09
face,210.0,150.0,23,2.70021254316383e-07,2.2676510155338632e-07,2.0571326453296956e-07,1.8857992377207482e-07,1.3675091119040573e-07
face,210.0,150.0,24,0.12174609309357785,0.12191021223348686,0.12199653438097967,0.12207228399431595,0.12243275205192837
face,210.0,150.0,25,0.0016051753004365991,0.0015261257597376952,0.0014840575284505043,0.0014469011086939846,0.0012703063939330866
face,210.0,150.0,26,0.0016051753004366026,0.0015261257597376989,0.0014840575284505084,0.0014469011086939883,0.0012703063939330866
face,210.0,150.0,27,2.3158841048978875e-05,2.153599284073218e-05,2.0812505405464248e-05,2.0115303444953196e-05,1.3180119758991123e-05
face,210.0,150.0,28,1.9852820271117752e-05,1.554271896691971e-05,1.4122869999239794e-05,1.341779442363089e-05,1.3180119758991123e-05
face,210.0,150.0,29,2.700212543163818e-07,2.267651015533823e-07,2.0571326453296447e-07,1.8857992377207225e-07,1.3675091119040573e-07
face,210.0,150.0,30,2.7002125431638393e-07,2.267651015533781e-07,2.0571326453296106e-07,1.8857992377206936e-07,1.3675091119040573e-07
face,210.0,150.0,31,4.601721842075751e-09,4.005028897538165e-09,3.760187442946655e-09,3.5305818237636373e-09,1.4188650826673314e-09
face,210.0,150.0,32,4.601721842074845e-09,4.0050288975390444e-09,3.76018744294812e-09,3.5305818237648843e-09,1.4188650826673314e-09
face,210.0,150.0,33,2.700212543163921e-07,2.2676510155346832e-07,2.0571326453303184e-07,1.8857992377212082e-07,1.3675091119040573e-07
face,210.0,150.0,34,2.7002125431639193e-07,2.267651015534712e-07,2.0571326453303192e-07,1.8857992377211865e-07,1.3675091119040573e-07
face,210.0,150.0,35,1.985282027111779e-05,1.5542718966919882e-05,1.4122869999239911e-05,1.3417794423630951e-05,1.3180119758991123e-05
face,210.0,150.0,36,2.315884104898807e-05,2.1535992840740295e-05,2.081250540547086e-05,2.0115303444958966e-05,1.3180119758991123e-05
face,210.0,150.0,37,0.0016051753004365657,0.0015261257597376711,0.001484057528450478,0.0014469011086939564,0.0012703063939330866
face,210.0,150.0,38,0.001605175300436569,0.0015261257597376713,0.0014840575284504783,0.001446901108693957,0.0012703063939330866
face,210.0,150.0,39,0.12174609309357458,0.12191021223348321,0.12199653438097607,0.12207228399431236,0.12243275205192837
face,210.0,150.0,40,2.700212543163984e-07,2.267651015534351e-07,2.057132645330093e-07,1.8857992377210653e-07,1.3675091119040573e-07
face,210.0,150.0,41,4.601721842073037e-09,4.005028897527496e-09,3.7601874429381304e-09,3.5305818237563763e-09,1.4188650826673314e-09
face,210.0,150.0,42,1.985282027111777e-05,1.5542718966919943e-05,1.4122869999239938e-05,1.3417794423630966e-05,1.3180119758991123e-05
face,210.0,150.0,43,2.700212543163854e-07,2.2676510155337724e-07,2.057132645329652e-07,1.885799237720727e-07,1.3675091119040573e-07
face,210.0,150.0,44,0.0016051753004365712,0.0015261257597376774,0.0014840575284504832,0.0014469011086939614,0.0012703063939330866
face,210.0,150.0,45,2.3158841048988596e-05,2.153599284074028e-05,2.0812505405471034e-05,2.011530344495912e-05,1.3180119758991123e-05
face,210.0,150.0,46,0.12174609309357468,0.1219102122334835,0.12199653438097637,0.12207228399431265,0.12243275205192837
face,210.0,150.0,47,0.001605175300436568,0.0015261257597376635,0.0014840575284504713,0.0014469011086939512,0.0012703063939330866
face,210.0,150.0,48,2.700212543163944e-07,2.267651015534239e-07,2.057132645330007e-07,1.8857992377210057e-07,1.3675091119040573e-07
face,210.0,150.0,49,1.985282027111768e-05,1.5542718966919824e-05,1.4122869999239828e-05,1.3417794423630871e-05,1.3180119758991123e-05
face,210.0,150.0,50,4.601721842073646e-09,4.005028897526015e-09,3.760187442936804e-09,3.530581823755249e-09,1.4188650826673314e-09
face,210.0,150.0,51,2.7002125431638324e-07,2.2676510155337774e-07,2.0571326453296728e-07,1.8857992377207363e-07,1.3675091119040573e-07
face,210.0,150.0,52,0.001605175300436568,0.0015261257597376618,0.0014840575284504698,0.0014469011086939492,0.0012703063939330866
face,210.0,150.0,53,0.12174609309357401,0.12191021223348263,0.12199653438097548,0.12207228399431176,0.12243275205192837
face,210.0,150.0,54,2.3158841048988437e-05,2.153599284074017e-05,2.081250540547093e-05,2.0115303444959023e-05,1.3180119758991123e-05
face,210.0,150.0,55,0.0016051753004365638,0.0015261257597376531,0.0014840575284504613,0.0014469011086939423,0.0012703063939330866
face,210.0,150.0,56,1.9852820271117722e-05,1.5542718966919834e-05,1.4122869999239857e-05,1.3417794423630922e-05,1.3180119758991123e-05
face,210.0,150.0,57,2.7002125431638414e-07,2.2676510155338566e-07,2.0571326453296807e-07,1.8857992377207402e-07,1.3675091119040573e-07
face,210.0,150.0,58,2.700212543163843e-07,2.2676510155338725e-07,2.0571326453297025e-07,1.8857992377207543e-07,1.3675091119040573e-07
face,210.0,150.0,59,4.601721842073299e-09,4.0050288975313575e-09,3.760187442940433e-09,3.530581823758328e-09,1.4188650826673314e-09
face,210.0,150.0,60,0.1217460930935745,0.12191021223348314,0.12199653438097602,0.12207228399431232,0.12243275205192837
face,210.0,150.0,61,0.0016051753004365627,0.0015261257597376614,0.0014840575284504709,0.00144690110869395,0.0012703063939330866
face,210.0,150.0,62,0.0016051753004365681,0.0015261257597376633,0.001484057528450471,0.0014469011086939512,0.0012703063939330866
face,210.0,150.0,63,2.3158841048988226e-05,2.1535992840739086e-05,2.0812505405469926e-05,2.011530344495815e-05,1.3180119758991123e-05
face,200.0,150.0,0,2.011530344495627e-05,1.9402276537944916e-05,1.91438473805947e-05,1.888777869728512e-05,8.382256078048769e-06
face,200.0,150.0,1,0.0014469011086940126,0.0014035538173138742,0.001384944590948834,0.0013669424077706388,0.0010151950895426044
face,200.0,150.0,2,0.001446901108693952,0.0014035538173137812,0.0013849445909487586,0.0013669424077705668,0.0010151950895426044
face,200.0,150.0,3,0.12207228399431619,0.12216145646180862,0.12219981556760261,0.12223679319957091,0.12295270631618875
face,200.0,150.0,4,3.5305818237594985e-09,3.3061581766283033e-09,3.22799847399533e-09,3.151331132766959e-09,5.714572624151704e-10
face,200.0,150.0,5,1.8857992377215311e-07,1.6968167398061132e-07,1.6182199528516692e-07,1.544223759810447e-07,6.921055635684985e-08
face,200.0,150.0,6,1.885799237721195e-07,1.6968167398064845e-07,1.6182199528519519e-07,1.5442237598107328e-07,6.921055635684985e-08
face,200.0,150.0,7,1.3417794423630878e-05,1.1690957522128508e-05,1.0824531132651859e-05,1.012221011000591e-05,8.382256078048769e-06
face,200.0,150.0,8,0.0014469011086939824,0.0014035538173137701,0.0013849445909487354,0.001366942407770545,0.0010151950895426044
face,200.0,150.0,9,2.0115303444955344e-05,1.9402276537943974e-05,1.914384738059371e-05,1.888777869728418e-05,8.382256078048769e-06
face,200.0,150.0,10,0.12207228399431602,0.1221614564618085,0.12219981556760247,0.12223679319957076,0.12295270631618875
face,200.0,150.0,11,0.001446901108693998,0.0014035538173138291,0.0013849445909487979,0.0013669424077706047,0.0010151950895426044
face,200.0,150.0,12,1.8857992377211452e-07,1.69681673980639e-07,1.6182199528518886e-07,1.544223759810667e-07,6.921055635684985e-08
face,200.0,150.0,13,3.5305818237524253e-09,3.30615817663032e-09,3.227998473997469e-09,3.1513311327687716e-09,5.714572624151704e-10
face,200.0,150.0,14,1.3417794423630954e-05,1.1690957522127854e-05,1.0824531132651405e-05,1.0122210110005587e-05,8.382256078048769e-06
face,200.0,150.0,15,1.8857992377207646e-07,1.6968167398059517e-07,1.6182199528516475e-07,1.5442237598104477e-07,6.921055635684985e-08
face,200.0,150.0,16,0.0014469011086939878,0.0014035538173138395,0.0013849445909488041,0.0013669424077706104,0.0010151950895426044
face,200.0,150.0,17,0.12207228399431558,0.12216145646180777,0.12219981556760172,0.12223679319957002,0.12295270631618875
face,200.0,150.0,18,2.011530344495538e-05,1.940227653794429e-05,1.914384738059406e-05,1.888777869728451e-05,8.382256078048769e-06
face,200.0,150.0,19,0.0014469011086939818,0.0014035538173138246,0.0013849445909487929,0.0013669424077705995,0.0010151950895426044
face,200.0,150.0,20,1.885799237721154e-07,1.6968167398063974e-07,1.6182199528518775e-07,1.5442237598106592e-07,6.921055635684985e-08
face,200.0,150.0,21,1.3417794423630871e-05,1.1690957522127771e-05,1.0824531132651339e-05,1.0122210110005533e-05,8.382256078048769e-06
face,200.0,150.0,22,3.5305818237524137e-09,3.3061581766297674e-09,3.227998473996478e-09,3.1513311327678336e-09,5.714572624151704e-10
face,200.0,150.0,23,1.8857992377207482e-07,1.6968167398059946e-07,1.618219952851653e-07,1.5442237598104533e-07,6.921055635684985e-08
face,200.0,150.0,24,0.12207228399431595,0.1221614564618084,0.1221998155676024,0.1222367931995707,0.12295270631618875
face,200.0,150.0,25,0.0014469011086939846,0.0014035538173138191,0.0013849445909487885,0.0013669424077705954,0.0010151950895426044
face,200.0,150.0,26,0.0014469011086939883,0.001403553817313823,0.0013849445909487903,0.0013669424077705973,0.0010151950895426044
face,200.0,150.0,27,2.0115303444953196e-05,1.940227653794105e-05,1.9143847380590826e-05,1.888777869728138e-05,8.382256078048769e-06
face,200.0,150.0,28,1.341779442363089e-05,1.1690957522127798e-05,1.0824531132651363e-05,1.0122210110005555e-05,8.382256078048769e-06
face,200.0,150.0,29,1.8857992377207225e-07,1.696816739806025e-07,1.618219952851732e-07,1.5442237598105234e-07,6.921055635684985e-08
face,200.0,150.0,30,1.8857992377206936e-07,1.6968167398061028e-07,1.6182199528517817e-07,1.544223759810568e-07,6.921055635684985e-08
face,200.0,150.0,31,3.5305818237636373e-09,3.306158176640647e-09,3.2279984740068836e-09,3.1513311327778218e-09,5.714572624151704e-10
face,200.0,150.0,32,3.5305818237648843e-09,3.306158176639372e-09,3.2279984740036324e-09,3.151331132774908e-09,5.714572624151704e-10
face,200.0,150.0,33,1.8857992377212082e-07,1.6968167398063887e-07,1.6182199528519066e-07,1.544223759810686e-07,6.921055635684985e-08
face,200.0,150.0,34,1.8857992377211865e-07,1.6968167398065115e-07,1.618219952851992e-07,1.54422375981076e-07,6.921055635684985e-08
face,200.0,150.0,35,1.3417794423630951e-05,1.169095752212775e-05,1.0824531132651339e-05,1.0122210110005548e-05,8.382256078048769e-06
face,200.0,150.0,36,2.0115303444958966e-05,1.940227653794648e-05,1.9143847380596308e-05,1.888777869728668e-05,8.382256078048769e-06
face,200.0,150.0,37,0.0014469011086939564,0.0014035538173138053,0.0013849445909487736,0.0013669424077705796,0.0010151950895426044
face,200.0,150.0,38,0.001446901108693957,0.0014035538173138016,0.0013849445909487682,0.0013669424077705746,0.0010151950895426044
face,200.0,150.0,39,0.12207228399431236,0.1221614564618043,0.12219981556759829,0.1222367931995666,0.12295270631618875
face,200.0,150.0,40,1.8857992377210653e-07,1.6968167398063945e-07,1.6182199528518968e-07,1.5442237598106716e-07,6.921055635684985e-08
face,200.0,150.0,41,3.5305818237563763e-09,3.306158176633226e-09,3.227998473999741e-09,3.1513311327709665e-09,5.714572624151704e-10
face,200.0,150.0,42,1.3417794423630966e-05,1.1690957522127898e-05,1.0824531132651456e-05,1.0122210110005622e-05,8.382256078048769e-06
face,200.0,150.0,43,1.885799237720727e-07,1.6968167398059488e-07,1.6182199528516345e-07,1.5442237598104366e-07,6.921055635684985e-08
face,200.0,150.0,44,0.0014469011086939614,0.0014035538173138038,0.0013849445909487712,0.0013669424077705772,0.0010151950895426044
face,200.0,150.0,45,2.011530344495912e-05,1.9402276537947314e-05,1.914384738059716e-05,1.88877786972875e-05,8.382256078048769e-06
face,200.0,150.0,46,0.12207228399431265,0.1221614564618044,0.1221998155675984,0.12223679319956669,0.12295270631618875
face,200.0,150.0,47,0.0014469011086939512,0.0014035538173137734,0.001384944590948741,0.0013669424077705486,0.0010151950895426044
face,200.0,150.0,48,1.8857992377210057e-07,1.696816739806306e-07,1.6182199528517803e-07,1.544223759810571e-07,6.921055635684985e-08
face,200.0,150.0,49,1.3417794423630871e-05,1.1690957522127798e-05,1.082453113265137e-05,1.012221011000555e-05,8.382256078048769e-06
face,200.0,150.0,50,3.530581823755249e-09,3.3061581766326204e-09,3.227998473999359e-09,3.1513311327705984e-09,5.714572624151704e-10
face,200.0,150.0,51,1.8857992377207363e-07,1.6968167398057728e-07,1.618219952851474e-07,1.544223759810294e-07,6.921055635684985e-08
face,200.0,150.0,52,0.0014469011086939492,0.0014035538173138027,0.0013849445909487712,0.001366942407770577,0.0010151950895426044
face,200.0,150.0,53,0.12207228399431176,0.12216145646180351,0.12219981556759753,0.12223679319956583,0.12295270631618875
face,200.0,150.0,54,2.0115303444959023e-05,1.940227653794724e-05,1.914384738059708e-05,1.888777869728742e-05,8.382256078048769e-06
face,200.0,150.0,55,0.0014469011086939423,0.00140355381731376,0.0013849445909487285,0.0013669424077705364,0.0010151950895426044
face,200.0,150.0,56,1.3417794423630922e-05,1.1690957522127927e-05,1.0824531132651474e-05,1.0122210110005634e-05,8.382256078048769e-06
face,200.0,150.0,57,1.8857992377207402e-07,1.6968167398058646e-07,1.6182199528515643e-07,1.5442237598103744e-07,6.921055635684985e-08
face,200.0,150.0,58,1.8857992377207543e-07,1.6968167398061372e-07,1.6182199528517965e-07,1.54422375981058e-07,6.921055635684985e-08
face,200.0,150.0,59,3.530581823758328e-09,3.3061581766387944e-09,3.2279984740048504e-09,3.1513311327758676e-09,5.714572624151704e-10
face,200.0,150.0,60,0.12207228399431232,0.12216145646180392,0.12219981556759787,0.1222367931995662,0.12295270631618875
face,200.0,150.0,61,0.00144690110869395,0.0014035538173137617,0.0013849445909487293,0.001366942407770537,0.0010151950895426044
face,200.0,150.0,62,0.0014469011086939512,0.0014035538173137654,0.001384944590948734,0.0013669424077705418,0.0010151950895426044
face,200.0,150.0,63,2.011530344495815e-05,1.9402276537945763e-05,1.9143847380595484e-05,1.8887778697285876e-05,8.382256078048769e-06
tip,300.0,150.0,0,0.015625,0.015625,0.13733179933108566,0.13862342525810256,0.13862342525810084
tip,300.0,150.0,1,0.015625,0.015625,0.020864379240144514,0.020906925018033755,0.02090692501803362
tip,300.0,150.0,2,0.015625,0.015625,0.020864379240144518,0.02090692501803376,0.02090692501803362
tip,300.0,150.0,3,0.015625,0.015625,0.0032119785298026934,0.0031531432216153404,0.003153143221615331
tip,300.0,150.0,4,0.015625,0.015625,0.020864379240144545,0.02090692501803379,0.02090692501803362
tip,300.0,150.0,5,0.015625,0.015625,0.0032119785298026816,0.0031531432216153287,0.003153143221615331
tip,300.0,150.0,6,0.015625,0.015625,0.003211978529802705,0.003153143221615352,0.003153143221615331
tip,300.0,150.0,7,0.015625,0.015625,0.0005283125028751832,0.0004755511471650045,0.0004755511471650089
tip,300.0,150.0,8,0.015625,0.015625,0.020864379240144528,0.02090692501803377,0.02090692501803362
tip,300.0,150.0,9,0.015625,0.015625,0.0032206855090771164,0.0031531432216153343,0.003153143221615331
tip,300.0,150.0,10,0.015625,0.015625,0.020956473549440677,0.0209069250180337,0.02090692501803363
tip,300.0,150.0,11,0.015625,0.015625,0.003225630524063431,0.003153143221615329,0.003153143221615331
tip,300.0,150.0,12,0.015625,0.015625,0.020956473549440673,0.020906925018033696,0.02090692501803363
tip,300.0,150.0,13,0.015625,0.015625,0.0032256305240634295,0.003153143221615328,0.003153143221615331
tip,300.0,150.0,14,0.015625,0.015625,0.02097568685936767,0.020906925018033637,0.02090692501803363
tip,300.0,150.0,15,0.015625,0.015625,0.0032119785298026747,0.0031531432216153213,0.003153143221615331
tip,300.0,150.0,16,0.015625,0.015625,0.020864379240144528,0.02090692501803377,0.02090692501803362
tip,300.0,150.0,17,0.015625,0.015625,0.020956473549440673,0.020906925018033696,0.02090692501803363
tip,300.0,150.0,18,0.015625,0.015625,0.003220685509077116,0.003153143221615334,0.003153143221615331
tip,300.0,150.0,19,0.015625,0.015625,0.0032256305240634313,0.003153143221615329,0.003153143221615331
tip,300.0,150.0,20,0.015625,0.015625,0.02095647354944068,0.020906925018033703,0.02090692501803363
tip,300.0,150.0,21,0.015625,0.015625,0.020975686859367664,0.020906925018033626,0.02090692501803363
tip,300.0,150.0,22,0.015625,0.015625,0.0032256305240634313,0.003153143221615329,0.003153143221615331
tip,300.0,150.0,23,0.015625,0.015625,0.0032119785298026756,0.0031531432216153213,0.003153143221615331
tip,300.0,150.0,24,0.015625,0.015625,0.0032119785298026886,0.0031531432216153356,0.003153143221615331
tip,300.0,150.0,25,0.015625,0.015625,0.003225630524063431,0.003153143221615329,0.003153143221615331
tip,300.0,150.0,26,0.015625,0.015625,0.00322563052406343,0.0031531432216153283,0.003153143221615331
tip,300.0,150.0,27,0.015625,0.015625,0.003220685509077112,0.003153143221615329,0.003153143221615331
tip,300.0,150.0,28,0.015625,0.015625,0.020975686859367664,0.020906925018033626,0.02090692501803363
tip,300.0,150.0,29,0.015625,0.015625,0.020956473549440472,0.020906925018033488,0.02090692501803363
tip,300.0,150.0,30,0.015625,0.015625,0.020956473549440476,0.02090692501803349,0.02090692501803363
tip,300.0,150.0,31,0.015625,0.015625,0.0208643792401442,0.020906925018033422,0.02090692501803362
tip,300.0,150.0,32,0.015625,0.015625,0.020864379240144518,0.02090692501803376,0.02090692501803362
tip,300.0,150.0,33,0.015625,0.015625,0.02095647354944067,0.020906925018033692,0.02090692501803363
tip,300.0,150.0,34,0.015625,0.015625,0.020956473549440673,0.020906925018033696,0.02090692501803363
tip,300.0,150.0,35,0.015625,0.015625,0.020975686859367668,0.02090692501803363,0.02090692501803363
tip,300.0,150.0,36,0.015625,0.015625,0.0032206855090771164,0.0031531432216153348,0.003153143221615331
tip,300.0,150.0,37,0.015625,0.015625,0.003225630524063431,0.003153143221615329,0.003153143221615331
tip,300.0,150.0,38,0.015625,0.015625,0.0032256305240634313,0.003153143221615329,0.003153143221615331
tip,300.0,150.0,39,0.015625,0.015625,0.0032119785298026764,0.003153143221615322,0.003153143221615331
tip,300.0,150.0,40,0.015625,0.015625,0.003211978529802689,0.003153143221615336,0.003153143221615331
tip,300.0,150.0,41,0.015625,0.015625,0.0032256305240634313,0.003153143221615329,0.003153143221615331
tip,300.0,150.0,42,0.015625,0.015625,0.020975686859367668,0.02090692501803363,0.02090692501803363
tip,300.0,150.0,43,0.015625,0.015625,0.02095647354944048,0.020906925018033495,0.02090692501803363
tip,300.0,150.0,44,0.015625,0.015625,0.003225630524063431,0.003153143221615329,0.003153143221615331
tip,300.0,150.0,45,0.015625,0.015625,0.003220685509077113,0.00315314322161533,0.003153143221615331
tip,300.0,150.0,46,0.015625,0.015625,0.020956473549440476,0.02090692501803349,0.02090692501803363
tip,300.0,150.0,47,0.015625,0.015625,0.020864379240144205,0.020906925018033432,0.02090692501803362
tip,300.0,150.0,48,0.015625,0.015625,0.0032119785298026886,0.0031531432216153356,0.003153143221615331
tip,300.0,150.0,49,0.015625,0.015625,0.02097568685936766,0.020906925018033623,0.02090692501803363
tip,300.0,150.0,50,0.015625,0.015625,0.0032256305240634304,0.0031531432216153287,0.003153143221615331
tip,300.0,150.0,51,0.015625,0.015625,0.020956473549440476,0.02090692501803349,0.02090692501803363
tip,300.0,150.0,52,0.015625,0.015625,0.003225630524063431,0.003153143221615329,0.003153143221615331
tip,300.0,150.0,53,0.015625,0.015625,0.020956473549440472,0.020906925018033488,0.02090692501803363
tip,300.0,150.0,54,0.015625,0.015625,0.003220685509077112,0.003153143221615329,0.003153143221615331
tip,300.0,150.0,55,0.015625,0.015625,0.020864379240144202,0.020906925018033425,0.02090692501803362
tip,300.0,150.0,56,0.015625,0.015625,0.000528312502875181,0.00047555114716500224,0.0004755511471650089
tip,300.0,150.0,57,0.015625,0.015625,0.0032119785298026747,0.003153143221615321,0.003153143221615331
tip,300.0,150.0,58,0.015625,0.015625,0.003211978529802675,0.0031531432216153213,0.003153143221615331
tip,300.0,150.0,59,0.015625,0.015625,0.020864379240144202,0.020906925018033425,0.02090692501803362
tip,300.0,150.0,60,0.015625,0.015625,0.0032119785298026747,0.0031531432216153213,0.003153143221615331
tip,300.0,150.0,61,0.015625,0.015625,0.020864379240144202,0.020906925018033425,0.02090692501803362
tip,300.0,150.0,62,0.015625,0.015625,0.020864379240144202,0.020906925018033425,0.02090692501803362
tip,300.0,150.0,63,0.015625,0.015625,0.13733179933108275,0.13862342525809954,0.13862342525810084
tip,290.0,150.0,0,0.13862342525810256,0.14591554056108078,0.14612161206444785,0.14612642309726015,0.1461264230972583
tip,290.0,150.0,1,0.020906925018033755,0.020646081037252455,0.020646652737871272,0.020646816657343622,0.020646816657343414
tip,290.0,150.0,2,0.02090692501803376,0.020646081037252476,0.02064665273787125,0.0206468166573436,0.020646816657343414
tip,290.0,150.0,3,0.0031531432216153404,0.002921485670061406,0.00291733248948422,0.002917275527905213,0.0029172755279052048
tip,290.0,150.0,4,0.02090692501803379,0.020646081037252493,0.020646652737871248,0.020646816657343598,0.020646816657343414
tip,290.0,150.0,5,0.0031531432216153287,0.00292148567006139,0.0029173324894842157,0.002917275527905209,0.0029172755279052048
tip,290.0,150.0,6,0.003153143221615352,0.00292148567006139,0.002917332489484216,0.0029172755279052096,0.0029172755279052048
tip,290.0,150.0,7,0.0004755511471650045,0.0004132992077310517,0.00041220868698263317,0.0004121941240122132,0.0004121941240122207
tip,290.0,150.0,8,0.02090692501803377,0.020646081037252465,0.02064665273787126,0.020646816657343612,0.020646816657343414
tip,290.0,150.0,9,0.0031531432216153343,0.0029215708866761232,0.002917328868175915,0.0029172755279052083,0.0029172755279052048
tip,290.0,150.0,10,0.0209069250180337,0.020661345749583025,0.020647272822529893,0.02064681665734355,0.020646816657343425
tip,290.0,150.0,11,0.003153143221615329,0.002922634386620984,0.0029173745563046962,0.0029172755279052017,0.0029172755279052048
tip,290.0,150.0,12,0.020906925018033696,0.02066134574958303,0.02064727282252989,0.020646816657343546,0.020646816657343425
tip,290.0,150.0,13,0.003153143221615328,0.0029226343866209825,0.002917374556304696,0.0029172755279052017,0.0029172755279052048
tip,290.0,150.0,14,0.020906925018033637,0.020665722170018757,0.02064746566896841,0.020646816657343477,0.020646816657343425
tip,290.0,150.0,15,0.0031531432216153213,0.0029214856700613824,0.0029173324894842013,0.0029172755279051952,0.0029172755279052048
tip,290.0,150.0,16,0.02090692501803377,0.020646081037252465,0.02064665273787126,0.020646816657343612,0.020646816657343414
tip,290.0,150.0,17,0.020906925018033696,0.02066134574958303,0.020647272822529907,0.020646816657343563,0.020646816657343425
tip,290.0,150.0,18,0.003153143221615334,0.0029215708866761237,0.0029173288681759143,0.0029172755279052074,0.0029172755279052048
tip,290.0,150.0,19,0.003153143221615329,0.002922634386620984,0.0029173745563046975,0.0029172755279052035,0.0029172755279052048
tip,290.0,150.0,20,0.020906925018033703,0.020661345749583032,0.020647272822529893,0.02064681665734355,0.020646816657343425
tip,290.0,150.0,21,0.020906925018033626,0.020665722170018764,0.020647465668968412,0.02064681665734348,0.020646816657343425
tip,290.0,150.0,22,0.003153143221615329,0.002922634386620984,0.002917374556304696,0.002917275527905201,0.0029172755279052048
tip,290.0,150.0,23,0.0031531432216153213,0.0029214856700613824,0.0029173324894842018,0.0029172755279051952,0.0029172755279052048
tip,290.0,150.0,24,0.0031531432216153356,0.002921485670061397,0.002917332489484219,0.0029172755279052126,0.0029172755279052048
tip,290.0,150.0,25,0.003153143221615329,0.002922634386620982,0.002917374556304697,0.002917275527905203,0.0029172755279052048
tip,290.0,150.0,26,0.0031531432216153283,0.0029226343866209834,0.0029173745563046967,0.0029172755279052026,0.0029172755279052048
tip,290.0,150.0,27,0.003153143221615329,0.0029215708866761154,0.002917328868175908,0.0029172755279052013,0.0029172755279052048
tip,290.0,150.0,28,0.020906925018033626,0.020665722170018767,0.020647465668968412,0.02064681665734348,0.020646816657343425
tip,290.0,150.0,29,0.020906925018033488,0.0206613457495828,0.020647272822529657,0.02064681665734331,0.020646816657343425
tip,290.0,150.0,30,0.02090692501803349,0.020661345749582796,0.020647272822529646,0.020646816657343303,0.020646816657343425
tip,290.0,150.0,31,0.020906925018033422,0.020646081037252084,0.020646652737870856,0.02064681665734321,0.020646816657343414
tip,290.0,150.0,32,0.02090692501803376,0.020646081037252465,0.02064665273787126,0.020646816657343612,0.020646816657343414
tip,290.0,150.0,33,0.020906925018033692,0.020661345749583025,0.020647272822529907,0.020646816657343563,0.020646816657343425
tip,290.0,150.0,34,0.020906925018033696,0.020661345749583025,0.0206472728225299,0.020646816657343556,0.020646816657343425
tip,290.0,150.0,35,0.02090692501803363,0.02066572217001876,0.020647465668968416,0.020646816657343484,0.020646816657343425
tip,290.0,150.0,36,0.0031531432216153348,0.002921570886676124,0.0029173288681759147,0.002917275527905208,0.0029172755279052048
tip,290.0,150.0,37,0.003153143221615329,0.0029226343866209825,0.0029173745563046967,0.0029172755279052026,0.0029172755279052048
tip,290.0,150.0,38,0.003153143221615329,0.002922634386620982,0.002917374556304696,0.0029172755279052017,0.0029172755279052048
tip,290.0,150.0,39,0.003153143221615322,0.002921485670061382,0.002917332489484201,0.002917275527905195,0.0029172755279052048
tip,290.0,150.0,40,0.003153143221615336,0.002921485670061396,0.0029173324894842196,0.002917275527905213,0.0029172755279052048
tip,290.0,150.0,41,0.003153143221615329,0.002922634386620982,0.002917374556304697,0.002917275527905203,0.0029172755279052048
tip,290.0,150.0,42,0.02090692501803363,0.02066572217001876,0.020647465668968416,0.020646816657343484,0.020646816657343425
tip,290.0,150.0,43,0.020906925018033495,0.020661345749582796,0.02064727282252965,0.020646816657343307,0.020646816657343425
tip,290.0,150.0,44,0.003153143221615329,0.0029226343866209825,0.002917374556304696,0.0029172755279052013,0.0029172755279052048
tip,290.0,150.0,45,0.00315314322161533,0.002921570886676116,0.0029173288681759073,0.002917275527905201,0.0029172755279052048
tip,290.0,150.0,46,0.02090692501803349,0.020661345749582796,0.02064727282252965,0.020646816657343307,0.020646816657343425
tip,290.0,150.0,47,0.020906925018033432,0.02064608103725208,0.020646652737870853,0.020646816657343203,0.020646816657343414
tip,290.0,150.0,48,0.0031531432216153356,0.0029214856700613967,0.00291733248948422,0.002917275527905214,0.0029172755279052048
tip,290.0,150.0,49,0.020906925018033623,0.020665722170018767,0.020647465668968426,0.020646816657343494,0.020646816657343425
tip,290.0,150.0,50,0.0031531432216153287,0.002922634386620984,0.002917374556304697,0.002917275527905203,0.0029172755279052048
tip,290.0,150.0,51,0.02090692501803349,0.020661345749582796,0.02064727282252966,0.020646816657343317,0.020646816657343425
tip,290.0,150.0,52,0.003153143221615329,0.002922634386620984,0.0029173745563046967,0.0029172755279052026,0.0029172755279052048
tip,290.0,150.0,53,0.020906925018033488,0.0206613457495828,0.020647272822529657,0.02064681665734331,0.020646816657343425
tip,290.0,150.0,54,0.003153143221615329,0.002921570886676115,0.002917328868175907,0.0029172755279052004,0.0029172755279052048
tip,290.0,150.0,55,0.020906925018033425,0.020646081037252073,0.020646652737870853,0.020646816657343203,0.020646816657343414
tip,290.0,150.0,56,0.00047555114716500224,0.00041329920773105014,0.00041220868698263333,0.00041219412401221337,0.0004121941240122207
tip,290.0,150.0,57,0.003153143221615321,0.0029214856700613824,0.002917332489484202,0.0029172755279051957,0.0029172755279052048
tip,290.0,150.0,58,0.0031531432216153213,0.002921485670061382,0.0029173324894842013,0.0029172755279051952,0.0029172755279052048
tip,290.0,150.0,59,0.020906925018033425,0.020646081037252077,0.020646652737870853,0.020646816657343203,0.020646816657343414
tip,290.0,150.0,60,0.0031531432216153213,0.0029214856700613824,0.0029173324894842005,0.002917275527905194,0.0029172755279052048
tip,290.0,150.0,61,0.020906925018033425,0.020646081037252077,0.020646652737870856,0.02064681665734321,0.020646816657343414
tip,290.0,150.0,62,0.020906925018033425,0.020646081037252077,0.02064665273787085,0.0206468166573432,0.020646816657343414
tip,290.0,150.0,63,0.13862342525809954,0.14591554056107717,0.1461216120644441,0.14612642309725637,0.1461264230972583
tip,280.0,150.0,0,0.14612642309726015,0.15391122333024804,0.15434347976496782,0.1543672471359871,0.15436724715218872
tip,280.0,150.0,1,0.020646816657343622,0.02033413903362065,0.020338052046032267,0.020338869281429577,0.02033886928216884
tip,280.0,150.0,2,0.0206468166573436,0.020334139033620628,0.020338052046032225,0.02033886928142954,0.02033886928216884
tip,280.0,150.0,3,0.002917275527905213,0.0026871948773135486,0.002680011901413362,0.0026797757382153236,0.0026797757381092583
tip,280.0,150.0,4,0.020646816657343598,0.02033413903362065,0.02033805204603226,0.02033886928142957,0.02033886928216884
tip,280.0,150.0,5,0.002917275527905209,0.002687194877313541,0.0026800119014133575,0.0026797757382153193,0.0026797757381092583
tip,280.0,150.0,6,0.0029172755279052096,0.002687194877313568,0.002680011901413348,0.0026797757382153093,0.0026797757381092583
tip,280.0,150.0,7,0.0004121941240122132,0.0003549548141639806,0.00035313235193494964,0.00035307754365757006,0.00035307754363979364
tip,280.0,150.0,8,0.020646816657343612,0.02033413903362066,0.020338052046032253,0.020338869281429566,0.02033886928216884
tip,280.0,150.0,9,0.0029172755279052083,0.002687690875437385,0.00267998701634875,0.002679775738139888,0.0026797757381092583
tip,280.0,150.0,10,0.02064681665734355,0.020374479254989867,0.020341200247234535,0.020338869283917455,0.02033886928216884
tip,280.0,150.0,11,0.0029172755279052017,0.002690142323236272,0.0026802100224588956,0.0026797757383398026,0.0026797757381092583
tip,280.0,150.0,12,0.020646816657343546,0.020374479254989863,0.020341200247234535,0.020338869283917455,0.02033886928216884
tip,280.0,150.0,13,0.0029172755279052017,0.0026901423232362706,0.0026802100224588956,0.0026797757383398026,0.0026797757381092583
tip,280.0,150.0,14,0.020646816657343477,0.02038500543143863,0.020342193843739906,0.020338869284842083,0.02033886928216884
tip,280.0,150.0,15,0.0029172755279051952,0.0026871948773135477,0.0026800119014133497,0.0026797757382153085,0.0026797757381092583
tip,280.0,150.0,16,0.020646816657343612,0.020334139033620656,0.02033805204603225,0.020338869281429563,0.02033886928216884
tip,280.0,150.0,17,0.020646816657343563,0.02037447925498986,0.02034120024723454,0.020338869283917458,0.02033886928216884
tip,280.0,150.0,18,0.0029172755279052074,0.0026876908754373857,0.0026799870163487487,0.002679775738139887,0.0026797757381092583
tip,280.0,150.0,19,0.0029172755279052035,0.00269014232323627,0.0026802100224588956,0.0026797757383398026,0.0026797757381092583
tip,280.0,150.0,20,0.02064681665734355,0.020374479254989863,0.020341200247234535,0.020338869283917455,0.02033886928216884
tip,280.0,150.0,21,0.02064681665734348,0.020385005431438622,0.020342193843739902,0.02033886928484208,0.02033886928216884
tip,280.0,150.0,22,0.002917275527905201,0.002690142323236272,0.002680210022458895,0.002679775738339802,0.0026797757381092583
tip,280.0,150.0,23,0.0029172755279051952,0.002687194877313547,0.0026800119014133493,0.0026797757382153085,0.0026797757381092583
tip,280.0,150.0,24,0.0029172755279052126,0.002687194877313547,0.0026800119014133593,0.002679775738215321,0.0026797757381092583
tip,280.0,150.0,25,0.002917275527905203,0.002690142323236272,0.002680210022458895,0.002679775738339802,0.0026797757381092583
tip,280.0,150.0,26,0.0029172755279052026,0.0026901423232362732,0.0026802100224588956,0.0026797757383398026,0.0026797757381092583
tip,280.0,150.0,27,0.0029172755279052013,0.002687690875437405,0.002679987016348751,0.0026797757381398853,0.0026797757381092583
tip,280.0,150.0,28,0.02064681665734348,0.020385005431438626,0.020342193843739906,0.020338869284842083,0.02033886928216884
tip,280.0,150.0,29,0.02064681665734331,0.020374479254989725,0.020341200247234324,0.02033886928391723,0.02033886928216884
tip,280.0,150.0,30,0.020646816657343303,0.020374479254989725,0.020341200247234324,0.02033886928391723,0.02033886928216884
tip,280.0,150.0,31,0.02064681665734321,0.020334139033620465,0.02033805204603195,0.020338869281429226,0.02033886928216884
tip,280.0,150.0,32,0.020646816657343612,0.020334139033620656,0.02033805204603225,0.020338869281429563,0.02033886928216884
tip,280.0,150.0,33,0.020646816657343563,0.02037447925498986,0.020341200247234535,0.020338869283917455,0.02033886928216884
tip,280.0,150.0,34,0.020646816657343556,0.020374479254989863,0.020341200247234535,0.020338869283917455,0.02033886928216884
tip,280.0,150.0,35,0.020646816657343484,0.02038500543143862,0.020342193843739902,0.02033886928484208,0.02033886928216884
tip,280.0,150.0,36,0.002917275527905208,0.0026876908754373857,0.0026799870163487505,0.0026797757381398883,0.0026797757381092583
tip,280.0,150.0,37,0.0029172755279052026,0.0026901423232362706,0.002680210022458894,0.002679775738339801,0.0026797757381092583
tip,280.0,150.0,38,0.0029172755279052017,0.0026901423232362737,0.002680210022458894,0.002679775738339801,0.0026797757381092583
tip,280.0,150.0,39,0.002917275527905195,0.0026871948773135464,0.002680011901413349,0.0026797757382153076,0.0026797757381092583
tip,280.0,150.0,40,0.002917275527905213,0.0026871948773135477,0.0026800119014133593,0.002679775738215321,0.0026797757381092583
tip,280.0,150.0,41,0.002917275527905203,0.0026901423232362715,0.0026802100224588943,0.0026797757383398013,0.0026797757381092583
tip,280.0,150.0,42,0.020646816657343484,0.02038500543143863,0.020342193843739906,0.020338869284842083,0.02033886928216884
tip,280.0,150.0,43,0.020646816657343307,0.02037447925498972,0.020341200247234317,0.02033886928391722,0.02033886928216884
tip,280.0,150.0,44,0.0029172755279052013,0.0026901423232362732,0.0026802100224588947,0.0026797757383398018,0.0026797757381092583
tip,280.0,150.0,45,0.002917275527905201,0.0026876908754374053,0.0026799870163487487,0.0026797757381398835,0.0026797757381092583
tip,280.0,150.0,46,0.020646816657343307,0.020374479254989725,0.020341200247234324,0.02033886928391723,0.02033886928216884
tip,280.0,150.0,47,0.020646816657343203,0.020334139033620465,0.020338052046031944,0.020338869281429223,0.02033886928216884
tip,280.0,150.0,48,0.002917275527905214,0.002687194877313546,0.0026800119014133593,0.002679775738215321,0.0026797757381092583
tip,280.0,150.0,49,0.020646816657343494,0.020385005431438615,0.020342193843739902,0.02033886928484208,0.02033886928216884
tip,280.0,150.0,50,0.002917275527905203,0.002690142323236271,0.0026802100224588956,0.0026797757383398026,0.0026797757381092583
tip,280.0,150.0,51,0.020646816657343317,0.02037447925498971,0.020341200247234324,0.02033886928391723,0.02033886928216884
tip,280.0,150.0,52,0.0029172755279052026,0.0026901423232362724,0.0026802100224588943,0.0026797757383398013,0.0026797757381092583
tip,280.0,150.0,53,0.02064681665734331,0.020374479254989714,0.02034120024723432,0.020338869283917222,0.02033886928216884
tip,280.0,150.0,54,0.0029172755279052004,0.002687690875437405,0.0026799870163487496,0.0026797757381398844,0.0026797757381092583
tip,280.0,150.0,55,0.020646816657343203,0.020334139033620465,0.020338052046031944,0.020338869281429223,0.02033886928216884
tip,280.0,150.0,56,0.00041219412401221337,0.00035495481416398047,0.00035313235193494937,0.00035307754365756984,0.00035307754363979364
tip,280.0,150.0,57,0.0029172755279051957,0.0026871948773135464,0.0026800119014133475,0.0026797757382153067,0.0026797757381092583
tip,280.0,150.0,58,0.0029172755279051952,0.002687194877313547,0.002680011901413349,0.002679775738215308,0.0026797757381092583
tip,280.0,150.0,59,0.020646816657343203,0.020334139033620465,0.020338052046031944,0.020338869281429223,0.02033886928216884
tip,280.0,150.0,60,0.002917275527905194,0.0026871948773135473,0.002680011901413349,0.002679775738215308,0.0026797757381092583
tip,280.0,150.0,61,0.02064681665734321,0.02033413903362046,0.02033805204603194,0.02033886928142922,0.02033886928216884
tip,280.0,150.0,62,0.0206468166573432,0.020334139033620465,0.02033805204603195,0.020338869281429226,0.02033886928216884
tip,280.0,150.0,63,0.14612642309725637,0.15391122333024596,0.15434347976496487,0.15436724713598385,0.15436724715218872
tip,270.0,150.0,0,0.1543672471359871,0.16236276287604048,0.1633020955899037,0.16343324965179296,0.16343390435948135
tip,270.0,150.0,1,0.020338869281429577,0.019965885480574454,0.01997198019607823,0.019976166789387573,0.019976194203950314
tip,270.0,150.0,2,0.02033886928142954,0.019965885480574493,0.019971980196078213,0.01997616678938755,0.019976194203950314
tip,270.0,150.0,3,0.0026797757382153236,0.0024571624263844023,0.002442820232396362,0.0024416536461494224,0.002441649646919101
tip,270.0,150.0,4,0.02033886928142957,0.01996588548057448,0.019971980196078258,0.019976166789387597,0.019976194203950314
tip,270.0,150.0,5,0.0026797757382153193,0.0024571624263844136,0.0024428202323963657,0.0024416536461494254,0.002441649646919101
tip,270.0,150.0,6,0.0026797757382153093,0.002457162426384407,0.0024428202323963483,0.002441653646149407,0.002441649646919101
tip,270.0,150.0,7,0.00035307754365757006,0.00030211794938269753,0.00029868613659838657,0.00029843849365322327,0.00029843787747724476
tip,270.0,150.0,8,0.020338869281429566,0.01996588548057448,0.01997198019607823,0.01997616678938757,0.019976194203950314
tip,270.0,150.0,9,0.002679775738139888,0.0024584401816740795,0.002442671520513284,0.002441650835721397,0.002441649646919101
tip,270.0,150.0,10,0.020338869283917455,0.020062850727862395,0.019989226077868304,0.019976264285455632,0.019976194203950314
tip,270.0,150.0,11,0.0026797757383398026,0.002463816916870099,0.002443829218386943,0.002441658225322136,0.002441649646919101
tip,270.0,150.0,12,0.020338869283917455,0.020062850727862395,0.019989226077868308,0.019976264285455635,0.019976194203950314
tip,270.0,150.0,13,0.0026797757383398026,0.0024638169168701013,0.0024438292183869433,0.002441658225322136,0.002441649646919101
tip,270.0,150.0,14,0.020338869284842083,0.020087168439803113,0.019994689787860735,0.019976300556501358,0.019976194203950314
tip,270.0,150.0,15,0.0026797757382153085,0.0024571624263843993,0.002442820232396349,0.00244165364614941,0.002441649646919101
tip,270.0,150.0,16,0.020338869281429563,0.019965885480574472,0.019971980196078234,0.019976166789387573,0.019976194203950314
tip,270.0,150.0,17,0.020338869283917458,0.020062850727862395,0.0199892260778683,0.019976264285455632,0.019976194203950314
tip,270.0,150.0,18,0.002679775738139887,0.0024584401816740795,0.0024426715205132818,0.002441650835721395,0.002441649646919101
tip,270.0,150.0,19,0.0026797757383398026,0.002463816916870099,0.0024438292183869424,0.0024416582253221357,0.002441649646919101
tip,270.0,150.0,20,0.020338869283917455,0.020062850727862402,0.019989226077868308,0.01997626428545564,0.019976194203950314
tip,270.0,150.0,21,0.02033886928484208,0.02008716843980311,0.01999468978786075,0.019976300556501375,0.019976194203950314
tip,270.0,150.0,22,0.002679775738339802,0.0024638169168700996,0.002443829218386941,0.002441658225322134,0.002441649646919101
tip,270.0,150.0,23,0.0026797757382153085,0.0024571624263843984,0.00244282023239635,0.0024416536461494107,0.002441649646919101
tip,270.0,150.0,24,0.002679775738215321,0.002457162426384409,0.002442820232396359,0.0024416536461494185,0.002441649646919101
tip,270.0,150.0,25,0.002679775738339802,0.0024638169168701004,0.002443829218386943,0.0024416582253221357,0.002441649646919101
tip,270.0,150.0,26,0.0026797757383398026,0.002463816916870101,0.002443829218386943,0.0024416582253221353,0.002441649646919101
tip,270.0,150.0,27,0.0026797757381398853,0.002458440181674085,0.0024426715205132883,0.0024416508357214027,0.002441649646919101
tip,270.0,150.0,28,0.020338869284842083,0.020087168439803106,0.01999468978786074,0.019976300556501365,0.019976194203950314
tip,270.0,150.0,29,0.02033886928391723,0.0200628507278622,0.019989226077868117,0.01997626428545545,0.019976194203950314
tip,270.0,150.0,30,0.02033886928391723,0.020062850727862208,0.01998922607786811,0.01997626428545544,0.019976194203950314
tip,270.0,150.0,31,0.020338869281429226,0.0199658854805742,0.019971980196077935,0.01997616678938729,0.019976194203950314
tip,270.0,150.0,32,0.020338869281429563,0.01996588548057448,0.019971980196078234,0.019976166789387573,0.019976194203950314
tip,270.0,150.0,33,0.020338869283917455,0.02006285072786239,0.0199892260778683,0.019976264285455632,0.019976194203950314
tip,270.0,150.0,34,0.020338869283917455,0.020062850727862385,0.0199892260778683,0.019976264285455632,0.019976194203950314
tip,270.0,150.0,35,0.02033886928484208,0.020087168439803106,0.019994689787860745,0.019976300556501368,0.019976194203950314
tip,270.0,150.0,36,0.0026797757381398883,0.0024584401816740804,0.002442671520513284,0.0024416508357213967,0.002441649646919101
tip,270.0,150.0,37,0.002679775738339801,0.002463816916870099,0.0024438292183869433,0.0024416582253221366,0.002441649646919101
tip,270.0,150.0,38,0.002679775738339801,0.0024638169168700983,0.0024438292183869403,0.0024416582253221335,0.002441649646919101
tip,270.0,150.0,39,0.0026797757382153076,0.0024571624263843984,0.002442820232396351,0.0024416536461494115,0.002441649646919101
tip,270.0,150.0,40,0.002679775738215321,0.002457162426384407,0.0024428202323963587,0.002441653646149418,0.002441649646919101
tip,270.0,150.0,41,0.0026797757383398013,0.002463816916870099,0.0024438292183869424,0.0024416582253221353,0.002441649646919101
tip,270.0,150.0,42,0.020338869284842083,0.020087168439803103,0.01999468978786074,0.019976300556501365,0.019976194203950314
tip,270.0,150.0,43,0.02033886928391722,0.020062850727862205,0.019989226077868107,0.019976264285455445,0.019976194203950314
tip,270.0,150.0,44,0.0026797757383398018,0.0024638169168700996,0.002443829218386943,0.0024416582253221353,0.002441649646919101
tip,270.0,150.0,45,0.0026797757381398835,0.0024584401816740847,0.0024426715205132883,0.0024416508357214027,0.002441649646919101
tip,270.0,150.0,46,0.02033886928391723,0.020062850727862198,0.019989226077868103,0.019976264285455438,0.019976194203950314
tip,270.0,150.0,47,0.020338869281429223,0.019965885480574198,0.019971980196077932,0.019976166789387288,0.019976194203950314
tip,270.0,150.0,48,0.002679775738215321,0.0024571624263844084,0.002442820232396359,0.0024416536461494185,0.002441649646919101
tip,270.0,150.0,49,0.02033886928484208,0.02008716843980311,0.01999468978786074,0.019976300556501365,0.019976194203950314
tip,270.0,150.0,50,0.0026797757383398026,0.0024638169168700983,0.0024438292183869424,0.0024416582253221357,0.002441649646919101
tip,270.0,150.0,51,0.02033886928391723,0.020062850727862205,0.019989226077868107,0.01997626428545544,0.019976194203950314
tip,270.0,150.0,52,0.0026797757383398013,0.0024638169168700996,0.002443829218386943,0.0024416582253221357,0.002441649646919101
tip,270.0,150.0,53,0.020338869283917222,0.0200628507278622,0.019989226077868103,0.019976264285455438,0.019976194203950314
tip,270.0,150.0,54,0.0026797757381398844,0.0024584401816740847,0.002442671520513288,0.002441650835721402,0.002441649646919101
tip,270.0,150.0,55,0.020338869281429223,0.019965885480574198,0.019971980196077932,0.019976166789387288,0.019976194203950314
tip,270.0,150.0,56,0.00035307754365756984,0.00030211794938269883,0.00029868613659838743,0.0002984384936532241,0.00029843787747724476
tip,270.0,150.0,57,0.0026797757382153067,0.0024571624263843984,0.00244282023239635,0.002441653646149411,0.002441649646919101
tip,270.0,150.0,58,0.002679775738215308,0.0024571624263843984,0.00244282023239635,0.002441653646149411,0.002441649646919101
tip,270.0,150.0,59,0.020338869281429223,0.0199658854805742,0.019971980196077935,0.01997616678938729,0.019976194203950314
tip,270.0,150.0,60,0.002679775738215308,0.002457162426384399,0.00244282023239635,0.002441653646149411,0.002441649646919101
tip,270.0,150.0,61,0.02033886928142922,0.01996588548057419,0.019971980196077935,0.01997616678938729,0.019976194203950314
tip,270.0,150.0,62,0.020338869281429226,0.019965885480574198,0.01997198019607793,0.019976166789387285,0.019976194203950314
tip,270.0,150.0,63,0.15436724713598385,0.1623627628760372,0.1633020955899004,0.16343324965178982,0.16343390435948135
tip,260.0,150.0,0,0.16343324965179296,0.17091910842040303,0.172696926378729,0.17330666687584473,0.1734238475294004
tip,260.0,150.0,1,0.019976166789387573,0.01953819065904979,0.01953083965180325,0.019546614330566186,0.0195510726458784
tip,260.0,150.0,2,0.01997616678938755,0.019538190659049784,0.019530839651803293,0.019546614330566238,0.0195510726458784
tip,260.0,150.0,3,0.0024416536461494224,0.002238049586122747,0.0022101413757068386,0.002204770947084706,0.002204105416007523
tip,260.0,150.0,4,0.019976166789387597,0.01953819065904978,0.019530839651803255,0.01954661433056619,0.0195510726458784
tip,260.0,150.0,5,0.0024416536461494254,0.002238049586122741,0.0022101413757068234,0.0022047709470846893,0.002204105416007523
tip,260.0,150.0,6,0.002441653646149407,0.002238049586122738,0.002210141375706832,0.0022047709470846993,0.002204105416007523
tip,260.0,150.0,7,0.00029843849365322327,0.00025594875969721327,0.00024967040485787163,0.0002485754776393949,0.00024848154231056163
tip,260.0,150.0,8,0.01997616678938757,0.019538190659049777,0.019530839651803262,0.019546614330566207,0.0195510726458784
tip,260.0,150.0,9,0.002441650835721397,0.0022411734947965956,0.002209494753423857,0.0022043160484235473,0.002204105416007523
tip,260.0,150.0,10,0.019976264285455632,0.01975306373623319,0.019622459260365092,0.01956350825670235,0.0195510726458784
tip,260.0,150.0,11,0.002441658225322136,0.0022519998727888587,0.0022152082404531593,0.0022055161665465537,0.002204105416007523
tip,260.0,150.0,12,0.019976264285455635,0.019753063736233183,0.019622459260365082,0.019563508256702344,0.0195510726458784
tip,260.0,150.0,13,0.002441658225322136,0.002251999872788858,0.002215208240453157,0.0022055161665465515,0.002204105416007523
tip,260.0,150.0,14,0.019976300556501358,0.019804533070120554,0.019651009262062938,0.019569783765286633,0.0195510726458784
tip,260.0,150.0,15,0.00244165364614941,0.002238049586122622,0.0022101413757067297,0.0022047709470846217,0.002204105416007523
tip,260.0,150.0,16,0.019976166789387573,0.019538190659049774,0.019530839651803265,0.019546614330566207,0.0195510726458784
tip,260.0,150.0,17,0.019976264285455632,0.019753063736233183,0.019622459260365082,0.019563508256702344,0.0195510726458784
tip,260.0,150.0,18,0.002441650835721395,0.002241173494796597,0.0022094947534238582,0.002204316048423549,0.002204105416007523
tip,260.0,150.0,19,0.0024416582253221357,0.0022519998727888613,0.0022152082404531584,0.0022055161665465524,0.002204105416007523
tip,260.0,150.0,20,0.01997626428545564,0.019753063736233197,0.01962245926036509,0.019563508256702347,0.0195510726458784
tip,260.0,150.0,21,0.019976300556501375,0.01980453307012055,0.019651009262062945,0.019569783765286633,0.0195510726458784
tip,260.0,150.0,22,0.002441658225322134,0.002251999872788863,0.0022152082404531593,0.0022055161665465533,0.002204105416007523
tip,260.0,150.0,23,0.0024416536461494107,0.002238049586122623,0.0022101413757067297,0.002204770947084621,0.002204105416007523
tip,260.0,150.0,24,0.0024416536461494185,0.0022380495861227347,0.0022101413757068325,0.0022047709470847006,0.002204105416007523
tip,260.0,150.0,25,0.0024416582253221357,0.0022519998727888583,0.002215208240453158,0.0022055161665465524,0.002204105416007523
tip,260.0,150.0,26,0.0024416582253221353,0.0022519998727888587,0.0022152082404531584,0.0022055161665465533,0.002204105416007523
tip,260.0,150.0,27,0.0024416508357214027,0.0022411734947964837,0.002209494753423756,0.002204316048423474,0.002204105416007523
tip,260.0,150.0,28,0.019976300556501365,0.019804533070120544,0.019651009262062938,0.019569783765286633,0.0195510726458784
tip,260.0,150.0,29,0.01997626428545545,0.019753063736232243,0.019622459260364197,0.019563508256701626,0.0195510726458784
tip,260.0,150.0,30,0.01997626428545544,0.019753063736232264,0.0196224592603642,0.019563508256701632,0.0195510726458784
tip,260.0,150.0,31,0.01997616678938729,0.01953819065904795,0.019530839651801604,0.0195466143305649,0.0195510726458784
tip,260.0,150.0,32,0.019976166789387573,0.01953819065904976,0.019530839651803272,0.01954661433056621,0.0195510726458784
tip,260.0,150.0,33,0.019976264285455632,0.01975306373623319,0.019622459260365082,0.01956350825670234,0.0195510726458784
tip,260.0,150.0,34,0.019976264285455632,0.01975306373623319,0.019622459260365092,0.019563508256702358,0.0195510726458784
tip,260.0,150.0,35,0.019976300556501368,0.019804533070120547,0.01965100926206295,0.019569783765286647,0.0195510726458784
tip,260.0,150.0,36,0.0024416508357213967,0.002241173494796595,0.002209494753423857,0.0022043160484235473,0.002204105416007523
tip,260.0,150.0,37,0.0024416582253221366,0.0022519998727888613,0.002215208240453157,0.0022055161665465507,0.002204105416007523
tip,260.0,150.0,38,0.0024416582253221335,0.002251999872788859,0.0022152082404531584,0.0022055161665465533,0.002204105416007523
tip,260.0,150.0,39,0.0024416536461494115,0.002238049586122623,0.0022101413757067293,0.0022047709470846204,0.002204105416007523
tip,260.0,150.0,40,0.002441653646149418,0.002238049586122736,0.002210141375706833,0.0022047709470847006,0.002204105416007523
tip,260.0,150.0,41,0.0024416582253221353,0.00225199987278886,0.002215208240453158,0.0022055161665465524,0.002204105416007523
tip,260.0,150.0,42,0.019976300556501365,0.019804533070120547,0.019651009262062948,0.019569783765286647,0.0195510726458784
tip,260.0,150.0,43,0.019976264285455445,0.019753063736232267,0.019622459260364204,0.019563508256701636,0.0195510726458784
tip,260.0,150.0,44,0.0024416582253221353,0.00225199987278886,0.0022152082404531584,0.002205516166546553,0.002204105416007523
tip,260.0,150.0,45,0.0024416508357214027,0.0022411734947964837,0.0022094947534237546,0.002204316048423473,0.002204105416007523
tip,260.0,150.0,46,0.019976264285455438,0.019753063736232247,0.019622459260364208,0.01956350825670164,0.0195510726458784
tip,260.0,150.0,47,0.019976166789387288,0.019538190659047945,0.019530839651801607,0.019546614330564902,0.0195510726458784
tip,260.0,150.0,48,0.0024416536461494185,0.0022380495861227347,0.002210141375706833,0.0022047709470847,0.002204105416007523
tip,260.0,150.0,49,0.019976300556501365,0.019804533070120547,0.019651009262062938,0.019569783765286626,0.0195510726458784
tip,260.0,150.0,50,0.0024416582253221357,0.0022519998727888605,0.002215208240453159,0.002205516166546553,0.002204105416007523
tip,260.0,150.0,51,0.01997626428545544,0.01975306373623226,0.019622459260364197,0.01956350825670163,0.0195510726458784
tip,260.0,150.0,52,0.0024416582253221357,0.0022519998727888618,0.002215208240453159,0.0022055161665465524,0.002204105416007523
tip,260.0,150.0,53,0.019976264285455438,0.019753063736232264,0.019622459260364197,0.019563508256701622,0.0195510726458784
tip,260.0,150.0,54,0.002441650835721402,0.0022411734947964837,0.0022094947534237568,0.002204316048423475,0.002204105416007523
tip,260.0,150.0,55,0.019976166789387288,0.01953819065904794,0.019530839651801607,0.019546614330564902,0.0195510726458784
tip,260.0,150.0,56,0.0002984384936532241,0.0002559487596972132,0.000249670404857869,0.00024857547763939213,0.00024848154231056163
tip,260.0,150.0,57,0.002441653646149411,0.002238049586122625,0.0022101413757067284,0.00220477094708462,0.002204105416007523
tip,260.0,150.0,58,0.002441653646149411,0.002238049586122625,0.0022101413757067293,0.0022047709470846204,0.002204105416007523
tip,260.0,150.0,59,0.01997616678938729,0.019538190659047945,0.01953083965180161,0.019546614330564906,0.0195510726458784
tip,260.0,150.0,60,0.002441653646149411,0.002238049586122623,0.002210141375706729,0.0022047709470846204,0.002204105416007523
tip,260.0,150.0,61,0.01997616678938729,0.01953819065904794,0.019530839651801604,0.0195466143305649,0.0195510726458784
tip,260.0,150.0,62,0.019976166789387285,0.019538190659047945,0.019530839651801607,0.019546614330564902,0.0195510726458784
tip,260.0,150.0,63,0.16343324965178982,0.17091910842038258,0.17269692637871067,0.17330666687583032,0.1734238475294004
tip,250.0,150.0,0,0.17330666687584473,0.17928120815263449,0.18163892437623214,0.1829904285158278,0.1844436479207736
tip,250.0,150.0,1,0.019546614330566186,0.01907744412979259,0.01900379695287961,0.019008473854027107,0.019054955825203095
tip,250.0,150.0,2,0.019546614330566238,0.01907744412979265,0.019003796952879595,0.019008473854027066,0.019054955825203095
tip,250.0,150.0,3,0.002204770947084706,0.0020392681373123784,0.0019938231550449847,0.0019769750982318248,0.001968576015458143
tip,250.0,150.0,4,0.01954661433056619,0.019077444129792575,0.019003796952879563,0.019008473854027052,0.019054955825203095
tip,250.0,150.0,5,0.0022047709470846893,0.0020392681373123827,0.0019938231550449864,0.001976975098231825,0.001968576015458143
tip,250.0,150.0,6,0.0022047709470846993,0.002039268137312364,0.001993823155044968,0.001976975098231807,0.001968576015458143
tip,250.0,150.0,7,0.0002485754776393949,0.00021789855979617757,0.0002083507211552116,0.00020462897894624516,0.00020337446930794747
tip,250.0,150.0,8,0.019546614330566207,0.01907744412979259,0.019003796952879595,0.01900847385402709,0.019054955825203095
tip,250.0,150.0,9,0.0022043160484235473,0.0020477821577404003,0.001995262775113985,0.0019739490924773335,0.001968576015458143
tip,250.0,150.0,10,0.01956350825670235,0.01945010413072278,0.019317227280113397,0.01920564007261065,0.019054955825203095
tip,250.0,150.0,11,0.0022055161665465537,0.0020632915455423705,0.0020118067934741975,0.001986337390754968,0.001968576015458143
tip,250.0,150.0,12,0.019563508256702344,0.019450104130722762,0.019317227280113387,0.019205640072610643,0.019054955825203095
tip,250.0,150.0,13,0.0022055161665465515,0.0020632915455423696,0.0020118067934741975,0.0019863373907549687,0.001968576015458143
tip,250.0,150.0,14,0.019569783765286633,0.01952563305138427,0.019402337162739824,0.019272845578021947,0.019054955825203095
tip,250.0,150.0,15,0.0022047709470846217,0.00203926813731222,0.001993823155044861,0.001976975098231721,0.001968576015458143
tip,250.0,150.0,16,0.019546614330566207,0.01907744412979258,0.019003796952879584,0.019008473854027087,0.019054955825203095
tip,250.0,150.0,17,0.019563508256702344,0.019450104130722772,0.019317227280113407,0.019205640072610664,0.019054955825203095
tip,250.0,150.0,18,0.002204316048423549,0.002047782157740397,0.001995262775113983,0.001973949092477332,0.001968576015458143
tip,250.0,150.0,19,0.0022055161665465524,0.0020632915455423653,0.0020118067934741975,0.001986337390754969,0.001968576015458143
tip,250.0,150.0,20,0.019563508256702347,0.019450104130722762,0.01931722728011339,0.01920564007261065,0.019054955825203095
tip,250.0,150.0,21,0.019569783765286633,0.01952563305138429,0.019402337162739848,0.019272845578021964,0.019054955825203095
tip,250.0,150.0,22,0.0022055161665465533,0.0020632915455423622,0.0020118067934741936,0.001986337390754965,0.001968576015458143
tip,250.0,150.0,23,0.002204770947084621,0.00203926813731222,0.0019938231550448615,0.0019769750982317215,0.001968576015458143
tip,250.0,150.0,24,0.0022047709470847006,0.002039268137312365,0.00199382315504498,0.001976975098231823,0.001968576015458143
tip,250.0,150.0,25,0.0022055161665465524,0.0020632915455423687,0.0020118067934741975,0.001986337390754969,0.001968576015458143
tip,250.0,150.0,26,0.0022055161665465533,0.002063291545542369,0.002011806793474197,0.001986337390754968,0.001968576015458143
tip,250.0,150.0,27,0.002204316048423474,0.00204778215774026,0.0019952627751138657,0.001973949092477232,0.001968576015458143
tip,250.0,150.0,28,0.019569783765286633,0.019525633051384262,0.019402337162739824,0.01927284557802195,0.019054955825203095
tip,250.0,150.0,29,0.019563508256701626,0.019450104130721534,0.019317227280112308,0.019205640072609685,0.019054955825203095
tip,250.0,150.0,30,0.019563508256701632,0.019450104130721506,0.01931722728011229,0.019205640072609675,0.019054955825203095
tip,250.0,150.0,31,0.0195466143305649,0.019077444129790264,0.019003796952877565,0.019008473854025307,0.019054955825203095
tip,250.0,150.0,32,0.01954661433056621,0.019077444129792592,0.019003796952879595,0.019008473854027087,0.019054955825203095
tip,250.0,150.0,33,0.01956350825670234,0.01945010413072277,0.019317227280113404,0.019205640072610664,0.019054955825203095
tip,250.0,150.0,34,0.019563508256702358,0.019450104130722772,0.019317227280113397,0.019205640072610653,0.019054955825203095
tip,250.0,150.0,35,0.019569783765286647,0.019525633051384272,0.01940233716273984,0.019272845578021964,0.019054955825203095
tip,250.0,150.0,36,0.0022043160484235473,0.002047782157740397,0.0019952627751139824,0.0019739490924773314,0.001968576015458143
tip,250.0,150.0,37,0.0022055161665465507,0.0020632915455423674,0.002011806793474198,0.0019863373907549687,0.001968576015458143
tip,250.0,150.0,38,0.0022055161665465533,0.002063291545542367,0.0020118067934741957,0.001986337390754966,0.001968576015458143
tip,250.0,150.0,39,0.0022047709470846204,0.002039268137312221,0.001993823155044861,0.0019769750982317202,0.001968576015458143
tip,250.0,150.0,40,0.0022047709470847006,0.0020392681373123684,0.0019938231550449804,0.001976975098231823,0.001968576015458143
tip,250.0,150.0,41,0.0022055161665465524,0.0020632915455423687,0.0020118067934741983,0.001986337390754969,0.001968576015458143
tip,250.0,150.0,42,0.019569783765286647,0.01952563305138427,0.019402337162739827,0.019272845578021957,0.019054955825203095
tip,250.0,150.0,43,0.019563508256701636,0.019450104130721544,0.01931722728011231,0.019205640072609685,0.019054955825203095
tip,250.0,150.0,44,0.002205516166546553,0.0020632915455423687,0.0020118067934741975,0.0019863373907549687,0.001968576015458143
tip,250.0,150.0,45,0.002204316048423473,0.0020477821577402585,0.0019952627751138657,0.0019739490924772325,0.001968576015458143
tip,250.0,150.0,46,0.01956350825670164,0.01945010413072154,0.019317227280112304,0.019205640072609675,0.019054955825203095
tip,250.0,150.0,47,0.019546614330564902,0.019077444129790268,0.01900379695287757,0.01900847385402531,0.019054955825203095
tip,250.0,150.0,48,0.0022047709470847,0.0020392681373123675,0.001993823155044981,0.001976975098231824,0.001968576015458143
tip,250.0,150.0,49,0.019569783765286626,0.019525633051384255,0.01940233716273984,0.019272845578021964,0.019054955825203095
tip,250.0,150.0,50,0.002205516166546553,0.0020632915455423687,0.002011806793474198,0.001986337390754969,0.001968576015458143
tip,250.0,150.0,51,0.01956350825670163,0.01945010413072154,0.01931722728011231,0.01920564007260969,0.019054955825203095
tip,250.0,150.0,52,0.0022055161665465524,0.002063291545542363,0.002011806793474196,0.0019863373907549687,0.001968576015458143
tip,250.0,150.0,53,0.019563508256701622,0.01945010413072153,0.01931722728011232,0.01920564007260969,0.019054955825203095
tip,250.0,150.0,54,0.002204316048423475,0.0020477821577402603,0.001995262775113864,0.0019739490924772303,0.001968576015458143
tip,250.0,150.0,55,0.019546614330564902,0.01907744412979026,0.01900379695287757,0.019008473854025307,0.019054955825203095
tip,250.0,150.0,56,0.00024857547763939213,0.0002178985597961771,0.00020835072115521356,0.0002046289789462477,0.00020337446930794747
tip,250.0,150.0,57,0.00220477094708462,0.0020392681373122214,0.0019938231550448615,0.001976975098231722,0.001968576015458143
tip,250.0,150.0,58,0.0022047709470846204,0.002039268137312219,0.001993823155044861,0.001976975098231722,0.001968576015458143
tip,250.0,150.0,59,0.019546614330564906,0.019077444129790268,0.01900379695287757,0.01900847385402531,0.019054955825203095
tip,250.0,150.0,60,0.0022047709470846204,0.0020392681373122223,0.001993823155044861,0.001976975098231721,0.001968576015458143
tip,250.0,150.0,61,0.0195466143305649,0.01907744412979027,0.019003796952877575,0.01900847385402531,0.019054955825203095
tip,250.0,150.0,62,0.019546614330564902,0.019077444129790268,0.019003796952877565,0.019008473854025307,0.019054955825203095
tip,250.0,150.0,63,0.17330666687583032,0.17928120815260667,0.18163892437620827,0.182990428515807,0.1844436479207736
tip,240.0,150.0,0,0.1829904285158278,0.1872802238494738,0.18948750761577102,0.1911415408391114,0.19660771230342403
tip,240.0,150.0,1,0.019008473854027107,0.01863155035105972,0.018476208247932502,0.01839948223334014,0.01847853214774356
tip,240.0,150.0,2,0.019008473854027066,0.01863155035105961,0.018476208247932432,0.018399482233340095,0.01847853214774356
tip,240.0,150.0,3,0.0019769750982318248,0.00186800265111939,0.001816092887033895,0.0017826064411516466,0.0017367383320559876
tip,240.0,150.0,4,0.019008473854027052,0.018631550351059553,0.018476208247932405,0.018399482233340092,0.01847853214774356
tip,240.0,150.0,5,0.001976975098231825,0.0018680026511193751,0.0018160928870338854,0.0017826064411516406,0.0017367383320559876
tip,240.0,150.0,6,0.001976975098231807,0.001868002651119381,0.0018160928870338882,0.0017826064411516425,0.0017367383320559876
tip,240.0,150.0,7,0.00020462897894624516,0.00018774780350198195,0.0001785681715121287,0.0001719868114542389,0.00016323049958277865
tip,240.0,150.0,8,0.01900847385402709,0.018631550351059623,0.018476208247932446,0.018399482233340116,0.01847853214774356
tip,240.0,150.0,9,0.0019739490924773335,0.001880873418829873,0.0018280324063357511,0.0017893343631521484,0.0017367383320559876
tip,240.0,150.0,10,0.01920564007261065,0.01913734119002958,0.019069889994204677,0.018989198307080176,0.01847853214774357
tip,240.0,150.0,11,0.001986337390754968,0.0018981039183244722,0.0018510479050951423,0.0018160242584133077,0.0017367383320559876
tip,240.0,150.0,12,0.019205640072610643,0.019137341190029588,0.01906988999420468,0.018989198307080183,0.01847853214774357
tip,240.0,150.0,13,0.0019863373907549687,0.0018981039183244754,0.0018510479050951431,0.001816024258413307,0.0017367383320559876
tip,240.0,150.0,14,0.019272845578021947,0.01922647314245056,0.019190130929374164,0.019131533940025213,0.01847853214774357
tip,240.0,150.0,15,0.001976975098231721,0.001868002651119298,0.001816092887033837,0.0017826064411515959,0.0017367383320559876
tip,240.0,150.0,16,0.019008473854027087,0.01863155035105965,0.018476208247932457,0.01839948223334012,0.01847853214774356
tip,240.0,150.0,17,0.019205640072610664,0.019137341190029612,0.019069889994204708,0.018989198307080204,0.01847853214774357
tip,240.0,150.0,18,0.001973949092477332,0.0018808734188298752,0.0018280324063357511,0.001789334363152147,0.0017367383320559876
tip,240.0,150.0,19,0.001986337390754969,0.0018981039183244798,0.0018510479050951455,0.0018160242584133093,0.0017367383320559876
tip,240.0,150.0,20,0.01920564007261065,0.019137341190029595,0.019069889994204687,0.018989198307080186,0.01847853214774357
tip,240.0,150.0,21,0.019272845578021964,0.019226473142450583,0.019190130929374192,0.019131533940025227,0.01847853214774357
tip,240.0,150.0,22,0.001986337390754965,0.0018981039183244787,0.0018510479050951455,0.0018160242584133086,0.0017367383320559876
tip,240.0,150.0,23,0.0019769750982317215,0.0018680026511192999,0.0018160928870338384,0.0017826064411515965,0.0017367383320559876
tip,240.0,150.0,24,0.001976975098231823,0.0018680026511193762,0.0018160928870338863,0.0017826064411516388,0.0017367383320559876
tip,240.0,150.0,25,0.001986337390754969,0.0018981039183244774,0.0018510479050951436,0.0018160242584133077,0.0017367383320559876
tip,240.0,150.0,26,0.001986337390754968,0.0018981039183244717,0.0018510479050951412,0.001816024258413306,0.0017367383320559876
tip,240.0,150.0,27,0.001973949092477232,0.0018808734188298047,0.001828032406335713,0.0017893343631521152,0.0017367383320559876
tip,240.0,150.0,28,0.01927284557802195,0.019226473142450542,0.01919013092937416,0.019131533940025206,0.01847853214774357
tip,240.0,150.0,29,0.019205640072609685,0.019137341190028818,0.01906988999420414,0.018989198307079676,0.01847853214774357
tip,240.0,150.0,30,0.019205640072609675,0.019137341190028807,0.01906988999420413,0.018989198307079666,0.01847853214774357
tip,240.0,150.0,31,0.019008473854025307,0.018631550351058204,0.018476208247931527,0.018399482233339266,0.01847853214774356
tip,240.0,150.0,32,0.019008473854027087,0.018631550351059612,0.01847620824793244,0.018399482233340116,0.01847853214774356
tip,240.0,150.0,33,0.019205640072610664,0.019137341190029623,0.019069889994204715,0.01898919830708021,0.01847853214774357
tip,240.0,150.0,34,0.019205640072610653,0.019137341190029605,0.01906988999420469,0.01898919830708019,0.01847853214774357
tip,240.0,150.0,35,0.019272845578021964,0.019226473142450556,0.019190130929374175,0.019131533940025224,0.01847853214774357
tip,240.0,150.0,36,0.0019739490924773314,0.0018808734188298685,0.0018280324063357472,0.0017893343631521458,0.0017367383320559876
tip,240.0,150.0,37,0.0019863373907549687,0.0018981039183244783,0.0018510479050951444,0.0018160242584133086,0.0017367383320559876
tip,240.0,150.0,38,0.001986337390754966,0.0018981039183244763,0.0018510479050951438,0.001816024258413308,0.0017367383320559876
tip,240.0,150.0,39,0.0019769750982317202,0.0018680026511192968,0.0018160928870338375,0.0017826064411515968,0.0017367383320559876
tip,240.0,150.0,40,0.001976975098231823,0.0018680026511193766,0.0018160928870338863,0.001782606441151639,0.0017367383320559876
tip,240.0,150.0,41,0.001986337390754969,0.0018981039183244787,0.0018510479050951453,0.0018160242584133095,0.0017367383320559876
tip,240.0,150.0,42,0.019272845578021957,0.019226473142450563,0.019190130929374178,0.019131533940025224,0.01847853214774357
tip,240.0,150.0,43,0.019205640072609685,0.019137341190028846,0.019069889994204167,0.0189891983070797,0.01847853214774357
tip,240.0,150.0,44,0.0019863373907549687,0.001898103918324476,0.0018510479050951431,0.0018160242584133069,0.0017367383320559876
tip,240.0,150.0,45,0.0019739490924772325,0.0018808734188298104,0.0018280324063357162,0.0017893343631521163,0.0017367383320559876
tip,240.0,150.0,46,0.019205640072609675,0.019137341190028814,0.019069889994204132,0.018989198307079676,0.01847853214774357
tip,240.0,150.0,47,0.01900847385402531,0.018631550351058217,0.018476208247931537,0.018399482233339273,0.01847853214774356
tip,240.0,150.0,48,0.001976975098231824,0.0018680026511193781,0.0018160928870338874,0.00178260644115164,0.0017367383320559876
tip,240.0,150.0,49,0.019272845578021964,0.019226473142450563,0.019190130929374178,0.019131533940025224,0.01847853214774357
tip,240.0,150.0,50,0.001986337390754969,0.0018981039183244809,0.0018510479050951466,0.0018160242584133095,0.0017367383320559876
tip,240.0,150.0,51,0.01920564007260969,0.019137341190028818,0.01906988999420415,0.018989198307079687,0.01847853214774357
tip,240.0,150.0,52,0.0019863373907549687,0.0018981039183244752,0.0018510479050951431,0.0018160242584133077,0.0017367383320559876
tip,240.0,150.0,53,0.01920564007260969,0.019137341190028828,0.019069889994204146,0.018989198307079683,0.01847853214774357
tip,240.0,150.0,54,0.0019739490924772303,0.0018808734188298112,0.0018280324063357164,0.001789334363152116,0.0017367383320559876
tip,240.0,150.0,55,0.019008473854025307,0.01863155035105823,0.018476208247931544,0.018399482233339277,0.01847853214774356
tip,240.0,150.0,56,0.0002046289789462477,0.00018774780350197686,0.00017856817151212426,0.00017198681145423627,0.00016323049958277865
tip,240.0,150.0,57,0.001976975098231722,0.0018680026511192953,0.0018160928870338362,0.0017826064411515955,0.0017367383320559876
tip,240.0,150.0,58,0.001976975098231722,0.0018680026511192997,0.0018160928870338375,0.0017826064411515957,0.0017367383320559876
tip,240.0,150.0,59,0.01900847385402531,0.018631550351058235,0.018476208247931548,0.018399482233339277,0.01847853214774356
tip,240.0,150.0,60,0.001976975098231721,0.0018680026511192994,0.0018160928870338368,0.0017826064411515948,0.0017367383320559876
tip,240.0,150.0,61,0.01900847385402531,0.018631550351058193,0.01847620824793152,0.018399482233339263,0.01847853214774356
tip,240.0,150.0,62,0.019008473854025307,0.01863155035105819,0.018476208247931517,0.01839948223333926,0.01847853214774356
tip,240.0,150.0,63,0.182990428515807,0.18728022384945642,0.18948750761576036,0.1911415408391014,0.19660771230342403
tip,230.0,150.0,0,0.1911415408391114,0.19395011670766782,0.19546056548265717,0.19680764282508334,0.21003547972126033
tip,230.0,150.0,1,0.01839948223334014,0.018161494942437753,0.018019763900666515,0.017906037335111823,0.017811902889611417
tip,230.0,150.0,2,0.018399482233340095,0.018161494942437635,0.018019763900666414,0.017906037335111747,0.017811902889611417
tip,230.0,150.0,3,0.0017826064411516466,0.0017195739672277053,0.0016841181274613586,0.0016535437173909229,0.001510525197790351
tip,230.0,150.0,4,0.018399482233340092,0.01816149494243773,0.018019763900666477,0.017906037335111778,0.017811902889611417
tip,230.0,150.0,5,0.0017826064411516406,0.0017195739672276663,0.001684118127461328,0.0016535437173909014,0.001510525197790351
tip,230.0,150.0,6,0.0017826064411516425,0.001719573967227715,0.001684118127461363,0.001653543717390924,0.001510525197790351
tip,230.0,150.0,7,0.0001719868114542389,0.00016271142763449485,0.00015764851372524575,0.0001530312932917261,0.00012809896771278387
tip,230.0,150.0,8,0.018399482233340116,0.01816149494243759,0.018019763900666383,0.017906037335111716,0.017811902889611417
tip,230.0,150.0,9,0.0017893343631521484,0.0017327588796138842,0.0017012461348295622,0.0016723337105341667,0.0015105251977903496
tip,230.0,150.0,10,0.018989198307080176,0.018929133510820866,0.01890521414760839,0.018874045422959854,0.017811902889611434
tip,230.0,150.0,11,0.0018160242584133077,0.0017612736674760517,0.0017320840366012666,0.0017058682968594697,0.0015105251977903496
tip,230.0,150.0,12,0.018989198307080183,0.01892913351082087,0.018905214147608398,0.01887404542295986,0.017811902889611434
tip,230.0,150.0,13,0.001816024258413307,0.0017612736674760565,0.00173208403660127,0.0017058682968594718,0.0015105251977903496
tip,230.0,150.0,14,0.019131533940025213,0.019086679566040703,0.01907698877504904,0.019061785372044227,0.017811902889611434
tip,230.0,150.0,15,0.0017826064411515959,0.0017195739672274662,0.0016841181274611257,0.0016535437173907058,0.001510525197790351
tip,230.0,150.0,16,0.01839948223334012,0.018161494942437597,0.01801976390066639,0.01790603733511172,0.017811902889611417
tip,230.0,150.0,17,0.018989198307080204,0.01892913351082092,0.01890521414760845,0.01887404542295991,0.017811902889611434
tip,230.0,150.0,18,0.001789334363152147,0.00173275887961388,0.0017012461348295588,0.0016723337105341634,0.0015105251977903496
tip,230.0,150.0,19,0.0018160242584133093,0.0017612736674760521,0.0017320840366012674,0.0017058682968594705,0.0015105251977903496
tip,230.0,150.0,20,0.018989198307080186,0.018929133510820907,0.018905214147608432,0.018874045422959892,0.017811902889611434
tip,230.0,150.0,21,0.019131533940025227,0.01908667956604075,0.019076988775049097,0.01906178537204428,0.017811902889611434
tip,230.0,150.0,22,0.0018160242584133086,0.001761273667476057,0.00173208403660127,0.0017058682968594723,0.0015105251977903496
tip,230.0,150.0,23,0.0017826064411515965,0.0017195739672274668,0.0016841181274611253,0.0016535437173907062,0.001510525197790351
tip,230.0,150.0,24,0.0017826064411516388,0.001719573967227681,0.0016841181274613389,0.0016535437173909068,0.001510525197790351
tip,230.0,150.0,25,0.0018160242584133077,0.001761273667476052,0.0017320840366012666,0.0017058682968594697,0.0015105251977903496
tip,230.0,150.0,26,0.001816024258413306,0.0017612736674760452,0.0017320840366012607,0.0017058682968594645,0.0015105251977903496
tip,230.0,150.0,27,0.0017893343631521152,0.0017327588796136745,0.0017012461348293395,0.0016723337105339505,0.0015105251977903496
tip,230.0,150.0,28,0.019131533940025206,0.01908667956604074,0.019076988775049087,0.019061785372044268,0.017811902889611434
tip,230.0,150.0,29,0.018989198307079676,0.018929133510819148,0.01890521414760655,0.018874045422958032,0.017811902889611434
tip,230.0,150.0,30,0.018989198307079666,0.01892913351081911,0.018905214147606514,0.018874045422957998,0.017811902889611434
tip,230.0,150.0,31,0.018399482233339266,0.01816149494243412,0.018019763900662695,0.017906037335108094,0.017811902889611417
tip,230.0,150.0,32,0.018399482233340116,0.018161494942437607,0.018019763900666397,0.017906037335111726,0.017811902889611417
tip,230.0,150.0,33,0.01898919830708021,0.01892913351082092,0.018905214147608446,0.018874045422959906,0.017811902889611434
tip,230.0,150.0,34,0.01898919830708019,0.018929133510820918,0.01890521414760844,0.0188740454229599,0.017811902889611434
tip,230.0,150.0,35,0.019131533940025224,0.01908667956604073,0.01907698877504908,0.019061785372044265,0.017811902889611434
tip,230.0,150.0,36,0.0017893343631521458,0.0017327588796138837,0.0017012461348295618,0.0016723337105341662,0.0015105251977903496
tip,230.0,150.0,37,0.0018160242584133086,0.0017612736674760578,0.0017320840366012713,0.0017058682968594733,0.0015105251977903496
tip,230.0,150.0,38,0.001816024258413308,0.0017612736674760528,0.001732084036601267,0.00170586829685947,0.0015105251977903496
tip,230.0,150.0,39,0.0017826064411515968,0.0017195739672274683,0.0016841181274611272,0.0016535437173907071,0.001510525197790351
tip,230.0,150.0,40,0.001782606441151639,0.0017195739672276732,0.0016841181274613332,0.001653543717390903,0.001510525197790351
tip,230.0,150.0,41,0.0018160242584133095,0.00176127366747606,0.0017320840366012713,0.0017058682968594731,0.0015105251977903496
tip,230.0,150.0,42,0.019131533940025224,0.01908667956604073,0.01907698877504907,0.01906178537204425,0.017811902889611434
tip,230.0,150.0,43,0.0189891983070797,0.018929133510819093,0.018905214147606503,0.018874045422957987,0.017811902889611434
tip,230.0,150.0,44,0.0018160242584133069,0.0017612736674760534,0.0017320840366012666,0.0017058682968594688,0.0015105251977903496
tip,230.0,150.0,45,0.0017893343631521163,0.0017327588796136745,0.0017012461348293402,0.0016723337105339511,0.0015105251977903496
tip,230.0,150.0,46,0.018989198307079676,0.01892913351081911,0.01890521414760651,0.018874045422957994,0.017811902889611434
tip,230.0,150.0,47,0.018399482233339273,0.01816149494243413,0.0180197639006627,0.017906037335108094,0.017811902889611417
tip,230.0,150.0,48,0.00178260644115164,0.0017195739672276784,0.0016841181274613367,0.001653543717390905,0.001510525197790351
tip,230.0,150.0,49,0.019131533940025224,0.01908667956604073,0.019076988775049073,0.01906178537204426,0.017811902889611434
tip,230.0,150.0,50,0.0018160242584133095,0.0017612736674760606,0.0017320840366012728,0.001705868296859474,0.0015105251977903496
tip,230.0,150.0,51,0.018989198307079687,0.018929133510819113,0.018905214147606524,0.018874045422958008,0.017811902889611434
tip,230.0,150.0,52,0.0018160242584133077,0.0017612736674760513,0.0017320840366012663,0.0017058682968594692,0.0015105251977903496
tip,230.0,150.0,53,0.018989198307079683,0.01892913351081915,0.018905214147606555,0.018874045422958032,0.017811902889611434
tip,230.0,150.0,54,0.001789334363152116,0.001732758879613672,0.001701246134829339,0.0016723337105339507,0.0015105251977903496
tip,230.0,150.0,55,0.018399482233339277,0.018161494942434138,0.018019763900662702,0.017906037335108097,0.017811902889611417
tip,230.0,150.0,56,0.00017198681145423627,0.000162711427634487,0.0001576485137252399,0.00015303129329172183,0.00012809896771278387
tip,230.0,150.0,57,0.0017826064411515955,0.0017195739672274724,0.0016841181274611298,0.0016535437173907086,0.001510525197790351
tip,230.0,150.0,58,0.0017826064411515957,0.00171957396722747,0.0016841181274611283,0.0016535437173907075,0.001510525197790351
tip,230.0,150.0,59,0.018399482233339277,0.018161494942434117,0.01801976390066269,0.01790603733510809,0.017811902889611417
tip,230.0,150.0,60,0.0017826064411515948,0.0017195739672274625,0.001684118127461123,0.001653543717390704,0.001510525197790351
tip,230.0,150.0,61,0.018399482233339263,0.018161494942434128,0.018019763900662695,0.017906037335108094,0.017811902889611417
tip,230.0,150.0,62,0.01839948223333926,0.018161494942434138,0.018019763900662702,0.017906037335108097,0.017811902889611417
tip,230.0,150.0,63,0.1911415408391014,0.19395011670762177,0.1954605654826069,0.19680764282503346,0.21003547972126033
tip,220.0,150.0,0,0.19680764282508334,0.1985112965529845,0.19930774047138963,0.20007519922428935,0.22484629527092256
tip,220.0,150.0,1,0.017906037335111823,0.017743014024354246,0.017657866263051984,0.01757798331479556,0.017044925348106366
tip,220.0,150.0,2,0.017906037335111747,0.017743014024354062,0.017657866263051814,0.01757798331479541,0.017044925348106366
tip,220.0,150.0,3,0.0016535437173909229,0.0016147951976951864,0.001596398487232823,0.0015788108534250547,0.0012921248258613866
tip,220.0,150.0,4,0.017906037335111778,0.017743014024354065,0.017657866263051807,0.0175779833147954,0.017044925348106366
tip,220.0,150.0,5,0.0016535437173909014,0.0016147951976951994,0.0015963984872328317,0.0015788108534250623,0.0012921248258613866
tip,220.0,150.0,6,0.001653543717390924,0.0016147951976952953,0.0015963984872329182,0.001578810853425141,0.0012921248258613866
tip,220.0,150.0,7,0.0001530312932917261,0.00014764259758077796,0.0001452772827748882,0.00014297423047923458,9.795211956107537e-05
tip,220.0,150.0,8,0.017906037335111716,0.017743014024353923,0.01765786626305169,0.017577983314795285,0.017044925348106366
tip,220.0,150.0,9,0.0016723337105341667,0.001637739245023034,0.0016221866871956956,0.0016069977608035874,0.0012921248258613866
tip,220.0,150.0,10,0.018874045422959854,0.018847341547437373,0.018840822804333912,0.01883281936243016,0.017044925348106366
tip,220.0,150.0,11,0.0017058682968594697,0.0016737123056769223,0.0016590732747507682,0.0016449265387172992,0.0012921248258613866
tip,220.0,150.0,12,0.01887404542295986,0.018847341547437328,0.018840822804333877,0.018832819362430128,0.017044925348106366
tip,220.0,150.0,13,0.0017058682968594718,0.001673712305676921,0.0016590732747507671,0.0016449265387172987,0.0012921248258613866
tip,220.0,150.0,14,0.019061785372044227,0.019051554887818945,0.01905181906936957,0.019051197615563085,0.017044925348106366
tip,220.0,150.0,15,0.0016535437173907058,0.00161479519769492,0.0015963984872325438,0.001578810853424776,0.0012921248258613866
tip,220.0,150.0,16,0.01790603733511172,0.01774301402435397,0.01765786626305173,0.01757798331479533,0.017044925348106366
tip,220.0,150.0,17,0.01887404542295991,0.018847341547437342,0.018840822804333898,0.018832819362430142,0.017044925348106366
tip,220.0,150.0,18,0.0016723337105341634,0.0016377392450230349,0.001622186687195696,0.0016069977608035872,0.0012921248258613866
tip,220.0,150.0,19,0.0017058682968594705,0.0016737123056769151,0.001659073274750761,0.0016449265387172927,0.0012921248258613866
tip,220.0,150.0,20,0.018874045422959892,0.018847341547437356,0.018840822804333895,0.018832819362430142,0.017044925348106366
tip,220.0,150.0,21,0.01906178537204428,0.01905155488781895,0.019051819069369574,0.019051197615563085,0.017044925348106366
tip,220.0,150.0,22,0.0017058682968594723,0.0016737123056769206,0.0016590732747507676,0.0016449265387172996,0.0012921248258613866
tip,220.0,150.0,23,0.0016535437173907062,0.0016147951976949206,0.0015963984872325433,0.0015788108534247759,0.0012921248258613866
tip,220.0,150.0,24,0.0016535437173909068,0.0016147951976952027,0.0015963984872328343,0.0015788108534250647,0.0012921248258613866
tip,220.0,150.0,25,0.0017058682968594697,0.0016737123056769151,0.0016590732747507626,0.0016449265387172944,0.0012921248258613866
tip,220.0,150.0,26,0.0017058682968594645,0.0016737123056769204,0.0016590732747507656,0.0016449265387172972,0.0012921248258613866
tip,220.0,150.0,27,0.0016723337105339505,0.0016377392450226825,0.0016221866871953255,0.0016069977608032216,0.0012921248258613866
tip,220.0,150.0,28,0.019061785372044268,0.01905155488781898,0.01905181906936961,0.019051197615563117,0.017044925348106366
tip,220.0,150.0,29,0.018874045422958032,0.018847341547434553,0.018840822804330953,0.0188328193624272,0.017044925348106366
tip,220.0,150.0,30,0.018874045422957998,0.018847341547434483,0.018840822804330876,0.018832819362427127,0.017044925348106366
tip,220.0,150.0,31,0.017906037335108094,0.017743014024347983,0.017657866263045465,0.0175779833147891,0.017044925348106366
tip,220.0,150.0,32,0.017906037335111726,0.017743014024353996,0.017657866263051752,0.017577983314795348,0.017044925348106366
tip,220.0,150.0,33,0.018874045422959906,0.0188473415474374,0.018840822804333947,0.018832819362430194,0.017044925348106366
tip,220.0,150.0,34,0.0188740454229599,0.018847341547437342,0.018840822804333884,0.018832819362430128,0.017044925348106366
tip,220.0,150.0,35,0.019061785372044265,0.01905155488781892,0.019051819069369542,0.01905119761556305,0.017044925348106366
tip,220.0,150.0,36,0.0016723337105341662,0.0016377392450230373,0.0016221866871956976,0.001606997760803589,0.0012921248258613866
tip,220.0,150.0,37,0.0017058682968594733,0.0016737123056769223,0.0016590732747507686,0.0016449265387173003,0.0012921248258613866
tip,220.0,150.0,38,0.00170586829685947,0.0016737123056769266,0.0016590732747507712,0.0016449265387173027,0.0012921248258613866
tip,220.0,150.0,39,0.0016535437173907071,0.0016147951976949219,0.0015963984872325468,0.0015788108534247787,0.0012921248258613866
tip,220.0,150.0,40,0.001653543717390903,0.0016147951976952049,0.0015963984872328365,0.0015788108534250662,0.0012921248258613866
tip,220.0,150.0,41,0.0017058682968594731,0.001673712305676924,0.0016590732747507697,0.001644926538717301,0.0012921248258613866
tip,220.0,150.0,42,0.01906178537204425,0.01905155488781896,0.01905181906936958,0.019051197615563092,0.017044925348106366
tip,220.0,150.0,43,0.018874045422957987,0.01884734154743447,0.01884082280433087,0.01883281936242712,0.017044925348106366
tip,220.0,150.0,44,0.0017058682968594688,0.0016737123056769145,0.0016590732747507606,0.0016449265387172927,0.0012921248258613866
tip,220.0,150.0,45,0.0016723337105339511,0.0016377392450226834,0.0016221866871953272,0.0016069977608032234,0.0012921248258613866
tip,220.0,150.0,46,0.018874045422957994,0.018847341547434473,0.018840822804330873,0.018832819362427127,0.017044925348106366
tip,220.0,150.0,47,0.017906037335108094,0.017743014024347976,0.017657866263045458,0.017577983314789093,0.017044925348106366
tip,220.0,150.0,48,0.001653543717390905,0.0016147951976952016,0.0015963984872328341,0.0015788108534250645,0.0012921248258613866
tip,220.0,150.0,49,0.01906178537204426,0.019051554887818928,0.019051819069369553,0.019051197615563065,0.017044925348106366
tip,220.0,150.0,50,0.001705868296859474,0.001673712305676924,0.0016590732747507686,0.0016449265387172998,0.0012921248258613866
tip,220.0,150.0,51,0.018874045422958008,0.018847341547434483,0.01884082280433088,0.018832819362427127,0.017044925348106366
tip,220.0,150.0,52,0.0017058682968594692,0.0016737123056769214,0.0016590732747507667,0.001644926538717298,0.0012921248258613866
tip,220.0,150.0,53,0.018874045422958032,0.01884734154743455,0.01884082280433095,0.018832819362427193,0.017044925348106366
tip,220.0,150.0,54,0.0016723337105339507,0.0016377392450226825,0.001622186687195326,0.0016069977608032223,0.0012921248258613866
tip,220.0,150.0,55,0.017906037335108097,0.01774301402434798,0.01765786626304546,0.0175779833147891,0.017044925348106366
tip,220.0,150.0,56,0.00015303129329172183,0.00014764259758077143,0.0001452772827748808,0.00014297423047922767,9.795211956107537e-05
tip,220.0,150.0,57,0.0016535437173907086,0.0016147951976949208,0.0015963984872325446,0.0015788108534247767,0.0012921248258613866
tip,220.0,150.0,58,0.0016535437173907075,0.001614795197694921,0.001596398487232545,0.0015788108534247774,0.0012921248258613866
tip,220.0,150.0,59,0.01790603733510809,0.01774301402434798,0.017657866263045458,0.017577983314789096,0.017044925348106366
tip,220.0,150.0,60,0.001653543717390704,0.001614795197694913,0.0015963984872325381,0.001578810853424771,0.0012921248258613866
tip,220.0,150.0,61,0.017906037335108094,0.017743014024347983,0.01765786626304546,0.017577983314789096,0.017044925348106366
tip,220.0,150.0,62,0.017906037335108097,0.017743014024347994,0.017657866263045476,0.017577983314789103,0.017044925348106366
tip,220.0,150.0,63,0.19680764282503346,0.198511296552896,0.19930774047129607,0.20007519922419603,0.22484629527092256
tip,210.0,150.0,0,0.20007519922428935,0.20092432361920112,0.20126221887192053,0.20159660016227338,0.24115087122701293
tip,210.0,150.0,1,0.01757798331479556,0.017484622972175897,0.017444868070444614,0.017405768991250174,0.016167803773185684
tip,210.0,150.0,2,0.01757798331479541,0.017484622972175647,0.017444868070444385,0.017405768991249952,0.016167803773185684
tip,210.0,150.0,3,0.0015788108534250547,0.001559417331780422,0.0015517113346548543,0.00154409939593354,0.001083959919025814
tip,210.0,150.0,4,0.0175779833147954,0.017484622972175613,0.01744486807044434,0.017405768991249904,0.016167803773185684
tip,210.0,150.0,5,0.0015788108534250623,0.0015594173317804555,0.0015517113346548866,0.001544099395933572,0.001083959919025814
tip,210.0,150.0,6,0.001578810853425141,0.0015594173317804757,0.0015517113346549104,0.0015440993959335949,0.001083959919025814
tip,210.0,150.0,7,0.00014297423047923458,0.00014055264032730773,0.00013965013438109683,0.0001387541219438839,7.267338981458544e-05
tip,210.0,150.0,8,0.017577983314795285,0.017484622972175484,0.01744486807044421,0.01740576899124978,0.016167803773185684
tip,210.0,150.0,9,0.0016069977608035874,0.0015907230501038712,0.0015845252123097228,0.0015783648431576874,0.0010839599190258131
tip,210.0,150.0,10,0.01883281936243016,0.01882710580914896,0.018826533844895077,0.018825770221967936,0.016167803773185697
tip,210.0,150.0,11,0.0016449265387172992,0.0016295993654775766,0.0016236594546733276,0.0016177759991805195,0.0010839599190258131
tip,210.0,150.0,12,0.018832819362430128,0.01882710580914892,0.01882653384489503,0.018825770221967887,0.016167803773185697
tip,210.0,150.0,13,0.0016449265387172987,0.0016295993654775699,0.001623659454673322,0.0016177759991805136,0.0010839599190258131
tip,210.0,150.0,14,0.019051197615563085,0.01905282723958549,0.019054639709617644,0.01905635451213584,0.016167803773185697
tip,210.0,150.0,15,0.001578810853424776,0.0015594173317800622,0.0015517113346545047,0.0015440993959331922,0.001083959919025814
tip,210.0,150.0,16,0.01757798331479533,0.017484622972175567,0.017444868070444295,0.017405768991249862,0.016167803773185684
tip,210.0,150.0,17,0.018832819362430142,0.01882710580914894,0.018826533844895053,0.01882577022196791,0.016167803773185697
tip,210.0,150.0,18,0.0016069977608035872,0.001590723050103869,0.0015845252123097215,0.0015783648431576859,0.0010839599190258131
tip,210.0,150.0,19,0.0016449265387172927,0.0016295993654775677,0.001623659454673319,0.0016177759991805108,0.0010839599190258131
tip,210.0,150.0,20,0.018832819362430142,0.018827105809148936,0.01882653384489505,0.0188257702219679,0.016167803773185697
tip,210.0,150.0,21,0.019051197615563085,0.019052827239585454,0.01905463970961761,0.019056354512135804,0.016167803773185697
tip,210.0,150.0,22,0.0016449265387172996,0.001629599365477577,0.0016236594546733276,0.0016177759991805195,0.0010839599190258131
tip,210.0,150.0,23,0.0015788108534247759,0.0015594173317800602,0.0015517113346545034,0.001544099395933191,0.001083959919025814
tip,210.0,150.0,24,0.0015788108534250647,0.0015594173317804297,0.0015517113346548651,0.0015440993959335502,0.001083959919025814
tip,210.0,150.0,25,0.0016449265387172944,0.0016295993654775606,0.0016236594546733122,0.0016177759991805043,0.0010839599190258131
tip,210.0,150.0,26,0.0016449265387172972,0.0016295993654775697,0.0016236594546733213,0.001617775999180513,0.0010839599190258131
tip,210.0,150.0,27,0.0016069977608032216,0.001590723050103463,0.0015845252123093314,0.0015783648431572969,0.0010839599190258131
tip,210.0,150.0,28,0.019051197615563117,0.019052827239585478,0.01905463970961762,0.019056354512135817,0.016167803773185697
tip,210.0,150.0,29,0.0188328193624272,0.01882710580914568,0.01882653384489188,0.01882577022196474,0.016167803773185697
tip,210.0,150.0,30,0.018832819362427127,0.018827105809145577,0.018826533844891788,0.018825770221964647,0.016167803773185697
tip,210.0,150.0,31,0.0175779833147891,0.01748462297216811,0.017444868070437047,0.017405768991242635,0.016167803773185684
tip,210.0,150.0,32,0.017577983314795348,0.017484622972175533,0.01744486807044426,0.01740576899124983,0.016167803773185684
tip,210.0,150.0,33,0.018832819362430194,0.018827105809148963,0.01882653384489508,0.018825770221967943,0.016167803773185697
tip,210.0,150.0,34,0.018832819362430128,0.01882710580914892,0.018826533844895046,0.018825770221967898,0.016167803773185697
tip,210.0,150.0,35,0.01905119761556305,0.019052827239585395,0.019054639709617543,0.019056354512135738,0.016167803773185697
tip,210.0,150.0,36,0.001606997760803589,0.001590723050103871,0.001584525212309722,0.0015783648431576868,0.0010839599190258131
tip,210.0,150.0,37,0.0016449265387173003,0.0016295993654775738,0.0016236594546733256,0.0016177759991805173,0.0010839599190258131
tip,210.0,150.0,38,0.0016449265387173027,0.0016295993654775892,0.0016236594546733402,0.0016177759991805318,0.0010839599190258131
tip,210.0,150.0,39,0.0015788108534247787,0.0015594173317800728,0.001551711334654515,0.001544099395933202,0.001083959919025814
tip,210.0,150.0,40,0.0015788108534250662,0.0015594173317804306,0.001551711334654865,0.0015440993959335502,0.001083959919025814
tip,210.0,150.0,41,0.001644926538717301,0.0016295993654775653,0.0016236594546733163,0.001617775999180508,0.0010839599190258131
tip,210.0,150.0,42,0.019051197615563092,0.019052827239585478,0.019054639709617623,0.01905635451213582,0.016167803773185697
tip,210.0,150.0,43,0.01883281936242712,0.01882710580914558,0.018826533844891788,0.018825770221964647,0.016167803773185697
tip,210.0,150.0,44,0.0016449265387172927,0.0016295993654775773,0.001623659454673328,0.00161777599918052,0.0010839599190258131
tip,210.0,150.0,45,0.0016069977608032234,0.001590723050103472,0.001584525212309339,0.0015783648431573047,0.0010839599190258131
tip,210.0,150.0,46,0.018832819362427127,0.01882710580914559,0.018826533844891795,0.018825770221964654,0.016167803773185697
tip,210.0,150.0,47,0.017577983314789093,0.017484622972168073,0.017444868070437006,0.017405768991242593,0.016167803773185684
tip,210.0,150.0,48,0.0015788108534250645,0.0015594173317804202,0.001551711334654855,0.0015440993959335407,0.001083959919025814
tip,210.0,150.0,49,0.019051197615563065,0.019052827239585415,0.019054639709617568,0.019056354512135762,0.016167803773185697
tip,210.0,150.0,50,0.0016449265387172998,0.0016295993654775705,0.0016236594546733222,0.0016177759991805138,0.0010839599190258131
tip,210.0,150.0,51,0.018832819362427127,0.01882710580914563,0.01882653384489184,0.018825770221964692,0.016167803773185697
tip,210.0,150.0,52,0.001644926538717298,0.0016295993654775786,0.0016236594546733289,0.0016177759991805203,0.0010839599190258131
tip,210.0,150.0,53,0.018832819362427193,0.018827105809145678,0.018826533844891878,0.018825770221964733,0.016167803773185697
tip,210.0,150.0,54,0.0016069977608032223,0.0015907230501034672,0.0015845252123093353,0.001578364843157301,0.0010839599190258131
tip,210.0,150.0,55,0.0175779833147891,0.017484622972168115,0.01744486807043705,0.01740576899124264,0.016167803773185684
tip,210.0,150.0,56,0.00014297423047922767,0.00014055264032729957,0.00013965013438108867,0.00013875412194387597,7.267338981458544e-05
tip,210.0,150.0,57,0.0015788108534247767,0.0015594173317800594,0.0015517113346545026,0.0015440993959331903,0.001083959919025814
tip,210.0,150.0,58,0.0015788108534247774,0.0015594173317800685,0.0015517113346545106,0.0015440993959331983,0.001083959919025814
tip,210.0,150.0,59,0.017577983314789096,0.01748462297216806,0.017444868070436992,0.01740576899124258,0.016167803773185684
tip,210.0,150.0,60,0.001578810853424771,0.0015594173317800618,0.001551711334654504,0.0015440993959331916,0.001083959919025814
tip,210.0,150.0,61,0.017577983314789096,0.017484622972168115,0.017444868070437047,0.01740576899124263,0.016167803773185684
tip,210.0,150.0,62,0.017577983314789103,0.017484622972168126,0.017444868070437054,0.017405768991242646,0.016167803773185684
tip,210.0,150.0,63,0.20007519922419603,0.2009243236190859,0.20126221887180876,0.20159660016216163,0.24115087122701293
tip,200.0,150.0,0,0.20159660016227338,0.2019304652699547,0.20204509134834583,0.20215942575405932,0.2590379530793401
tip,200.0,150.0,1,0.017405768991250174,0.017365484177527778,0.017351076913411177,0.017336724638472443,0.015172030378926461
tip,200.0,150.0,2,0.017405768991249952,0.017365484177527424,0.01735107691341083,0.0173367246384721,0.015172030378926461
tip,200.0,150.0,3,0.00154409939593354,0.0015365524411826918,0.001533987886551028,0.00153143089758484,0.0008886362136615677
tip,200.0,150.0,4,0.017405768991249904,0.017365484177527177,0.017351076913410566,0.01733672463847184,0.015172030378926461
tip,200.0,150.0,5,0.001544099395933572,0.0015365524411827477,0.0015339878865510885,0.0015314308975849,0.0008886362136615677
tip,200.0,150.0,6,0.0015440993959335949,0.0015365524411827907,0.001533987886551125,0.0015314308975849361,0.0008886362136615677
tip,200.0,150.0,7,0.0001387541219438839,0.00013789659681604194,0.00013761947881616127,0.00013734285107523618,5.2048031839403835e-05
tip,200.0,150.0,8,0.01740576899124978,0.017365484177527223,0.017351076913410625,0.017336724638471895,0.015172030378926461
tip,200.0,150.0,9,0.0015783648431576874,0.0015723775164208475,0.001570401546944255,0.0015684283757679896,0.0008886362136615669
tip,200.0,150.0,10,0.018825770221967936,0.018825765488925936,0.018826117444052767,0.018826453202635006,0.015172030378926475
tip,200.0,150.0,11,0.0016177759991805195,0.0016120056701571612,0.0016100741789311702,0.0016081471480865611,0.0008886362136615669
tip,200.0,150.0,12,0.018825770221967887,0.018825765488925856,0.018826117444052687,0.01882645320263492,0.015172030378926475
tip,200.0,150.0,13,0.0016177759991805136,0.0016120056701571575,0.0016100741789311672,0.001608147148086558,0.0008886362136615669
tip,200.0,150.0,14,0.01905635451213584,0.01905855297243165,0.019059515331471988,0.01906047031565865,0.015172030378926475
tip,200.0,150.0,15,0.0015440993959331922,0.00153655244118238,0.0015339878865507223,0.0015314308975845348,0.0008886362136615677
tip,200.0,150.0,16,0.017405768991249862,0.017365484177527306,0.017351076913410694,0.017336724638471964,0.015172030378926461
tip,200.0,150.0,17,0.01882577022196791,0.01882576548892591,0.01882611744405274,0.018826453202634975,0.015172030378926475
tip,200.0,150.0,18,0.0015783648431576859,0.0015723775164208338,0.0015704015469442407,0.0015684283757679755,0.0008886362136615669
tip,200.0,150.0,19,0.0016177759991805108,0.0016120056701571536,0.0016100741789311628,0.0016081471480865537,0.0008886362136615669
tip,200.0,150.0,20,0.0188257702219679,0.018825765488925904,0.018826117444052735,0.01882645320263497,0.015172030378926475
tip,200.0,150.0,21,0.019056354512135804,0.01905855297243165,0.01905951533147198,0.01906047031565864,0.015172030378926475
tip,200.0,150.0,22,0.0016177759991805195,0.0016120056701571597,0.0016100741789311695,0.0016081471480865607,0.0008886362136615669
tip,200.0,150.0,23,0.001544099395933191,0.001536552441182381,0.0015339878865507253,0.0015314308975845376,0.0008886362136615677
tip,200.0,150.0,24,0.0015440993959335502,0.0015365524411827321,0.0015339878865510681,0.0015314308975848798,0.0008886362136615677
tip,200.0,150.0,25,0.0016177759991805043,0.0016120056701571467,0.0016100741789311559,0.0016081471480865468,0.0008886362136615669
tip,200.0,150.0,26,0.001617775999180513,0.0016120056701571521,0.0016100741789311617,0.0016081471480865527,0.0008886362136615669
tip,200.0,150.0,27,0.0015783648431572969,0.0015723775164204906,0.0015704015469439007,0.0015684283757676355,0.0008886362136615669
tip,200.0,150.0,28,0.019056354512135817,0.019058552972431652,0.01905951533147199,0.01906047031565865,0.015172030378926475
tip,200.0,150.0,29,0.01882577022196474,0.018825765488922702,0.018826117444049585,0.01882645320263182,0.015172030378926475
tip,200.0,150.0,30,0.018825770221964647,0.018825765488922633,0.018826117444049526,0.018826453202631762,0.015172030378926475
tip,200.0,150.0,31,0.017405768991242635,0.017365484177520252,0.017351076913403797,0.01733672463846508,0.015172030378926461
tip,200.0,150.0,32,0.01740576899124983,0.017365484177527268,0.017351076913410663,0.01733672463847193,0.015172030378926461
tip,200.0,150.0,33,0.018825770221967943,0.018825765488926,0.018826117444052826,0.018826453202635065,0.015172030378926475
tip,200.0,150.0,34,0.018825770221967898,0.018825765488925974,0.018826117444052805,0.01882645320263504,0.015172030378926475
tip,200.0,150.0,35,0.019056354512135738,0.019058552972431555,0.019059515331471898,0.019060470315658554,0.015172030378926475
tip,200.0,150.0,36,0.0015783648431576868,0.0015723775164208354,0.0015704015469442422,0.0015684283757679768,0.0008886362136615669
tip,200.0,150.0,37,0.0016177759991805173,0.0016120056701571604,0.0016100741789311698,0.0016081471480865607,0.0008886362136615669
tip,200.0,150.0,38,0.0016177759991805318,0.0016120056701571673,0.0016100741789311774,0.001608147148086568,0.0008886362136615669
tip,200.0,150.0,39,0.001544099395933202,0.0015365524411823947,0.0015339878865507374,0.0015314308975845495,0.0008886362136615677
tip,200.0,150.0,40,0.0015440993959335502,0.001536552441182728,0.0015339878865510638,0.0015314308975848756,0.0008886362136615677
tip,200.0,150.0,41,0.001617775999180508,0.0016120056701571484,0.0016100741789311576,0.0016081471480865488,0.0008886362136615669
tip,200.0,150.0,42,0.01905635451213582,0.019058552972431645,0.019059515331471988,0.019060470315658648,0.015172030378926475
tip,200.0,150.0,43,0.018825770221964647,0.018825765488922636,0.018826117444049523,0.018826453202631762,0.015172030378926475
tip,200.0,150.0,44,0.00161777599918052,0.0016120056701571586,0.001610074178931168,0.0016081471480865585,0.0008886362136615669
tip,200.0,150.0,45,0.0015783648431573047,0.0015723775164204912,0.0015704015469439011,0.001568428375767636,0.0008886362136615669
tip,200.0,150.0,46,0.018825770221964654,0.01882576548892265,0.01882611744404953,0.018826453202631765,0.015172030378926475
tip,200.0,150.0,47,0.017405768991242593,0.01736548417752018,0.017351076913403724,0.017336724638465,0.015172030378926461
tip,200.0,150.0,48,0.0015440993959335407,0.0015365524411827258,0.0015339878865510616,0.001531430897584873,0.0008886362136615677
tip,200.0,150.0,49,0.019056354512135762,0.019058552972431624,0.019059515331471957,0.019060470315658617,0.015172030378926475
tip,200.0,150.0,50,0.0016177759991805138,0.001612005670157156,0.0016100741789311646,0.0016081471480865557,0.0008886362136615669
tip,200.0,150.0,51,0.018825770221964692,0.018825765488922657,0.018826117444049537,0.018826453202631772,0.015172030378926475
tip,200.0,150.0,52,0.0016177759991805203,0.0016120056701571586,0.0016100741789311678,0.0016081471480865585,0.0008886362136615669
tip,200.0,150.0,53,0.018825770221964733,0.018825765488922702,0.01882611744404958,0.018826453202631818,0.015172030378926475
tip,200.0,150.0,54,0.001578364843157301,0.0015723775164204908,0.0015704015469439002,0.0015684283757676349,0.0008886362136615669
tip,200.0,150.0,55,0.01740576899124264,0.017365484177520263,0.017351076913403797,0.01733672463846508,0.015172030378926461
tip,200.0,150.0,56,0.00013875412194387597,0.00013789659681604394,0.00013761947881616373,0.00013734285107523862,5.2048031839403835e-05
tip,200.0,150.0,57,0.0015440993959331903,0.0015365524411823745,0.0015339878865507168,0.0015314308975845291,0.0008886362136615677
tip,200.0,150.0,58,0.0015440993959331983,0.0015365524411823804,0.0015339878865507231,0.0015314308975845352,0.0008886362136615677
tip,200.0,150.0,59,0.01740576899124258,0.017365484177520155,0.017351076913403696,0.017336724638464973,0.015172030378926461
tip,200.0,150.0,60,0.0015440993959331916,0.0015365524411823765,0.0015339878865507194,0.0015314308975845313,0.0008886362136615677
tip,200.0,150.0,61,0.01740576899124263,0.017365484177520197,0.017351076913403738,0.017336724638465015,0.015172030378926461
tip,200.0,150.0,62,0.017405768991242646,0.017365484177520242,0.017351076913403783,0.017336724638465063,0.015172030378926461
tip,200.0,150.0,63,0.20159660016216163,0.20193046526984573,0.20204509134823984,0.20215942575395326,0.2590379530793401
