geometry,exposure_s,time_s,temperature_K,stage,Udd_J,Udd_kBT
face,20.0,0.0,300.0,initial,0.0,0.0
face,20.0,0.0001,300.0,hold,-2.0601186530512324e-23,-0.00497379288786465
face,20.0,0.00016629387362411343,300.0,hold,-3.424498506893805e-23,-0.008267847239218185
face,20.0,0.0002765365240491264,300.0,hold,-5.690994399019251e-23,-0.013739901546348254
face,20.0,0.00045986329782677027,300.0,hold,-9.453457977265849e-23,-0.022823705801319642
face,20.0,0.0007647244913317298,300.0,hold,-1.5692067221219142e-22,-0.03788572673966891
face,20.0,0.001271689979187831,300.0,hold,-2.601660873067839e-22,-0.06281250998788346
face,20.0,0.0021147425268811283,300.0,hold,-4.304898455692808e-22,-0.10393417529709599
face,20.0,0.0035166872651270866,300.0,hold,-7.100037119296152e-22,-0.17141786505950346
face,20.0,0.005848035476425728,300.0,hold,-1.1647720316571129e-21,-0.28121364944001287
face,20.0,0.00972492472466073,300.0,hold,-1.8943568983987764e-21,-0.45735903873197226
face,20.0,0.016171954031667476,300.0,hold,-3.0386573286005702e-21,-0.7336301813134186
face,20.0,0.026892968799970832,300.0,hold,-4.770592345836081e-21,-1.1517753234978818
face,20.0,0.044721359549995794,300.0,hold,-7.253668795323352e-21,-1.7512703072548614
face,20.0,0.0743688811330554,300.0,hold,-1.0546391915884293e-20,-2.5462401899117233
face,20.0,0.12367089320707028,300.0,hold,-1.4478796705731765e-20,-3.49564992157837
face,20.0,0.20565711885957794,300.0,hold,-1.858567212528274e-20,-4.487182507473596
face,20.0,0.3419951893353393,300.0,hold,-2.2148990348937824e-20,-5.347482801913647
face,20.0,0.5687170479538566,300.0,hold,-2.4429877605298165e-20,-5.8981627735212845
face,20.0,0.9457416090031759,300.0,hold,-2.527901465846355e-20,-6.103171928193082
face,20.0,1.5727103560863966,300.0,hold,-2.5402660957624866e-20,-6.13302414483451
face,20.0,2.61532097202366,300.0,hold,-2.5406500847758767e-20,-6.133951218535333
face,20.0,4.349118552081964,300.0,hold,-2.5406510435948005e-20,-6.133953533434398
face,20.0,7.2323177087620465,300.0,hold,-2.5406510436331082e-20,-6.133953533526885
face,20.0,12.026901270703146,300.0,hold,-2.5406510436331082e-20,-6.133953533526885
face,20.0,20.0,300.0,hold,-2.5406510436331082e-20,-6.133953533526885
face,20.0,23.0,299.75,ramp,-2.5407958425268702e-20,-6.139419307656023
face,20.0,26.0,299.5,ramp,-2.541085218315896e-20,-6.145243844743539
face,20.0,29.0,299.25,ramp,-2.5413742976389315e-20,-6.15107739616389
face,20.0,32.0,299.0,ramp,-2.541663079931509e-20,-6.156919983160914
face,20.0,35.0,298.75,ramp,-2.5419515646308168e-20,-6.162771627053573
face,20.0,38.0,298.5,ramp,-2.5422397511738044e-20,-6.168632349231667
face,20.0,41.0,298.25,ramp,-2.5425276389971923e-20,-6.1745021711561625
face,20.0,44.0,298.0,ramp,-2.5428152275374573e-20,-6.180381114359444
face,20.0,47.0,297.75,ramp,-2.5431025162308346e-20,-6.186269200445632
face,20.0,50.0,297.5,ramp,-2.5433895045133138e-20,-6.192166451090862
face,20.0,53.0,297.25,ramp,-2.543676191820627e-20,-6.198072888043567
face,20.0,56.0,297.0,ramp,-2.5439625775882415e-20,-6.203988533124765
face,20.0,59.0,296.75,ramp,-2.544248661251351e-20,-6.209913408228331
face,20.0,62.0,296.5,ramp,-2.5445344422448588e-20,-6.215847535321279
face,20.0,65.0,296.25,ramp,-2.5448199200033626e-20,-6.221790936444025
face,20.0,68.0,296.0,ramp,-2.5451050939611357e-20,-6.227743633710648
face,20.0,71.0,295.75,ramp,-2.5453899635521018e-20,-6.2337056493091465
face,20.0,74.0,295.5,ramp,-2.5456745282098098e-20,-6.2396770055016875
face,20.0,77.0,295.25,ramp,-2.545958787367403e-20,-6.245657724624842
face,20.0,80.0,295.0,ramp,-2.5462427404575785e-20,-6.251647829089806
face,20.0,83.0,294.75,ramp,-2.546526386912551e-20,-6.2576473413826195
face,20.0,86.0,294.5,ramp,-2.546809726164e-20,-6.263656284064364
face,20.0,89.0,294.25,ramp,-2.5470927576430216e-20,-6.269674679771357
face,20.0,92.0,294.0,ramp,-2.547375480780061e-20,-6.275702551215305
face,20.0,95.0,293.75,ramp,-2.5476578950048473e-20,-6.281739921183467
face,20.0,98.0,293.5,ramp,-2.5479399997463143e-20,-6.287786812538779
face,20.0,101.0,293.25,ramp,-2.548221794432516e-20,-6.293843248219966
face,20.0,104.0,293.0,ramp,-2.5485032784905305e-20,-6.299909251241633
face,20.0,107.0,292.75,ramp,-2.5487844513463503e-20,-6.305984844694312
face,20.0,110.0,292.5,ramp,-2.5490653124247698e-20,-6.31207005174451
face,20.0,113.0,292.25,ramp,-2.5493458611492512e-20,-6.3181648956347045
face,20.0,116.0,292.0,ramp,-2.549626096941788e-20,-6.324269399683326
face,20.0,119.0,291.75,ramp,-2.549906019222747e-20,-6.330383587284689
face,20.0,122.0,291.5,ramp,-2.5501856274107002e-20,-6.336507481908908
face,20.0,125.0,291.25,ramp,-2.5504649209222446e-20,-6.34264110710177
face,20.0,128.0,291.0,ramp,-2.5507438991718027e-20,-6.3487844864845595
face,20.0,131.0,290.75,ramp,-2.551022561571413e-20,-6.354937643753869
face,20.0,134.0,290.5,ramp,-2.551300907530498e-20,-6.361100602681337
face,20.0,137.0,290.25,ramp,-2.551578936455623e-20,-6.367273387113375
face,20.0,140.0,290.0,ramp,-2.551856647750232e-20,-6.373456020970827
face,20.0,140.0001,290.0,hold,-2.551856705912111e-20,-6.373456166234543
face,20.0,140.00016629387363,290.0,hold,-2.5518567444521822e-20,-6.373456262491302
face,20.0,140.00027653652404,290.0,hold,-2.5518568085107493e-20,-6.373456422482444
face,20.0,140.00045986329783,290.0,hold,-2.5518569149499986e-20,-6.3734566883225625
face,20.0,140.00076472449132,290.0,hold,-2.5518570917138907e-20,-6.373457129803824
face,20.0,140.00127168997918,290.0,hold,-2.5518573850048377e-20,-6.373457862320266
face,20.0,140.00211474252689,290.0,hold,-2.5518578709220212e-20,-6.373459075935381
face,20.0,140.00351668726512,290.0,hold,-2.5518586740099846e-20,-6.373461081708636
face,20.0,140.00584803547642,290.0,hold,-2.5518599959379608e-20,-6.373464383324277
face,20.0,140.00972492472465,290.0,hold,-2.5518621574728902e-20,-6.373469781922125
face,20.0,140.01617195403168,290.0,hold,-2.5518656536383886e-20,-6.373478513861307
face,20.0,140.02689296879998,290.0,hold,-2.5518712098770982e-20,-6.37349239098998
face,20.0,140.04472135954998,290.0,hold,-2.551879796448961e-20,-6.373513836606131
face,20.0,140.07436888113307,290.0,hold,-2.5518925025046108e-20,-6.373545570946284
face,20.0,140.12367089320708,290.0,hold,-2.5519101166212095e-20,-6.373589563541867
face,20.0,140.2056571188596,290.0,hold,-2.5519323050704846e-20,-6.373644980881142
face,20.0,140.34199518933534,290.0,hold,-2.5519565457877375e-20,-6.373705523915746
face,20.0,140.56871704795387,290.0,hold,-2.5519776922779212e-20,-6.373758338882959
face,20.0,140.94574160900316,290.0,hold,-2.5519904599162025e-20,-6.373790227030418
face,20.0,141.5727103560864,290.0,hold,-2.551994770329428e-20,-6.373800992615212
face,20.0,142.61532097202365,290.0,hold,-2.5519953750287942e-20,-6.373802502897861
face,20.0,144.34911855208196,290.0,hold,-2.5519953976328462e-20,-6.3738025593532
face,20.0,147.23231770876205,290.0,hold,-2.5519953977372897e-20,-6.373802559614055
face,20.0,152.02690127070315,290.0,hold,-2.551995397737305e-20,-6.373802559614093
face,20.0,160.0,290.0,hold,-2.551995397737305e-20,-6.373802559614093
face,20.0,163.0,289.75,ramp,-2.5521340481806803e-20,-6.37964854666239
face,20.0,166.0,289.5,ramp,-2.5524111150452988e-20,-6.385850933017505
face,20.0,169.0,289.25,ramp,-2.5526878698327075e-20,-6.392063259412636
face,20.0,172.0,289.0,ramp,-2.5529643045672834e-20,-6.398285531655084
face,20.0,175.0,288.75,ramp,-2.5532404186315034e-20,-6.404517774029229
face,20.0,178.0,288.5,ramp,-2.553516211403693e-20,-6.410760010893209
face,20.0,181.0,288.25,ramp,-2.5537916822567758e-20,-6.4170122666760845
face,20.0,184.0,288.0,ramp,-2.554066830557874e-20,-6.423274565877155
face,20.0,187.0,287.75,ramp,-2.5543416556679132e-20,-6.429546933065262
face,20.0,190.0,287.5,ramp,-2.5546161569411975e-20,-6.435829392878018
face,20.0,193.0,287.25,ramp,-2.554890333724982e-20,-6.44212197002104
face,20.0,196.0,287.0,ramp,-2.5551641853590346e-20,-6.448424689267124
face,20.0,199.0,286.75,ramp,-2.555437711175182e-20,-6.4547375754554075
face,20.0,202.0,286.5,ramp,-2.55571091049685e-20,-6.461060653490479
face,20.0,205.0,286.25,ramp,-2.5559837826386037e-20,-6.467393948341517
face,20.0,208.0,286.0,ramp,-2.556256326905671e-20,-6.473737485041355
face,20.0,211.0,285.75,ramp,-2.556528542593474e-20,-6.480091288685578
face,20.0,214.0,285.5,ramp,-2.5568004289871505e-20,-6.486455384431577
face,20.0,217.0,285.25,ramp,-2.5570719853610883e-20,-6.4928297974976426
face,20.0,220.0,285.0,ramp,-2.5573432109784464e-20,-6.499214553162015
face,20.0,223.0,284.75,ramp,-2.5576141050906997e-20,-6.505609676761988
face,20.0,226.0,284.5,ramp,-2.557884666937179e-20,-6.5120151936929975
face,20.0,229.0,284.25,ramp,-2.558154895744628e-20,-6.518431129407745
face,20.0,232.0,284.0,ramp,-2.5584247907267705e-20,-6.524857509415352
face,20.0,235.0,283.75,ramp,-2.5586943510838923e-20,-6.531294359280539
face,20.0,238.0,283.5,ramp,-2.5589635760024477e-20,-6.53774170462286
face,20.0,241.0,283.25,ramp,-2.5592324646546767e-20,-6.544199571115976
face,20.0,244.0,283.0,ramp,-2.5595010161982523e-20,-6.550667984486981
face,20.0,247.0,282.75,ramp,-2.5597692297759483e-20,-6.557146970515794
face,20.0,250.0,282.5,ramp,-2.5600371045153414e-20,-6.563636555034628
face,20.0,253.0,282.25,ramp,-2.560304639528533e-20,-6.570136763927504
face,20.0,256.0,282.0,ramp,-2.5605718339119125e-20,-6.576647623129875
face,20.0,259.0,281.75,ramp,-2.5608386867459455e-20,-6.583169158628314
face,20.0,262.0,281.5,ramp,-2.5611051970950054e-20,-6.589701396460296
face,20.0,265.0,281.25,ramp,-2.5613713640072344e-20,-6.596244362714081
face,20.0,268.0,281.0,ramp,-2.5616371865144477e-20,-6.602798083528683
face,20.0,271.0,280.75,ramp,-2.561902663632073e-20,-6.609362585093942
face,20.0,274.0,280.5,ramp,-2.562167794359133e-20,-6.615937893650707
face,20.0,277.0,280.25,ramp,-2.5624325776782644e-20,-6.622524035491112
face,20.0,280.0,280.0,ramp,-2.5626970125557815e-20,-6.629121036958967
face,20.0,280.0001,280.0,hold,-2.562697040564435e-20,-6.629121109411057
face,20.0,280.00016629387363,280.0,hold,-2.562697059128159e-20,-6.629121157431237
face,20.0,280.00027653652404,280.0,hold,-2.562697089990912e-20,-6.629121237266241
face,20.0,280.0004598632978,280.0,hold,-2.56269714129282e-20,-6.629121369972744
face,20.0,280.0007647244913,280.0,hold,-2.5626972265468374e-20,-6.62912159050572
face,20.0,280.0012716899792,280.0,hold,-2.562697368159117e-20,-6.629121956824851
face,20.0,280.0021147425269,280.0,hold,-2.56269760321041e-20,-6.629122564849703
face,20.0,280.0035166872651,280.0,hold,-2.5626979928707063e-20,-6.629123572813287
face,20.0,280.00584803547645,280.0,hold,-2.5626986375114144e-20,-6.629125240353874
face,20.0,280.00972492472465,280.0,hold,-2.5626997003676143e-20,-6.629127989723917
face,20.0,280.0161719540317,280.0,hold,-2.56270144298436e-20,-6.62913249748167
face,20.0,280.0268929688,280.0,hold,-2.5627042740611294e-20,-6.629139820840802
face,20.0,280.04472135955,280.0,hold,-2.5627088056734854e-20,-6.629151543103189
face,20.0,280.07436888113307,280.0,hold,-2.5627158893612433e-20,-6.629169867010894
face,20.0,280.1236708932071,280.0,hold,-2.562726560369578e-20,-6.629197470510446
face,20.0,280.20565711885956,280.0,hold,-2.5627417600641203e-20,-6.629236788703097
face,20.0,280.34199518933536,280.0,hold,-2.5627616955094808e-20,-6.629288357218444
face,20.0,280.56871704795384,280.0,hold,-2.5627848356699528e-20,-6.629348215611314
face,20.0,280.94574160900316,280.0,hold,-2.562807023895301e-20,-6.629405611562028
face,20.0,281.5727103560864,280.0,hold,-2.562822575751925e-20,-6.629445840718813
face,20.0,282.61532097202365,280.0,hold,-2.5628291734748312e-20,-6.629462907544699
face,20.0,284.34911855208196,280.0,hold,-2.5628304771983898e-20,-6.629466279984448
face,20.0,287.232317708762,280.0,hold,-2.5628305598577686e-20,-6.629466493805678
face,20.0,292.02690127070315,280.0,hold,-2.5628305607724977e-20,-6.629466496171877
face,20.0,300.0,280.0,hold,-2.5628305607730743e-20,-6.629466496173368
face,20.0,303.0,279.75,ramp,-2.562961867437063e-20,-6.635730916740396
face,20.0,306.0,279.5,ramp,-2.5632248400975396e-20,-6.642347743401652
face,20.0,309.0,279.25,ramp,-2.5634882160458775e-20,-6.64897746357603
face,20.0,312.0,279.0,ramp,-2.563751246412702e-20,-6.655618167823583
face,20.0,315.0,278.75,ramp,-2.5640139230138312e-20,-6.6622698644322975
face,20.0,318.0,278.5,ramp,-2.5642762446380706e-20,-6.668932579854619
face,20.0,321.0,278.25,ramp,-2.5645382101414357e-20,-6.675606340813012
face,20.0,324.0,278.0,ramp,-2.5647998183665913e-20,-6.682291174091281
face,20.0,327.0,277.75,ramp,-2.5650610681421783e-20,-6.688987106533091
face,20.0,330.0,277.5,ramp,-2.565321958283217e-20,-6.695694165043291
face,20.0,333.0,277.25,ramp,-2.565582487591545e-20,-6.702412376589328
face,20.0,336.0,277.0,ramp,-2.565842654856291e-20,-6.709141768202783
face,20.0,339.0,276.75,ramp,-2.5661024588543532e-20,-6.715882366980893
face,20.0,342.0,276.5,ramp,-2.5663618983509027e-20,-6.722634200088183
face,20.0,345.0,276.25,ramp,-2.5666209720998903e-20,-6.72939729475809
face,20.0,348.0,276.0,ramp,-2.566879678844573e-20,-6.736171678294659
face,20.0,351.0,275.75,ramp,-2.5671380173180384e-20,-6.742957378074244
face,20.0,354.0,275.5,ramp,-2.5673959862437298e-20,-6.749754421547212
face,20.0,357.0,275.25,ramp,-2.5676535843359748e-20,-6.756562836239668
face,20.0,360.0,275.0,ramp,-2.567910810300506e-20,-6.76338264975518
face,20.0,363.0,274.75,ramp,-2.5681676628349712e-20,-6.7702138897764685
face,20.0,366.0,274.5,ramp,-2.5684241406294338e-20,-6.777056584067088
face,20.0,369.0,274.25,ramp,-2.568680242366858e-20,-6.783910760473082
face,20.0,372.0,274.0,ramp,-2.5689359667235728e-20,-6.790776446924578
face,20.0,375.0,273.75,ramp,-2.5691913123697153e-20,-6.797653671437353
face,20.0,378.0,273.5,ramp,-2.5694462779696523e-20,-6.804542462114335
face,20.0,381.0,273.25,ramp,-2.569700862182373e-20,-6.811442847147041
face,20.0,384.0,273.0,ramp,-2.5699550636618464e-20,-6.818354854816941
face,20.0,387.0,272.75,ramp,-2.5702088810573586e-20,-6.825278513496756
face,20.0,390.0,272.5,ramp,-2.5704623130138093e-20,-6.832213851651669
face,20.0,393.0,272.25,ramp,-2.570715358171968e-20,-6.839160897840428
face,20.0,396.0,272.0,ramp,-2.5709680151687043e-20,-6.846119680716396
face,20.0,399.0,271.75,ramp,-2.5712202826371736e-20,-6.853090229028473
face,20.0,402.0,271.5,ramp,-2.571472159206959e-20,-6.86007257162192
face,20.0,405.0,271.25,ramp,-2.5717236435041855e-20,-6.867066737439106
face,20.0,408.0,271.0,ramp,-2.5719747341515775e-20,-6.874072755520106
face,20.0,411.0,270.75,ramp,-2.5722254297684913e-20,-6.8810906550032485
face,20.0,414.0,270.5,ramp,-2.5724757289708932e-20,-6.888120465125501
face,20.0,417.0,270.25,ramp,-2.5727256303713026e-20,-6.895162215222779
face,20.0,420.0,270.0,ramp,-2.572975132578695e-20,-6.902215934730145
face,20.0,420.0001,270.0,hold,-2.5729751467579295e-20,-6.9022159727671
face,20.0,420.00016629387363,270.0,hold,-2.57297515615689e-20,-6.902215997980579
face,20.0,420.00027653652404,270.0,hold,-2.5729751717850148e-20,-6.9022160399042995
face,20.0,420.0004598632978,270.0,hold,-2.572975197768732e-20,-6.9022161096077435
face,20.0,420.0007647244913,270.0,hold,-2.572975240964525e-20,-6.902216225483985
face,20.0,420.0012716899792,270.0,hold,-2.572975312759074e-20,-6.902216418078727
face,20.0,420.0021147425269,270.0,hold,-2.5729754320456773e-20,-6.902216738074783
face,20.0,420.0035166872651,270.0,hold,-2.5729756301267472e-20,-6.9022172694434305
face,20.0,420.00584803547645,270.0,hold,-2.5729759587369876e-20,-6.902218150967239
face,20.0,420.00972492472465,270.0,hold,-2.5729765030316548e-20,-6.902219611082137
face,20.0,420.0161719540317,270.0,hold,-2.572977402225092e-20,-6.902222023241973
face,20.0,420.0268929688,270.0,hold,-2.5729788813376995e-20,-6.902225991082346
face,20.0,420.04472135955,270.0,hold,-2.5729812972322315e-20,-6.90223247191674
face,20.0,420.07436888113307,270.0,hold,-2.5729851980314666e-20,-6.9022429361292765
face,20.0,420.1236708932071,270.0,hold,-2.5729913808952266e-20,-6.9022595221662835
face,20.0,420.20565711885956,270.0,hold,-2.5730008989244356e-20,-6.902285055056999
face,20.0,420.34199518933536,270.0,hold,-2.5730149082030778e-20,-6.902322636091131
face,20.0,420.56871704795384,270.0,hold,-2.5730341873888756e-20,-6.902374354081615
face,20.0,420.94574160900316,270.0,hold,-2.573058189032969e-20,-6.902438740452172
face,20.0,421.5727103560864,270.0,hold,-2.5730837713779693e-20,-6.902507367182012
face,20.0,422.61532097202365,270.0,hold,-2.573104935690561e-20,-6.9025641421790835
face,20.0,424.34911855208196,270.0,hold,-2.573116540296943e-20,-6.902595272483483
face,20.0,427.232317708762,270.0,hold,-2.5731199084845863e-20,-6.902604307921924
face,20.0,432.02690127070315,270.0,hold,-2.573120287949637e-20,-6.902605325867914
face,20.0,440.0,270.0,hold,-2.5731202983548097e-20,-6.90260535378064
face,20.0,443.0,269.75,ramp,-2.5732357027642194e-20,-6.909312447059315
face,20.0,446.0,269.5,ramp,-2.5734740448147478e-20,-6.916362386043493
face,20.0,449.0,269.25,ramp,-2.5737213525056243e-20,-6.923449534893454
face,20.0,452.0,269.0,ramp,-2.5739691364132158e-20,-6.930551139121806
face,20.0,455.0,268.75,ramp,-2.5742166087158832e-20,-6.937665115843503
face,20.0,458.0,268.5,ramp,-2.5744636846530547e-20,-6.9447912709711614
face,20.0,461.0,268.25,ramp,-2.5747103529922974e-20,-6.951929608225888
face,20.0,464.0,268.0,ramp,-2.5749566110557138e-20,-6.959080154462167
face,20.0,467.0,267.75,ramp,-2.5752024572400544e-20,-6.966242939541836
face,20.0,470.0,267.5,ramp,-2.5754478900807554e-20,-6.9734179938138805
face,20.0,473.0,267.25,ramp,-2.575692908126724e-20,-6.980605347777355
face,20.0,476.0,267.0,ramp,-2.5759375099222885e-20,-6.987805032033118
face,20.0,479.0,266.75,ramp,-2.576181694004098e-20,-6.995017077275898
face,20.0,482.0,266.5,ramp,-2.5764254589001565e-20,-7.002241514292103
face,20.0,485.0,266.25,ramp,-2.5766688031291786e-20,-7.009478373958501
face,20.0,488.0,266.0,ramp,-2.5769117251999703e-20,-7.016727687240958
face,20.0,491.0,265.75,ramp,-2.5771542236108047e-20,-7.023989485193154
face,20.0,494.0,265.5,ramp,-2.577396296848777e-20,-7.031263798955241
face,20.0,497.0,265.25,ramp,-2.5776379433891438e-20,-7.03855065975244
face,20.0,500.0,265.0,ramp,-2.5778791616946555e-20,-7.045850098893621
face,20.0,503.0,264.75,ramp,-2.5781199502148667e-20,-7.053162147769815
face,20.0,506.0,264.5,ramp,-2.5783603073854418e-20,-7.060486837852696
face,20.0,509.0,264.25,ramp,-2.5786002316274434e-20,-7.0678242006930105
face,20.0,512.0,264.0,ramp,-2.5788397213466186e-20,-7.075174267919
face,20.0,515.0,263.75,ramp,-2.5790787749326785e-20,-7.0825370712347855
face,20.0,518.0,263.5,ramp,-2.5793173907585592e-20,-7.089912642418694
face,20.0,521.0,263.25,ramp,-2.579555567179691e-20,-7.097301013321608
face,20.0,524.0,263.0,ramp,-2.5797933025332573e-20,-7.104702215865261
face,20.0,527.0,262.75,ramp,-2.580030595137443e-20,-7.112116282040506
face,20.0,530.0,262.5,ramp,-2.580267443290693e-20,-7.119543243905598
face,20.0,533.0,262.25,ramp,-2.5805038452709543e-20,-7.126983133584427
face,20.0,536.0,262.0,ramp,-2.5807397993349245e-20,-7.134435983264747
face,20.0,539.0,261.75,ramp,-2.5809753037172964e-20,-7.141901825196391
face,20.0,542.0,261.5,ramp,-2.581210356629999e-20,-7.149380691689472
face,20.0,545.0,261.25,ramp,-2.5814449562614435e-20,-7.156872615112572
face,20.0,548.0,261.0,ramp,-2.5816791007757575e-20,-7.164377627890906
face,20.0,551.0,260.75,ramp,-2.5819127883120286e-20,-7.171895762504485
face,20.0,554.0,260.5,ramp,-2.5821460169835456e-20,-7.179427051486271
face,20.0,557.0,260.25,ramp,-2.5823787848770326e-20,-7.1869715274203045
face,20.0,560.0,260.0,ramp,-2.5826110900518886e-20,-7.194529222939826
face,20.0,560.0001,260.0,hold,-2.5826110991800617e-20,-7.194529248368706
face,20.0,560.0001662938736,260.0,hold,-2.5826111052312204e-20,-7.1945292652257695
face,20.0,560.0002765365241,260.0,hold,-2.582611115293466e-20,-7.194529293256749
face,20.0,560.0004598632978,260.0,hold,-2.58261113202509e-20,-7.194529339867003
face,20.0,560.0007647244913,260.0,hold,-2.5826111598452348e-20,-7.194529417367191
face,20.0,560.0012716899791,260.0,hold,-2.5826112060986957e-20,-7.194529546218135
face,20.0,560.0021147425268,260.0,hold,-2.5826112829884575e-20,-7.194529760414396
face,20.0,560.0035166872651,260.0,hold,-2.5826114107770576e-20,-7.194530116402496
face,20.0,560.0058480354764,260.0,hold,-2.582611623076279e-20,-7.194530707816727
face,20.0,560.0097249247247,260.0,hold,-2.5826119755500278e-20,-7.194531689723254
face,20.0,560.0161719540316,260.0,hold,-2.5826125601299247e-20,-7.194533318221315
face,20.0,560.0268929688,260.0,hold,-2.582613527953728e-20,-7.194536014344112
face,20.0,560.04472135955,260.0,hold,-2.582615125611165e-20,-7.194540465030924
face,20.0,560.0743688811331,260.0,hold,-2.5826177503439388e-20,-7.19454777690096
face,20.0,560.1236708932071,260.0,hold,-2.582622028585431e-20,-7.194559695045955
face,20.0,560.2056571188596,260.0,hold,-2.582628913216484e-20,-7.194578873961236
face,20.0,560.3419951893353,260.0,hold,-2.5826397663645803e-20,-7.194609108204185
face,20.0,560.5687170479539,260.0,hold,-2.5826563280421256e-20,-7.194655245028092
face,20.0,560.9457416090032,260.0,hold,-2.582680356451279e-20,-7.194722182358494
face,20.0,561.5727103560864,260.0,hold,-2.5827126112126793e-20,-7.19481203631458
face,20.0,562.6153209720237,260.0,hold,-2.582750954392812e-20,-7.194918851131193
face,20.0,564.349118552082,260.0,hold,-2.582788411978687e-20,-7.195023198896614
face,20.0,567.232317708762,260.0,hold,-2.5828150013923885e-20,-7.195097270565644
face,20.0,572.0269012707031,260.0,hold,-2.582826420871753e-20,-7.195129082470393
face,20.0,580.0,260.0,hold,-2.582828721495215e-20,-7.195135491450355
face,20.0,583.0,259.75,ramp,-2.582910981929385e-20,-7.202289927880752
face,20.0,586.0,259.5,ramp,-2.5830971593632748e-20,-7.209748194733976
face,20.0,589.0,259.25,ramp,-2.5833132381139403e-20,-7.217304384707765
face,20.0,592.0,259.0,ramp,-2.583538584323043e-20,-7.224901078495488
face,20.0,595.0,258.75,ramp,-2.5837667246731436e-20,-7.2325202732879665
face,20.0,598.0,258.5,ramp,-2.5839955332286188e-20,-7.2401560776610205
face,20.0,601.0,258.25,ramp,-2.5842242808969167e-20,-7.247806495012907
face,20.0,604.0,258.0,ramp,-2.5844527065146157e-20,-7.255470834645323
face,20.0,607.0,257.75,ramp,-2.5846807120681173e-20,-7.263148861643623
face,20.0,610.0,257.5,ramp,-2.5849082586147004e-20,-7.270840506335676
face,20.0,613.0,257.25,ramp,-2.585135329356353e-20,-7.278545761127779
face,20.0,616.0,257.0,ramp,-2.585361916058912e-20,-7.286264642531975
face,20.0,619.0,256.75,ramp,-2.585588013887224e-20,-7.293997176713293
face,20.0,622.0,256.5,ramp,-2.5858136193792195e-20,-7.3017433938160465
face,20.0,625.0,256.25,ramp,-2.5860387296281875e-20,-7.309503325671919
face,20.0,628.0,256.0,ramp,-2.5862633419437785e-20,-7.3172770048490845
face,20.0,631.0,255.75,ramp,-2.5864874537078218e-20,-7.325064464247476
face,20.0,634.0,255.5,ramp,-2.5867110623113798e-20,-7.332865736921966
face,20.0,637.0,255.25,ramp,-2.5869341651264508e-20,-7.340680856002831
face,20.0,640.0,255.0,ramp,-2.5871567594927602e-20,-7.348509854658604
face,20.0,643.0,254.75,ramp,-2.5873788427112473e-20,-7.3563527660777455
face,20.0,646.0,254.5,ramp,-2.5876004120405834e-20,-7.3642096234588195
face,20.0,649.0,254.25,ramp,-2.5878214646950783e-20,-7.372080460004599
face,20.0,652.0,254.0,ramp,-2.588041997843235e-20,-7.379965308917953
face,20.0,655.0,253.75,ramp,-2.5882620086066132e-20,-7.387864203398605
face,20.0,658.0,253.5,ramp,-2.5884814940588372e-20,-7.395777176640284
face,20.0,661.0,253.25,ramp,-2.5887004512246776e-20,-7.403704261828065
face,20.0,664.0,253.0,ramp,-2.588918877079166e-20,-7.411645492135801
face,20.0,667.0,252.75,ramp,-2.5891367685467243e-20,-7.419600900723561
face,20.0,670.0,252.5,ramp,-2.589354122500309e-20,-7.427570520735112
face,20.0,673.0,252.25,ramp,-2.5895709357605532e-20,-7.4355543852953785
face,20.0,676.0,252.0,ramp,-2.5897872050949196e-20,-7.44355252750791
face,20.0,679.0,251.75,ramp,-2.590002927216851e-20,-7.4515649804523285
face,20.0,682.0,251.5,ramp,-2.5902180987849242e-20,-7.459591777181782
face,20.0,685.0,251.25,ramp,-2.5904327164020143e-20,-7.467632950720393
face,20.0,688.0,251.0,ramp,-2.590646776614456e-20,-7.475688534060701
face,20.0,691.0,250.75,ramp,-2.590860275911215e-20,-7.48375856016111
face,20.0,694.0,250.5,ramp,-2.591073210723064e-20,-7.491843061943331
face,20.0,697.0,250.25,ramp,-2.5912855774217687e-20,-7.49994207228985
face,20.0,700.0,250.0,ramp,-2.5914973723192833e-20,-7.508055624041399
face,20.0,700.0001,250.0,hold,-2.5914973796241122e-20,-7.508055645204863
face,20.0,700.0001662938736,250.0,hold,-2.5914973844666855e-20,-7.508055659234709
face,20.0,700.0002765365241,250.0,hold,-2.591497392519448e-20,-7.508055682565077
face,20.0,700.0004598632978,250.0,hold,-2.5914974059103043e-20,-7.5080557213609085
face,20.0,700.0007647244913,250.0,hold,-2.5914974281773954e-20,-7.508055785872862
face,20.0,700.0012716899791,250.0,hold,-2.5914974652032062e-20,-7.508055893143605
face,20.0,700.0021147425268,250.0,hold,-2.591497526766572e-20,-7.508056071504262
face,20.0,700.0035166872651,250.0,hold,-2.5914976291197622e-20,-7.508056368040718
face,20.0,700.0058480354764,250.0,hold,-2.5914977992635073e-20,-7.508056860979169
face,20.0,700.0097249247247,250.0,hold,-2.591498082027101e-20,-7.508057680198518
face,20.0,700.0161719540316,250.0,hold,-2.5914985517621952e-20,-7.508059041109493
face,20.0,700.0268929688,250.0,hold,-2.5914993315686817e-20,-7.508061300355649
face,20.0,700.04472135955,250.0,hold,-2.5915006246618593e-20,-7.508065046689953
face,20.0,700.0743688811331,250.0,hold,-2.5915027648838653e-20,-7.5080712473159075
face,20.0,700.1236708932071,250.0,hold,-2.5915062962316258e-20,-7.508081478294992
face,20.0,700.2056571188596,250.0,hold,-2.5915120931664057e-20,-7.50809827310607
face,20.0,700.3419951893353,250.0,hold,-2.5915215294903526e-20,-7.508125611912521
face,20.0,700.5687170479539,250.0,hold,-2.5915366806443674e-20,-7.508169507657246
face,20.0,700.9457416090032,250.0,hold,-2.5915604738416132e-20,-7.508238441027699
face,20.0,701.5727103560864,250.0,hold,-2.5915965365495965e-20,-7.50834292147996
face,20.0,702.6153209720237,250.0,hold,-2.5916482089476478e-20,-7.508492626142192
face,20.0,704.349118552082,250.0,hold,-2.5917159301494467e-20,-7.508688827209368
face,20.0,707.232317708762,250.0,hold,-2.5917928114555904e-20,-7.508911566822821
face,20.0,712.0269012707031,250.0,hold,-2.5918619105414207e-20,-7.509111759879363
face,20.0,720.0,250.0,hold,-2.5919046449965497e-20,-7.50923556963877
face,20.0,723.0,249.75,ramp,-2.5919559235242058e-20,-7.516901034218556
face,20.0,726.0,249.5,ramp,-2.592073074833659e-20,-7.5247730887539594
face,20.0,729.0,249.25,ramp,-2.592226524063518e-20,-7.532766413114827
face,20.0,732.0,249.0,ramp,-2.5924010969653275e-20,-7.540837233361209
face,20.0,735.0,248.75,ramp,-2.5925881500007532e-20,-7.5489606153527395
face,20.0,738.0,248.5,ramp,-2.5927825976414725e-20,-7.557121895057779
face,20.0,741.0,248.25,ramp,-2.592981395945689e-20,-7.565312305931384
face,20.0,744.0,248.0,ramp,-2.593182697206388e-20,-7.573526539746268
face,20.0,747.0,247.75,ramp,-2.593385364757831e-20,-7.581761345578367
face,20.0,750.0,247.5,ramp,-2.5935886900110904e-20,-7.590014712115122
face,20.0,753.0,247.25,ramp,-2.5937922252671497e-20,-7.59828538416321
face,20.0,756.0,247.0,ramp,-2.5939956837244016e-20,-7.606572573259373
face,20.0,759.0,246.75,ramp,-2.5941988789634718e-20,-7.614875782401717
face,20.0,762.0,246.5,ramp,-2.594401687898649e-20,-7.623194698666985
face,20.0,765.0,246.25,ramp,-2.594604027838846e-20,-7.631529126674185
face,20.0,768.0,246.0,ramp,-2.594805842127398e-20,-7.63987894690117
face,20.0,771.0,245.75,ramp,-2.595007091055199e-20,-7.64824408928884
face,20.0,774.0,245.5,ramp,-2.5952077460501823e-20,-7.656624516350259
face,20.0,777.0,245.25,ramp,-2.5954077859237312e-20,-7.665020212251186
face,20.0,780.0,245.0,ramp,-2.5956071944216808e-20,-7.673431175680543
face,20.0,783.0,244.75,ramp,-2.5958059586110323e-20,-7.681857415150336
face,20.0,786.0,244.5,ramp,-2.5960040678071752e-20,-7.690298945867921
face,20.0,789.0,244.25,ramp,-2.5962015128540544e-20,-7.6987557876356805
face,20.0,792.0,244.0,ramp,-2.5963982856368954e-20,-7.707227963428126
face,20.0,795.0,243.75,ramp,-2.596594378749555e-20,-7.7157154984197005
face,20.0,798.0,243.5,ramp,-2.5967897852655606e-20,-7.724218419315027
face,20.0,801.0,243.25,ramp,-2.5969844985793024e-20,-7.7327367538839065
face,20.0,804.0,243.0,ramp,-2.597178512295052e-20,-7.741270530636003
face,20.0,807.0,242.75,ramp,-2.597371820148872e-20,-7.749819778591646
face,20.0,810.0,242.5,ramp,-2.5975644159533113e-20,-7.758384527119294
face,20.0,813.0,242.25,ramp,-2.5977562935580296e-20,-7.766964805819588
face,20.0,816.0,242.0,ramp,-2.5979474468216172e-20,-7.775560644442216
face,20.0,819.0,241.75,ramp,-2.5981378695913755e-20,-7.784172072826103
face,20.0,822.0,241.5,ramp,-2.5983275556887716e-20,-7.792799120856251
face,20.0,825.0,241.25,ramp,-2.5985164988990073e-20,-7.801441818432658
face,20.0,828.0,241.0,ramp,-2.5987046929635537e-20,-7.810100195447964
face,20.0,831.0,240.75,ramp,-2.5988921315748926e-20,-7.818774281771584
face,20.0,834.0,240.5,ramp,-2.5990788083728653e-20,-7.827464107238599
face,20.0,837.0,240.25,ramp,-2.5992647169422512e-20,-7.8361697016422776
face,20.0,840.0,240.0,ramp,-2.5994498508112644e-20,-7.844891094729316
face,20.0,840.0001,240.0,hold,-2.599449857005269e-20,-7.8448911134222294
face,20.0,840.0001662938736,240.0,hold,-2.5994498611114884e-20,-7.8448911258144065
face,20.0,840.0002765365241,240.0,hold,-2.5994498679398333e-20,-7.844891146421698
face,20.0,840.0004598632978,240.0,hold,-2.599449879294826e-20,-7.844891180689982
face,20.0,840.0007647244913,240.0,hold,-2.5994498981771302e-20,-7.844891237674969
face,20.0,840.0012716899791,240.0,hold,-2.5994499295762732e-20,-7.844891332434581
face,20.0,840.0021147425268,240.0,hold,-2.5994499817884324e-20,-7.844891490005884
face,20.0,840.0035166872651,240.0,hold,-2.5994500686066128e-20,-7.844891752014852
face,20.0,840.0058480354764,240.0,hold,-2.599450212959354e-20,-7.844892187657622
face,20.0,840.0097249247247,240.0,hold,-2.5994504529522357e-20,-7.844892911933191
face,20.0,840.0161719540316,240.0,hold,-2.5994508518884667e-20,-7.844894115884591
face,20.0,840.0268929688,240.0,hold,-2.5994515148605112e-20,-7.844896116670829
face,20.0,840.04472135955,240.0,hold,-2.5994526161424495e-20,-7.844899440234416
face,20.0,840.0743688811331,240.0,hold,-2.5994544441954304e-20,-7.844904957123517
face,20.0,840.1236708932071,240.0,hold,-2.5994574750098553e-20,-7.84491410383165
face,20.0,840.2056571188596,240.0,hold,-2.59946248997674e-20,-7.844929238522186
face,20.0,840.3419951893353,240.0,hold,-2.5994707608248896e-20,-7.844954199151056
face,20.0,840.5687170479539,240.0,hold,-2.599484327601741e-20,-7.844995142386361
face,20.0,840.9457416090032,240.0,hold,-2.599506383851959e-20,-7.845061706040537
face,20.0,841.5727103560864,240.0,hold,-2.5995417235110012e-20,-7.845168357752408
face,20.0,842.6153209720237,240.0,hold,-2.599597026253753e-20,-7.845335256142079
face,20.0,844.349118552082,240.0,hold,-2.5996803506485974e-20,-7.84558672119838
face,20.0,847.232317708762,240.0,hold,-2.5997985132081764e-20,-7.845943324504685
face,20.0,852.0269012707031,240.0,hold,-2.5999505318506813e-20,-7.846402102231997
face,20.0,860.0,240.0,hold,-2.600117482346464e-20,-7.846905942864744
face,20.0,863.0,239.75,ramp,-2.6001800507809186e-20,-7.8552773489891035
face,20.0,866.0,239.5,ramp,-2.6002678494597753e-20,-7.8637425333794075
face,20.0,869.0,239.25,ramp,-2.6003741222969126e-20,-7.872281336873447
face,20.0,872.0,239.0,ramp,-2.6004943644965605e-20,-7.8808803385675965
face,20.0,875.0,238.75,ramp,-2.6006253499118155e-20,-7.88952994038839
face,20.0,878.0,238.5,ramp,-2.6007646666455608e-20,-7.898222976801756
face,20.0,881.0,238.25,ramp,-2.6009104653365054e-20,-7.906953962347105
face,20.0,884.0,238.0,ramp,-2.6010613058215387e-20,-7.9157186338141585
face,20.0,887.0,237.75,ramp,-2.6012160549670986e-20,-7.924513645415929
face,20.0,890.0,237.5,ramp,-2.601373814379729e-20,-7.933336353158181
face,20.0,893.0,237.25,ramp,-2.6015338673096743e-20,-7.942184656439738
face,20.0,896.0,237.0,ramp,-2.6016956387490877e-20,-7.951056878974383
face,20.0,899.0,236.75,ramp,-2.6018586650092348e-20,-7.959951677957709
face,20.0,902.0,236.5,ramp,-2.6020225702970446e-20,-7.968867974093828
face,20.0,905.0,236.25,ramp,-2.6021870485504173e-20,-7.977804897300153
face,20.0,908.0,236.0,ramp,-2.6023518492701243e-20,-7.986761744332827
face,20.0,911.0,235.75,ramp,-2.602516766414073e-20,-7.9957379455510855
face,20.0,914.0,235.5,ramp,-2.602681629652987e-20,-8.004733038732617
face,20.0,917.0,235.25,ramp,-2.602846297456631e-20,-8.013746648357937
face,20.0,920.0,235.0,ramp,-2.603010651605697e-20,-8.022778469156563
face,20.0,923.0,234.75,ramp,-2.6031745928187802e-20,-8.031828252988563
face,20.0,926.0,234.5,ramp,-2.603338037255052e-20,-8.040895798346941
face,20.0,929.0,234.25,ramp,-2.6035009137072913e-20,-8.049980941927386
face,20.0,932.0,234.0,ramp,-2.6036631613412008e-20,-8.059083551834874
face,20.0,935.0,233.75,ramp,-2.603824727868573e-20,-8.068203522091013
face,20.0,938.0,233.5,ramp,-2.6039855680662158e-20,-8.077340768178614
face,20.0,941.0,233.25,ramp,-2.6041456425714082e-20,-8.086495223416309
face,20.0,944.0,233.0,ramp,-2.6043049168992497e-20,-8.095666835999596
face,20.0,947.0,232.75,ramp,-2.6044633606386617e-20,-8.104855566578763
face,20.0,950.0,232.5,ramp,-2.604620946792686e-20,-8.114061386270713
face,20.0,953.0,232.25,ramp,-2.6047776512357008e-20,-8.12328427502256
face,20.0,956.0,232.0,ramp,-2.6049334522656764e-20,-8.132524220261368
face,20.0,959.0,231.75,ramp,-2.6050883302339106e-20,-8.141781215777295
face,20.0,962.0,231.5,ramp,-2.6052422672381155e-20,-8.151055260797696
face,20.0,965.0,231.25,ramp,-2.6053952468674715e-20,-8.160346359218009
face,20.0,968.0,231.0,ramp,-2.6055472539904125e-20,-8.169654518961616
face,20.0,971.0,230.75,ramp,-2.6056982745776597e-20,-8.178979751446189
face,20.0,974.0,230.5,ramp,-2.6058482955544122e-20,-8.188322071138172
face,20.0,977.0,230.25,ramp,-2.6059973046767052e-20,-8.197681495180403
face,20.0,980.0,230.0,ramp,-2.606145290427873e-20,-8.207058043080599
face,20.0,980.0001,230.0,hold,-2.6061452953472705e-20,-8.207058058572361
face,20.0,980.0001662938736,230.0,hold,-2.606145298608521e-20,-8.207058068842422
face,20.0,980.0002765365241,230.0,hold,-2.606145304031769e-20,-8.207058085920867
face,20.0,980.0004598632978,230.0,hold,-2.606145313050262e-20,-8.207058114321162
face,20.0,980.0007647244913,230.0,hold,-2.6061453280473594e-20,-8.207058161548787
face,20.0,980.0012716899791,230.0,hold,-2.606145352986331e-20,-8.20705824008454
face,20.0,980.0021147425268,230.0,hold,-2.606145394457534e-20,-8.207058370682237
face,20.0,980.0035166872651,230.0,hold,-2.6061454634194422e-20,-8.207058587851398
face,20.0,980.0058480354764,230.0,hold,-2.6061455780929006e-20,-8.207058948971605
face,20.0,980.0097249247247,230.0,hold,-2.606145768771324e-20,-8.207059549440386
face,20.0,980.0161719540316,230.0,hold,-2.606146085812205e-20,-8.207060547839411
face,20.0,980.0268929688,230.0,hold,-2.60614661290555e-20,-8.207062207718348
face,20.0,980.04472135955,230.0,hold,-2.6061474890806204e-20,-8.207064966896697
face,20.0,980.0743688811331,230.0,hold,-2.6061489451420742e-20,-8.20706955220547
face,20.0,980.1236708932071,230.0,hold,-2.6061513638206677e-20,-8.207077168908835
face,20.0,980.2056571188596,230.0,hold,-2.6061553785882435e-20,-8.207089811884131
face,20.0,980.3419951893353,230.0,hold,-2.6061620346564203e-20,-8.207110772625677
face,20.0,980.5687170479539,230.0,hold,-2.6061730476356786e-20,-8.207145453792661
face,20.0,980.9457416090032,230.0,hold,-2.6061912091304974e-20,-8.207202646475922
face,20.0,981.5727103560864,230.0,hold,-2.6062209957891203e-20,-8.207296448167304
face,20.0,982.6153209720237,230.0,hold,-2.6062694117005637e-20,-8.207448915566909
face,20.0,984.349118552082,230.0,hold,-2.606346961900067e-20,-8.207693130266263
face,20.0,987.232317708762,230.0,hold,-2.606468262495636e-20,-8.20807512010856
face,20.0,992.0269012707031,230.0,hold,-2.6066508931576094e-20,-8.208650245543343
face,20.0,1000.0,230.0,hold,-2.60690955743449e-20,-8.209464809774211
face,20.0,1003.0,229.75,ramp,-2.6070003759238514e-20,-8.21868416022696
face,20.0,1006.0,229.5,ramp,-2.6070963055807996e-20,-8.227939727145243
face,20.0,1009.0,229.25,ramp,-2.607196376499429e-20,-8.2372285646724
face,20.0,1012.0,229.0,ramp,-2.6072998309473843e-20,-8.246548385164965
face,20.0,1015.0,228.75,ramp,-2.6074060630327817e-20,-8.255897371755262
face,20.0,1018.0,228.5,ramp,-2.6075145782781895e-20,-8.265274052784767
face,20.0,1021.0,228.25,ramp,-2.6076249659906474e-20,-8.274677216017462
face,20.0,1024.0,228.0,ramp,-2.6077368799772538e-20,-8.284105848800518
face,20.0,1027.0,227.75,ramp,-2.6078500247892365e-20,-8.293559095412695
face,20.0,1030.0,227.5,ramp,-2.6079641456899092e-20,-8.303036225987363
face,20.0,1033.0,227.25,ramp,-2.6080790211759353e-20,-8.31253661336834
face,20.0,1036.0,227.0,ramp,-2.608194457282327e-20,-8.322059715504244
face,20.0,1039.0,226.75,ramp,-2.6083102831580395e-20,-8.331605061784968
face,20.0,1042.0,226.5,ramp,-2.6084263475647468e-20,-8.341172242239805
face,20.0,1045.0,226.25,ramp,-2.6085425160598303e-20,-8.350760898854338
face,20.0,1048.0,226.0,ramp,-2.6086586686963992e-20,-8.360370718486712
face,20.0,1051.0,225.75,ramp,-2.608774698121313e-20,-8.370001427013783
face,20.0,1054.0,225.5,ramp,-2.608890507984952e-20,-8.379652784439653
face,20.0,1057.0,225.25,ramp,-2.6090060115990926e-20,-8.389324580769426
face,20.0,1060.0,225.0,ramp,-2.609121130795073e-20,-8.3990166325002
face,20.0,1063.0,224.75,ramp,-2.6092357949457324e-20,-8.408728779616428
face,20.0,1066.0,224.5,ramp,-2.6093499401227584e-20,-8.41846088300208
face,20.0,1069.0,224.25,ramp,-2.6094635083670743e-20,-8.428212822200583
face,20.0,1072.0,224.0,ramp,-2.609576447054403e-20,-8.437984493467521
face,20.0,1075.0,223.75,ramp,-2.6096887083415142e-20,-8.447775808071459
face,20.0,1078.0,223.5,ramp,-2.6098002486813404e-20,-8.457586690806531
face,20.0,1081.0,223.25,ramp,-2.609911028397134e-20,-8.467417078686616
face,20.0,1084.0,223.0,ramp,-2.610021011307531e-20,-8.477266919796028
face,20.0,1087.0,222.75,ramp,-2.6101301643956443e-20,-8.487136172275681
face,20.0,1090.0,222.5,ramp,-2.6102384575163848e-20,-8.497024803426829
face,20.0,1093.0,222.25,ramp,-2.6103458631370915e-20,-8.506932788917315
face,20.0,1096.0,222.0,ramp,-2.6104523561072318e-20,-8.516860112077307
face,20.0,1099.0,221.75,ramp,-2.610557913453562e-20,-8.526806763273434
face,20.0,1102.0,221.5,ramp,-2.610662514197626e-20,-8.536772739351717
face,20.0,1105.0,221.25,ramp,-2.6107661391928868e-20,-8.546758043140995
face,20.0,1108.0,221.0,ramp,-2.6108687709791484e-20,-8.556762683009662
face,20.0,1111.0,220.75,ramp,-2.6109703936522416e-20,-8.566786672469458
face,20.0,1114.0,220.5,ramp,-2.611070992747173e-20,-8.576830029820796
face,20.0,1117.0,220.25,ramp,-2.6111705551332057e-20,-8.586892777834915
face,20.0,1120.0,220.0,ramp,-2.6112690689194967e-20,-8.596974943468604
face,20.0,1120.0001,220.0,hold,-2.6112690721858878e-20,-8.59697495422241
face,20.0,1120.0001662938737,220.0,hold,-2.6112690743513026e-20,-8.596974961351517
face,20.0,1120.000276536524,220.0,hold,-2.611269077952253e-20,-8.59697497320678
face,20.0,1120.000459863298,220.0,hold,-2.6112690839404037e-20,-8.596974992921325
face,20.0,1120.0007647244913,220.0,hold,-2.6112690938983083e-20,-8.59697502570533
face,20.0,1120.0012716899791,220.0,hold,-2.61126911045763e-20,-8.59697508022291
face,20.0,1120.0021147425268,220.0,hold,-2.611269137994591e-20,-8.596975170881727
face,20.0,1120.0035166872651,220.0,hold,-2.611269183786382e-20,-8.596975321640178
face,20.0,1120.0058480354764,220.0,hold,-2.6112692599339728e-20,-8.596975572337794
face,20.0,1120.0097249247247,220.0,hold,-2.611269386559015e-20,-8.59697598922027
face,20.0,1120.0161719540317,220.0,hold,-2.6112695971183666e-20,-8.596976682436258
face,20.0,1120.0268929688,220.0,hold,-2.6112699472370947e-20,-8.596977835117906
face,20.0,1120.04472135955,220.0,hold,-2.6112705293840823e-20,-8.596979751696756
face,20.0,1120.074368881133,220.0,hold,-2.611271497240438e-20,-8.596982938130868
face,20.0,1120.123670893207,220.0,hold,-2.6112731061225284e-20,-8.596988234987935
face,20.0,1120.2056571188596,220.0,hold,-2.6112757799266292e-20,-8.59699703784442
face,20.0,1120.3419951893354,220.0,hold,-2.6112802216916624e-20,-8.597011661286771
face,20.0,1120.568717047954,220.0,hold,-2.6112875953609374e-20,-8.597035937318205
face,20.0,1120.945741609003,220.0,hold,-2.6112998222872642e-20,-8.597076191530427
face,20.0,1121.5727103560864,220.0,hold,-2.6113200586024015e-20,-8.59714281472765
face,20.0,1122.6153209720237,220.0,hold,-2.6113534465802623e-20,-8.597252736609121
face,20.0,1124.349118552082,220.0,hold,-2.611408250834098e-20,-8.597433166424887
face,20.0,1127.2323177087621,220.0,hold,-2.6114974525477627e-20,-8.597726841598547
face,20.0,1132.026901270703,220.0,hold,-2.611640659209448e-20,-8.598198315065952
face,20.0,1140.0,220.0,hold,-2.6118655231947248e-20,-8.598938625618441
face,20.0,1143.0,219.75,ramp,-2.611947165622584e-20,-8.6089903572507
face,20.0,1146.0,219.5,ramp,-2.6120287368402002e-20,-8.619064750789324
face,20.0,1149.0,219.25,ramp,-2.6121101376739304e-20,-8.629161556132841
face,20.0,1152.0,219.0,ramp,-2.6121912812987048e-20,-8.63928056287811
face,20.0,1155.0,218.75,ramp,-2.6122720913689933e-20,-8.649421594358655
face,20.0,1158.0,218.5,ramp,-2.612352500489398e-20,-8.659584502767904
face,20.0,1161.0,218.25,ramp,-2.6124324489562803e-20,-8.669769165148363
face,20.0,1164.0,218.0,ramp,-2.612511883716686e-20,-8.67997548007517
face,20.0,1167.0,217.75,ramp,-2.6125907575023588e-20,-8.69020336489919
face,20.0,1170.0,217.5,ramp,-2.61266902810548e-20,-8.700452753443063
face,20.0,1173.0,217.25,ramp,-2.6127466577696803e-20,-8.710723594065657
face,20.0,1176.0,217.0,ramp,-2.6128236126752588e-20,-8.72101584802756
face,20.0,1179.0,216.75,ramp,-2.6128998625017553e-20,-8.731329488103794
face,20.0,1182.0,216.5,ramp,-2.6129753800543195e-20,-8.741664497400295
face,20.0,1185.0,216.25,ramp,-2.6130501409429646e-20,-8.752020868339352
face,20.0,1188.0,216.0,ramp,-2.6131241233058428e-20,-8.762398601785595
face,20.0,1191.0,215.75,ramp,-2.6131973075693302e-20,-8.772797706289484
face,20.0,1194.0,215.5,ramp,-2.6132696762390437e-20,-8.783218197429504
face,20.0,1197.0,215.25,ramp,-2.613341213716953e-20,-8.79366009723757
face,20.0,1200.0,215.0,ramp,-2.6134119061405898e-20,-8.804123433694874
face,20.0,1203.0,214.75,ramp,-2.6134817412410848e-20,-8.814608240287706
face,20.0,1206.0,214.5,ramp,-2.613550708217266e-20,-8.82511455561441
face,20.0,1209.0,214.25,ramp,-2.6136187976235522e-20,-8.835642423036216
face,20.0,1212.0,214.0,ramp,-2.613686001269715e-20,-8.846191890365805
face,20.0,1215.0,213.75,ramp,-2.6137523121309102e-20,-8.85676300958847
face,20.0,1218.0,213.5,ramp,-2.6138177242666077e-20,-8.867355836611523
face,20.0,1221.0,213.25,ramp,-2.6138822327472746e-20,-8.877970431038268
face,20.0,1224.0,213.0,ramp,-2.6139458335878362e-20,-8.888606855963422
face,20.0,1227.0,212.75,ramp,-2.6140085236870676e-20,-8.899265177787294
face,20.0,1230.0,212.5,ramp,-2.6140703007722096e-20,-8.909945466046457
face,20.0,1233.0,212.25,ramp,-2.614131163348186e-20,-8.920647793258915
face,20.0,1236.0,212.0,ramp,-2.6141911106509007e-20,-8.931372234782135
face,20.0,1239.0,211.75,ramp,-2.6142501426041386e-20,-8.942118868682376
face,20.0,1242.0,211.5,ramp,-2.6143082597796956e-20,-8.952887775614169
face,20.0,1245.0,211.25,ramp,-2.6143654633603692e-20,-8.963679038708731
face,20.0,1248.0,211.0,ramp,-2.6144217551055202e-20,-8.974492743470439
face,20.0,1251.0,210.75,ramp,-2.6144771373189336e-20,-8.985328977680423
face,20.0,1254.0,210.5,ramp,-2.61453161281876e-20,-8.996187831306688
face,20.0,1257.0,210.25,ramp,-2.6145851849093068e-20,-9.007069396419924
face,20.0,1260.0,210.0,ramp,-2.6146378573545337e-20,-9.01797376711461
face,20.0,1260.0001,210.0,hold,-2.6146378590953264e-20,-9.017973773118662
face,20.0,1260.0001662938737,210.0,hold,-2.6146378602493647e-20,-9.017973777098979
face,20.0,1260.000276536524,210.0,hold,-2.6146378621684594e-20,-9.017973783718
face,20.0,1260.000459863298,210.0,hold,-2.614637865359795e-20,-9.017973794725025
face,20.0,1260.0007647244913,210.0,hold,-2.6146378706667875e-20,-9.01797381302902
face,20.0,1260.0012716899791,210.0,hold,-2.6146378794919796e-20,-9.017973843467402
face,20.0,1260.0021147425268,210.0,hold,-2.6146378941677036e-20,-9.017973894084468
face,20.0,1260.0035166872651,210.0,hold,-2.614637918572453e-20,-9.017973978257267
face,20.0,1260.0058480354764,210.0,hold,-2.6146379591558304e-20,-9.017974118230699
face,20.0,1260.0097249247247,210.0,hold,-2.6146380266428797e-20,-9.017974350995798
face,20.0,1260.0161719540317,210.0,hold,-2.6146381388679893e-20,-9.01797473806397
face,20.0,1260.0268929688,210.0,hold,-2.614638325486719e-20,-9.017975381718236
face,20.0,1260.04472135955,210.0,hold,-2.6146386358090918e-20,-9.017976452030519
face,20.0,1260.074368881133,210.0,hold,-2.614639151819849e-20,-9.017978231768948
face,20.0,1260.123670893207,210.0,hold,-2.614640009813654e-20,-9.017981191018393
face,20.0,1260.2056571188596,210.0,hold,-2.614641436327021e-20,-9.017986111110897
face,20.0,1260.3419951893354,210.0,hold,-2.61464380776357e-20,-9.017994290275185
face,20.0,1260.568717047954,210.0,hold,-2.6146477491956078e-20,-9.018007884406632
face,20.0,1260.945741609003,210.0,hold,-2.614654297695582e-20,-9.018030470402936
face,20.0,1261.5727103560864,210.0,hold,-2.6146651712773677e-20,-9.01806797375164
face,20.0,1262.6153209720237,210.0,hold,-2.6146832088042618e-20,-9.01813018578758
face,20.0,1264.349118552082,210.0,hold,-2.6147130815252748e-20,-9.018233217805452
face,20.0,1267.2323177087621,210.0,hold,-2.614762422132512e-20,-9.018403395216625
face,20.0,1272.026901270703,210.0,hold,-2.6148435574969862e-20,-9.018683233813146
face,20.0,1280.0,210.0,hold,-2.6149760113278636e-20,-9.019140071523518
face,20.0,1283.0,209.75,ramp,-2.615024899083673e-20,-9.0300587569837
face,20.0,1286.0,209.5,ramp,-2.6150730223463075e-20,-9.041000858303441
face,20.0,1289.0,209.25,ramp,-2.6151203793175013e-20,-9.051966453186042
face,20.0,1292.0,209.0,ramp,-2.615166969043892e-20,-9.062955622634638
face,20.0,1295.0,208.75,ramp,-2.61521279135429e-20,-9.073968450754291
face,20.0,1298.0,208.5,ramp,-2.615257846802473e-20,-9.085005024571874
face,20.0,1301.0,208.25,ramp,-2.6153021366148424e-20,-9.096065433871553
face,20.0,1304.0,208.0,ramp,-2.6153456626424382e-20,-9.107149771044263
face,20.0,1307.0,207.75,ramp,-2.6153884273167913e-20,-9.118258130949476
face,20.0,1310.0,207.5,ramp,-2.615430433609235e-20,-9.129390610788045
face,20.0,1313.0,207.25,ramp,-2.6154716849932848e-20,-9.140547309984854
face,20.0,1316.0,207.0,ramp,-2.6155121854097897e-20,-9.15172833008031
face,20.0,1319.0,206.75,ramp,-2.6155519392345526e-20,-9.162933774629698
face,20.0,1322.0,206.5,ramp,-2.6155909512481996e-20,-9.174163749109693
face,20.0,1325.0,206.25,ramp,-2.615629226608062e-20,-9.18541836083127
face,20.0,1328.0,206.0,ramp,-2.615666770821888e-20,-9.196697718858388
face,20.0,1331.0,205.75,ramp,-2.6157035897232185e-20,-9.208001933931982
face,20.0,1334.0,205.5,ramp,-2.6157396894482687e-20,-9.21933111839865
face,20.0,1337.0,205.25,ramp,-2.6157750764141947e-20,-9.230685386143767
face,20.0,1340.0,205.0,ramp,-2.615809757298616e-20,-9.242064852528493
face,20.0,1343.0,204.75,ramp,-2.6158437390203e-20,-9.25346963433048
face,20.0,1346.0,204.5,ramp,-2.6158770287209055e-20,-9.264899849687838
face,20.0,1349.0,204.25,ramp,-2.615909633747713e-20,-9.276355618046253
face,20.0,1352.0,204.0,ramp,-2.6159415616372566e-20,-9.28783706010886
face,20.0,1355.0,203.75,ramp,-2.6159728200997968e-20,-9.299344297788776
face,20.0,1358.0,203.5,ramp,-2.6160034170045766e-20,-9.310877454164045
face,20.0,1361.0,203.25,ramp,-2.6160333603658044e-20,-9.322436653434861
face,20.0,1364.0,203.0,ramp,-2.6160626583293113e-20,-9.334022020882864
face,20.0,1367.0,202.75,ramp,-2.6160913191598502e-20,-9.345633682832442
face,20.0,1370.0,202.5,ramp,-2.6161193512289894e-20,-9.357271766613854
face,20.0,1373.0,202.25,ramp,-2.6161467630035626e-20,-9.3689364005281
face,20.0,1376.0,202.0,ramp,-2.616173563034655e-20,-9.380627713813421
face,20.0,1379.0,201.75,ramp,-2.6161997599470884e-20,-9.392345836613373
face,20.0,1382.0,201.5,ramp,-2.6162253624293707e-20,-9.404090899946295
face,20.0,1385.0,201.25,ramp,-2.616250379224108e-20,-9.41586303567626
face,20.0,1388.0,201.0,ramp,-2.6162748191188323e-20,-9.427662376485262
face,20.0,1391.0,200.75,ramp,-2.616298690937245e-20,-9.439489055846728
face,20.0,1394.0,200.5,ramp,-2.616322003530846e-20,-9.451343208000203
face,20.0,1397.0,200.25,ramp,-2.6163447657709267e-20,-9.463224967927188
face,20.0,1400.0,200.0,ramp,-2.6163669865409297e-20,-9.475134471328083
face,20.0,1400.0001,200.0,hold,-2.6163669872727043e-20,-9.475134473978194
face,20.0,1400.0001662938737,200.0,hold,-2.6163669877578262e-20,-9.475134475735056
face,20.0,1400.000276536524,200.0,hold,-2.6163669885645534e-20,-9.475134478656607
face,20.0,1400.000459863298,200.0,hold,-2.6163669899060912e-20,-9.475134483514966
face,20.0,1400.0007647244913,200.0,hold,-2.6163669921369855e-20,-9.475134491594117
face,20.0,1400.0012716899791,200.0,hold,-2.616366995846826e-20,-9.475134505029251
face,20.0,1400.0021147425268,200.0,hold,-2.6163670020160603e-20,-9.475134527371042
face,20.0,1400.0035166872651,200.0,hold,-2.6163670122751082e-20,-9.475134564524032
face,20.0,1400.0058480354764,200.0,hold,-2.6163670293352505e-20,-9.475134626307085
face,20.0,1400.0097249247247,200.0,hold,-2.616367057705149e-20,-9.475134729048253
face,20.0,1400.0161719540317,200.0,hold,-2.6163671048823508e-20,-9.475134899899796
face,20.0,1400.0268929688,200.0,hold,-2.6163671833345907e-20,-9.475135184013427
face,20.0,1400.04472135955,200.0,hold,-2.6163673137943197e-20,-9.47513565647141
face,20.0,1400.074368881133,200.0,hold,-2.616367530736599e-20,-9.475136442124677
face,20.0,1400.123670893207,200.0,hold,-2.616367891486547e-20,-9.475137748575296
face,20.0,1400.2056571188596,200.0,hold,-2.6163684913590584e-20,-9.475139921004752
face,20.0,1400.3419951893354,200.0,hold,-2.6163694888202872e-20,-9.475143533295888
face,20.0,1400.568717047954,200.0,hold,-2.6163711472883602e-20,-9.475149539413566
face,20.0,1400.945741609003,200.0,hold,-2.616373904531279e-20,-9.475159524728149
face,20.0,1401.5727103560864,200.0,hold,-2.6163784877562716e-20,-9.475176122809893
face,20.0,1402.6153209720237,200.0,hold,-2.616386104126965e-20,-9.475203705384079
face,20.0,1404.349118552082,200.0,hold,-2.6163987551869588e-20,-9.475249521011346
face,20.0,1407.2323177087621,200.0,hold,-2.6164197531470548e-20,-9.475325564814282
face,20.0,1412.026901270703,200.0,hold,-2.616454561436862e-20,-9.475451622522675
face,20.0,1420.0,200.0,hold,-2.6165121435794627e-20,-9.47566015540323
tip,20.0,0.0,300.0,initial,0.0,0.0
tip,20.0,0.0001,300.0,hold,-5.989826427684996e-25,-0.00014461378737306384
tip,20.0,0.00016629387362411343,300.0,hold,-9.960316469241317e-25,-0.00024047426172380565
tip,20.0,0.0002765365240491264,300.0,hold,-1.6562295761389013e-24,-0.00039986739959224524
tip,20.0,0.00045986329782677027,300.0,hold,-2.7539040742178212e-24,-0.0006648815337853964
tip,20.0,0.0007647244913317298,300.0,hold,-4.578732574819881e-24,-0.001105454168008398
tip,20.0,0.001271689979187831,300.0,hold,-7.611826309652262e-24,-0.001837741117800943
tip,20.0,0.0021147425268811283,300.0,hold,-1.2651573478052164e-23,-0.0030544991227681485
tip,20.0,0.0035166872651270866,300.0,hold,-2.102103317661362e-23,-0.005075157450496981
tip,20.0,0.005848035476425728,300.0,hold,-3.490765310026549e-23,-0.008427836739645748
tip,20.0,0.00972492472466073,300.0,hold,-5.791400998287593e-23,-0.013982315559053732
tip,20.0,0.016171954031667476,300.0,hold,-9.593485675620009e-23,-0.02316177796485568
tip,20.0,0.026892968799970832,300.0,hold,-1.5851029823410146e-22,-0.038269513886609714
tip,20.0,0.044721359549995794,300.0,hold,-2.607939002671306e-22,-0.06296408434659609
tip,20.0,0.0743688811330554,300.0,hold,-4.260859519634633e-22,-0.10287093291233888
tip,20.0,0.12367089320707028,300.0,hold,-6.881801994471318e-22,-0.1661489631439349
tip,20.0,0.20565711885957794,300.0,hold,-1.0908740960844307e-21,-0.263372297155041
tip,20.0,0.3419951893353393,300.0,hold,-1.6781234037279737e-21,-0.40515327784927563
tip,20.0,0.5687170479538566,300.0,hold,-2.464127071324158e-21,-0.5949199908458891
tip,20.0,0.9457416090031759,300.0,hold,-3.3805147646411858e-21,-0.8161656256444579
tip,20.0,1.5727103560863966,300.0,hold,-4.245350898699926e-21,-1.0249650463175715
tip,20.0,2.61532097202366,300.0,hold,-4.857265216602245e-21,-1.1727009584145438
tip,20.0,4.349118552081964,300.0,hold,-5.1757223515620745e-21,-1.2495868130524304
tip,20.0,7.2323177087620465,300.0,hold,-5.301247095827883e-21,-1.2798925471107871
tip,20.0,12.026901270703146,300.0,hold,-5.331247109034297e-21,-1.2871355208152824
tip,20.0,20.0,300.0,hold,-5.333803955962214e-21,-1.2877528263790468
tip,20.0,23.0,299.75,ramp,-5.335726289520061e-21,-1.289291349346218
tip,20.0,26.0,299.5,ramp,-5.339687448112796e-21,-1.2913255008864581
tip,20.0,29.0,299.25,ramp,-5.343861820157564e-21,-1.2934146568151264
tip,20.0,32.0,299.0,ramp,-5.348082994148227e-21,-1.2955186436103714
tip,20.0,35.0,298.75,ramp,-5.3523190027774865e-21,-1.2976297482697077
tip,20.0,38.0,298.5,ramp,-5.3565629990482714e-21,-1.2997463272836514
tip,20.0,41.0,298.25,ramp,-5.36081346220355e-21,-1.3018680251041141
tip,20.0,44.0,298.0,ramp,-5.3650700423883176e-21,-1.303994769580793
tip,20.0,47.0,297.75,ramp,-5.369332653979352e-21,-1.3061265525972399
tip,20.0,50.0,297.5,ramp,-5.373601272307322e-21,-1.3082633808496316
tip,20.0,53.0,297.25,ramp,-5.377875886896341e-21,-1.3104052645151296
tip,20.0,56.0,297.0,ramp,-5.382156490430418e-21,-1.3125522145757713
tip,20.0,59.0,296.75,ramp,-5.386443076080926e-21,-1.314704242169554
tip,20.0,62.0,296.5,ramp,-5.390735636838875e-21,-1.3168613584279814
tip,20.0,65.0,296.25,ramp,-5.395034165339598e-21,-1.3190235744331729
tip,20.0,68.0,296.0,ramp,-5.399338653811068e-21,-1.3211909012050083
tip,20.0,71.0,295.75,ramp,-5.403649094053776e-21,-1.3233633496959365
tip,20.0,74.0,295.5,ramp,-5.4079654774288425e-21,-1.3255409307877786
tip,20.0,77.0,295.25,ramp,-5.412287794847964e-21,-1.327723655288959
tip,20.0,80.0,295.0,ramp,-5.416616036763701e-21,-1.329911533931813
tip,20.0,83.0,294.75,ramp,-5.4209501931596386e-21,-1.3321045773698446
tip,20.0,86.0,294.5,ramp,-5.425290253540248e-21,-1.3343027961748983
tip,20.0,89.0,294.25,ramp,-5.429636206920371e-21,-1.336506200834225
tip,20.0,92.0,294.0,ramp,-5.433988041814392e-21,-1.338714801747454
tip,20.0,95.0,293.75,ramp,-5.438345746225021e-21,-1.3409286092234534
tip,20.0,98.0,293.5,ramp,-5.442709307631738e-21,-1.3431476334770944
tip,20.0,101.0,293.25,ramp,-5.447078712978778e-21,-1.345371884625881
tip,20.0,104.0,293.0,ramp,-5.451453948662803e-21,-1.3476013726864873
tip,20.0,107.0,292.75,ramp,-5.4558350005201015e-21,-1.349836107571161
tip,20.0,110.0,292.5,ramp,-5.460221853813511e-21,-1.3520760990840373
tip,20.0,113.0,292.25,ramp,-5.46461449321877e-21,-1.354321356917296
tip,20.0,116.0,292.0,ramp,-5.469012902810546e-21,-1.3565718906472153
tip,20.0,119.0,291.75,ramp,-5.4734170660480575e-21,-1.3588277097301047
tip,20.0,122.0,291.5,ramp,-5.477826965760227e-21,-1.3610888234981044
tip,20.0,125.0,291.25,ramp,-5.482242584130463e-21,-1.363355241154865
tip,20.0,128.0,291.0,ramp,-5.4866639026809486e-21,-1.365626971771087
tip,20.0,131.0,290.75,ramp,-5.4910909022565716e-21,-1.3679040242799445
tip,20.0,134.0,290.5,ramp,-5.495523563008349e-21,-1.3701864074723622
tip,20.0,137.0,290.25,ramp,-5.499961864376486e-21,-1.3724741299921734
tip,20.0,140.0,290.0,ramp,-5.504405785072977e-21,-1.3747672003311429
tip,20.0,140.0001,290.0,hold,-5.504405968347495e-21,-1.3747672461053475
tip,20.0,140.00016629387363,290.0,hold,-5.504406089841551e-21,-1.3747672764494117
tip,20.0,140.00027653652404,290.0,hold,-5.504406291868618e-21,-1.374767326907208
tip,20.0,140.00045986329783,290.0,hold,-5.504406627799318e-21,-1.3747674108084547
tip,20.0,140.00076472449132,290.0,hold,-5.504407186354253e-21,-1.374767550311797
tip,20.0,140.00127168997918,290.0,hold,-5.504408114983349e-21,-1.374767782243975
tip,20.0,140.00211474252689,290.0,hold,-5.504409658646351e-21,-1.3747681677855477
tip,20.0,140.00351668726512,290.0,hold,-5.5044122240320785e-21,-1.3747688085101404
tip,20.0,140.00584803547642,290.0,hold,-5.504416485605316e-21,-1.3747698728704614
tip,20.0,140.00972492472465,290.0,hold,-5.5044235599026205e-21,-1.3747716397300063
tip,20.0,140.01617195403168,290.0,hold,-5.504435289735719e-21,-1.3747745693450162
tip,20.0,140.02689296879998,290.0,hold,-5.504454701387884e-21,-1.3747794175527508
tip,20.0,140.04472135954998,290.0,hold,-5.504486723087533e-21,-1.3747874152157311
tip,20.0,140.07436888113307,290.0,hold,-5.5045392678246336e-21,-1.3748005386633722
tip,20.0,140.12367089320708,290.0,hold,-5.5046247407136175e-21,-1.3748218861673318
tip,20.0,140.2056571188596,290.0,hold,-5.504761805370961e-21,-1.3748561191077433
tip,20.0,140.34199518933534,290.0,hold,-5.504976569532567e-21,-1.3749097580901715
tip,20.0,140.56871704795387,290.0,hold,-5.505300866891092e-21,-1.3749907538214206
tip,20.0,140.94574160900316,290.0,hold,-5.505763235535489e-21,-1.3751062339062106
tip,20.0,141.5727103560864,290.0,hold,-5.506368511358793e-21,-1.3752574061455989
tip,20.0,142.61532097202365,290.0,hold,-5.5070720428585645e-21,-1.3754331184873212
tip,20.0,144.34911855208196,290.0,hold,-5.5077735201601845e-21,-1.3756083177774352
tip,20.0,147.23231770876205,290.0,hold,-5.508348522516965e-21,-1.37575192898836
tip,20.0,152.02690127070315,290.0,hold,-5.508699331543918e-21,-1.3758395462103936
tip,20.0,160.0,290.0,hold,-5.508826744793363e-21,-1.375871368638293
tip,20.0,163.0,289.75,ramp,-5.510439271002783e-21,-1.377461576196779
tip,20.0,166.0,289.5,ramp,-5.514014046881258e-21,-1.3795454634401008
tip,20.0,169.0,289.25,ramp,-5.518106745383574e-21,-1.3817626434286683
tip,20.0,172.0,289.0,ramp,-5.5224022976192604e-21,-1.3840344989400488
tip,20.0,175.0,288.75,ramp,-5.526791575680417e-21,-1.386333798474496
tip,20.0,178.0,288.5,ramp,-5.531228066256073e-21,-1.3886489359232317
tip,20.0,181.0,288.25,ramp,-5.535690283033993e-21,-1.3909745535453213
tip,20.0,184.0,288.0,ramp,-5.540167943508447e-21,-1.3933080926646249
tip,20.0,187.0,287.75,ramp,-5.544656020690217e-21,-1.395648308581841
tip,20.0,190.0,287.5,ramp,-5.549152012115426e-21,-1.3979945882704568
tip,20.0,193.0,287.25,ramp,-5.5536546475689126e-21,-1.4003466272797114
tip,20.0,196.0,287.0,ramp,-5.558163266274285e-21,-1.4027042739010727
tip,20.0,199.0,286.75,ramp,-5.562677512418505e-21,-1.4050674529271323
tip,20.0,202.0,286.5,ramp,-5.567197184387913e-21,-1.4074361278709286
tip,20.0,205.0,286.25,ramp,-5.571722159202701e-21,-1.4098102820147227
tip,20.0,208.0,286.0,ramp,-5.576252354189777e-21,-1.412189908790026
tip,20.0,211.0,285.75,ramp,-5.580787707313298e-21,-1.414575006836334
tip,20.0,214.0,285.5,ramp,-5.585328166960396e-21,-1.4169655774326249
tip,20.0,217.0,285.25,ramp,-5.58987368657229e-21,-1.4193616231456783
tip,20.0,220.0,285.0,ramp,-5.594424221785836e-21,-1.4217631471092766
tip,20.0,223.0,284.75,ramp,-5.598979728889818e-21,-1.4241701526340345
tip,20.0,226.0,284.5,ramp,-5.603540163976721e-21,-1.4265826429922281
tip,20.0,229.0,284.25,ramp,-5.608105482466613e-21,-1.4290006212963062
tip,20.0,232.0,284.0,ramp,-5.6126756388317715e-21,-1.4314240904279592
tip,20.0,235.0,283.75,ramp,-5.617250586430631e-21,-1.4338530529947142
tip,20.0,238.0,283.5,ramp,-5.621830277402125e-21,-1.4362875113017326
tip,20.0,241.0,283.25,ramp,-5.626414662593209e-21,-1.438727467331944
tip,20.0,244.0,283.0,ramp,-5.631003691505075e-21,-1.4411729227308554
tip,20.0,247.0,282.75,ramp,-5.63559731224977e-21,-1.4436238787939486
tip,20.0,250.0,282.5,ramp,-5.640195471512654e-21,-1.4460803364555055
tip,20.0,253.0,282.25,ramp,-5.644798114518151e-21,-1.4485422962782177
tip,20.0,256.0,282.0,ramp,-5.649405184997292e-21,-1.4510097584432067
tip,20.0,259.0,281.75,ramp,-5.654016625156228e-21,-1.453482722740234
tip,20.0,262.0,281.5,ramp,-5.658632375645177e-21,-1.4559611885579733
tip,20.0,265.0,281.25,ramp,-5.6632523755276245e-21,-1.4584451548742976
tip,20.0,268.0,281.0,ramp,-5.667876562249539e-21,-1.4609346202465165
tip,20.0,271.0,280.75,ramp,-5.672504871608548e-21,-1.4634295828015502
tip,20.0,274.0,280.5,ramp,-5.677137237723016e-21,-1.4659300402260291
tip,20.0,277.0,280.25,ramp,-5.681773593001008e-21,-1.4684359897563068
tip,20.0,280.0,280.0,ramp,-5.686413868109165e-21,-1.4709474281683996
tip,20.0,280.0001,280.0,hold,-5.6864140315091975e-21,-1.4709474704363146
tip,20.0,280.00016629387363,280.0,hold,-5.686414139831186e-21,-1.4709474984567779
tip,20.0,280.00027653652404,280.0,hold,-5.68641431996009e-21,-1.4709475450520757
tip,20.0,280.0004598632978,280.0,hold,-5.686414619492565e-21,-1.470947622534393
tip,20.0,280.0007647244913,280.0,hold,-5.686415117566703e-21,-1.470947751374975
tip,20.0,280.0012716899792,280.0,hold,-5.686415945750479e-21,-1.470947965607499
tip,20.0,280.0021147425269,280.0,hold,-5.686417322739869e-21,-1.4709483218036974
tip,20.0,280.0035166872651,280.0,hold,-5.686419611954431e-21,-1.4709489139720393
tip,20.0,280.00584803547645,280.0,hold,-5.686423417024436e-21,-1.4709498982581057
tip,20.0,280.00972492472465,280.0,hold,-5.686429739777513e-21,-1.4709515338121812
tip,20.0,280.0161719540317,280.0,hold,-5.6864402407481696e-21,-1.470954250177212
tip,20.0,280.0268929688,280.0,hold,-5.6864576663022344e-21,-1.4709587577762946
tip,20.0,280.04472135955,280.0,hold,-5.6864865422309274e-21,-1.4709662273298714
tip,20.0,280.07436888113307,280.0,hold,-5.686534281667645e-21,-1.4709785764488927
tip,20.0,280.1236708932071,280.0,hold,-5.686612904682429e-21,-1.4709989144552484
tip,20.0,280.20565711885956,280.0,hold,-5.686741571641079e-21,-1.471032197704816
tip,20.0,280.34199518933536,280.0,hold,-5.6869499527518894e-21,-1.4710861012134482
tip,20.0,280.56871704795384,280.0,hold,-5.687281750859495e-21,-1.4711719299245434
tip,20.0,280.94574160900316,280.0,hold,-5.687795828669867e-21,-1.4713049102968103
tip,20.0,281.5727103560864,280.0,hold,-5.688558829223111e-21,-1.471502281386484
tip,20.0,282.61532097202365,280.0,hold,-5.689619760931337e-21,-1.4717767205679917
tip,20.0,284.34911855208196,280.0,hold,-5.690962816344392e-21,-1.4721241388093547
tip,20.0,287.232317708762,280.0,hold,-5.6924618815508075e-21,-1.472511913276915
tip,20.0,292.02690127070315,280.0,hold,-5.6938845014137456e-21,-1.472879913052729
tip,20.0,300.0,280.0,hold,-5.694957440335531e-21,-1.4731574582304434
tip,20.0,303.0,279.75,ramp,-5.696286375402151e-21,-1.4748180256642602
tip,20.0,306.0,279.5,ramp,-5.699162235460004e-21,-1.4768824342599274
tip,20.0,309.0,279.25,ramp,-5.70274781886178e-21,-1.47913462175208
tip,20.0,312.0,279.0,ramp,-5.70671164980154e-21,-1.4814890402528347
tip,20.0,315.0,278.75,ramp,-5.7109006574225435e-21,-1.4839061912733444
tip,20.0,318.0,278.5,ramp,-5.7152342794206196e-21,-1.4863652918529338
tip,20.0,321.0,278.25,ramp,-5.719665580584688e-21,-1.4888542376202423
tip,20.0,324.0,278.0,ramp,-5.724165153629556e-21,-1.4913654473626616
tip,20.0,327.0,277.75,ramp,-5.72871363826307e-21,-1.4938939325571625
tip,20.0,330.0,277.5,ramp,-5.7332978571375075e-21,-1.4964363005016874
tip,20.0,333.0,277.25,ramp,-5.737908632982445e-21,-1.498990191250596
tip,20.0,336.0,277.0,ramp,-5.7425394663732836e-21,-1.501553936539253
tip,20.0,339.0,276.75,ramp,-5.747185692998922e-21,-1.5041263423522184
tip,20.0,342.0,276.5,ramp,-5.7518439269764285e-21,-1.5067065452424426
tip,20.0,345.0,276.25,ramp,-5.756511683826542e-21,-1.509293914975383
tip,20.0,348.0,276.0,ramp,-5.761187120561482e-21,-1.5118879873773816
tip,20.0,351.0,275.75,ramp,-5.765868854150868e-21,-1.514488417405897
tip,20.0,354.0,275.5,ramp,-5.770555833441554e-21,-1.5170949460173992
tip,20.0,357.0,275.25,ramp,-5.775247248043041e-21,-1.5197073765818867
tip,20.0,360.0,275.0,ramp,-5.7799424630500695e-21,-1.522325557973775
tip,20.0,363.0,274.75,ramp,-5.78464097198041e-21,-1.5249493723723608
tip,20.0,366.0,274.5,ramp,-5.7893423626478536e-21,-1.5275787264087175
tip,20.0,369.0,274.25,ramp,-5.794046292279725e-21,-1.5302135447056504
tip,20.0,372.0,274.0,ramp,-5.798752469279941e-21,-1.5328537651389889
tip,20.0,375.0,273.75,ramp,-5.803460639795067e-21,-1.5354993353437016
tip,20.0,378.0,273.5,ramp,-5.808170577769573e-21,-1.5381502101248836
tip,20.0,381.0,273.25,ramp,-5.812882077548441e-21,-1.5408063495297433
tip,20.0,384.0,273.0,ramp,-5.817594948348261e-21,-1.543467717404734
tip,20.0,387.0,272.75,ramp,-5.822309010105335e-21,-1.546134280310413
tip,20.0,390.0,272.5,ramp,-5.827024090343153e-21,-1.5488060067012768
tip,20.0,393.0,272.25,ramp,-5.8317400217979435e-21,-1.551482866302755
tip,20.0,396.0,272.0,ramp,-5.836456640610312e-21,-1.5541648296355106
tip,20.0,399.0,271.75,ramp,-5.841173784941618e-21,-1.5568518676503198
tip,20.0,402.0,271.5,ramp,-5.845891293910307e-21,-1.5595439514462912
tip,20.0,405.0,271.25,ramp,-5.850609006770359e-21,-1.5622410520521774
tip,20.0,408.0,271.0,ramp,-5.8553267622736964e-21,-1.564943140255641
tip,20.0,411.0,270.75,ramp,-5.860044398173071e-21,-1.567650186469158
tip,20.0,414.0,270.5,ramp,-5.8647617508326594e-21,-1.5703621606240152
tip,20.0,417.0,270.25,ramp,-5.869478654921528e-21,-1.5730790320859307
tip,20.0,420.0,270.0,ramp,-5.874194943171427e-21,-1.5758007695874607
tip,20.0,420.0001,270.0,hold,-5.874195102158716e-21,-1.5758008122370992
tip,20.0,420.00016629387363,270.0,hold,-5.874195207556608e-21,-1.5758008405109447
tip,20.0,420.00027653652404,270.0,hold,-5.874195382825192e-21,-1.575800887528174
tip,20.0,420.0004598632978,270.0,hold,-5.8741956742815325e-21,-1.5758009657137175
tip,20.0,420.0007647244913,270.0,hold,-5.8741961589429105e-21,-1.5758010957280906
tip,20.0,420.0012716899792,270.0,hold,-5.874196964870084e-21,-1.5758013119246372
tip,20.0,420.0021147425269,270.0,hold,-5.8741983049808024e-21,-1.5758016714202823
tip,20.0,420.0035166872651,270.0,hold,-5.874200533235182e-21,-1.5758022691677185
tip,20.0,420.00584803547645,270.0,hold,-5.874204237945728e-21,-1.5758032629865797
tip,20.0,420.00972492472465,270.0,hold,-5.874210396606849e-21,-1.575804915097725
tip,20.0,420.0161719540317,270.0,hold,-5.874220632429744e-21,-1.5758076609408151
tip,20.0,420.0268929688,270.0,hold,-5.87423763835866e-21,-1.5758122229201386
tip,20.0,420.04472135955,270.0,hold,-5.874265875061214e-21,-1.5758197976462154
tip,20.0,420.07436888113307,270.0,hold,-5.874312712071e-21,-1.5758323620566204
tip,20.0,420.1236708932071,270.0,hold,-5.874390271880892e-21,-1.575853168109075
tip,20.0,420.20565711885956,270.0,hold,-5.8745183510357005e-21,-1.5758875263884082
tip,20.0,420.34199518933536,270.0,hold,-5.8747288869578526e-21,-1.5759440043690274
tip,20.0,420.56871704795384,270.0,hold,-5.875072357224305e-21,-1.5760361430732144
tip,20.0,420.94574160900316,270.0,hold,-5.875625802070336e-21,-1.5761846091732907
tip,20.0,421.5727103560864,270.0,hold,-5.8764998714685075e-21,-1.5764190854281028
tip,20.0,422.61532097202365,270.0,hold,-5.8778368919852e-21,-1.5767777521015007
tip,20.0,424.34911855208196,270.0,hold,-5.879783297841925e-21,-1.5772998913693714
tip,20.0,427.232317708762,270.0,hold,-5.882416509984178e-21,-1.5780062720326609
tip,20.0,432.02690127070315,270.0,hold,-5.8856341003666315e-21,-1.5788694169316537
tip,20.0,440.0,270.0,hold,-5.889079539789145e-21,-1.579793684196545
tip,20.0,443.0,269.75,ramp,-5.89063648574085e-21,-1.5816758623514358
tip,20.0,446.0,269.5,ramp,-5.893103500678201e-21,-1.5838061188639645
tip,20.0,449.0,269.25,ramp,-5.896158319869155e-21,-1.5860984538055996
tip,20.0,452.0,269.0,ramp,-5.899607579901293e-21,-1.5885012549230741
tip,20.0,455.0,268.75,ramp,-5.903330986084317e-21,-1.590982410367761
tip,20.0,458.0,268.5,ramp,-5.9072510701634055e-21,-1.5935212414167155
tip,20.0,461.0,268.25,ramp,-5.911316269681465e-21,-1.5961039870378353
tip,20.0,464.0,268.0,ramp,-5.915491171395231e-21,-1.5987211993399293
tip,20.0,467.0,267.75,ramp,-5.9197507242198444e-21,-1.601366198238293
tip,20.0,470.0,267.5,ramp,-5.924076713348931e-21,-1.604034129702616
tip,20.0,473.0,267.25,ramp,-5.92845555612439e-21,-1.606721376937774
tip,20.0,476.0,267.0,ramp,-5.93287688957193e-21,-1.6094251830136375
tip,20.0,479.0,266.75,ramp,-5.937332643230708e-21,-1.6121434031430697
tip,20.0,482.0,266.5,ramp,-5.9418164161729455e-21,-1.6148743382387478
tip,20.0,485.0,266.25,ramp,-5.9463230488532335e-21,-1.6176166205330544
tip,20.0,488.0,266.0,ramp,-5.950848322393295e-21,-1.620369133252641
tip,20.0,491.0,265.75,ramp,-5.9553887429490235e-21,-1.623130953028629
tip,20.0,494.0,265.5,ramp,-5.959941384032092e-21,-1.625901307791736
tip,20.0,497.0,265.25,ramp,-5.964503769085735e-21,-1.628679545421186
tip,20.0,500.0,265.0,ramp,-5.9690737825530354e-21,-1.6314651100037176
tip,20.0,503.0,264.75,ramp,-5.973649601481524e-21,-1.6342575235763663
tip,20.0,506.0,264.5,ramp,-5.978229642186998e-21,-1.6370563718894633
tip,20.0,509.0,264.25,ramp,-5.982812518140549e-21,-1.6398612931650538
tip,20.0,512.0,264.0,ramp,-5.987397006347886e-21,-1.6426719691213416
tip,20.0,515.0,263.75,ramp,-5.9919820202441224e-21,-1.6454881177353362
tip,20.0,518.0,263.5,ramp,-5.996566587651993e-21,-1.64830948735611
tip,20.0,521.0,263.25,ramp,-6.0011498327204854e-21,-1.6511358518796722
tip,20.0,524.0,263.0,ramp,-6.0057309610256414e-21,-1.6539670067671794
tip,20.0,527.0,262.75,ramp,-6.010309247206715e-21,-1.6568027657393083
tip,20.0,530.0,262.5,ramp,-6.0148840246527505e-21,-1.6596429580175012
tip,20.0,533.0,262.25,ramp,-6.019454676859354e-21,-1.6624874260107114
tip,20.0,536.0,262.0,ramp,-6.024020630155463e-21,-1.6653360233676426
tip,20.0,539.0,261.75,ramp,-6.02858134756057e-21,-1.6681886133306367
tip,20.0,542.0,261.5,ramp,-6.03313632357969e-21,-1.6710450673398536
tip,20.0,545.0,261.25,ramp,-6.03768507978019e-21,-1.6739052638462026
tip,20.0,548.0,261.0,ramp,-6.042227161023326e-21,-1.6767690872991396
tip,20.0,551.0,260.75,ramp,-6.0467621322462054e-21,-1.679636427281532
tip,20.0,554.0,260.5,ramp,-6.051289575708356e-21,-1.682507177768727
tip,20.0,557.0,260.25,ramp,-6.0558090886316544e-21,-1.6853812364928205
tip,20.0,560.0,260.0,ramp,-6.0603202811745275e-21,-1.6882585043963791
tip,20.0,560.0001,260.0,hold,-6.060320431712275e-21,-1.688258546332551
tip,20.0,560.0001662938736,260.0,hold,-6.0603205315092075e-21,-1.6882585741335603
tip,20.0,560.0002765365241,260.0,hold,-6.0603206974647326e-21,-1.6882586203647516
tip,20.0,560.0004598632978,260.0,hold,-6.060320973436773e-21,-1.6882586972438804
tip,20.0,560.0007647244913,260.0,hold,-6.060321432356319e-21,-1.6882588250877553
tip,20.0,560.0012716899791,260.0,hold,-6.0603221954974255e-21,-1.688259037680391
tip,20.0,560.0021147425268,260.0,hold,-6.060323464515671e-21,-1.68825939119815
tip,20.0,560.0035166872651,260.0,hold,-6.060325574708374e-21,-1.6882599790467474
tip,20.0,560.0058480354764,260.0,hold,-6.0603290835339746e-21,-1.688260956520608
tip,20.0,560.0097249247247,260.0,hold,-6.060334917678714e-21,-1.6882625817720822
tip,20.0,560.0161719540316,260.0,hold,-6.060344617244527e-21,-1.6882652838362824
tip,20.0,560.0268929688,260.0,hold,-6.060360740782682e-21,-1.6882697754636466
tip,20.0,560.04472135955,260.0,hold,-6.060387535979965e-21,-1.6882772399568733
tip,20.0,560.0743688811331,260.0,hold,-6.060432047081214e-21,-1.6882896396720264
tip,20.0,560.1236708932071,260.0,hold,-6.0605059347509595e-21,-1.688310222987929
tip,20.0,560.2056571188596,260.0,hold,-6.060628442790652e-21,-1.6883443507617548
tip,20.0,560.3419951893353,260.0,hold,-6.0608311688256336e-21,-1.6884008253269165
tip,20.0,560.5687170479539,260.0,hold,-6.061165556751642e-21,-1.6884939777072627
tip,20.0,560.9457416090032,260.0,hold,-6.0617141784477405e-21,-1.6886468104291588
tip,20.0,561.5727103560864,260.0,hold,-6.062606421406634e-21,-1.6888953677154823
tip,20.0,562.6153209720237,260.0,hold,-6.064036870986121e-21,-1.6892938563358249
tip,20.0,564.349118552082,260.0,hold,-6.0662778511940446e-21,-1.6899181391655564
tip,20.0,567.232317708762,260.0,hold,-6.069663057701483e-21,-1.6908611757395595
tip,20.0,572.0269012707031,260.0,hold,-6.074500482708208e-21,-1.6922087652279156
tip,20.0,580.0,260.0,hold,-6.0808805934784155e-21,-1.6939861096201343
tip,20.0,583.0,259.75,ramp,-6.0831673498364556e-21,-1.6962541581906503
tip,20.0,586.0,259.5,ramp,-6.085810240653468e-21,-1.6986259783917872
tip,20.0,589.0,259.25,ramp,-6.088734135907935e-21,-1.7010808804778002
tip,20.0,592.0,259.0,ramp,-6.091881437856976e-21,-1.7036029977455196
tip,20.0,595.0,258.75,ramp,-6.095207560026043e-21,-1.7061800443057875
tip,20.0,598.0,258.5,ramp,-6.0986776630345896e-21,-1.708802417802351
tip,20.0,601.0,258.25,ramp,-6.1022642751988194e-21,-1.7114625450667478
tip,20.0,604.0,258.0,ramp,-6.10594554215656e-21,-1.7141544005575717
tip,20.0,607.0,257.75,ramp,-6.109703927914823e-21,-1.71687314885045
tip,20.0,610.0,257.5,ramp,-6.1135252427908464e-21,-1.7196148769941706
tip,20.0,613.0,257.25,ramp,-6.117397910115367e-21,-1.7223763925306053
tip,20.0,616.0,257.0,ramp,-6.121312408769673e-21,-1.7251550698905855
tip,20.0,619.0,256.75,ramp,-6.125260846240459e-21,-1.7279487327117187
tip,20.0,622.0,256.5,ramp,-6.129236629292479e-21,-1.7307555630330342
tip,20.0,625.0,256.25,ramp,-6.133234208186118e-21,-1.7335740307457366
tip,20.0,628.0,256.0,ramp,-6.137248876692807e-21,-1.7364028384173875
tip,20.0,631.0,255.75,ramp,-6.141276614731048e-21,-1.7392408778628516
tip,20.0,634.0,255.5,ramp,-6.145313963769935e-21,-1.7420871957492778
tip,20.0,637.0,255.25,ramp,-6.149357927584311e-21,-1.7449409661927329
tip,20.0,640.0,255.0,ramp,-6.153405892743299e-21,-1.7478014687986672
tip,20.0,643.0,254.75,ramp,-6.157455564549995e-21,-1.7506680709661064
tip,20.0,646.0,254.5,ramp,-6.161504915148313e-21,-1.7535402135502665
tip,20.0,649.0,254.25,ramp,-6.165552141264405e-21,-1.756417399185246
tip,20.0,652.0,254.0,ramp,-6.1695956296179035e-21,-1.7592991827248512
tip,20.0,655.0,253.75,ramp,-6.173633928471397e-21,-1.7621851633789964
tip,20.0,658.0,253.5,ramp,-6.177665724116754e-21,-1.7650749782141242
tip,20.0,661.0,253.25,ramp,-6.181689821352196e-21,-1.767968296756487
tip,20.0,664.0,253.0,ramp,-6.185705127200674e-21,-1.7708648164913612
tip,20.0,667.0,252.75,ramp,-6.189710637273069e-21,-1.7737642590934721
tip,20.0,670.0,252.5,ramp,-6.1937054242996035e-21,-1.7766663672569725
tip,20.0,673.0,252.25,ramp,-6.197688628446431e-21,-1.7795709020191632
tip,20.0,676.0,252.0,ramp,-6.2016594491085016e-21,-1.7824776404925893
tip,20.0,679.0,251.75,ramp,-6.205617137928364e-21,-1.7853863739363325
tip,20.0,682.0,251.5,ramp,-6.2095609928372326e-21,-1.7882969061102045
tip,20.0,685.0,251.25,ramp,-6.2134903529518055e-21,-1.791209051865807
tip,20.0,688.0,251.0,ramp,-6.217404594190242e-21,-1.7941226359366957
tip,20.0,691.0,250.75,ramp,-6.221303125494917e-21,-1.7970374918965777
tip,20.0,694.0,250.5,ramp,-6.2251853855687776e-21,-1.799953461259771
tip,20.0,697.0,250.25,ramp,-6.2290508400480876e-21,-1.8028703927025773
tip,20.0,700.0,250.0,ramp,-6.232898979047319e-21,-1.805788141387802
tip,20.0,700.0001,250.0,hold,-6.232899107064218e-21,-1.805788178476707
tip,20.0,700.0001662938736,250.0,hold,-6.232899191931454e-21,-1.8057882030643424
tip,20.0,700.0002765365241,250.0,hold,-6.232899333060237e-21,-1.8057882439520072
tip,20.0,700.0004598632978,250.0,hold,-6.232899567748128e-21,-1.8057883119455063
tip,20.0,700.0007647244913,250.0,hold,-6.2328999580179666e-21,-1.8057884250140235
tip,20.0,700.0012716899791,250.0,hold,-6.232900607007972e-21,-1.8057886130386425
tip,20.0,700.0021147425268,250.0,hold,-6.23290168622524e-21,-1.8057889257081965
tip,20.0,700.0035166872651,250.0,hold,-6.2329034808605164e-21,-1.8057894456478123
tip,20.0,700.0058480354764,250.0,hold,-6.23290646512695e-21,-1.8057903102459638
tip,20.0,700.0097249247247,250.0,hold,-6.232911427496898e-21,-1.8057917479379328
tip,20.0,700.0161719540316,250.0,hold,-6.232919678833528e-21,-1.8057941385054501
tip,20.0,700.0268929688,250.0,hold,-6.232933398142618e-21,-1.8057981132474996
tip,20.0,700.04472135955,250.0,hold,-6.232956206546611e-21,-1.8058047212714052
tip,20.0,700.0743688811331,250.0,hold,-6.232994119033444e-21,-1.805815705232378
tip,20.0,700.1236708932071,250.0,hold,-6.23305711960741e-21,-1.8058339576843672
tip,20.0,700.2056571188596,250.0,hold,-6.233161759855217e-21,-1.8058642739335535
tip,20.0,700.3419951893353,250.0,hold,-6.233335422933643e-21,-1.805914587395824
tip,20.0,700.5687170479539,250.0,hold,-6.2336232572683975e-21,-1.8059979784198292
tip,20.0,700.9457416090032,250.0,hold,-6.234099278566894e-21,-1.80613589074903
tip,20.0,701.5727103560864,250.0,hold,-6.2348836745490076e-21,-1.8063631450278839
tip,20.0,702.6153209720237,250.0,hold,-6.236168503340419e-21,-1.8067353841100582
tip,20.0,704.349118552082,250.0,hold,-6.238252452977092e-21,-1.8073391435410713
tip,20.0,707.232317708762,250.0,hold,-6.241578892970377e-21,-1.808302875812861
tip,20.0,712.0269012707031,250.0,hold,-6.246753952458658e-21,-1.8098021879445558
tip,20.0,720.0,250.0,hold,-6.254487176279877e-21,-1.812042648429797
tip,20.0,723.0,249.75,ramp,-6.2572528367638066e-21,-1.8146585708943903
tip,20.0,726.0,249.5,ramp,-6.2600954722736905e-21,-1.8173020814939214
tip,20.0,729.0,249.25,ramp,-6.2630039012350374e-21,-1.8199700139814792
tip,20.0,732.0,249.0,ramp,-6.265968382249688e-21,-1.8226596083161783
tip,20.0,735.0,248.75,ramp,-6.268980399944323e-21,-1.8253684503488998
tip,20.0,738.0,248.5,ramp,-6.272032486083556e-21,-1.8280944214224448
tip,20.0,741.0,248.25,ramp,-6.2751180696442105e-21,-1.8308356561169126
tip,20.0,744.0,248.0,ramp,-6.278231350756871e-21,-1.8335905067100604
tip,20.0,747.0,247.75,ramp,-6.2813671943835724e-21,-1.8363575131923555
tip,20.0,750.0,247.5,ramp,-6.284521040369143e-21,-1.8391353778919686
tip,20.0,753.0,247.25,ramp,-6.287688827120217e-21,-1.8419229439379312
tip,20.0,756.0,247.0,ramp,-6.290866926661604e-21,-1.8447191769287716
tip,20.0,759.0,246.75,ramp,-6.294052089220155e-21,-1.8475231492863642
tip,20.0,762.0,246.5,ramp,-6.297241395810361e-21,-1.850334026865741
tip,20.0,765.0,246.25,ramp,-6.300432217559737e-21,-1.853151057465713
tip,20.0,768.0,246.0,ramp,-6.3036221807265464e-21,-1.8559735609454326
tip,20.0,771.0,245.75,ramp,-6.30680913653856e-21,-1.858800920701525
tip,20.0,774.0,245.5,ramp,-6.309991135125354e-21,-1.8616325763008639
tip,20.0,777.0,245.25,ramp,-6.3131664029357954e-21,-1.864468017097564
tip,20.0,780.0,245.0,ramp,-6.31633332312963e-21,-1.867306776690137
tip,20.0,783.0,244.75,ramp,-6.319490418513719e-21,-1.8701484280977176
tip,20.0,786.0,244.5,ramp,-6.322636336660248e-21,-1.8729925795530806
tip,20.0,789.0,244.25,ramp,-6.325769836900583e-21,-1.8758388708260214
tip,20.0,792.0,244.0,ramp,-6.3288897789346695e-21,-1.8786869700036974
tip,20.0,795.0,243.75,ramp,-6.3319951128354474e-21,-1.8815365706656826
tip,20.0,798.0,243.5,ramp,-6.335084870259919e-21,-1.884387389400541
tip,20.0,801.0,243.25,ramp,-6.338158156706536e-21,-1.8872391636186379
tip,20.0,804.0,243.0,ramp,-6.341214144681368e-21,-1.890091649622323
tip,20.0,807.0,242.75,ramp,-6.344252067655371e-21,-1.8929446209002327
tip,20.0,810.0,242.5,ramp,-6.3472712147114025e-21,-1.8957978666170547
tip,20.0,813.0,242.25,ramp,-6.350270925793975e-21,-1.89865119027415
tip,20.0,816.0,242.0,ramp,-6.353250587486371e-21,-1.9015044085197144
tip,20.0,819.0,241.75,ramp,-6.356209629250225e-21,-1.90435735009011
tip,20.0,822.0,241.5,ramp,-6.359147520071151e-21,-1.9072098548664067
tip,20.0,825.0,241.25,ramp,-6.362063765461562e-21,-1.9100617730322902
tip,20.0,828.0,241.0,ramp,-6.3649579047781765e-21,-1.9129129643213094
tip,20.0,831.0,240.75,ramp,-6.367829508817154e-21,-1.915763297342954
tip,20.0,834.0,240.5,ramp,-6.370678177654532e-21,-1.9186126489784077
tip,20.0,837.0,240.25,ramp,-6.373503538703727e-21,-1.9214609038379682
tip,20.0,840.0,240.0,ramp,-6.376305244965358e-21,-1.9243079537731163
tip,20.0,840.0001,240.0,hold,-6.37630533795999e-21,-1.9243079818380069
tip,20.0,840.0001662938736,240.0,hold,-6.376305399609705e-21,-1.9243080004433013
tip,20.0,840.0002765365241,240.0,hold,-6.376305502129342e-21,-1.9243080313827476
tip,20.0,840.0004598632978,240.0,hold,-6.376305672613045e-21,-1.9243080828330992
tip,20.0,840.0007647244913,240.0,hold,-6.3763059561165165e-21,-1.924308168391736
tip,20.0,840.0012716899791,240.0,hold,-6.376306427564088e-21,-1.9243083106701053
tip,20.0,840.0021147425268,240.0,hold,-6.3763072115488376e-21,-1.9243085472692063
tip,20.0,840.0035166872651,240.0,hold,-6.3763085152572635e-21,-1.9243089407159433
tip,20.0,840.0058480354764,240.0,hold,-6.3763106832163496e-21,-1.9243095949852658
tip,20.0,840.0097249247247,240.0,hold,-6.376314288321634e-21,-1.9243106829715693
tip,20.0,840.0161719540316,240.0,hold,-6.376320283175561e-21,-1.9243124921611625
tip,20.0,840.0268929688,240.0,hold,-6.376330251655033e-21,-1.9243155005529504
tip,20.0,840.04472135955,240.0,hold,-6.37634682697953e-21,-1.924320502827393
tip,20.0,840.0743688811331,240.0,hold,-6.376374386177299e-21,-1.9243288199297632
tip,20.0,840.1236708932071,240.0,hold,-6.376420202852306e-21,-1.924342646964189
tip,20.0,840.2056571188596,240.0,hold,-6.376496358398141e-21,-1.9243656299797358
tip,20.0,840.3419951893353,240.0,hold,-6.376622904312007e-21,-1.9244038203265297
tip,20.0,840.5687170479539,240.0,hold,-6.376833077048592e-21,-1.9244672484487948
tip,20.0,840.9457416090032,240.0,hold,-6.377181849287485e-21,-1.9245725045755913
tip,20.0,841.5727103560864,240.0,hold,-6.3777598192291384e-21,-1.9247469303775309
tip,20.0,842.6153209720237,240.0,hold,-6.3787154056164865e-21,-1.9250353172120764
tip,20.0,844.349118552082,240.0,hold,-6.380289321745048e-21,-1.925510310050155
tip,20.0,847.232317708762,240.0,hold,-6.382865436653548e-21,-1.9262877568971635
tip,20.0,852.0269012707031,240.0,hold,-6.38703864470872e-21,-1.9275471911847013
tip,20.0,860.0,240.0,hold,-6.393686545667141e-21,-1.929553464127843
tip,20.0,863.0,239.75,ramp,-6.396119259558108e-21,-1.9323004468844405
tip,20.0,866.0,239.5,ramp,-6.3985456704684834e-21,-1.9350512583189188
tip,20.0,869.0,239.25,ramp,-6.400964329460426e-21,-1.937805471787047
tip,20.0,872.0,239.0,ramp,-6.403373900031472e-21,-1.9405626929333684
tip,20.0,875.0,238.75,ramp,-6.4057731485821384e-21,-1.9433225569684036
tip,20.0,878.0,238.5,ramp,-6.408160935853627e-21,-1.9460847262233374
tip,20.0,881.0,238.25,ramp,-6.4105362092254184e-21,-1.9488488879507249
tip,20.0,884.0,238.0,ramp,-6.4128979957764376e-21,-1.951614752343707
tip,20.0,887.0,237.75,ramp,-6.4152453960249784e-21,-1.9543820507495167
tip,20.0,890.0,237.5,ramp,-6.417577578273066e-21,-1.9571505340560291
tip,20.0,893.0,237.25,ramp,-6.4198937734895325e-21,-1.9599199712325794
tip,20.0,896.0,237.0,ramp,-6.422193270673978e-21,-1.9626901480085064
tip,20.0,899.0,236.75,ramp,-6.424475412650556e-21,-1.9654608656748205
tip,20.0,902.0,236.5,ramp,-6.426739592246343e-21,-1.9682319399960542
tip,20.0,905.0,236.25,ramp,-6.4289852488142295e-21,-1.9710032002208266
tip,20.0,908.0,236.0,ramp,-6.431211865065001e-21,-1.9737744881810129
tip,20.0,911.0,235.75,ramp,-6.433418964176712e-21,-1.9765456574703715
tip,20.0,914.0,235.5,ramp,-6.435606107153762e-21,-1.9793165726947408
tip,20.0,917.0,235.25,ramp,-6.437772890410321e-21,-1.982087108786527
tip,20.0,920.0,235.0,ramp,-6.439918943556085e-21,-1.9848571503771775
tip,20.0,923.0,234.75,ramp,-6.442043927364495e-21,-1.9876265912219404
tip,20.0,926.0,234.5,ramp,-6.44414753190541e-21,-1.99039533367174
tip,20.0,929.0,234.25,ramp,-6.446229474826819e-21,-1.9931632881877543
tip,20.0,932.0,234.0,ramp,-6.448289499770966e-21,-1.9959303728944833
tip,20.0,935.0,233.75,ramp,-6.4503273749123074e-21,-1.9986965131677012
tip,20.0,938.0,233.5,ramp,-6.452342891605932e-21,-2.001461641254027
tip,20.0,941.0,233.25,ramp,-6.4543358631361005e-21,-2.004225695919136
tip,20.0,944.0,233.0,ramp,-6.456306123555618e-21,-2.0069886221219453
tip,20.0,947.0,232.75,ramp,-6.458253526607885e-21,-2.0097503707124273
tip,20.0,950.0,232.5,ramp,-6.4601779447239875e-21,-2.0125108981508477
tip,20.0,953.0,232.25,ramp,-6.462079268088159e-21,-2.015270166246517
tip,20.0,956.0,232.0,ramp,-6.463957403765539e-21,-2.0180281419142996
tip,20.0,959.0,231.75,ramp,-6.465812274886658e-21,-2.0207847969472734
tip,20.0,962.0,231.5,ramp,-6.467643819883772e-21,-2.0235401078041453
tip,20.0,965.0,231.25,ramp,-6.46945199177445e-21,-2.026294055410079
tip,20.0,968.0,231.0,ramp,-6.471236757488495e-21,-2.0290466249698245
tip,20.0,971.0,230.75,ramp,-6.472998097234325e-21,-2.0317978057920136
tip,20.0,974.0,230.5,ramp,-6.4747360039016775e-21,-2.0345475911237303
tip,20.0,977.0,230.25,ramp,-6.476450482497448e-21,-2.0372959779944204
tip,20.0,980.0,230.0,ramp,-6.478141549612009e-21,-2.0400429670683886
tip,20.0,980.0001,230.0,hold,-6.478141605590743e-21,-2.0400429846967505
tip,20.0,980.0001662938736,230.0,hold,-6.478141642701201e-21,-2.0400429963832702
tip,20.0,980.0002765365241,230.0,hold,-6.478141704413604e-21,-2.040043015817232
tip,20.0,980.0004598632978,230.0,hold,-6.478141807037518e-21,-2.040043048134709
tip,20.0,980.0007647244913,230.0,hold,-6.478141977694695e-21,-2.0400431018766616
tip,20.0,980.0012716899791,230.0,hold,-6.47814226148685e-21,-2.040043191246149
tip,20.0,980.0021147425268,230.0,hold,-6.4781427334150474e-21,-2.0400433398618887
tip,20.0,980.0035166872651,230.0,hold,-6.478143518200602e-21,-2.04004358700009
tip,20.0,980.0058480354764,230.0,hold,-6.4781448232450185e-21,-2.0400439979739264
tip,20.0,980.0097249247247,230.0,hold,-6.47814699343767e-21,-2.0400446813931175
tip,20.0,980.0161719540316,230.0,hold,-6.478150602290123e-21,-2.0400458178632004
tip,20.0,980.0268929688,230.0,hold,-6.4781566034663e-21,-2.040047707704162
tip,20.0,980.04472135955,230.0,hold,-6.478166582710738e-21,-2.0400508502856067
tip,20.0,980.0743688811331,230.0,hold,-6.4781831766319466e-21,-2.040056075906566
tip,20.0,980.1236708932071,230.0,hold,-6.478210768676933e-21,-2.0400647649660577
tip,20.0,980.2056571188596,230.0,hold,-6.478256645287411e-21,-2.040079212050278
tip,20.0,980.3419951893353,230.0,hold,-6.478332915181731e-21,-2.040103230337053
tip,20.0,980.5687170479539,230.0,hold,-6.4784596917904826e-21,-2.0401431537822403
tip,20.0,980.9457416090032,230.0,hold,-6.478670360020768e-21,-2.0402094956857457
tip,20.0,981.5727103560864,230.0,hold,-6.479020264443923e-21,-2.0403196847040217
tip,20.0,982.6153209720237,230.0,hold,-6.479600964268648e-21,-2.0405025539087673
tip,20.0,984.349118552082,230.0,hold,-6.480563409266878e-21,-2.0408056391585716
tip,20.0,987.232317708762,230.0,hold,-6.4821550362981346e-21,-2.041306861230742
tip,20.0,992.0269012707031,230.0,hold,-6.48477755647729e-21,-2.042132723680105
tip,20.0,1000.0,230.0,hold,-6.489072665312188e-21,-2.0434853039694243
tip,20.0,1003.0,229.75,ramp,-6.4906632821122334e-21,-2.046210349592244
tip,20.0,1006.0,229.5,ramp,-6.492233444266364e-21,-2.0489348766914848
tip,20.0,1009.0,229.25,ramp,-6.493783076700464e-21,-2.05165885985171
tip,20.0,1012.0,229.0,ramp,-6.495312120354453e-21,-2.05438227861153
tip,20.0,1015.0,228.75,ramp,-6.496820531383539e-21,-2.057105117237761
tip,20.0,1018.0,228.5,ramp,-6.4983082804051646e-21,-2.05982736451259
tip,20.0,1021.0,228.25,ramp,-6.499775351787839e-21,-2.0625490135326316
tip,20.0,1024.0,228.0,ramp,-6.501221742978841e-21,-2.065270061519009
tip,20.0,1027.0,227.75,ramp,-6.502647463867803e-21,-2.067990509637596
tip,20.0,1030.0,227.5,ramp,-6.504052536183431e-21,-2.0707103628286267
tip,20.0,1033.0,227.25,ramp,-6.5054369929210205e-21,-2.0734296296449877
tip,20.0,1036.0,227.0,ramp,-6.5068008777984696e-21,-2.0761483220985455
tip,20.0,1039.0,226.75,ramp,-6.5081442447386976e-21,-2.0788664555138823
tip,20.0,1042.0,226.5,ramp,-6.509467157376742e-21,-2.0815840483889594
tip,20.0,1045.0,226.25,ramp,-6.51076968858967e-21,-2.084301122262161
tip,20.0,1048.0,226.0,ramp,-6.512051920047854e-21,-2.087017701585299
tip,20.0,1051.0,225.75,ramp,-6.513313941786081e-21,-2.089733813602141
tip,20.0,1054.0,225.5,ramp,-6.514555851793266e-21,-2.0924494882321043
tip,20.0,1057.0,225.25,ramp,-6.515777755619514e-21,-2.0951647579587527
tip,20.0,1060.0,225.0,ramp,-6.516979765999465e-21,-2.097879657722794
tip,20.0,1063.0,224.75,ramp,-6.518162002490823e-21,-2.100594224819255
tip,20.0,1066.0,224.5,ramp,-6.519324591127307e-21,-2.103308498798623
tip,20.0,1069.0,224.25,ramp,-6.520467664084966e-21,-2.106022521371643
tip,20.0,1072.0,224.0,ramp,-6.521591359361258e-21,-2.108736336317602
tip,20.0,1075.0,223.75,ramp,-6.522695820466029e-21,-2.1114499893958554
tip,20.0,1078.0,223.5,ramp,-6.523781196123868e-21,-2.114163528260439
tip,20.0,1081.0,223.25,ramp,-6.5248476399871096e-21,-2.1168770023775716
tip,20.0,1084.0,223.0,ramp,-6.525895310358982e-21,-2.1195904629458875
tip,20.0,1087.0,222.75,ramp,-6.526924369926388e-21,-2.122303962819271
tip,20.0,1090.0,222.5,ramp,-6.527934985501853e-21,-2.125017556432153
tip,20.0,1093.0,222.25,ramp,-6.528927327774212e-21,-2.1277312997271505
tip,20.0,1096.0,222.0,ramp,-6.5299015710675516e-21,-2.1304452500849114
tip,20.0,1099.0,221.75,ramp,-6.530857893108166e-21,-2.133159466256101
tip,20.0,1102.0,221.5,ramp,-6.531796474799051e-21,-2.1358740082953953
tip,20.0,1105.0,221.25,ramp,-6.532717500001798e-21,-2.138588937497448
tip,20.0,1108.0,221.0,ramp,-6.533621155325363e-21,-2.1413043163346734
tip,20.0,1111.0,220.75,ramp,-6.5345076299216894e-21,-2.1440202083968605
tip,20.0,1114.0,220.5,ramp,-6.5353771152876996e-21,-2.1467366783324637
tip,20.0,1117.0,220.25,ramp,-6.5362298050736664e-21,-2.149453791791597
tip,20.0,1120.0,220.0,ramp,-6.537065894897508e-21,-2.1521716153705803
tip,20.0,1120.0001,220.0,hold,-6.537065922492839e-21,-2.1521716244556788
tip,20.0,1120.0001662938737,220.0,hold,-6.537065940786848e-21,-2.152171630478541
tip,20.0,1120.000276536524,220.0,hold,-6.537065971208666e-21,-2.1521716404941924
tip,20.0,1120.000459863298,220.0,hold,-6.537066021798276e-21,-2.152171657149604
tip,20.0,1120.0007647244913,220.0,hold,-6.537066105925685e-21,-2.1521716848465284
tip,20.0,1120.0012716899791,220.0,hold,-6.537066245824369e-21,-2.1521717309048034
tip,20.0,1120.0021147425268,220.0,hold,-6.537066478467189e-21,-2.1521718074968526
tip,20.0,1120.0035166872651,220.0,hold,-6.5370668653376206e-21,-2.152171934864631
tip,20.0,1120.0058480354764,220.0,hold,-6.537067508678536e-21,-2.152172146669144
tip,20.0,1120.0097249247247,220.0,hold,-6.537068578512553e-21,-2.152172498886246
tip,20.0,1120.0161719540317,220.0,hold,-6.537070357574036e-21,-2.1521730845994216
tip,20.0,1120.0268929688,220.0,hold,-6.537073316025076e-21,-2.1521740585982245
tip,20.0,1120.04472135955,220.0,hold,-6.537078235694781e-21,-2.152175678281071
tip,20.0,1120.074368881133,220.0,hold,-6.537086416657185e-21,-2.1521783716660474
tip,20.0,1120.123670893207,220.0,hold,-6.5371000206902025e-21,-2.152182850466504
tip,20.0,1120.2056571188596,220.0,hold,-6.53712264224026e-21,-2.152190298067417
tip,20.0,1120.3419951893354,220.0,hold,-6.53716025738574e-21,-2.152202681948766
tip,20.0,1120.568717047954,220.0,hold,-6.537222800479197e-21,-2.1522232727570336
tip,20.0,1120.945741609003,220.0,hold,-6.537326782065938e-21,-2.152257506191896
tip,20.0,1121.5727103560864,220.0,hold,-6.5374996314343295e-21,-2.152314412686395
tip,20.0,1122.6153209720237,220.0,hold,-6.5377868879474144e-21,-2.152408984979796
tip,20.0,1124.349118552082,220.0,hold,-6.538264076859432e-21,-2.152566087944356
tip,20.0,1127.2323177087621,220.0,hold,-6.539056229705953e-21,-2.1528268852039716
tip,20.0,1132.026901270703,220.0,hold,-6.5403697183960694e-21,-2.1532593197428658
tip,20.0,1140.0,220.0,hold,-6.542543479192106e-21,-2.1539749781680757
tip,20.0,1143.0,219.75,ramp,-6.543350974229096e-21,-2.156691612397835
tip,20.0,1146.0,219.5,ramp,-6.544142678293337e-21,-2.1594092242203713
tip,20.0,1149.0,219.25,ramp,-6.544918777682052e-21,-2.1621278785234725
tip,20.0,1152.0,219.0,ramp,-6.5456794604990495e-21,-2.164847641088708
tip,20.0,1155.0,218.75,ramp,-6.546424916474149e-21,-2.1675685785367476
tip,20.0,1158.0,218.5,ramp,-6.54715533678867e-21,-2.1702907582743136
tip,20.0,1161.0,218.25,ramp,-6.5478709139069225e-21,-2.1730142484427586
tip,20.0,1164.0,218.0,ramp,-6.548571841413521e-21,-2.175739117868228
tip,20.0,1167.0,217.75,ramp,-6.549258313856233e-21,-2.178465436013319
tip,20.0,1170.0,217.5,ramp,-6.549930526594366e-21,-2.1811932729302446
tip,20.0,1173.0,217.25,ramp,-6.550588675652338e-21,-2.1839226992154144
tip,20.0,1176.0,217.0,ramp,-6.551232957578454e-21,-2.1866537859654263
tip,20.0,1179.0,216.75,ramp,-6.5518635693086605e-21,-2.189386604734427
tip,20.0,1182.0,216.5,ramp,-6.5524807080351606e-21,-2.1921212274927964
tip,20.0,1185.0,216.25,ramp,-6.5530845710797845e-21,-2.194857726587144
tip,20.0,1188.0,216.0,ramp,-6.5536753557719225e-21,-2.1975961747015496
tip,20.0,1191.0,215.75,ramp,-6.5542532593310725e-21,-2.200336644820093
tip,20.0,1194.0,215.5,ramp,-6.5548184787536625e-21,-2.2030792101905528
tip,20.0,1197.0,215.25,ramp,-6.5553712107042e-21,-2.2058239442893113
tip,20.0,1200.0,215.0,ramp,-6.555911651410629e-21,-2.208570920787431
tip,20.0,1203.0,214.75,ramp,-6.5564399965637484e-21,-2.2113202135178627
tip,20.0,1206.0,214.5,ramp,-6.5569564412205965e-21,-2.214071896443768
tip,20.0,1209.0,214.25,ramp,-6.557461179711831e-21,-2.2168260436279645
tip,20.0,1212.0,214.0,ramp,-6.557954405552743e-21,-2.2195827292033936
tip,20.0,1215.0,213.75,ramp,-6.5584363113581724e-21,-2.2223420273446948
tip,20.0,1218.0,213.5,ramp,-6.558907088760977e-21,-2.2251040122407955
tip,20.0,1221.0,213.25,ramp,-6.559366928334001e-21,-2.2278687580684875
tip,20.0,1224.0,213.0,ramp,-6.559816019515657e-21,-2.230636338967054
tip,20.0,1227.0,212.75,ramp,-6.5602545505387765e-21,-2.2334068290138225
tip,20.0,1230.0,212.5,ramp,-6.560682708362833e-21,-2.2361803022007023
tip,20.0,1233.0,212.25,ramp,-6.561100678609385e-21,-2.2389568324116507
tip,20.0,1236.0,212.0,ramp,-6.5615086455007365e-21,-2.2417364934010786
tip,20.0,1239.0,211.75,ramp,-6.5619067918016286e-21,-2.2445193587731427
tip,20.0,1242.0,211.5,ramp,-6.5622952987639786e-21,-2.2473055019619324
tip,20.0,1245.0,211.25,ramp,-6.5626743460745654e-21,-2.2500949962125274
tip,20.0,1248.0,211.0,ramp,-6.563044111805617e-21,-2.252887914562914
tip,20.0,1251.0,210.75,ramp,-6.5634047723681786e-21,-2.255684329826734
tip,20.0,1254.0,210.5,ramp,-6.563756502468251e-21,-2.258484314576857
tip,20.0,1257.0,210.25,ramp,-6.56409947506557e-21,-2.261287941129752
tip,20.0,1260.0,210.0,ramp,-6.564433861335054e-21,-2.264095281530661
tip,20.0,1260.0001,210.0,hold,-6.5644338723402584e-21,-2.264095285326393
tip,20.0,1260.0001662938737,210.0,hold,-6.564433879636033e-21,-2.2640952878427303
tip,20.0,1260.000276536524,210.0,hold,-6.5644338917684604e-21,-2.2640952920272452
tip,20.0,1260.000459863298,210.0,hold,-6.5644339119439435e-21,-2.264095298985837
tip,20.0,1260.0007647244913,210.0,hold,-6.564433945494533e-21,-2.264095310557548
tip,20.0,1260.0012716899791,210.0,hold,-6.564434001287105e-21,-2.2640953298005932
tip,20.0,1260.0021147425268,210.0,hold,-6.5644340940667184e-21,-2.2640953618005937
tip,20.0,1260.0035166872651,210.0,hold,-6.564434248353497e-21,-2.264095415014622
tip,20.0,1260.0058480354764,210.0,hold,-6.564434504922857e-21,-2.2640955035062555
tip,20.0,1260.0097249247247,210.0,hold,-6.564434931581704e-21,-2.2640956506623247
tip,20.0,1260.0161719540317,210.0,hold,-6.564435641088461e-21,-2.2640958953735875
tip,20.0,1260.0268929688,210.0,hold,-6.564436820952602e-21,-2.2640963023126917
tip,20.0,1260.04472135955,210.0,hold,-6.5644387829885044e-21,-2.2640969790254624
tip,20.0,1260.074368881133,210.0,hold,-6.564442045717741e-21,-2.2640981043517323
tip,20.0,1260.123670893207,210.0,hold,-6.564447471391587e-21,-2.2640999756848608
tip,20.0,1260.2056571188596,210.0,hold,-6.564456493830398e-21,-2.264103087554303
tip,20.0,1260.3419951893354,210.0,hold,-6.5644714972493956e-21,-2.2641082622838953
tip,20.0,1260.568717047954,210.0,hold,-6.564496446064782e-21,-2.264116867214098
tip,20.0,1260.945741609003,210.0,hold,-6.564537931785957e-21,-2.2641311757786364
tip,20.0,1261.5727103560864,210.0,hold,-6.5646069127256095e-21,-2.264154967536354
tip,20.0,1262.6153209720237,210.0,hold,-6.564721603693145e-21,-2.264194524836179
tip,20.0,1264.349118552082,210.0,hold,-6.564912272153748e-21,-2.264260287028488
tip,20.0,1267.2323177087621,210.0,hold,-6.5652291884682224e-21,-2.2643695925295253
tip,20.0,1272.026901270703,210.0,hold,-6.565755776330421e-21,-2.2645512144514304
tip,20.0,1280.0,210.0,hold,-6.566630287280872e-21,-2.264852836214767
tip,20.0,1283.0,209.75,ramp,-6.566954897584867e-21,-2.2676643958698994
tip,20.0,1286.0,209.5,ramp,-6.5672713055944406e-21,-2.270479829940598
tip,20.0,1289.0,209.25,ramp,-6.567579675354977e-21,-2.2732992090962547
tip,20.0,1292.0,209.0,ramp,-6.567880169048424e-21,-2.2761226036986133
tip,20.0,1295.0,208.75,ramp,-6.568172946965107e-21,-2.2789500837901464
tip,20.0,1298.0,208.5,ramp,-6.568458167477743e-21,-2.2817817190831127
tip,20.0,1301.0,208.25,ramp,-6.568735987017778e-21,-2.2846175789493466
tip,20.0,1304.0,208.0,ramp,-6.5690065600537916e-21,-2.2874577324106937
tip,20.0,1307.0,207.75,ramp,-6.569270039072061e-21,-2.2903022481301254
tip,20.0,1310.0,207.5,ramp,-6.569526574559115e-21,-2.2931511944034892
tip,20.0,1313.0,207.25,ramp,-6.569776314986248e-21,-2.296004639151884
tip,20.0,1316.0,207.0,ramp,-6.5700194067960504e-21,-2.29886264991468
tip,20.0,1319.0,206.75,ramp,-6.570255994390641e-21,-2.3017252938430937
tip,20.0,1322.0,206.5,ramp,-6.5704862201217964e-21,-2.3045926376943706
tip,20.0,1325.0,206.25,ramp,-6.570710224282767e-21,-2.3074647478265273
tip,20.0,1328.0,206.0,ramp,-6.570928145101762e-21,-2.310341690193638
tip,20.0,1331.0,205.75,ramp,-6.5711401187371365e-21,-2.3132235303416837
tip,20.0,1334.0,205.5,ramp,-6.571346279274011e-21,-2.3161103334048803
tip,20.0,1337.0,205.25,ramp,-6.571546758722495e-21,-2.3190021641025447
tip,20.0,1340.0,205.0,ramp,-6.571741687017356e-21,-2.321899086736446
tip,20.0,1343.0,204.75,ramp,-6.571931192019024e-21,-2.3248011651886142
tip,20.0,1346.0,204.5,ramp,-6.57211539951602e-21,-2.327708462919631
tip,20.0,1349.0,204.25,ramp,-6.57229443322865e-21,-2.3306210429673637
tip,20.0,1352.0,204.0,ramp,-6.572468414813941e-21,-2.3335389679461276
tip,20.0,1355.0,203.75,ramp,-6.5726374638717585e-21,-2.33646230004626
tip,20.0,1358.0,203.5,ramp,-6.572801697952124e-21,-2.339391101034121
tip,20.0,1361.0,203.25,ramp,-6.572961232563585e-21,-2.34232543225247
tip,20.0,1364.0,203.0,ramp,-6.573116181182611e-21,-2.34526535462121
tip,20.0,1367.0,202.75,ramp,-6.5732666552640675e-21,-2.3482109286385198
tip,20.0,1370.0,202.5,ramp,-6.573412764252615e-21,-2.3511622143823288
tip,20.0,1373.0,202.25,ramp,-6.57355461559499e-21,-2.3541192715121206
tip,20.0,1376.0,202.0,ramp,-6.573692314753189e-21,-2.357082159271067
tip,20.0,1379.0,201.75,ramp,-6.573825965218508e-21,-2.360050936488492
tip,20.0,1382.0,201.5,ramp,-6.573955668526312e-21,-2.3630256615826095
tip,20.0,1385.0,201.25,ramp,-6.574081524271566e-21,-2.366006392563564
tip,20.0,1388.0,201.0,ramp,-6.574203630125104e-21,-2.368993187036753
tip,20.0,1391.0,200.75,ramp,-6.5743220818505265e-21,-2.3719861022064035
tip,20.0,1394.0,200.5,ramp,-6.574436973321746e-21,-2.3749851948794083
tip,20.0,1397.0,200.25,ramp,-6.574548396541098e-21,-2.3779905214693984
tip,20.0,1400.0,200.0,ramp,-6.574656441658047e-21,-2.381002138001058
tip,20.0,1400.0001,200.0,hold,-6.5746564452043525e-21,-2.3810021392853478
tip,20.0,1400.0001662938737,200.0,hold,-6.574656447555337e-21,-2.381002140136753
tip,20.0,1400.000276536524,200.0,hold,-6.574656451464882e-21,-2.3810021415525893
tip,20.0,1400.000459863298,200.0,hold,-6.5746564579662135e-21,-2.3810021439070366
tip,20.0,1400.0007647244913,200.0,hold,-6.574656468777528e-21,-2.3810021478223384
tip,20.0,1400.0012716899791,200.0,hold,-6.574656486756084e-21,-2.381002154333246
tip,20.0,1400.0021147425268,200.0,hold,-6.574656516653322e-21,-2.3810021651604867
tip,20.0,1400.0035166872651,200.0,hold,-6.5746565663705915e-21,-2.3810021831655224
tip,20.0,1400.0058480354764,200.0,hold,-6.5746566490473575e-21,-2.3810022131067914
tip,20.0,1400.0097249247247,200.0,hold,-6.574656786533733e-21,-2.3810022628972796
tip,20.0,1400.0161719540317,200.0,hold,-6.57465701516509e-21,-2.3810023456957885
tip,20.0,1400.0268929688,200.0,hold,-6.5746573953648674e-21,-2.3810024833845773
tip,20.0,1400.04472135955,200.0,hold,-6.5746580276133475e-21,-2.381002712352432
tip,20.0,1400.074368881133,200.0,hold,-6.574659079002566e-21,-2.381003093111488
tip,20.0,1400.123670893207,200.0,hold,-6.57466082739492e-21,-2.3810037262892014
tip,20.0,1400.2056571188596,200.0,hold,-6.574663734854598e-21,-2.3810047792214375
tip,20.0,1400.3419951893354,200.0,hold,-6.574668569755122e-21,-2.3810065301735346
tip,20.0,1400.568717047954,200.0,hold,-6.574676609824373e-21,-2.3810094418727616
tip,20.0,1400.945741609003,200.0,hold,-6.574689979762022e-21,-2.381014283775971
tip,20.0,1401.5727103560864,200.0,hold,-6.574712212582488e-21,-2.3810223353591273
tip,20.0,1402.6153209720237,200.0,hold,-6.5747491828336515e-21,-2.3810357240810847
tip,20.0,1404.349118552082,200.0,hold,-6.574810657762814e-21,-2.381057987136055
tip,20.0,1407.2323177087621,200.0,hold,-6.574912874821335e-21,-2.38109500489311
tip,20.0,1412.026901270703,200.0,hold,-6.575082822398129e-21,-2.3811565511575092
tip,20.0,1420.0,200.0,hold,-6.5753653432225834e-21,-2.381258865657594
face,150.0,0.0,300.0,initial,0.0,0.0
face,150.0,0.0001,300.0,hold,-2.0601186530512324e-23,-0.00497379288786465
face,150.0,0.00018085775507630108,300.0,hold,-3.7240902559740414e-23,-0.008991158641030514
face,150.0,0.00032709527571239276,300.0,hold,-6.72944494792661e-23,-0.01624705711571541
face,150.0,0.000591577172614071,300.0,hold,-1.2151594829076751e-22,-0.029337881023288687
face,150.0,0.0010699131939336623,300.0,hold,-2.191478794723317e-22,-0.05290938765569228
face,150.0,0.0019350209838135731,300.0,hold,-3.9432258591969916e-22,-0.09520222878749997
face,150.0,0.0034996355115805835,300.0,hold,-7.066316097776576e-22,-0.17060373051071334
face,150.0,0.006329362222097661,300.0,hold,-1.2571354740209225e-21,-0.3035131724333804
face,150.0,0.011447142425533316,300.0,hold,-2.2082187228540406e-21,-0.5331354367533048
face,150.0,0.020703044811206394,300.0,hold,-3.795229138654329e-21,-0.9162910917629629
face,150.0,0.03744306207798848,300.0,hold,-6.2937760986484875e-21,-1.5195211572355918
face,150.0,0.06771868150607578,300.0,hold,-9.882932989671895e-21,-2.38605974187306
face,150.0,0.12247448713915891,300.0,hold,-1.440005528172731e-20,-3.476639194496528
face,150.0,0.22150460798109567,300.0,hold,-1.915896261157891e-20,-4.625593377119241
face,150.0,0.40060826138517086,300.0,hold,-2.3021573152176905e-20,-5.558152519135785
face,150.0,0.7245311081914196,300.0,hold,-2.4982516913694152e-20,-6.031587780745179
face,150.0,1.3103706971044475,300.0,hold,-2.538961903053174e-20,-6.129875401720915
face,150.0,2.3699070259607784,300.0,hold,-2.540647066670744e-20,-6.133943931853169
face,150.0,4.2861606445482,300.0,hold,-2.5406510435777082e-20,-6.133953533393131
face,150.0,7.751853920693783,300.0,hold,-2.5406510436331082e-20,-6.133953533526885
face,150.0,14.01982897776099,300.0,hold,-2.540651043633108e-20,-6.133953533526884
face,150.0,25.355947954715283,300.0,hold,-2.5406510436331082e-20,-6.133953533526885
face,150.0,45.858198249213295,300.0,hold,-2.5406510436331082e-20,-6.133953533526885
face,150.0,82.93810787196668,300.0,hold,-2.5406510436331082e-20,-6.133953533526885
face,150.0,150.0,300.0,hold,-2.5406510436331082e-20,-6.133953533526885
face,150.0,153.0,299.75,ramp,-2.5407958425268705e-20,-6.1394193076560235
face,150.0,156.0,299.5,ramp,-2.5410852183158955e-20,-6.145243844743537
face,150.0,159.0,299.25,ramp,-2.5413742976389315e-20,-6.15107739616389
face,150.0,162.0,299.0,ramp,-2.541663079931509e-20,-6.156919983160914
face,150.0,165.0,298.75,ramp,-2.5419515646308165e-20,-6.162771627053572
face,150.0,168.0,298.5,ramp,-2.5422397511738044e-20,-6.168632349231667
face,150.0,171.0,298.25,ramp,-2.5425276389971923e-20,-6.1745021711561625
face,150.0,174.0,298.0,ramp,-2.5428152275374573e-20,-6.180381114359444
face,150.0,177.0,297.75,ramp,-2.5431025162308352e-20,-6.186269200445633
face,150.0,180.0,297.5,ramp,-2.543389504513314e-20,-6.192166451090863
face,150.0,183.0,297.25,ramp,-2.543676191820627e-20,-6.198072888043567
face,150.0,186.0,297.0,ramp,-2.5439625775882412e-20,-6.203988533124764
face,150.0,189.0,296.75,ramp,-2.544248661251351e-20,-6.209913408228331
face,150.0,192.0,296.5,ramp,-2.5445344422448588e-20,-6.215847535321279
face,150.0,195.0,296.25,ramp,-2.544819920003363e-20,-6.221790936444026
face,150.0,198.0,296.0,ramp,-2.545105093961136e-20,-6.227743633710649
face,150.0,201.0,295.75,ramp,-2.5453899635521018e-20,-6.2337056493091465
face,150.0,204.0,295.5,ramp,-2.5456745282098098e-20,-6.2396770055016875
face,150.0,207.0,295.25,ramp,-2.5459587873674025e-20,-6.2456577246248415
face,150.0,210.0,295.0,ramp,-2.5462427404575785e-20,-6.251647829089806
face,150.0,213.0,294.75,ramp,-2.5465263869125512e-20,-6.25764734138262
face,150.0,216.0,294.5,ramp,-2.546809726164e-20,-6.263656284064364
face,150.0,219.0,294.25,ramp,-2.5470927576430216e-20,-6.269674679771357
face,150.0,222.0,294.0,ramp,-2.5473754807800603e-20,-6.2757025512153035
face,150.0,225.0,293.75,ramp,-2.547657895004847e-20,-6.281739921183466
face,150.0,228.0,293.5,ramp,-2.547939999746314e-20,-6.287786812538778
face,150.0,231.0,293.25,ramp,-2.548221794432516e-20,-6.293843248219966
face,150.0,234.0,293.0,ramp,-2.5485032784905305e-20,-6.299909251241633
face,150.0,237.0,292.75,ramp,-2.548784451346351e-20,-6.305984844694313
face,150.0,240.0,292.5,ramp,-2.5490653124247698e-20,-6.31207005174451
face,150.0,243.0,292.25,ramp,-2.5493458611492512e-20,-6.3181648956347045
face,150.0,246.0,292.0,ramp,-2.549626096941788e-20,-6.324269399683326
face,150.0,249.0,291.75,ramp,-2.549906019222747e-20,-6.330383587284689
face,150.0,252.0,291.5,ramp,-2.5501856274107002e-20,-6.336507481908908
face,150.0,255.0,291.25,ramp,-2.550464920922245e-20,-6.3426411071017705
face,150.0,258.0,291.0,ramp,-2.5507438991718033e-20,-6.348784486484561
face,150.0,261.0,290.75,ramp,-2.5510225615714134e-20,-6.35493764375387
face,150.0,264.0,290.5,ramp,-2.5513009075304986e-20,-6.361100602681339
face,150.0,267.0,290.25,ramp,-2.551578936455623e-20,-6.367273387113375
face,150.0,270.0,290.0,ramp,-2.5518566477502316e-20,-6.373456020970827
face,150.0,270.0001,290.0,hold,-2.5518567059121116e-20,-6.373456166234544
face,150.0,270.0001808577551,290.0,hold,-2.5518567529170337e-20,-6.373456283632912
face,150.0,270.00032709527574,290.0,hold,-2.551856837875834e-20,-6.373456495823976
face,150.0,270.0005915771726,290.0,hold,-2.5518569913564727e-20,-6.373456879153541
face,150.0,270.00106991319393,290.0,hold,-2.5518572683705052e-20,-6.373457571017152
face,150.0,270.0019350209838,290.0,hold,-2.551857767523186e-20,-6.3734588176889275
face,150.0,270.00349963551156,290.0,hold,-2.5518586642790984e-20,-6.373461057405008
face,150.0,270.0063293622221,290.0,hold,-2.5518602667757075e-20,-6.373465059762143
face,150.0,270.01144714242554,290.0,hold,-2.5518631032633953e-20,-6.37347214410583
face,150.0,270.0207030448112,290.0,hold,-2.5518680400803315e-20,-6.373484474181524
face,150.0,270.037443062078,290.0,hold,-2.5518763845013732e-20,-6.373505315007585
face,150.0,270.06771868150605,290.0,hold,-2.551889807681309e-20,-6.373538840420174
face,150.0,270.1224744871392,290.0,hold,-2.5519097332232284e-20,-6.373588605976256
face,150.0,270.2215046079811,290.0,hold,-2.5519358109677973e-20,-6.373653737126269
face,150.0,270.4006082613852,290.0,hold,-2.5519637456373524e-20,-6.373723506087636
face,150.0,270.7245311081914,290.0,hold,-2.5519849927181686e-20,-6.3737765722876025
face,150.0,271.3103706971045,290.0,hold,-2.551993922087702e-20,-6.373798874067001
face,150.0,272.3699070259608,290.0,hold,-2.5519953485757952e-20,-6.373802436829484
face,150.0,274.2861606445482,290.0,hold,-2.5519953976104663e-20,-6.373802559297304
face,150.0,277.7518539206938,290.0,hold,-2.551995397737302e-20,-6.373802559614086
face,150.0,284.019828977761,290.0,hold,-2.551995397737305e-20,-6.373802559614093
face,150.0,295.3559479547153,290.0,hold,-2.551995397737305e-20,-6.373802559614093
face,150.0,315.8581982492133,290.0,hold,-2.5519953977373044e-20,-6.3738025596140915
face,150.0,352.9381078719667,290.0,hold,-2.551995397737305e-20,-6.373802559614093
face,150.0,420.0,290.0,hold,-2.5519953977373053e-20,-6.373802559614094
face,150.0,423.0,289.75,ramp,-2.5521340481806803e-20,-6.37964854666239
face,150.0,426.0,289.5,ramp,-2.5524111150452985e-20,-6.385850933017504
face,150.0,429.0,289.25,ramp,-2.552687869832708e-20,-6.392063259412637
face,150.0,432.0,289.0,ramp,-2.5529643045672837e-20,-6.398285531655084
face,150.0,435.0,288.75,ramp,-2.5532404186315028e-20,-6.4045177740292285
face,150.0,438.0,288.5,ramp,-2.5535162114036936e-20,-6.41076001089321
face,150.0,441.0,288.25,ramp,-2.5537916822567758e-20,-6.4170122666760845
face,150.0,444.0,288.0,ramp,-2.5540668305578746e-20,-6.423274565877156
face,150.0,447.0,287.75,ramp,-2.5543416556679135e-20,-6.429546933065263
face,150.0,450.0,287.5,ramp,-2.5546161569411975e-20,-6.435829392878018
face,150.0,453.0,287.25,ramp,-2.554890333724982e-20,-6.44212197002104
face,150.0,456.0,287.0,ramp,-2.555164185359035e-20,-6.448424689267125
face,150.0,459.0,286.75,ramp,-2.555437711175182e-20,-6.4547375754554075
face,150.0,462.0,286.5,ramp,-2.5557109104968494e-20,-6.4610606534904775
face,150.0,465.0,286.25,ramp,-2.5559837826386037e-20,-6.467393948341517
face,150.0,468.0,286.0,ramp,-2.5562563269056706e-20,-6.4737374850413545
face,150.0,471.0,285.75,ramp,-2.5565285425934733e-20,-6.480091288685577
face,150.0,474.0,285.5,ramp,-2.556800428987151e-20,-6.486455384431578
face,150.0,477.0,285.25,ramp,-2.5570719853610883e-20,-6.4928297974976426
face,150.0,480.0,285.0,ramp,-2.5573432109784464e-20,-6.499214553162015
face,150.0,483.0,284.75,ramp,-2.5576141050906997e-20,-6.505609676761988
face,150.0,486.0,284.5,ramp,-2.5578846669371794e-20,-6.512015193692998
face,150.0,489.0,284.25,ramp,-2.5581548957446275e-20,-6.518431129407744
face,150.0,492.0,284.0,ramp,-2.55842479072677e-20,-6.524857509415351
face,150.0,495.0,283.75,ramp,-2.5586943510838923e-20,-6.531294359280539
face,150.0,498.0,283.5,ramp,-2.558963576002448e-20,-6.537741704622861
face,150.0,501.0,283.25,ramp,-2.5592324646546767e-20,-6.544199571115976
face,150.0,504.0,283.0,ramp,-2.5595010161982523e-20,-6.550667984486981
face,150.0,507.0,282.75,ramp,-2.5597692297759483e-20,-6.557146970515794
face,150.0,510.0,282.5,ramp,-2.5600371045153414e-20,-6.563636555034628
face,150.0,513.0,282.25,ramp,-2.5603046395285337e-20,-6.570136763927505
face,150.0,516.0,282.0,ramp,-2.560571833911913e-20,-6.576647623129876
face,150.0,519.0,281.75,ramp,-2.5608386867459455e-20,-6.583169158628314
face,150.0,522.0,281.5,ramp,-2.5611051970950054e-20,-6.589701396460296
face,150.0,525.0,281.25,ramp,-2.5613713640072347e-20,-6.596244362714081
face,150.0,528.0,281.0,ramp,-2.5616371865144477e-20,-6.602798083528683
face,150.0,531.0,280.75,ramp,-2.5619026636320728e-20,-6.609362585093941
face,150.0,534.0,280.5,ramp,-2.5621677943591327e-20,-6.615937893650706
face,150.0,537.0,280.25,ramp,-2.562432577678264e-20,-6.622524035491111
face,150.0,540.0,280.0,ramp,-2.562697012555782e-20,-6.629121036958969
face,150.0,540.0001,280.0,hold,-2.5626970405644347e-20,-6.629121109411057
face,150.0,540.000180857755,280.0,hold,-2.5626970632059034e-20,-6.629121167979446
face,150.0,540.0003270952757,280.0,hold,-2.5626971041418155e-20,-6.629121273871447
face,150.0,540.0005915771726,280.0,hold,-2.562697178135296e-20,-6.629121465275947
face,150.0,540.001069913194,280.0,hold,-2.5626973118200754e-20,-6.6291218110884165
face,150.0,540.0019350209839,280.0,hold,-2.562697553148431e-20,-6.6291224353506175
face,150.0,540.0034996355116,280.0,hold,-2.5626979881403886e-20,-6.629123560577019
face,150.0,540.0063293622221,280.0,hold,-2.562698770086391e-20,-6.629125583295534
face,150.0,540.0114471424255,280.0,hold,-2.562700168893648e-20,-6.6291292016954335
face,150.0,540.0207030448112,280.0,hold,-2.562702649527663e-20,-6.629135618537945
face,150.0,540.037443062078,280.0,hold,-2.562706981533704e-20,-6.62914682446367
face,150.0,540.0677186815061,280.0,hold,-2.562714347033472e-20,-6.62916587735569
face,150.0,540.1224744871391,280.0,hold,-2.5627263163281458e-20,-6.629196839230126
face,150.0,540.221504607981,280.0,hold,-2.5627443865523305e-20,-6.6292435828376215
face,150.0,540.4006082613852,280.0,hold,-2.562768688277136e-20,-6.629306445936284
face,150.0,540.7245311081914,280.0,hold,-2.5627958713345932e-20,-6.629376762394747
face,150.0,541.3103706971044,280.0,hold,-2.5628180450049954e-20,-6.629434120695089
face,150.0,542.3699070259607,280.0,hold,-2.562828476283575e-20,-6.6294611040676585
face,150.0,544.2861606445482,280.0,hold,-2.5628304683794633e-20,-6.629466257171868
face,150.0,547.7518539206937,280.0,hold,-2.562830560363028e-20,-6.62946649511267
face,150.0,554.019828977761,280.0,hold,-2.5628305607730472e-20,-6.629466496173298
face,150.0,565.3559479547152,280.0,hold,-2.562830560773074e-20,-6.629466496173367
face,150.0,585.8581982492133,280.0,hold,-2.562830560773074e-20,-6.629466496173367
face,150.0,622.9381078719666,280.0,hold,-2.562830560773074e-20,-6.629466496173367
face,150.0,690.0,280.0,hold,-2.562830560773074e-20,-6.629466496173367
face,150.0,693.0,279.75,ramp,-2.5629618674370632e-20,-6.635730916740397
face,150.0,696.0,279.5,ramp,-2.56322484009754e-20,-6.642347743401653
face,150.0,699.0,279.25,ramp,-2.5634882160458775e-20,-6.64897746357603
face,150.0,702.0,279.0,ramp,-2.5637512464127015e-20,-6.655618167823581
face,150.0,705.0,278.75,ramp,-2.5640139230138306e-20,-6.662269864432296
face,150.0,708.0,278.5,ramp,-2.5642762446380706e-20,-6.668932579854619
face,150.0,711.0,278.25,ramp,-2.5645382101414354e-20,-6.675606340813012
face,150.0,714.0,278.0,ramp,-2.564799818366592e-20,-6.682291174091283
face,150.0,717.0,277.75,ramp,-2.565061068142179e-20,-6.688987106533093
face,150.0,720.0,277.5,ramp,-2.5653219582832163e-20,-6.695694165043289
face,150.0,723.0,277.25,ramp,-2.5655824875915446e-20,-6.702412376589328
face,150.0,726.0,277.0,ramp,-2.565842654856291e-20,-6.709141768202783
face,150.0,729.0,276.75,ramp,-2.566102458854353e-20,-6.7158823669808925
face,150.0,732.0,276.5,ramp,-2.566361898350902e-20,-6.722634200088182
face,150.0,735.0,276.25,ramp,-2.5666209720998903e-20,-6.72939729475809
face,150.0,738.0,276.0,ramp,-2.5668796788445728e-20,-6.736171678294658
face,150.0,741.0,275.75,ramp,-2.5671380173180387e-20,-6.7429573780742444
face,150.0,744.0,275.5,ramp,-2.5673959862437298e-20,-6.749754421547212
face,150.0,747.0,275.25,ramp,-2.5676535843359754e-20,-6.756562836239669
face,150.0,750.0,275.0,ramp,-2.567910810300506e-20,-6.76338264975518
face,150.0,753.0,274.75,ramp,-2.5681676628349715e-20,-6.770213889776469
face,150.0,756.0,274.5,ramp,-2.5684241406294344e-20,-6.77705658406709
face,150.0,759.0,274.25,ramp,-2.568680242366858e-20,-6.783910760473082
face,150.0,762.0,274.0,ramp,-2.5689359667235728e-20,-6.790776446924578
face,150.0,765.0,273.75,ramp,-2.5691913123697153e-20,-6.797653671437353
face,150.0,768.0,273.5,ramp,-2.569446277969653e-20,-6.804542462114337
face,150.0,771.0,273.25,ramp,-2.5697008621823727e-20,-6.811442847147041
face,150.0,774.0,273.0,ramp,-2.5699550636618452e-20,-6.818354854816938
face,150.0,777.0,272.75,ramp,-2.5702088810573586e-20,-6.825278513496756
face,150.0,780.0,272.5,ramp,-2.5704623130138087e-20,-6.832213851651667
face,150.0,783.0,272.25,ramp,-2.570715358171968e-20,-6.839160897840428
face,150.0,786.0,272.0,ramp,-2.5709680151687043e-20,-6.846119680716396
face,150.0,789.0,271.75,ramp,-2.5712202826371736e-20,-6.853090229028473
face,150.0,792.0,271.5,ramp,-2.5714721592069585e-20,-6.860072571621918
face,150.0,795.0,271.25,ramp,-2.571723643504185e-20,-6.867066737439105
face,150.0,798.0,271.0,ramp,-2.5719747341515775e-20,-6.874072755520106
face,150.0,801.0,270.75,ramp,-2.572225429768492e-20,-6.88109065500325
face,150.0,804.0,270.5,ramp,-2.5724757289708932e-20,-6.888120465125501
face,150.0,807.0,270.25,ramp,-2.5727256303713023e-20,-6.895162215222778
face,150.0,810.0,270.0,ramp,-2.5729751325786946e-20,-6.902215934730144
face,150.0,810.0001,270.0,hold,-2.5729751467579295e-20,-6.9022159727671
face,150.0,810.000180857755,270.0,hold,-2.5729751582216095e-20,-6.902216003519357
face,150.0,810.0003270952757,270.0,hold,-2.5729751789515415e-20,-6.902216059129093
face,150.0,810.0005915771726,270.0,hold,-2.5729752164333485e-20,-6.902216159677102
face,150.0,810.001069913194,270.0,hold,-2.5729752841897983e-20,-6.902216341439312
face,150.0,810.0019350209839,270.0,hold,-2.5729754066270312e-20,-6.9022166698871885
face,150.0,810.0034996355116,270.0,hold,-2.5729756277196387e-20,-6.902217262986166
face,150.0,810.0063293622221,270.0,hold,-2.5729760264593855e-20,-6.902218332638102
face,150.0,810.0114471424255,270.0,hold,-2.5729767439593483e-20,-6.902220257390353
face,150.0,810.0207030448112,270.0,hold,-2.5729780298016004e-20,-6.902223706767212
face,150.0,810.037443062078,270.0,hold,-2.5729803174777165e-20,-6.902229843645234
face,150.0,810.0677186815061,270.0,hold,-2.5729843354039733e-20,-6.902240622060573
face,150.0,810.1224744871391,270.0,hold,-2.572991235141335e-20,-6.902259131169565
face,150.0,810.221504607981,270.0,hold,-2.5730026377239665e-20,-6.902289719528753
face,150.0,810.4006082613852,270.0,hold,-2.5730203282778126e-20,-6.902337175884279
face,150.0,810.7245311081914,270.0,hold,-2.5730451438402226e-20,-6.902403745657195
face,150.0,811.3103706971044,270.0,hold,-2.5730747441486163e-20,-6.902483150901995
face,150.0,812.3699070259607,270.0,hold,-2.5731014885870542e-20,-6.9025548950423925
face,150.0,814.2861606445482,270.0,hold,-2.573116345714319e-20,-6.902594750499701
face,150.0,817.7518539206937,270.0,hold,-2.573120036978623e-20,-6.902604652617672
face,150.0,824.019828977761,270.0,hold,-2.5731202959921047e-20,-6.902605347442491
face,150.0,835.3559479547152,270.0,hold,-2.5731202983845144e-20,-6.902605353860325
face,150.0,855.8581982492133,270.0,hold,-2.5731202983851373e-20,-6.902605353861996
face,150.0,892.9381078719666,270.0,hold,-2.5731202983851373e-20,-6.902605353861996
face,150.0,960.0,270.0,hold,-2.5731202983851373e-20,-6.902605353861996
face,150.0,963.0,269.75,ramp,-2.5732357027677276e-20,-6.909312447068735
face,150.0,966.0,269.5,ramp,-2.573474044815172e-20,-6.916362386044633
face,150.0,969.0,269.25,ramp,-2.573721352505678e-20,-6.923449534893598
face,150.0,972.0,269.0,ramp,-2.5739691364132228e-20,-6.930551139121825
face,150.0,975.0,268.75,ramp,-2.574216608715884e-20,-6.937665115843505
face,150.0,978.0,268.5,ramp,-2.574463684653056e-20,-6.944791270971165
face,150.0,981.0,268.25,ramp,-2.5747103529922974e-20,-6.951929608225888
face,150.0,984.0,268.0,ramp,-2.5749566110557138e-20,-6.959080154462167
face,150.0,987.0,267.75,ramp,-2.575202457240054e-20,-6.966242939541835
face,150.0,990.0,267.5,ramp,-2.5754478900807554e-20,-6.9734179938138805
face,150.0,993.0,267.25,ramp,-2.5756929081267237e-20,-6.980605347777354
face,150.0,996.0,267.0,ramp,-2.575937509922289e-20,-6.98780503203312
face,150.0,999.0,266.75,ramp,-2.5761816940040975e-20,-6.995017077275897
face,150.0,1002.0,266.5,ramp,-2.5764254589001565e-20,-7.002241514292103
face,150.0,1005.0,266.25,ramp,-2.5766688031291786e-20,-7.009478373958501
face,150.0,1008.0,266.0,ramp,-2.5769117251999703e-20,-7.016727687240958
face,150.0,1011.0,265.75,ramp,-2.5771542236108047e-20,-7.023989485193154
face,150.0,1014.0,265.5,ramp,-2.577396296848777e-20,-7.031263798955241
face,150.0,1017.0,265.25,ramp,-2.5776379433891438e-20,-7.03855065975244
face,150.0,1020.0,265.0,ramp,-2.5778791616946558e-20,-7.045850098893622
face,150.0,1023.0,264.75,ramp,-2.5781199502148676e-20,-7.053162147769818
face,150.0,1026.0,264.5,ramp,-2.5783603073854424e-20,-7.0604868378526975
face,150.0,1029.0,264.25,ramp,-2.5786002316274437e-20,-7.067824200693011
face,150.0,1032.0,264.0,ramp,-2.5788397213466192e-20,-7.075174267919002
face,150.0,1035.0,263.75,ramp,-2.5790787749326785e-20,-7.0825370712347855
face,150.0,1038.0,263.5,ramp,-2.5793173907585592e-20,-7.089912642418694
face,150.0,1041.0,263.25,ramp,-2.5795555671796912e-20,-7.097301013321609
face,150.0,1044.0,263.0,ramp,-2.579793302533257e-20,-7.10470221586526
face,150.0,1047.0,262.75,ramp,-2.5800305951374434e-20,-7.112116282040507
face,150.0,1050.0,262.5,ramp,-2.5802674432906923e-20,-7.119543243905596
face,150.0,1053.0,262.25,ramp,-2.5805038452709543e-20,-7.126983133584427
face,150.0,1056.0,262.0,ramp,-2.5807397993349242e-20,-7.134435983264746
face,150.0,1059.0,261.75,ramp,-2.580975303717296e-20,-7.14190182519639
face,150.0,1062.0,261.5,ramp,-2.5812103566300006e-20,-7.149380691689476
face,150.0,1065.0,261.25,ramp,-2.5814449562614438e-20,-7.156872615112573
face,150.0,1068.0,261.0,ramp,-2.5816791007757578e-20,-7.164377627890907
face,150.0,1071.0,260.75,ramp,-2.581912788312029e-20,-7.1718957625044855
face,150.0,1074.0,260.5,ramp,-2.5821460169835453e-20,-7.17942705148627
face,150.0,1077.0,260.25,ramp,-2.582378784877032e-20,-7.186971527420303
face,150.0,1080.0,260.0,ramp,-2.582611090051889e-20,-7.194529222939827
face,150.0,1080.0001,260.0,hold,-2.5826110991800617e-20,-7.194529248368706
face,150.0,1080.0001808577551,260.0,hold,-2.5826111065605514e-20,-7.194529268928964
face,150.0,1080.0003270952757,260.0,hold,-2.582611119907954e-20,-7.194529306111596
face,150.0,1080.0005915771726,260.0,hold,-2.5826111440451947e-20,-7.194529373352104
face,150.0,1080.001069913194,260.0,hold,-2.5826111876908628e-20,-7.194529494938369
face,150.0,1080.0019350209839,260.0,hold,-2.5826112665999523e-20,-7.194529714759987
face,150.0,1080.0034996355116,260.0,hold,-2.582611409223332e-20,-7.194530112074193
face,150.0,1080.006329362222,260.0,hold,-2.5826116668753534e-20,-7.194530829830344
face,150.0,1080.0114471424256,260.0,hold,-2.5826121319016456e-20,-7.1945321252810075
face,150.0,1080.0207030448112,260.0,hold,-2.582612969820332e-20,-7.194534459519599
face,150.0,1080.037443062078,260.0,hold,-2.582614475146805e-20,-7.194538652994701
face,150.0,1080.067718681506,260.0,hold,-2.5826171650417676e-20,-7.194546146390818
face,150.0,1080.1224744871392,260.0,hold,-2.5826219260202598e-20,-7.194559409324221
face,150.0,1080.2215046079812,260.0,hold,-2.5826302120580078e-20,-7.1945824922192605
face,150.0,1080.400608261385,260.0,hold,-2.582644218097309e-20,-7.1946215096537625
face,150.0,1080.7245311081915,260.0,hold,-2.5826667492748567e-20,-7.194684276059404
face,150.0,1081.3103706971044,260.0,hold,-2.5827001371677042e-20,-7.194777286645361
face,150.0,1082.3699070259609,260.0,hold,-2.5827433042983262e-20,-7.194897539820113
face,150.0,1084.286160644548,260.0,hold,-2.5827874444613174e-20,-7.195020503627466
face,150.0,1087.7518539206937,260.0,hold,-2.5828174079657385e-20,-7.195103974696344
face,150.0,1094.0198289777609,260.0,hold,-2.5828276612067858e-20,-7.195132537743497
face,150.0,1105.3559479547152,260.0,hold,-2.582828850194342e-20,-7.195135849974964
face,150.0,1125.8581982492133,260.0,hold,-2.5828288755789756e-20,-7.195135920690407
face,150.0,1162.9381078719666,260.0,hold,-2.5828288756099686e-20,-7.195135920776746
face,150.0,1230.0,260.0,hold,-2.5828288756099683e-20,-7.195135920776745
face,150.0,1233.0,259.75,ramp,-2.582911038427877e-20,-7.202290085423355
face,150.0,1236.0,259.5,ramp,-2.5830971807295464e-20,-7.209748254369921
face,150.0,1239.0,259.25,ramp,-2.5833132464240614e-20,-7.217304407924723
face,150.0,1242.0,259.0,ramp,-2.5835385876389917e-20,-7.224901087768585
face,150.0,1245.0,258.75,ramp,-2.5837667260279462e-20,-7.232520277080352
face,150.0,1248.0,258.5,ramp,-2.583995533794506e-20,-7.240156079246593
face,150.0,1251.0,258.25,ramp,-2.5842242811382522e-20,-7.247806495689765
face,150.0,1254.0,258.0,ramp,-2.5844527066195942e-20,-7.255470834940035
face,150.0,1257.0,257.75,ramp,-2.5846807121146556e-20,-7.2631488617744
face,150.0,1260.0,257.5,ramp,-2.584908258635711e-20,-7.270840506394775
face,150.0,1263.0,257.25,ramp,-2.585135329366007e-20,-7.27854576115496
face,150.0,1266.0,257.0,ramp,-2.5853619160634245e-20,-7.286264642544692
face,150.0,1269.0,256.75,ramp,-2.5855880138893684e-20,-7.293997176719342
face,150.0,1272.0,256.5,ramp,-2.5858136193802556e-20,-7.301743393818972
face,150.0,1275.0,256.25,ramp,-2.5860387296286958e-20,-7.309503325673355
face,150.0,1278.0,256.0,ramp,-2.5862633419440312e-20,-7.3172770048497995
face,150.0,1281.0,255.75,ramp,-2.5864874537079497e-20,-7.325064464247839
face,150.0,1284.0,255.5,ramp,-2.5867110623114457e-20,-7.332865736922153
face,150.0,1287.0,255.25,ramp,-2.586934165126485e-20,-7.340680856002929
face,150.0,1290.0,255.0,ramp,-2.587156759492778e-20,-7.348509854658655
face,150.0,1293.0,254.75,ramp,-2.587378842711257e-20,-7.356352766077772
face,150.0,1296.0,254.5,ramp,-2.587600412040589e-20,-7.3642096234588355
face,150.0,1299.0,254.25,ramp,-2.5878214646950813e-20,-7.372080460004608
face,150.0,1302.0,254.0,ramp,-2.5880419978432368e-20,-7.379965308917958
face,150.0,1305.0,253.75,ramp,-2.5882620086066144e-20,-7.387864203398609
face,150.0,1308.0,253.5,ramp,-2.5884814940588378e-20,-7.395777176640285
face,150.0,1311.0,253.25,ramp,-2.5887004512246785e-20,-7.403704261828068
face,150.0,1314.0,253.0,ramp,-2.588918877079166e-20,-7.411645492135801
face,150.0,1317.0,252.75,ramp,-2.5891367685467243e-20,-7.419600900723561
face,150.0,1320.0,252.5,ramp,-2.5893541225003086e-20,-7.427570520735111
face,150.0,1323.0,252.25,ramp,-2.589570935760553e-20,-7.435554385295378
face,150.0,1326.0,252.0,ramp,-2.5897872050949205e-20,-7.4435525275079115
face,150.0,1329.0,251.75,ramp,-2.590002927216851e-20,-7.4515649804523285
face,150.0,1332.0,251.5,ramp,-2.5902180987849245e-20,-7.459591777181783
face,150.0,1335.0,251.25,ramp,-2.5904327164020146e-20,-7.467632950720394
face,150.0,1338.0,251.0,ramp,-2.590646776614456e-20,-7.475688534060701
face,150.0,1341.0,250.75,ramp,-2.5908602759112143e-20,-7.4837585601611085
face,150.0,1344.0,250.5,ramp,-2.5910732107230636e-20,-7.49184306194333
face,150.0,1347.0,250.25,ramp,-2.5912855774217687e-20,-7.49994207228985
face,150.0,1350.0,250.0,ramp,-2.5914973723192833e-20,-7.508055624041399
face,150.0,1350.0001,250.0,hold,-2.591497379624112e-20,-7.508055645204862
face,150.0,1350.0001808577551,250.0,hold,-2.5914973855305262e-20,-7.508055662316855
face,150.0,1350.0003270952757,250.0,hold,-2.5914973962124923e-20,-7.508055693264522
face,150.0,1350.0005915771726,250.0,hold,-2.5914974155308648e-20,-7.508055749233483
face,150.0,1350.001069913194,250.0,hold,-2.5914974504670517e-20,-7.508055850450192
face,150.0,1350.0019350209839,250.0,hold,-2.59149751364339e-20,-7.508056033483934
face,150.0,1350.0034996355116,250.0,hold,-2.5914976278750193e-20,-7.508056364434463
face,150.0,1350.006329362222,250.0,hold,-2.591497834381288e-20,-7.508056962721989
face,150.0,1350.0114471424256,250.0,hold,-2.5914982075681663e-20,-7.508058043914612
face,150.0,1350.0207030448112,250.0,hold,-2.5914988815398717e-20,-7.508059996537488
face,150.0,1350.037443062078,250.0,hold,-2.591500097320571e-20,-7.508063518882992
face,150.0,1350.067718681506,250.0,hold,-2.591502285907806e-20,-7.508069859632118
face,150.0,1350.1224744871392,250.0,hold,-2.591506210943566e-20,-7.508081231199431
face,150.0,1350.2215046079812,250.0,hold,-2.5915132029583028e-20,-7.508101488382066
face,150.0,1350.400608261385,250.0,hold,-2.5915255100454703e-20,-7.508137144329863
face,150.0,1350.7245311081915,250.0,hold,-2.591546719143072e-20,-7.508198591077304
face,150.0,1351.3103706971044,250.0,hold,-2.591581948415873e-20,-7.508300656910983
face,150.0,1352.3699070259609,250.0,hold,-2.591636885931895e-20,-7.508459821234492
face,150.0,1354.286160644548,250.0,hold,-2.5917138040771167e-20,-7.508682667577688
face,150.0,1357.7518539206937,250.0,hold,-2.591803169749373e-20,-7.5089415767494065
face,150.0,1364.0198289777609,250.0,hold,-2.5918781146547502e-20,-7.509158706245397
face,150.0,1375.3559479547152,250.0,hold,-2.5919142592618812e-20,-7.509263423974902
face,150.0,1395.8581982492133,250.0,hold,-2.5919214304786842e-20,-7.509284200339649
face,150.0,1432.9381078719666,250.0,hold,-2.591921792418584e-20,-7.509285248947658
face,150.0,1500.0,250.0,hold,-2.5919217944810477e-20,-7.509285254923004
face,150.0,1503.0,249.75,ramp,-2.5919667796564617e-20,-7.516932517960637
face,150.0,1506.0,249.5,ramp,-2.592080045736119e-20,-7.5247933252433326
face,150.0,1509.0,249.25,ramp,-2.5922310619040532e-20,-7.532779599652521
face,150.0,1512.0,249.0,ramp,-2.5924040900234408e-20,-7.540845939638987
face,150.0,1515.0,248.75,ramp,-2.5925901491749358e-20,-7.548966436442051
face,150.0,1518.0,248.5,ramp,-2.5927839491728763e-20,-7.557125834334282
face,150.0,1521.0,248.25,ramp,-2.592982320261557e-20,-7.565315002725978
face,150.0,1524.0,248.0,ramp,-2.593183336384215e-20,-7.57352840649875
face,150.0,1527.0,247.75,ramp,-2.593385811470842e-20,-7.581762651543722
face,150.0,1530.0,247.5,ramp,-2.593589005402927e-20,-7.590015635094424
face,150.0,1533.0,247.25,ramp,-2.5937924501246713e-20,-7.5982860428634735
face,150.0,1536.0,247.0,ramp,-2.593995845543736e-20,-7.606573047774623
face,150.0,1539.0,246.75,ramp,-2.5941989964696493e-20,-7.614876127323208
face,150.0,1542.0,246.5,ramp,-2.594401773968186e-20,-7.623194951567236
face,150.0,1545.0,246.25,ramp,-2.5946040914095912e-20,-7.6315293136553155
face,150.0,1548.0,246.0,ramp,-2.5948058894592533e-20,-7.639879086260208
face,150.0,1551.0,245.75,ramp,-2.595007126570512e-20,-7.648244193962845
face,150.0,1554.0,245.5,ramp,-2.5952077728992175e-20,-7.656624595562793
face,150.0,1557.0,245.25,ramp,-2.5954078063686114e-20,-7.665020272631069
face,150.0,1560.0,245.0,ramp,-2.5956072100993587e-20,-7.6734312220286895
face,150.0,1563.0,244.75,ramp,-2.5958059707149002e-20,-7.681857450969726
face,150.0,1566.0,244.5,ramp,-2.59600407721353e-20,-7.690298973732931
face,150.0,1569.0,244.25,ramp,-2.596201520210832e-20,-7.698755809451412
face,150.0,1572.0,244.0,ramp,-2.5963982914264048e-20,-7.707227980613883
face,150.0,1575.0,243.75,ramp,-2.5965943833331508e-20,-7.715715512039741
face,150.0,1578.0,243.5,ramp,-2.5967897889156875e-20,-7.7242184301724235
face,150.0,1581.0,243.25,ramp,-2.596984501502624e-20,-7.732736762588338
face,150.0,1584.0,243.0,ramp,-2.5971785146492595e-20,-7.741270537653062
face,150.0,1587.0,242.75,ramp,-2.5973718220549847e-20,-7.749819784278945
face,150.0,1590.0,242.5,ramp,-2.59756441750472e-20,-7.75838453175303
face,150.0,1593.0,242.25,ramp,-2.597756294827196e-20,-7.766964809614236
face,150.0,1596.0,242.0,ramp,-2.5979474478650608e-20,-7.775560647565204
face,150.0,1599.0,241.75,ramp,-2.5981378704534037e-20,-7.784172075408789
face,150.0,1602.0,241.5,ramp,-2.5983275564042964e-20,-7.792799123002224
face,150.0,1605.0,241.25,ramp,-2.5985164994956658e-20,-7.801441820223987
face,150.0,1608.0,241.0,ramp,-2.5987046934633313e-20,-7.810100196949986
face,150.0,1611.0,240.75,ramp,-2.5988921319953562e-20,-7.81877428303655
face,150.0,1614.0,240.5,ramp,-2.599078808728116e-20,-7.827464108308484
face,150.0,1617.0,240.25,ramp,-2.5992647172436565e-20,-7.836169702550944
face,150.0,1620.0,240.0,ramp,-2.5994498510680285e-20,-7.844891095504205
face,150.0,1620.0001,240.0,hold,-2.5994498572620314e-20,-7.844891114197114
face,150.0,1620.0001808577551,240.0,hold,-2.5994498622703282e-20,-7.844891129311675
face,150.0,1620.0003270952757,240.0,hold,-2.5994498713281438e-20,-7.844891156647296
face,150.0,1620.0005915771726,240.0,hold,-2.599449887709648e-20,-7.8448912060851095
face,150.0,1620.001069913194,240.0,hold,-2.599449917336029e-20,-7.844891295494694
face,150.0,1620.0019350209839,240.0,hold,-2.5994499709148886e-20,-7.8448914571905695
face,150.0,1620.0034996355116,240.0,hold,-2.599450067807422e-20,-7.84489174960297
face,150.0,1620.006329362222,240.0,hold,-2.599450243015688e-20,-7.844892278364765
face,150.0,1620.0114471424256,240.0,hold,-2.5994505597973064e-20,-7.844893234381399
face,150.0,1620.0207030448112,240.0,hold,-2.599451132407228e-20,-7.84489496246339
face,150.0,1620.037443062078,240.0,hold,-2.5994521669900802e-20,-7.8448980847355125
face,150.0,1620.067718681506,240.0,hold,-2.5994540347622077e-20,-7.8449037214932
face,150.0,1620.1224744871392,240.0,hold,-2.5994574018511133e-20,-7.844913883045562
face,150.0,1620.2215046079812,240.0,hold,-2.5994634560007944e-20,-7.8449321538904115
face,150.0,1620.400608261385,240.0,hold,-2.5994742906645698e-20,-7.844964851869694
face,150.0,1620.7245311081915,240.0,hold,-2.5994935184914467e-20,-7.845022879612675
face,150.0,1621.3103706971044,240.0,hold,-2.5995271351826305e-20,-7.845124331572297
face,150.0,1622.3699070259609,240.0,hold,-2.5995843813254864e-20,-7.845297094957656
face,150.0,1624.286160644548,240.0,hold,-2.599677499483259e-20,-7.845578116654012
face,150.0,1627.7518539206937,240.0,hold,-2.5998174436778934e-20,-7.846000454852191
face,150.0,1634.0198289777609,240.0,hold,-2.600000783548079e-20,-7.846553757049762
face,150.0,1645.3559479547152,240.0,hold,-2.6001895922361978e-20,-7.847123563616934
face,150.0,1665.8581982492133,240.0,hold,-2.6003177790073626e-20,-7.847510419035307
face,150.0,1702.9381078719666,240.0,hold,-2.60036149024196e-20,-7.847642335361727
face,150.0,1770.0,240.0,hold,-2.600366582534431e-20,-7.847657703413488
face,150.0,1773.0,239.75,ramp,-2.6003861885316732e-20,-7.8559001017110885
face,150.0,1776.0,239.5,ramp,-2.6004393226137633e-20,-7.864261103316204
face,150.0,1779.0,239.25,ramp,-2.6005174817103907e-20,-7.8727153381294634
face,150.0,1782.0,239.0,ramp,-2.600614809239122e-20,-7.881245350165582
face,150.0,1785.0,238.75,ramp,-2.6007270270824142e-20,-7.889838398921919
face,150.0,1788.0,238.5,ramp,-2.6008509003767942e-20,-7.898484858719077
face,150.0,1791.0,238.25,ramp,-2.600983932728843e-20,-7.907177308477888
face,150.0,1794.0,238.0,ramp,-2.6011241728198338e-20,-7.9159099547448655
face,150.0,1797.0,237.75,ramp,-2.6012700818211057e-20,-7.924678236335234
face,150.0,1800.0,237.5,ramp,-2.601420437886743e-20,-7.933478539552563
face,150.0,1803.0,237.25,ramp,-2.601574265246075e-20,-7.94230798670834
face,150.0,1806.0,237.0,ramp,-2.601730780573936e-20,-7.951164276105715
face,150.0,1809.0,236.75,ramp,-2.6018893519387874e-20,-7.960045559489273
face,150.0,1812.0,236.5,ramp,-2.6020494671131187e-20,-7.96895034739015
face,150.0,1815.0,236.25,ramp,-2.602210708952497e-20,-7.97787743554128
face,150.0,1818.0,236.0,ramp,-2.6023727361636237e-20,-7.986825847364093
face,150.0,1821.0,235.75,ramp,-2.6025352682105236e-20,-7.995794788802914
face,150.0,1824.0,235.5,ramp,-2.602698073416766e-20,-8.00478361270129
face,150.0,1827.0,235.25,ramp,-2.6028609595483853e-20,-8.013791790588876
face,150.0,1830.0,235.0,ramp,-2.6030237663309525e-20,-8.022818890249479
face,150.0,1833.0,234.75,ramp,-2.6031863594809435e-20,-8.031864557818006
face,150.0,1836.0,234.5,ramp,-2.6033486259274673e-20,-8.040928503439524
face,150.0,1839.0,234.25,ramp,-2.6035104699732426e-20,-8.050010489740632
face,150.0,1842.0,234.0,ramp,-2.6036718101994882e-20,-8.059110322529564
face,150.0,1845.0,233.75,ramp,-2.6038325769621255e-20,-8.068227843268843
face,150.0,1848.0,233.5,ramp,-2.6039927103596355e-20,-8.077362922962621
face,150.0,1851.0,233.25,ramp,-2.604152158578478e-20,-8.08651545717712
face,150.0,1854.0,233.0,ramp,-2.6043108765417128e-20,-8.095685361971547
face,150.0,1857.0,232.75,ramp,-2.6044688248019482e-20,-8.104872570563115
face,150.0,1860.0,232.5,ramp,-2.6046259686318112e-20,-8.114077030585861
face,150.0,1863.0,232.25,ramp,-2.6047822772745714e-20,-8.123298701831233
face,150.0,1866.0,232.0,ramp,-2.604937723325086e-20,-8.132537554380926
face,150.0,1869.0,231.75,ramp,-2.6050922822170345e-20,-8.141793567059818
face,150.0,1872.0,231.5,ramp,-2.6052459317971842e-20,-8.151066726151168
face,150.0,1875.0,231.25,ramp,-2.6053986519710437e-20,-8.160357024327102
face,150.0,1878.0,231.0,ramp,-2.6055504244073166e-20,-8.169664459756492
face,150.0,1881.0,230.75,ramp,-2.6057012322908617e-20,-8.178989035359304
face,150.0,1884.0,230.5,ramp,-2.6058510601158166e-20,-8.188330758182312
face,150.0,1887.0,230.25,ramp,-2.6059998935120452e-20,-8.197689638875532
face,150.0,1890.0,230.0,ramp,-2.6061477190993192e-20,-8.207065691252634
face,150.0,1890.0001,230.0,hold,-2.6061477240136178e-20,-8.207065706728336
face,150.0,1890.0001808577551,230.0,hold,-2.6061477279871997e-20,-8.207065719241614
face,150.0,1890.0003270952757,230.0,hold,-2.6061477351737074e-20,-8.207065741872771
face,150.0,1890.0005915771726,230.0,hold,-2.60614774817099e-20,-8.207065782802744
face,150.0,1890.001069913194,230.0,hold,-2.6061477716773394e-20,-8.207065856827002
face,150.0,1890.0019350209839,230.0,hold,-2.6061478141895987e-20,-8.207065990703107
face,150.0,1890.0034996355116,230.0,hold,-2.60614789107371e-20,-8.207066232820216
face,150.0,1890.006329362222,230.0,hold,-2.606148030116063e-20,-8.20706667068094
face,150.0,1890.0114471424256,230.0,hold,-2.60614828155706e-20,-8.207067462498213
face,150.0,1890.0207030448112,230.0,hold,-2.6061487362164268e-20,-8.207068894274034
face,150.0,1890.037443062078,230.0,hold,-2.6061495582050402e-20,-8.207071482812855
face,150.0,1890.067718681506,230.0,hold,-2.6061510438608232e-20,-8.207076161317653
face,150.0,1890.1224744871392,230.0,hold,-2.6061537276017252e-20,-8.207084612733404
face,150.0,1890.2215046079812,230.0,hold,-2.6061585709699952e-20,-8.207099865069742
face,150.0,1890.400608261385,230.0,hold,-2.6061672967572052e-20,-8.207127343599955
face,150.0,1890.7245311081915,230.0,hold,-2.6061829682728872e-20,-8.207176695046053
face,150.0,1891.3103706971044,230.0,hold,-2.6062109575226083e-20,-8.2072648364854
face,150.0,1892.3699070259609,230.0,hold,-2.6062604495908144e-20,-8.207420692829224
face,150.0,1894.286160644548,230.0,hold,-2.6063464284326754e-20,-8.207691450314703
face,150.0,1897.7518539206937,230.0,hold,-2.606491225753089e-20,-8.208147434107119
face,150.0,1904.0198289777609,230.0,hold,-2.6067222837431045e-20,-8.208875062893718
face,150.0,1915.3559479547152,230.0,hold,-2.607058139838699e-20,-8.209932713240685
face,150.0,1935.8581982492133,230.0,hold,-2.6074727760791006e-20,-8.211238451529429
face,150.0,1972.9381078719666,230.0,hold,-2.6078569046711404e-20,-8.212448117645303
face,150.0,2040.0,230.0,hold,-2.608074588027731e-20,-8.21313362813818
face,150.0,2043.0,229.75,ramp,-2.6080855254371902e-20,-8.222105142133646
face,150.0,2046.0,229.5,ramp,-2.608109060352965e-20,-8.231135959369546
face,150.0,2049.0,229.25,ramp,-2.6081433789675988e-20,-8.240220543278975
face,150.0,2052.0,229.0,ramp,-2.608186992763744e-20,-8.249354361967956
face,150.0,2055.0,228.75,ramp,-2.608238659730326e-20,-8.258533644250154
face,150.0,2058.0,228.5,ramp,-2.6082973292802372e-20,-8.26775520920894
face,150.0,2061.0,228.25,ramp,-2.6083621027723287e-20,-8.27701634415591
face,150.0,2064.0,228.0,ramp,-2.60843220450953e-20,-8.286314715066464
face,150.0,2067.0,227.75,ramp,-2.6085069599179595e-20,-8.295648299262659
face,150.0,2070.0,227.5,ramp,-2.6085857787565063e-20,-8.305015333667873
face,150.0,2073.0,227.25,ramp,-2.6086681419297858e-20,-8.314414274204655
face,150.0,2076.0,227.0,ramp,-2.6087535909403758e-20,-8.323843763345554
face,150.0,2079.0,226.75,ramp,-2.6088417193166525e-20,-8.333302603759826
face,150.0,2082.0,226.5,ramp,-2.6089321655502503e-20,-8.342789736613087
face,150.0,2085.0,226.25,ramp,-2.6090246072093502e-20,-8.352304223487273
face,150.0,2088.0,226.0,ramp,-2.6091187559837962e-20,-8.361845231166987
face,150.0,2091.0,225.75,ramp,-2.6092143534801073e-20,-8.37141201873071
face,150.0,2094.0,225.5,ramp,-2.6093111676281265e-20,-8.381003926520718
face,150.0,2097.0,225.25,ramp,-2.609408989592368e-20,-8.390620366662393
face,150.0,2100.0,225.0,ramp,-2.6095076311039676e-20,-8.400260814874317
face,150.0,2103.0,224.75,ramp,-2.609606922146134e-20,-8.409924803362905
face,150.0,2106.0,224.5,ramp,-2.6097067089388386e-20,-8.419611914635002
face,150.0,2109.0,224.25,ramp,-2.6098068521784066e-20,-8.429321776092376
face,150.0,2112.0,224.0,ramp,-2.6099072254953252e-20,-8.439054055295621
face,150.0,2115.0,223.75,ramp,-2.6100077140997777e-20,-8.448808455803995
face,150.0,2118.0,223.5,ramp,-2.6101082135892528e-20,-8.458584713512565
face,150.0,2121.0,223.25,ramp,-2.6102086288966132e-20,-8.46838259342045
face,150.0,2124.0,223.0,ramp,-2.610308873360206e-20,-8.4782018867737
face,150.0,2127.0,222.75,ramp,-2.6104088679003745e-20,-8.48804240853493
face,150.0,2130.0,222.5,ramp,-2.610508540288882e-20,-8.497903995138328
face,150.0,2133.0,222.25,ramp,-2.6106078244997135e-20,-8.507786502494733
face,150.0,2136.0,222.0,ramp,-2.6107066601312748e-20,-8.517689804216161
face,150.0,2139.0,221.75,ramp,-2.6108049918913314e-20,-8.52761379003326
face,150.0,2142.0,221.5,ramp,-2.6109027691372234e-20,-8.537558364382795
face,150.0,2145.0,221.25,ramp,-2.6109999454648145e-20,-8.54752344514508
face,150.0,2148.0,221.0,ramp,-2.611096478340511e-20,-8.557508962514023
face,150.0,2151.0,220.75,ramp,-2.6111923287713648e-20,-8.567514857984422
face,150.0,2154.0,220.5,ramp,-2.6112874610089468e-20,-8.57754108344333
face,150.0,2157.0,220.25,ramp,-2.6113818422831527e-20,-8.587587600353636
face,150.0,2160.0,220.0,ramp,-2.6114754425626146e-20,-8.59765437901969
face,150.0,2160.0001,220.0,hold,-2.611475445669487e-20,-8.59765438924832
face,150.0,2160.000180857755,220.0,hold,-2.611475448181632e-20,-8.597654397518953
face,150.0,2160.0003270952757,220.0,hold,-2.611475452725036e-20,-8.597654412477018
face,150.0,2160.0005915771726,220.0,hold,-2.6114754609421192e-20,-8.597654439529785
face,150.0,2160.001069913194,220.0,hold,-2.611475475803298e-20,-8.59765448845664
face,150.0,2160.0019350209836,220.0,hold,-2.6114755026807194e-20,-8.597654576944082
face,150.0,2160.0034996355116,220.0,hold,-2.6114755512900534e-20,-8.597654736978615
face,150.0,2160.006329362222,220.0,hold,-2.611475639201951e-20,-8.59765502640738
face,150.0,2160.0114471424254,220.0,hold,-2.6114757981913765e-20,-8.597655549841798
face,150.0,2160.0207030448114,220.0,hold,-2.6114760857162622e-20,-8.597656496448284
face,150.0,2160.037443062078,220.0,hold,-2.6114766056624973e-20,-8.597658208246125
face,150.0,2160.067718681506,220.0,hold,-2.611477545813627e-20,-8.59766130346745
face,150.0,2160.1224744871392,220.0,hold,-2.6114792454568943e-20,-8.597666899133847
face,150.0,2160.221504607981,220.0,hold,-2.611482317128955e-20,-8.597677011874833
face,150.0,2160.400608261385,220.0,hold,-2.6114878650907873e-20,-8.597695277203913
face,150.0,2160.7245311081915,220.0,hold,-2.6114978748914913e-20,-8.597728232063627
face,150.0,2161.3103706971046,220.0,hold,-2.6115158999193637e-20,-8.597787575129733
face,150.0,2162.369907025961,220.0,hold,-2.6115482453330453e-20,-8.597894064619561
face,150.0,2164.286160644548,220.0,hold,-2.6116059269201166e-20,-8.598083967362504
face,150.0,2167.751853920694,220.0,hold,-2.611707653426195e-20,-8.598418877400789
face,150.0,2174.019828977761,220.0,hold,-2.6118835773647156e-20,-8.598998064627958
face,150.0,2185.3559479547152,220.0,hold,-2.6121776265324604e-20,-8.599966150742613
face,150.0,2205.8581982492133,220.0,hold,-2.61264111597649e-20,-8.601492078186977
face,150.0,2242.9381078719666,220.0,hold,-2.6133012578093816e-20,-8.603665436292449
face,150.0,2310.0,220.0,hold,-2.6140879149954925e-20,-8.606255315749372
face,150.0,2313.0,219.75,ramp,-2.6141159203748565e-20,-8.61613858329267
face,150.0,2316.0,219.5,ramp,-2.614146734807501e-20,-8.626053633172099
face,150.0,2319.0,219.25,ramp,-2.6141800600821705e-20,-8.63599958895992
face,150.0,2322.0,219.0,ramp,-2.6142156283755142e-20,-8.645975670728138
face,150.0,2325.0,218.75,ramp,-2.6142531982539877e-20,-8.655981182361918
face,150.0,2328.0,218.5,ramp,-2.6142925513326718e-20,-8.666015500963534
face,150.0,2331.0,218.25,ramp,-2.6143334894657284e-20,-8.676078067947781
face,150.0,2334.0,218.0,ramp,-2.61437583236965e-20,-8.686168381514083
face,150.0,2337.0,217.75,ramp,-2.6144194156008187e-20,-8.696285990245258
face,150.0,2340.0,217.5,ramp,-2.61446408882482e-20,-8.706430487633721
face,150.0,2343.0,217.25,ramp,-2.614509714327343e-20,-8.716601507375328
face,150.0,2346.0,217.0,ramp,-2.614556165726254e-20,-8.726798719302138
face,150.0,2349.0,216.75,ramp,-2.614603326852079e-20,-8.737021825849824
face,150.0,2352.0,216.5,ramp,-2.614651090770269e-20,-8.747270558974908
face,150.0,2355.0,216.25,ramp,-2.614699358923403e-20,-8.75754467745234
face,150.0,2358.0,216.0,ramp,-2.6147480403754057e-20,-8.767843964496398
face,150.0,2361.0,215.75,ramp,-2.614797051142937e-20,-8.778168225657668
face,150.0,2364.0,215.5,ramp,-2.614846313601632e-20,-8.788517286956981
face,150.0,2367.0,215.25,ramp,-2.6148957559569067e-20,-8.798890993223596
face,150.0,2370.0,215.0,ramp,-2.614945311770688e-20,-8.80928920661019
face,150.0,2373.0,214.75,ramp,-2.6149949195368093e-20,-8.819711805261603
face,150.0,2376.0,214.5,ramp,-2.6150445222988988e-20,-8.830158682117771
face,150.0,2379.0,214.25,ramp,-2.6150940673055288e-20,-8.84062974383424
face,150.0,2382.0,214.0,ramp,-2.6151435056981408e-20,-8.851124909806032
face,150.0,2385.0,213.75,ramp,-2.615192792227924e-20,-8.861644111282791
face,150.0,2388.0,213.5,ramp,-2.615241884998321e-20,-8.872187290564638
face,150.0,2391.0,213.25,ramp,-2.6152907452303172e-20,-8.882754400269757
face,150.0,2394.0,213.0,ramp,-2.6153393370480174e-20,-8.893345402665814
face,150.0,2397.0,212.75,ramp,-2.615387627282364e-20,-8.903960269058409
face,150.0,2400.0,212.5,ramp,-2.615435585291087e-20,-8.914598979230567
face,150.0,2403.0,212.25,ramp,-2.6154831827932497e-20,-8.925261520928036
face,150.0,2406.0,212.0,ramp,-2.6155303937169153e-20,-8.935947889385803
face,150.0,2409.0,211.75,ramp,-2.6155771940586586e-20,-8.946658086891754
face,150.0,2412.0,211.5,ramp,-2.6156235617537805e-20,-8.957392122383903
face,150.0,2415.0,211.25,ramp,-2.6156694765562168e-20,-8.968150011077986
face,150.0,2418.0,211.0,ramp,-2.6157149199272393e-20,-8.978931774122614
face,150.0,2421.0,210.75,ramp,-2.6157598749321675e-20,-8.989737438279459
face,150.0,2424.0,210.5,ramp,-2.6158043261443413e-20,-9.000567035626192
face,150.0,2427.0,210.25,ramp,-2.615848259555756e-20,-9.011420603280229
face,150.0,2430.0,210.0,ramp,-2.6158916624937478e-20,-9.022298183141364
face,150.0,2430.0001,210.0,hold,-2.6158916639315228e-20,-9.022298188100299
face,150.0,2430.000180857755,210.0,hold,-2.615891665094075e-20,-9.02229819210998
face,150.0,2430.0003270952757,210.0,hold,-2.615891667196639e-20,-9.022298199361794
face,150.0,2430.0005915771726,210.0,hold,-2.6158916709992882e-20,-9.022298212477258
face,150.0,2430.001069913194,210.0,hold,-2.6158916778766655e-20,-9.022298236197564
face,150.0,2430.0019350209836,210.0,hold,-2.6158916903149103e-20,-9.022298279097487
face,150.0,2430.0034996355116,210.0,hold,-2.6158917128103555e-20,-9.022298356685035
face,150.0,2430.006329362222,210.0,hold,-2.6158917534948405e-20,-9.022298497007188
face,150.0,2430.0114471424254,210.0,hold,-2.6158918270749868e-20,-9.022298750787584
face,150.0,2430.0207030448114,210.0,hold,-2.61589196014745e-20,-9.022299209758978
face,150.0,2430.037443062078,210.0,hold,-2.61589220080971e-20,-9.022300039811194
face,150.0,2430.067718681506,210.0,hold,-2.6158926360346438e-20,-9.022301540916606
face,150.0,2430.1224744871392,210.0,hold,-2.6158934230699095e-20,-9.022304255427665
face,150.0,2430.221504607981,210.0,hold,-2.6158948461481462e-20,-9.022309163672288
face,150.0,2430.400608261385,210.0,hold,-2.6158974187968584e-20,-9.022318036824084
face,150.0,2430.7245311081915,210.0,hold,-2.6159020680418033e-20,-9.022334072226016
face,150.0,2431.3103706971046,210.0,hold,-2.6159104648425287e-20,-9.022363033073676
face,150.0,2432.369907025961,210.0,hold,-2.615925612907671e-20,-9.02241527925901
face,150.0,2434.286160644548,210.0,hold,-2.615952885187397e-20,-9.022509342267561
face,150.0,2437.751853920694,210.0,hold,-2.616001807597317e-20,-9.022678077302144
face,150.0,2444.019828977761,210.0,hold,-2.6160889998686062e-20,-9.022978806373656
face,150.0,2455.3559479547152,210.0,hold,-2.616242627215942e-20,-9.02350867225328
face,150.0,2475.8581982492133,210.0,hold,-2.6165079523258384e-20,-9.024423787466683
face,150.0,2512.9381078719666,210.0,hold,-2.616950765103963e-20,-9.025951063607673
face,150.0,2580.0,210.0,hold,-2.6176482003335865e-20,-9.028356541133869
face,150.0,2583.0,209.75,ramp,-2.6176768013790404e-20,-9.039216158717556
face,150.0,2586.0,209.5,ramp,-2.6177054503775535e-20,-9.050101860029413
face,150.0,2589.0,209.25,ramp,-2.6177341078307182e-20,-9.061013601839884
face,150.0,2592.0,209.0,ramp,-2.6177627372856095e-20,-9.071951351266806
face,150.0,2595.0,208.75,ramp,-2.6177913051072642e-20,-9.082915085047942
face,150.0,2598.0,208.5,ramp,-2.617819780271951e-20,-9.0939047888805
face,150.0,2601.0,208.25,ramp,-2.617848134178926e-20,-9.104920456820205
face,150.0,2604.0,208.0,ramp,-2.6178763404786587e-20,-9.115962090733369
face,150.0,2607.0,207.75,ramp,-2.6179043749157637e-20,-9.12702969979629
face,150.0,2610.0,207.5,ramp,-2.6179322151851012e-20,-9.138123300036995
face,150.0,2613.0,207.25,ramp,-2.6179598407996688e-20,-9.149242913914868
face,150.0,2616.0,207.0,ramp,-2.6179872329691132e-20,-9.160388569934405
face,150.0,2619.0,206.75,ramp,-2.6180143744877848e-20,-9.171560302289587
face,150.0,2622.0,206.5,ramp,-2.6180412496314144e-20,-9.182758150535903
face,150.0,2625.0,206.25,ramp,-2.6180678440615794e-20,-9.193982159287378
face,150.0,2628.0,206.0,ramp,-2.618094144737229e-20,-9.205232377936165
face,150.0,2631.0,205.75,ramp,-2.6181201398326137e-20,-9.216508860392677
face,150.0,2634.0,205.5,ramp,-2.6181458186610388e-20,-9.227811664844332
face,150.0,2637.0,205.25,ramp,-2.618171171603921e-20,-9.23914085353125
face,150.0,2640.0,205.0,ramp,-2.618196190044686e-20,-9.25049649253742
face,150.0,2643.0,204.75,ramp,-2.6182208663070983e-20,-9.261878651596
face,150.0,2646.0,204.5,ramp,-2.618245193597631e-20,-9.273287403907517
face,150.0,2649.0,204.25,ramp,-2.6182691659515635e-20,-9.284722825969942
face,150.0,2652.0,204.0,ramp,-2.6182927781824917e-20,-9.296184997419626
face,150.0,2655.0,203.75,ramp,-2.6183160258349833e-20,-9.307674000882258
face,150.0,2658.0,203.5,ramp,-2.6183389051401342e-20,-9.31918992183304
face,150.0,2661.0,203.25,ramp,-2.6183614129737932e-20,-9.330732848465342
face,150.0,2664.0,203.0,ramp,-2.6183835468172754e-20,-9.342302871567268
face,150.0,2667.0,202.75,ramp,-2.6184053047203594e-20,-9.353900084405467
face,150.0,2670.0,202.5,ramp,-2.618426685266417e-20,-9.365524582615702
face,150.0,2673.0,202.25,ramp,-2.618447687539517e-20,-9.377176464099694
face,150.0,2676.0,202.0,ramp,-2.6184683110933738e-20,-9.388855828927797
face,150.0,2679.0,201.75,ramp,-2.618488555922004e-20,-9.4005627792471
face,150.0,2682.0,201.5,ramp,-2.618508422431987e-20,-9.412297419194584
face,150.0,2685.0,201.25,ramp,-2.618527911416223e-20,-9.424059854815054
face,150.0,2688.0,201.0,ramp,-2.618547024029081e-20,-9.435850193983438
face,150.0,2691.0,200.75,ramp,-2.618565761762868e-20,-9.447668546331291
face,150.0,2694.0,200.5,ramp,-2.6185841264255255e-20,-9.459515023177174
face,150.0,2697.0,200.25,ramp,-2.6186021201194788e-20,-9.47138973746068
face,150.0,2700.0,200.0,ramp,-2.6186197452215723e-20,-9.483292803679907
face,150.0,2700.0001,200.0,hold,-2.6186197458029618e-20,-9.483292805785402
face,150.0,2700.000180857755,200.0,hold,-2.618619746273061e-20,-9.483292807487857
face,150.0,2700.0003270952757,200.0,hold,-2.6186197471232704e-20,-9.483292810566878
face,150.0,2700.0005915771726,200.0,hold,-2.61861974866094e-20,-9.483292816135528
face,150.0,2700.001069913194,200.0,hold,-2.6186197514419336e-20,-9.483292826206855
face,150.0,2700.0019350209836,200.0,hold,-2.6186197564715737e-20,-9.483292844421621
face,150.0,2700.0034996355116,200.0,hold,-2.6186197655680586e-20,-9.483292877364407
face,150.0,2700.006329362222,200.0,hold,-2.6186197820197265e-20,-9.483292936943881
face,150.0,2700.0114471424254,200.0,hold,-2.6186198117737448e-20,-9.483293044697618
face,150.0,2700.0207030448114,200.0,hold,-2.6186198655858696e-20,-9.483293239577435
face,150.0,2700.037443062078,200.0,hold,-2.6186199629082064e-20,-9.483293592028843
face,150.0,2700.067718681506,200.0,hold,-2.6186201389197238e-20,-9.483294229451959
face,150.0,2700.1224744871392,200.0,hold,-2.618620457238832e-20,-9.483295382239916
face,150.0,2700.221504607981,200.0,hold,-2.6186210329064335e-20,-9.48329746701165
face,150.0,2700.400608261385,200.0,hold,-2.6186220739243034e-20,-9.483301237042518
face,150.0,2700.7245311081915,200.0,hold,-2.6186239562881335e-20,-9.48330805399538
face,150.0,2701.3103706971046,200.0,hold,-2.618627359388913e-20,-9.483320378274684
face,150.0,2702.369907025961,200.0,hold,-2.6186335099121317e-20,-9.483342652303849
face,150.0,2704.286160644548,200.0,hold,-2.6186446197397167e-20,-9.483382886380667
face,150.0,2707.751853920694,200.0,hold,-2.6186646675064783e-20,-9.483455489072451
face,150.0,2714.019828977761,200.0,hold,-2.6187007784329633e-20,-9.483586264260369
face,150.0,2725.3559479547152,200.0,hold,-2.6187656121487936e-20,-9.483821058606472
face,150.0,2745.8581982492133,200.0,hold,-2.6188813426806408e-20,-9.484240175021458
face,150.0,2782.9381078719666,200.0,hold,-2.6190858241229125e-20,-9.484980701550185
face,150.0,2850.0,200.0,hold,-2.6194407496033258e-20,-9.486266058945198
tip,150.0,0.0,300.0,initial,0.0,0.0
tip,150.0,0.0001,300.0,hold,-5.989826427684996e-25,-0.00014461378737306384
tip,150.0,0.00018085775507630108,300.0,hold,-1.0832537768916945e-24,-0.00026153250558051433
tip,150.0,0.00032709527571239276,300.0,hold,-1.958975823569323e-24,-0.0004729601377249209
tip,150.0,0.000591577172614071,300.0,hold,-3.5423950929275956e-24,-0.000855248773807969
tip,150.0,0.0010699131939336623,300.0,hold,-6.4048499815986095e-24,-0.0015463379858792518
tip,150.0,0.0019350209838135731,300.0,hold,-1.1577632022243907e-23,-0.002795214912755742
tip,150.0,0.0034996355115805835,300.0,hold,-2.0919320981238742e-23,-0.0050506008360895836
tip,150.0,0.006329362222097661,300.0,hold,-3.7769807033423166e-23,-0.00911885329132004
tip,150.0,0.011447142425533316,300.0,hold,-6.809960276024885e-23,-0.01644144716488377
tip,150.0,0.020703044811206394,300.0,hold,-1.224802737885826e-22,-0.029570700394906693
tip,150.0,0.03744306207798848,300.0,hold,-2.1930307117595816e-22,-0.0529468559534823
tip,150.0,0.06771868150607578,300.0,hold,-3.895226338131933e-22,-0.09404336506797245
tip,150.0,0.12247448713915891,300.0,hold,-6.82003156963427e-22,-0.16465762525774158
tip,150.0,0.22150460798109567,300.0,hold,-1.1642113324683002e-21,-0.2810782785169149
tip,150.0,0.40060826138517086,300.0,hold,-1.902326516548373e-21,-0.45928316237469313
tip,150.0,0.7245311081914196,300.0,hold,-2.8929021754094606e-21,-0.698440172075949
tip,150.0,1.3103706971044475,300.0,hold,-3.9554636356765386e-21,-0.9549768830157745
tip,150.0,2.3699070259607784,300.0,hold,-4.763396814866094e-21,-1.150038089542453
tip,150.0,4.2861606445482,300.0,hold,-5.169824336969613e-21,-1.2481628415258845
tip,150.0,7.751853920693783,300.0,hold,-5.309103624886167e-21,-1.2817893673883725
tip,150.0,14.01982897776099,300.0,hold,-5.332933734764995e-21,-1.287542726829917
tip,150.0,25.355947954715283,300.0,hold,-5.3338406872375824e-21,-1.2877616944971972
tip,150.0,45.858198249213295,300.0,hold,-5.33384301800699e-21,-1.2877622572203338
tip,150.0,82.93810787196668,300.0,hold,-5.3338430180549816e-21,-1.2877622572319205
tip,150.0,150.0,300.0,hold,-5.3338430180549816e-21,-1.2877622572319205
tip,150.0,153.0,299.75,ramp,-5.335734458520911e-21,-1.2892933232522164
tip,150.0,156.0,299.5,ramp,-5.3396892048468714e-21,-1.2913259257269627
tip,150.0,159.0,299.25,ramp,-5.343862208445582e-21,-1.2934147507953657
tip,150.0,162.0,299.0,ramp,-5.348083082318164e-21,-1.2955186649686405
tip,150.0,165.0,298.75,ramp,-5.352319023337113e-21,-1.2976297532542356
tip,150.0,168.0,298.5,ramp,-5.356563003969236e-21,-1.2997463284777018
tip,150.0,171.0,298.25,ramp,-5.360813463412033e-21,-1.3018680253975927
tip,150.0,174.0,298.0,ramp,-5.3650700426926875e-21,-1.303994769654771
tip,150.0,177.0,297.75,ramp,-5.3693326540579395e-21,-1.306126552616357
tip,150.0,180.0,297.5,ramp,-5.3736012723281156e-21,-1.308263380854694
tip,150.0,183.0,297.25,ramp,-5.377875886901976e-21,-1.3104052645165027
tip,150.0,186.0,297.0,ramp,-5.3821564904319826e-21,-1.3125522145761528
tip,150.0,189.0,296.75,ramp,-5.38644307608137e-21,-1.3147042421696624
tip,150.0,192.0,296.5,ramp,-5.3907356368390045e-21,-1.316861358428013
tip,150.0,195.0,296.25,ramp,-5.3950341653396384e-21,-1.3190235744331829
tip,150.0,198.0,296.0,ramp,-5.3993386538110796e-21,-1.321190901205011
tip,150.0,201.0,295.75,ramp,-5.40364909405378e-21,-1.3233633496959376
tip,150.0,204.0,295.5,ramp,-5.407965477428844e-21,-1.325540930787779
tip,150.0,207.0,295.25,ramp,-5.412287794847965e-21,-1.3277236552889593
tip,150.0,210.0,295.0,ramp,-5.416616036763701e-21,-1.329911533931813
tip,150.0,213.0,294.75,ramp,-5.42095019315964e-21,-1.332104577369845
tip,150.0,216.0,294.5,ramp,-5.42529025354025e-21,-1.3343027961748988
tip,150.0,219.0,294.25,ramp,-5.4296362069203706e-21,-1.3365062008342248
tip,150.0,222.0,294.0,ramp,-5.433988041814392e-21,-1.338714801747454
tip,150.0,225.0,293.75,ramp,-5.4383457462250215e-21,-1.3409286092234536
tip,150.0,228.0,293.5,ramp,-5.442709307631738e-21,-1.3431476334770944
tip,150.0,231.0,293.25,ramp,-5.447078712978778e-21,-1.345371884625881
tip,150.0,234.0,293.0,ramp,-5.451453948662802e-21,-1.347601372686487
tip,150.0,237.0,292.75,ramp,-5.455835000520102e-21,-1.3498361075711611
tip,150.0,240.0,292.5,ramp,-5.460221853813512e-21,-1.3520760990840375
tip,150.0,243.0,292.25,ramp,-5.464614493218769e-21,-1.3543213569172958
tip,150.0,246.0,292.0,ramp,-5.469012902810546e-21,-1.3565718906472153
tip,150.0,249.0,291.75,ramp,-5.4734170660480575e-21,-1.3588277097301047
tip,150.0,252.0,291.5,ramp,-5.477826965760227e-21,-1.3610888234981044
tip,150.0,255.0,291.25,ramp,-5.4822425841304635e-21,-1.363355241154865
tip,150.0,258.0,291.0,ramp,-5.4866639026809486e-21,-1.365626971771087
tip,150.0,261.0,290.75,ramp,-5.491090902256571e-21,-1.3679040242799443
tip,150.0,264.0,290.5,ramp,-5.495523563008349e-21,-1.3701864074723622
tip,150.0,267.0,290.25,ramp,-5.499961864376485e-21,-1.372474129992173
tip,150.0,270.0,290.0,ramp,-5.504405785072977e-21,-1.3747672003311429
tip,150.0,270.0001,290.0,hold,-5.504405968347495e-21,-1.3747672461053475
tip,150.0,270.0001808577551,290.0,hold,-5.504406116531566e-21,-1.374767283115446
tip,150.0,270.00032709527574,290.0,hold,-5.5044063845167074e-21,-1.3747673500467728
tip,150.0,270.0005915771726,290.0,hold,-5.504406869132241e-21,-1.3747674710831872
tip,150.0,270.00106991319393,290.0,hold,-5.5044077454126325e-21,-1.3747676899408783
tip,150.0,270.0019350209838,290.0,hold,-5.5044093296308146e-21,-1.3747680856114157
tip,150.0,270.00349963551156,290.0,hold,-5.504412192841709e-21,-1.3747688007201084
tip,150.0,270.0063293622221,290.0,hold,-5.504417364743314e-21,-1.3747700924418615
tip,150.0,270.01144714242554,290.0,hold,-5.504426697520785e-21,-1.374772423374001
tip,150.0,270.0207030448112,290.0,hold,-5.504443508143616e-21,-1.3747766219548814
tip,150.0,270.037443062078,290.0,hold,-5.504473689311028e-21,-1.37478415993094
tip,150.0,270.06771868150605,290.0,hold,-5.504527557469864e-21,-1.374797613913223
tip,150.0,270.1224744871392,290.0,hold,-5.504622694210526e-21,-1.374821375037623
tip,150.0,270.2215046079811,290.0,hold,-5.504787593925503e-21,-1.3748625599953364
tip,150.0,270.4006082613852,290.0,hold,-5.5050641631687435e-21,-1.3749316352668686
tip,150.0,270.7245311081914,290.0,hold,-5.505502620688438e-21,-1.3750411433664438
tip,150.0,271.3103706971045,290.0,hold,-5.50613640583389e-21,-1.3751994360258235
tip,150.0,272.3699070259608,290.0,hold,-5.506932153104622e-21,-1.375398179957552
tip,150.0,274.2861606445482,290.0,hold,-5.507754585318948e-21,-1.3756035886568558
tip,150.0,277.7518539206938,290.0,hold,-5.508410972512091e-21,-1.3757675263495124
tip,150.0,284.019828977761,290.0,hold,-5.508757383083261e-21,-1.3758540450237686
tip,150.0,295.3559479547153,290.0,hold,-5.508841474310618e-21,-1.3758750474472308
tip,150.0,315.8581982492133,290.0,hold,-5.5088466559318846e-21,-1.3758763415965432
tip,150.0,352.9381078719667,290.0,hold,-5.508846686584483e-21,-1.3758763492522628
tip,150.0,420.0,290.0,hold,-5.508846686587317e-21,-1.3758763492529706
tip,150.0,423.0,289.75,ramp,-5.510448743971182e-21,-1.3774639441840373
tip,150.0,426.0,289.5,ramp,-5.514018611514675e-21,-1.3795466054610075
tip,150.0,429.0,289.25,ramp,-5.518108975771585e-21,-1.3817632019294324
tip,150.0,432.0,289.0,ramp,-5.5224034024604055e-21,-1.3840347758373444
tip,150.0,435.0,288.75,ramp,-5.5267921303823165e-21,-1.386333937615258
tip,150.0,438.0,288.5,ramp,-5.531228348456457e-21,-1.3886490067713795
tip,150.0,441.0,288.25,ramp,-5.535690428477112e-21,-1.3909745900913828
tip,150.0,444.0,288.0,ramp,-5.540168019430423e-21,-1.3933081117583968
tip,150.0,447.0,287.75,ramp,-5.544656060821521e-21,-1.3956483186833128
tip,150.0,450.0,287.5,ramp,-5.5491520335909954e-21,-1.3979945936807843
tip,150.0,453.0,287.25,ramp,-5.553654659200996e-21,-1.4003466302127257
tip,150.0,456.0,287.0,ramp,-5.558163272650001e-21,-1.4027042755101014
tip,150.0,459.0,286.75,ramp,-5.562677515954145e-21,-1.4050674538201937
tip,150.0,462.0,286.5,ramp,-5.567197186371194e-21,-1.4074361283723196
tip,150.0,465.0,286.25,ramp,-5.571722160327798e-21,-1.4098102822994056
tip,150.0,468.0,286.0,ramp,-5.5762523548351305e-21,-1.4121899089534622
tip,150.0,471.0,285.75,ramp,-5.580787707687513e-21,-1.414575006931187
tip,150.0,474.0,285.5,ramp,-5.5853281671797164e-21,-1.4169655774882652
tip,150.0,477.0,285.25,ramp,-5.589873686702182e-21,-1.4193616231786599
tip,150.0,480.0,285.0,ramp,-5.594424221863561e-21,-1.4217631471290297
tip,150.0,483.0,284.75,ramp,-5.598979728936798e-21,-1.4241701526459847
tip,150.0,486.0,284.5,ramp,-5.6035401640054025e-21,-1.4265826429995299
tip,150.0,489.0,284.25,ramp,-5.6081054824842934e-21,-1.4290006213008115
tip,150.0,492.0,284.0,ramp,-5.612675638842775e-21,-1.4314240904307654
tip,150.0,495.0,283.75,ramp,-5.6172505864375425e-21,-1.4338530529964784
tip,150.0,498.0,283.5,ramp,-5.621830277406506e-21,-1.436287511302852
tip,150.0,501.0,283.25,ramp,-5.626414662596014e-21,-1.438727467332661
tip,150.0,504.0,283.0,ramp,-5.631003691506885e-21,-1.4411729227313186
tip,150.0,507.0,282.75,ramp,-5.6355973122509515e-21,-1.4436238787942515
tip,150.0,510.0,282.5,ramp,-5.640195471513429e-21,-1.446080336455704
tip,150.0,513.0,282.25,ramp,-5.644798114518665e-21,-1.4485422962783496
tip,150.0,516.0,282.0,ramp,-5.649405184997635e-21,-1.4510097584432948
tip,150.0,519.0,281.75,ramp,-5.654016625156458e-21,-1.4534827227402933
tip,150.0,522.0,281.5,ramp,-5.658632375645334e-21,-1.4559611885580137
tip,150.0,525.0,281.25,ramp,-5.663252375527731e-21,-1.4584451548743251
tip,150.0,528.0,281.0,ramp,-5.6678765622496145e-21,-1.4609346202465359
tip,150.0,531.0,280.75,ramp,-5.672504871608601e-21,-1.463429582801564
tip,150.0,534.0,280.5,ramp,-5.677137237723052e-21,-1.4659300402260385
tip,150.0,537.0,280.25,ramp,-5.6817735930010334e-21,-1.4684359897563133
tip,150.0,540.0,280.0,ramp,-5.686413868109184e-21,-1.4709474281684047
tip,150.0,540.0001,280.0,hold,-5.686414031509217e-21,-1.4709474704363197
tip,150.0,540.000180857755,280.0,hold,-5.686414163627866e-21,-1.470947504612444
tip,150.0,540.0003270952757,280.0,hold,-5.68641440256799e-21,-1.4709475664208822
tip,150.0,540.0005915771726,280.0,hold,-5.68641483468782e-21,-1.4709476782005677
tip,150.0,540.001069913194,280.0,hold,-5.686415616138387e-21,-1.470947880344261
tip,150.0,540.0019350209839,280.0,hold,-5.686417029217977e-21,-1.4709482458761827
tip,150.0,540.0034996355116,280.0,hold,-5.6864195841156566e-21,-1.4709489067707744
tip,150.0,540.0063293622221,280.0,hold,-5.686424202341013e-21,-1.4709501014018491
tip,150.0,540.0114471424255,280.0,hold,-5.6864325465737214e-21,-1.4709522598672593
tip,150.0,540.0207030448112,280.0,hold,-5.6864476110398284e-21,-1.4709561567059684
tip,150.0,540.037443062078,280.0,hold,-5.686474769171828e-21,-1.470963181904159
tip,150.0,540.0677186815061,280.0,hold,-5.686523603523067e-21,-1.4709758142529519
tip,150.0,540.1224744871391,280.0,hold,-5.686611007959792e-21,-1.4709984238157436
tip,150.0,540.221504607981,280.0,hold,-5.6867661476278364e-21,-1.4710385549600833
tip,150.0,540.4006082613852,280.0,hold,-5.6870374569404115e-21,-1.4711087365797872
tip,150.0,540.7245311081914,280.0,hold,-5.6874996845895585e-21,-1.4712283044810184
tip,150.0,541.3103706971044,280.0,hold,-5.688252502538382e-21,-1.4714230415598497
tip,150.0,542.3699070259607,280.0,hold,-5.6893903369501936e-21,-1.4717173737418812
tip,150.0,544.2861606445482,280.0,hold,-5.690921246950578e-21,-1.4721133857417203
tip,150.0,547.7518539206937,280.0,hold,-5.692666505807064e-21,-1.4725648449717341
tip,150.0,554.019828977761,280.0,hold,-5.6942565386041344e-21,-1.4729761507099026
tip,150.0,565.3559479547152,280.0,hold,-5.695279623370071e-21,-1.4732407997382986
tip,150.0,585.8581982492133,280.0,hold,-5.695625548119661e-21,-1.4733302826940862
tip,150.0,622.9381078719666,280.0,hold,-5.6956626167358016e-21,-1.473339871511721
tip,150.0,690.0,280.0,hold,-5.6956631836209315e-21,-1.4733400181521596
tip,150.0,693.0,279.75,ramp,-5.696789467213446e-21,-1.474948280504513
tip,150.0,696.0,279.5,ramp,-5.699523768712674e-21,-1.4769761220842443
tip,150.0,699.0,279.25,ramp,-5.703009544928586e-21,-1.4792025062349863
tip,150.0,702.0,279.0,ramp,-5.706902442559415e-21,-1.4815385709453064
tip,150.0,705.0,278.75,ramp,-5.711040671598273e-21,-1.4839425722077528
tip,150.0,708.0,278.5,ramp,-5.715337695506473e-21,-1.486392187352421
tip,150.0,711.0,278.25,ramp,-5.719742447267509e-21,-1.488874246357613
tip,150.0,714.0,278.0,ramp,-5.724222639333997e-21,-1.4913804246023148
tip,150.0,717.0,277.75,ramp,-5.728756889318504e-21,-1.493905211265328
tip,150.0,720.0,277.5,ramp,-5.7333305908850135e-21,-1.4964448442699059
tip,150.0,723.0,277.25,ramp,-5.737933550588903e-21,-1.4989967008083565
tip,150.0,726.0,277.0,ramp,-5.742558542034874e-21,-1.5015589244256962
tip,150.0,729.0,276.75,ramp,-5.7472003777986825e-21,-1.504130185588775
tip,150.0,732.0,276.5,ramp,-5.75185529343365e-21,-1.5067095227077059
tip,150.0,735.0,276.25,ramp,-5.75652052898047e-21,-1.5092962340772513
tip,150.0,738.0,276.0,ramp,-5.761194039894612e-21,-1.5118898031935357
tip,150.0,741.0,275.75,ramp,-5.765874294889705e-21,-1.5144898464942373
tip,150.0,744.0,275.5,ramp,-5.770560133192798e-21,-1.517096076433787
tip,150.0,747.0,275.25,ramp,-5.775250662946102e-21,-1.519708275184691
tip,150.0,750.0,275.0,ramp,-5.779945188395539e-21,-1.5223262757772977
tip,150.0,753.0,274.75,ramp,-5.784643157386469e-21,-1.5249499484899824
tip,150.0,756.0,274.5,ramp,-5.789344123285995e-21,-1.5275791909715644
tip,150.0,759.0,274.25,ramp,-5.7940477172182895e-21,-1.530213921033381
tip,150.0,762.0,274.0,ramp,-5.798753627714824e-21,-1.5328540713619707
tip,150.0,765.0,273.75,ramp,-5.803461585724248e-21,-1.5354995856208586
tip,150.0,768.0,273.5,ramp,-5.808171353516142e-21,-1.5381504155621608
tip,150.0,771.0,273.25,ramp,-5.812882716427622e-21,-1.5408065188758757
tip,150.0,774.0,273.0,ramp,-5.817595476695299e-21,-1.5434678575806322
tip,150.0,777.0,272.75,ramp,-5.82230944882405e-21,-1.546134396813684
tip,150.0,780.0,272.5,ramp,-5.827024456093456e-21,-1.5488061039166405
tip,150.0,783.0,272.25,ramp,-5.831740327910255e-21,-1.5514829477412286
tip,150.0,786.0,272.0,ramp,-5.8364568977925614e-21,-1.554164898119461
tip,150.0,789.0,271.75,ramp,-5.8411740018280625e-21,-1.5568519254572055
tip,150.0,792.0,271.5,ramp,-5.845891477489209e-21,-1.5595440004207508
tip,150.0,795.0,271.25,ramp,-5.850609162718557e-21,-1.56224109369377
tip,150.0,798.0,271.0,ramp,-5.855326895219322e-21,-1.5649431757877903
tip,150.0,801.0,270.75,ramp,-5.860044511902608e-21,-1.567650216893523
tip,150.0,804.0,270.5,ramp,-5.8647618484547215e-21,-1.5703621867635242
tip,150.0,807.0,270.25,ramp,-5.869478738996886e-21,-1.5730790546189681
tip,150.0,810.0,270.0,ramp,-5.874195015816563e-21,-1.5758007890751116
tip,150.0,810.0001,270.0,hold,-5.8741951748035e-21,-1.5758008317246561
tip,150.0,810.000180857755,270.0,hold,-5.874195303355525e-21,-1.5758008662097864
tip,150.0,810.0003270952757,270.0,hold,-5.874195535849005e-21,-1.5758009285780614
tip,150.0,810.0005915771726,270.0,hold,-5.874195956322254e-21,-1.5758010413734447
tip,150.0,810.001069913194,270.0,hold,-5.874196716750512e-21,-1.5758012453645354
tip,150.0,810.0019350209839,270.0,hold,-5.874198091945138e-21,-1.5758016142717255
tip,150.0,810.0034996355116,270.0,hold,-5.874200578767979e-21,-1.5758022813822632
tip,150.0,810.0063293622221,270.0,hold,-5.8742050753227645e-21,-1.5758034876198088
tip,150.0,810.0114471424255,270.0,hold,-5.8742132042344e-21,-1.5758056682667458
tip,150.0,810.0207030448112,270.0,hold,-5.874227894705108e-21,-1.5758096091054945
tip,150.0,810.037443062078,270.0,hold,-5.8742544266659614e-21,-1.5758167265206866
tip,150.0,810.0677186815061,270.0,hold,-5.874302291420053e-21,-1.5758295666318958
tip,150.0,810.1224744871391,270.0,hold,-5.874388466785049e-21,-1.5758526838773725
tip,150.0,810.221504607981,270.0,hold,-5.874543051463479e-21,-1.5758941524798948
tip,150.0,810.4006082613852,270.0,hold,-5.87481854081005e-21,-1.5759680547471058
tip,150.0,810.7245311081914,270.0,hold,-5.87530378680733e-21,-1.5760982259490066
tip,150.0,811.3103706971044,270.0,hold,-5.876140998116221e-21,-1.5763228147203399
tip,150.0,812.3699070259607,270.0,hold,-5.8775345062298646e-21,-1.5766966346529687
tip,150.0,814.2861606445482,270.0,hold,-5.879718044979854e-21,-1.5772823867561836
tip,150.0,817.7518539206937,270.0,hold,-5.88282625035806e-21,-1.5781161882344112
tip,150.0,824.019828977761,270.0,hold,-5.8866716925867996e-21,-1.579147759519
tip,150.0,835.3559479547152,270.0,hold,-5.8906095544926896e-21,-1.5802041231367998
tip,150.0,855.8581982492133,270.0,hold,-5.893676166045019e-21,-1.5810267667315285
tip,150.0,892.9381078719666,270.0,hold,-5.8951358287444964e-21,-1.581418333172109
tip,150.0,960.0,270.0,hold,-5.895416273201885e-21,-1.5814935646882666
tip,150.0,963.0,269.75,ramp,-5.896069726222672e-21,-1.5831347242834615
tip,150.0,966.0,269.5,ramp,-5.8977896849790914e-21,-1.5850655583713515
tip,150.0,969.0,269.25,ramp,-5.900220812280508e-21,-1.587191286219975
tip,150.0,972.0,269.0,ramp,-5.903145258601134e-21,-1.5894537940501436
tip,150.0,975.0,268.75,ramp,-5.906424147731565e-21,-1.5918160356184536
tip,150.0,978.0,268.5,ramp,-5.909965618838263e-21,-1.594253509424773
tip,150.0,981.0,268.25,ramp,-5.91370677143065e-21,-1.5967494421613353
tip,150.0,984.0,268.0,ramp,-5.917603135266381e-21,-1.5992919788940219
tip,150.0,987.0,267.75,ramp,-5.9216223407195096e-21,-1.6018724937798208
tip,150.0,990.0,267.5,ramp,-5.9257402024415386e-21,-1.6044845447475322
tip,150.0,993.0,267.25,ramp,-5.929938227764191e-21,-1.6071232084428084
tip,150.0,996.0,267.0,ramp,-5.9342019883191805e-21,-1.6097846456037939
tip,150.0,999.0,266.75,ramp,-5.938520027858253e-21,-1.6124658095853754
tip,150.0,1002.0,266.5,ramp,-5.9428831112739156e-21,-1.6151642459748052
tip,150.0,1005.0,266.25,ramp,-5.9472836958858195e-21,-1.6178779515427575
tip,150.0,1008.0,266.0,ramp,-5.9517155508535975e-21,-1.6206052727326652
tip,150.0,1011.0,265.75,ramp,-5.956173477513014e-21,-1.623344831083564
tip,150.0,1014.0,265.5,ramp,-5.960653099954733e-21,-1.6260954673941272
tip,150.0,1017.0,265.25,ramp,-5.965150705497981e-21,-1.628856199195348
tip,150.0,1020.0,265.0,ramp,-5.969663121295069e-21,-1.6316261878577747
tip,150.0,1023.0,264.75,ramp,-5.974187617575771e-21,-1.6344047128004564
tip,150.0,1026.0,264.5,ramp,-5.978721830864152e-21,-1.6371911510228077
tip,150.0,1029.0,264.25,ramp,-5.983263702399259e-21,-1.6399849606875943
tip,150.0,1032.0,264.0,ramp,-5.987811428291454e-21,-1.6427856678303743
tip,150.0,1035.0,263.75,ramp,-5.992363418850256e-21,-1.6455928555119839
tip,150.0,1038.0,263.5,ramp,-5.996918265160291e-21,-1.6484061549016034
tip,150.0,1041.0,263.25,ramp,-6.0014747114420986e-21,-1.6512252379006382
tip,150.0,1044.0,263.0,ramp,-6.006031632070868e-21,-1.6540498110073163
tip,150.0,1047.0,262.75,ramp,-6.0105880123746965e-21,-1.6568796101881222
tip,150.0,1050.0,262.5,ramp,-6.0151429325213165e-21,-1.6597143965721066
tip,150.0,1053.0,262.25,ramp,-6.0196955539437216e-21,-1.6625539528217719
tip,150.0,1056.0,262.0,ramp,-6.0242451078647154e-21,-1.6653980800634298
tip,150.0,1059.0,261.75,ramp,-6.028790885565157e-21,-1.6682465952824692
tip,150.0,1062.0,261.5,ramp,-6.033332230107138e-21,-1.6710993291066683
tip,150.0,1065.0,261.25,ramp,-6.037868529276231e-21,-1.6739561239147578
tip,150.0,1068.0,261.0,ramp,-6.0423992095488915e-21,-1.6768168322186032
tip,150.0,1071.0,260.75,ramp,-6.046923730924833e-21,-1.6796813152763443
tip,150.0,1074.0,260.5,ramp,-6.051441582491635e-21,-1.6825494419011466
tip,150.0,1077.0,260.25,ramp,-6.055952278610948e-21,-1.6854210874360755
tip,150.0,1080.0,260.0,ramp,-6.060455355633885e-21,-1.688296132870479
tip,150.0,1080.0001,260.0,hold,-6.060455505912051e-21,-1.6882961747343377
tip,150.0,1080.0001808577551,260.0,hold,-6.060455627423109e-21,-1.6882962085843767
tip,150.0,1080.0003270952757,260.0,hold,-6.060455847184152e-21,-1.6882962698044826
tip,150.0,1080.0005915771726,260.0,hold,-6.060456244635353e-21,-1.6882963805247644
tip,150.0,1080.001069913194,260.0,hold,-6.060456963444612e-21,-1.6882965807676211
tip,150.0,1080.0019350209839,260.0,hold,-6.060458263427453e-21,-1.6882969429113668
tip,150.0,1080.0034996355116,260.0,hold,-6.060460614418212e-21,-1.6882975978404726
tip,150.0,1080.006329362222,260.0,hold,-6.060464865945333e-21,-1.6882987822129951
tip,150.0,1080.0114471424256,260.0,hold,-6.060472553781801e-21,-1.6883009238581055
tip,150.0,1080.0207030448112,260.0,hold,-6.0604864533178e-21,-1.688304795932314
tip,150.0,1080.037443062078,260.0,hold,-6.060511576955971e-21,-1.6883117947696422
tip,150.0,1080.067718681506,260.0,hold,-6.060556966811046e-21,-1.688324439284336
tip,150.0,1080.1224744871392,260.0,hold,-6.060638900575512e-21,-1.6883472640474242
tip,150.0,1080.2215046079812,260.0,hold,-6.060786571529026e-21,-1.6883884015998234
tip,150.0,1080.400608261385,260.0,hold,-6.0610519805369974e-21,-1.6884623381236474
tip,150.0,1080.7245311081915,260.0,hold,-6.061526612454547e-21,-1.6885945590846008
tip,150.0,1081.3103706971044,260.0,hold,-6.062367805380182e-21,-1.6888288950676267
tip,150.0,1082.3699070259609,260.0,hold,-6.0638350461256555e-21,-1.689237632816065
tip,150.0,1084.286160644548,260.0,hold,-6.066323720269345e-21,-1.6899309171794024
tip,150.0,1087.7518539206937,260.0,hold,-6.070348360686938e-21,-1.6910520845594905
tip,150.0,1094.0198289777609,260.0,hold,-6.076370633770245e-21,-1.6927297440357187
tip,150.0,1105.3559479547152,260.0,hold,-6.084386934047649e-21,-1.6949628912109864
tip,150.0,1125.8581982492133,260.0,hold,-6.093489783235269e-21,-1.6974987246062898
tip,150.0,1162.9381078719666,260.0,hold,-6.1018678536302954e-21,-1.699832652177539
tip,150.0,1230.0,260.0,hold,-6.107332841169019e-21,-1.701355065393443
tip,150.0,1233.0,259.75,ramp,-6.107766762299831e-21,-1.7031135545018778
tip,150.0,1236.0,259.5,ramp,-6.108764307338616e-21,-1.705032746338752
tip,150.0,1239.0,259.25,ramp,-6.11021866186667e-21,-1.707083263817056
tip,150.0,1242.0,259.0,ramp,-6.112046606333674e-21,-1.709242214762033
tip,150.0,1245.0,258.75,ramp,-6.114182640216276e-21,-1.7114915784645257
tip,150.0,1248.0,258.5,ramp,-6.116574700610419e-21,-1.7138170296199986
tip,150.0,1251.0,258.25,ramp,-6.119181011938404e-21,-1.716207072673037
tip,150.0,1254.0,258.0,ramp,-6.121967746090551e-21,-1.7186523986465592
tip,150.0,1257.0,257.75,ramp,-6.124907268780102e-21,-1.7211454029584043
tip,150.0,1260.0,257.5,ramp,-6.127976813803245e-21,-1.7236798207904136
tip,150.0,1263.0,257.25,ramp,-6.131157472388084e-21,-1.7262504490458592
tip,150.0,1266.0,257.0,ramp,-6.134433416515121e-21,-1.7288529326236988
tip,150.0,1269.0,256.75,ramp,-6.1377912973836164e-21,-1.7314835988532014
tip,150.0,1272.0,256.5,ramp,-6.141219776011897e-21,-1.7341393282719475
tip,150.0,1275.0,256.25,ramp,-6.144709154273607e-21,-1.7368174530358762
tip,150.0,1278.0,256.0,ramp,-6.148251082831133e-21,-1.7395156764904847
tip,150.0,1281.0,255.75,ramp,-6.151838328358927e-21,-1.742232009061506
tip,150.0,1284.0,255.5,ramp,-6.155464586792115e-21,-1.744964716816561
tip,150.0,1287.0,255.25,ramp,-6.159124332539764e-21,-1.7477122799298552
tip,150.0,1290.0,255.0,ramp,-6.162812695981109e-21,-1.7504733589359867
tip,150.0,1293.0,254.75,ramp,-6.166525363342443e-21,-1.7532467671482501
tip,150.0,1296.0,254.5,ramp,-6.170258494390897e-21,-1.7560314479849957
tip,150.0,1299.0,254.25,ramp,-6.174008654395628e-21,-1.7588264562266602
tip,150.0,1302.0,254.0,ramp,-6.177772757578842e-21,-1.7616309424385113
tip,150.0,1305.0,253.75,ramp,-6.181548019871779e-21,-1.7644441399572903
tip,150.0,1308.0,253.5,ramp,-6.1853319192462876e-21,-1.767265353965344
tip,150.0,1311.0,253.25,ramp,-6.1891221622468746e-21,-1.7700939522733798
tip,150.0,1314.0,253.0,ramp,-6.1929166556234286e-21,-1.7729293575088156
tip,150.0,1317.0,252.75,ramp,-6.196713482180461e-21,-1.775771040466079
tip,150.0,1320.0,252.5,ramp,-6.2005108801290486e-21,-1.7786185144221558
tip,150.0,1323.0,252.25,ramp,-6.2043072253617445e-21,-1.7814713302576237
tip,150.0,1326.0,252.0,ramp,-6.2081010161778326e-21,-1.784329072252917
tip,150.0,1329.0,251.75,ramp,-6.211890860071668e-21,-1.7871913544531064
tip,150.0,1332.0,251.5,ramp,-6.215675462265329e-21,-1.790057817513343
tip,150.0,1335.0,251.25,ramp,-6.2194536157221336e-21,-1.7929281259523695
tip,150.0,1338.0,251.0,ramp,-6.223224192422209e-21,-1.7958019657538007
tip,150.0,1341.0,250.75,ramp,-6.226986135717873e-21,-1.7986790422649614
tip,150.0,1344.0,250.5,ramp,-6.230738453616134e-21,-1.8015590783512105
tip,150.0,1347.0,250.25,ramp,-6.23448021285996e-21,-1.8044418127703885
tip,150.0,1350.0,250.0,ramp,-6.2382105337003014e-21,-1.8073269987376375
tip,150.0,1350.0001,250.0,hold,-6.238210657883915e-21,-1.8073270347159676
tip,150.0,1350.0001808577551,250.0,hold,-6.23821075829583e-21,-1.807327063807189
tip,150.0,1350.0003270952757,250.0,hold,-6.238210939898182e-21,-1.8073271164208085
tip,150.0,1350.0005915771726,250.0,hold,-6.238211268338858e-21,-1.8073272115762535
tip,150.0,1350.001069913194,250.0,hold,-6.238211862345172e-21,-1.8073273836710624
tip,150.0,1350.0019350209839,250.0,hold,-6.238212936638187e-21,-1.8073276949139678
tip,150.0,1350.0034996355116,250.0,hold,-6.238214879536353e-21,-1.807328257808133
tip,150.0,1350.006329362222,250.0,hold,-6.238218393274235e-21,-1.8073292758041284
tip,150.0,1350.0114471424256,250.0,hold,-6.238224747670299e-21,-1.8073311167922619
tip,150.0,1350.0207030448112,250.0,hold,-6.238236238546703e-21,-1.8073344459154217
tip,150.0,1350.037443062078,250.0,hold,-6.238257015646394e-21,-1.8073404654322405
tip,150.0,1350.067718681506,250.0,hold,-6.238294576160008e-21,-1.8073513474199476
tip,150.0,1350.1224744871392,250.0,hold,-6.2383624533941894e-21,-1.807371012732183
tip,150.0,1350.2215046079812,250.0,hold,-6.238485038708621e-21,-1.807406528004908
tip,150.0,1350.400608261385,250.0,hold,-6.2387061699025384e-21,-1.8074705938736169
tip,150.0,1350.7245311081915,250.0,hold,-6.239104235167923e-21,-1.8075859208728424
tip,150.0,1351.3103706971044,250.0,hold,-6.239818113217564e-21,-1.8077927447794664
tip,150.0,1352.3699070259609,250.0,hold,-6.2410897362659456e-21,-1.8081611579093442
tip,150.0,1354.286160644548,250.0,hold,-6.2433276912928575e-21,-1.80880953560039
tip,150.0,1357.7518539206937,250.0,hold,-6.247183206285342e-21,-1.8099265508569786
tip,150.0,1364.0198289777609,250.0,hold,-6.253584316799221e-21,-1.8117810730458561
tip,150.0,1375.3559479547152,250.0,hold,-6.2635736895217194e-21,-1.8146751823299678
tip,150.0,1395.8581982492133,250.0,hold,-6.27771661391626e-21,-1.8187726537059774
tip,150.0,1432.9381078719666,250.0,hold,-6.295166462977684e-21,-1.823828203396427
tip,150.0,1500.0,250.0,hold,-6.3133151087087936e-21,-1.829086207633886
tip,150.0,1503.0,249.75,ramp,-6.314022927893099e-21,-1.8311223985717622
tip,150.0,1506.0,249.5,ramp,-6.3149607891197755e-21,-1.8332294511239566
tip,150.0,1509.0,249.25,ramp,-6.3161024301327034e-21,-1.8353999469504214
tip,150.0,1512.0,249.0,ramp,-6.317424848816472e-21,-1.8376273862359698
tip,150.0,1515.0,248.75,ramp,-6.318907835102103e-21,-1.839906056008771
tip,150.0,1518.0,248.5,ramp,-6.3205335777255616e-21,-1.842230919481149
tip,150.0,1521.0,248.25,ramp,-6.322286332783544e-21,-1.844597522751797
tip,150.0,1524.0,248.0,ramp,-6.3241521434830934e-21,-1.8470019158951092
tip,150.0,1527.0,247.75,ramp,-6.3261186024425916e-21,-1.849440586012648
tip,150.0,1530.0,247.5,ramp,-6.32817464947532e-21,-1.8519104002626665
tip,150.0,1533.0,247.25,ramp,-6.3303103990544804e-21,-1.8544085572389282
tip,150.0,1536.0,247.0,ramp,-6.332516992683088e-21,-1.8569325453573031
tip,150.0,1539.0,246.75,ramp,-6.334786472223304e-21,-1.8594801071417193
tip,150.0,1542.0,246.5,ramp,-6.337111670915958e-21,-1.8620492084907407
tip,150.0,1545.0,246.25,ramp,-6.33948611937338e-21,-1.8646380121610446
tip,150.0,1548.0,246.0,ramp,-6.341903964280515e-21,-1.8672448548309128
tip,150.0,1551.0,245.75,ramp,-6.344359897911313e-21,-1.8698682272112992
tip,150.0,1554.0,245.5,ramp,-6.346849096872898e-21,-1.8725067567578408
tip,150.0,1557.0,245.25,ramp,-6.349367168743801e-21,-1.8751591926084896
tip,150.0,1560.0,245.0,ramp,-6.351910105481303e-21,-1.8778243924300857
tip,150.0,1563.0,244.75,ramp,-6.354474242647991e-21,-1.8805013109064146
tip,150.0,1566.0,244.5,ramp,-6.357056223652255e-21,-1.8831889896409553
tip,150.0,1569.0,244.25,ramp,-6.359652968319247e-21,-1.885886548281763
tip,150.0,1572.0,244.0,ramp,-6.362261645209971e-21,-1.8885931767044037
tip,150.0,1575.0,243.75,ramp,-6.364879647192065e-21,-1.891308128113013
tip,150.0,1578.0,243.5,ramp,-6.367504569837158e-21,-1.8940307129396299
tip,150.0,1581.0,243.25,ramp,-6.3701341922807694e-21,-1.8967602934391523
tip,150.0,1584.0,243.0,ramp,-6.37276646023174e-21,-1.899496278891629
tip,150.0,1587.0,242.75,ramp,-6.3753994708617966e-21,-1.9022381213358805
tip,150.0,1590.0,242.5,ramp,-6.378031459342717e-21,-1.9049853117688398
tip,150.0,1593.0,242.25,ramp,-6.380660786830227e-21,-1.9077373767539074
tip,150.0,1596.0,242.0,ramp,-6.383285929720329e-21,-1.9104938753891245
tip,150.0,1599.0,241.75,ramp,-6.385905470027022e-21,-1.9132543965925033
tip,150.0,1602.0,241.5,ramp,-6.388518086749851e-21,-1.9160185566673678
tip,150.0,1605.0,241.25,ramp,-6.3911225481167634e-21,-1.9187859971153427
tip,150.0,1608.0,241.0,ramp,-6.393717704602249e-21,-1.9215563826687354
tip,150.0,1611.0,240.75,ramp,-6.3963024826332436e-21,-1.9243293995175712
tip,150.0,1614.0,240.5,ramp,-6.3988758789061825e-21,-1.9271047537096262
tip,150.0,1617.0,240.25,ramp,-6.401436955247919e-21,-1.9298821697044344
tip,150.0,1620.0,240.0,ramp,-6.403984833961372e-21,-1.9326613890645425
tip,150.0,1620.0001,240.0,hold,-6.403984918663514e-21,-1.932661414626839
tip,150.0,1620.0001808577551,240.0,hold,-6.403984987151726e-21,-1.9326614352959266
tip,150.0,1620.0003270952757,240.0,hold,-6.403985111017869e-21,-1.9326614726775442
tip,150.0,1620.0005915771726,240.0,hold,-6.403985335039062e-21,-1.932661540284998
tip,150.0,1620.001069913194,240.0,hold,-6.4039857401976716e-21,-1.9326616625579924
tip,150.0,1620.0019350209839,240.0,hold,-6.403986472954868e-21,-1.932661883697108
tip,150.0,1620.0034996355116,240.0,hold,-6.4039877981914166e-21,-1.9326622836408265
tip,150.0,1620.006329362222,240.0,hold,-6.403990194946324e-21,-1.9326630069585402
tip,150.0,1620.0114471424256,240.0,hold,-6.403994529538614e-21,-1.9326643150970466
tip,150.0,1620.0207030448112,240.0,hold,-6.404002368576628e-21,-1.9326666808437638
tip,150.0,1620.037443062078,240.0,hold,-6.404016544749421e-21,-1.9326709590771625
tip,150.0,1620.067718681506,240.0,hold,-6.404042179090118e-21,-1.9326786952760737
tip,150.0,1620.1224744871392,240.0,hold,-6.404088526503023e-21,-1.9326926824821222
tip,150.0,1620.2215046079812,240.0,hold,-6.40417230271095e-21,-1.9327179653406206
tip,150.0,1620.400608261385,240.0,hold,-6.4043236659446235e-21,-1.9327636453172334
tip,150.0,1620.7245311081915,240.0,hold,-6.404596920107748e-21,-1.9328461108108541
tip,150.0,1621.3103706971044,240.0,hold,-6.405089498188715e-21,-1.9329947661657412
tip,150.0,1622.3699070259609,240.0,hold,-6.40597508725584e-21,-1.9332620284783462
tip,150.0,1624.286160644548,240.0,hold,-6.407559677615104e-21,-1.9337402426971855
tip,150.0,1627.7518539206937,240.0,hold,-6.4103708317846136e-21,-1.9345886221457607
tip,150.0,1634.0198289777609,240.0,hold,-6.415282514705097e-21,-1.9360709210864773
tip,150.0,1645.3559479547152,240.0,hold,-6.423637097715675e-21,-1.938592254353953
tip,150.0,1665.8581982492133,240.0,hold,-6.437207267420282e-21,-1.9426876018151251
tip,150.0,1702.9381078719666,240.0,hold,-6.457636276876447e-21,-1.9488528815302462
tip,150.0,1770.0,240.0,hold,-6.485037445580858e-21,-1.9571222922398746
tip,150.0,1773.0,239.75,ramp,-6.486089224124901e-21,-1.9594808348171386
tip,150.0,1776.0,239.5,ramp,-6.4872016044039266e-21,-1.9618626284887057
tip,150.0,1779.0,239.25,ramp,-6.488369072692683e-21,-1.9642660769361913
tip,150.0,1782.0,239.0,ramp,-6.4895865322099724e-21,-1.9666897035182667
tip,150.0,1785.0,238.75,ramp,-6.490849266701559e-21,-1.9691321408493707
tip,150.0,1788.0,238.5,ramp,-6.492152907690242e-21,-1.9715921214265517
tip,150.0,1791.0,238.25,ramp,-6.493493404982435e-21,-1.9740684691873007
tip,150.0,1794.0,238.0,ramp,-6.4948670000711946e-21,-1.976560091895643
tip,150.0,1797.0,237.75,ramp,-6.496270202118798e-21,-1.979065974266042
tip,150.0,1800.0,237.5,ramp,-6.4976997662401094e-21,-1.9815851717455408
tip,150.0,1803.0,237.25,ramp,-6.499152673840696e-21,-1.9841168048838849
tip,150.0,1806.0,237.0,ramp,-6.500626114792453e-21,-1.9866600542295727
tip,150.0,1809.0,236.75,ramp,-6.502117471254692e-21,-1.9892141556969707
tip,150.0,1812.0,236.5,ramp,-6.503624302970527e-21,-1.9917783963558648
tip,150.0,1815.0,236.25,ramp,-6.505144333887583e-21,-1.9943521106002924
tip,150.0,1818.0,236.0,ramp,-6.5066754399693e-21,-1.99693467665842
tip,150.0,1821.0,235.75,ramp,-6.5082156380771865e-21,-1.999525513409247
tip,150.0,1824.0,235.5,ramp,-6.509763075818486e-21,-2.0021240774759503
tip,150.0,1827.0,235.25,ramp,-6.5113160222641946e-21,-2.004729860568667
tip,150.0,1830.0,235.0,ramp,-6.5128728594532985e-21,-2.0073423870526317
tip,150.0,1833.0,234.75,ramp,-6.514432074607722e-21,-2.009961211720064
tip,150.0,1836.0,234.5,ramp,-6.5159922529902346e-21,-2.0125859177463883
tip,150.0,1839.0,234.25,ramp,-6.517552071345271e-21,-2.0152161148136054
tip,150.0,1842.0,234.0,ramp,-6.519110291868011e-21,-2.0178514373851453
tip,150.0,1845.0,233.75,ramp,-6.520665756653211e-21,-2.0204915431183035
tip,150.0,1848.0,233.5,ramp,-6.5222173825800096e-21,-2.023136111401716
tip,150.0,1851.0,233.25,ramp,-6.523764156593298e-21,-2.0257848420065723
tip,150.0,1854.0,233.0,ramp,-6.5253051313461175e-21,-2.02843745384137
tip,150.0,1857.0,232.75,ramp,-6.526839421171204e-21,-2.031093683801078
tip,150.0,1860.0,232.5,ramp,-6.528366198352701e-21,-2.0337532857023755
tip,150.0,1863.0,232.25,ramp,-6.529884689671996e-21,-2.0364160292975133
tip,150.0,1866.0,232.0,ramp,-6.531394173204117e-21,-2.039081699360015
tip,150.0,1869.0,231.75,ramp,-6.532893975343267e-21,-2.0417500948360776
tip,150.0,1872.0,231.5,ramp,-6.534383468038195e-21,-2.0444210280561266
tip,150.0,1875.0,231.25,ramp,-6.535862066219827e-21,-2.0470943240014683
tip,150.0,1878.0,231.0,ramp,-6.537329225405287e-21,-2.049769819621497
tip,150.0,1881.0,230.75,ramp,-6.5387844394637026e-21,-2.0524473631972353
tip,150.0,1884.0,230.5,ramp,-6.540227238530851e-21,-2.0551268137475116
tip,150.0,1887.0,230.25,ramp,-6.541657187060438e-21,-2.057808040474241
tip,150.0,1890.0,230.0,ramp,-6.543073882001287e-21,-2.0604909222437473
tip,150.0,1890.0001,230.0,hold,-6.5430739289987835e-21,-2.0604909370438116
tip,150.0,1890.0001808577551,230.0,hold,-6.543073966999888e-21,-2.060490949010806
tip,150.0,1890.0003270952757,230.0,hold,-6.543074035727813e-21,-2.060490970654038
tip,150.0,1890.0005915771726,230.0,hold,-6.543074160027532e-21,-2.060491009797482
tip,150.0,1890.001069913194,230.0,hold,-6.543074384833009e-21,-2.0604910805913703
tip,150.0,1890.0019350209839,230.0,hold,-6.5430747914104794e-21,-2.060491208627398
tip,150.0,1890.0034996355116,230.0,hold,-6.5430755267351634e-21,-2.0604914401897894
tip,150.0,1890.006329362222,230.0,hold,-6.543076856619699e-21,-2.060491858986071
tip,150.0,1890.0114471424256,230.0,hold,-6.543079261795511e-21,-2.060492616404223
tip,150.0,1890.0207030448112,230.0,hold,-6.5430836116656186e-21,-2.0604939862294813
tip,150.0,1890.037443062078,230.0,hold,-6.5430914784916064e-21,-2.060496463585511
tip,150.0,1890.067718681506,230.0,hold,-6.5431057054341e-21,-2.060500943817033
tip,150.0,1890.1224744871392,230.0,hold,-6.543131433273211e-21,-2.0605090458161692
tip,150.0,1890.2215046079812,230.0,hold,-6.543177955269348e-21,-2.0605236961399243
tip,150.0,1890.400608261385,230.0,hold,-6.543262065145842e-21,-2.060550183329296
tip,150.0,1890.7245311081915,230.0,hold,-6.543414090364372e-21,-2.060598057858666
tip,150.0,1891.3103706971044,230.0,hold,-6.543688732601157e-21,-2.0606845459292527
tip,150.0,1892.3699070259609,230.0,hold,-6.544184441808352e-21,-2.0608406505889154
tip,150.0,1894.286160644548,230.0,hold,-6.5450777035330516e-21,-2.061121949212181
tip,150.0,1897.7518539206937,230.0,hold,-6.546682624861235e-21,-2.0616273578148157
tip,150.0,1904.0198289777609,230.0,hold,-6.5495509706861745e-21,-2.0625306336513303
tip,150.0,1915.3559479547152,230.0,hold,-6.5546289731353286e-21,-2.064129756347835
tip,150.0,1935.8581982492133,230.0,hold,-6.563468608989657e-21,-2.066913461646332
tip,150.0,1972.9381078719666,230.0,hold,-6.578408270512606e-21,-2.0716181367737376
tip,150.0,2040.0,230.0,hold,-6.602414480803899e-21,-2.0791779747451153
tip,150.0,2043.0,229.75,ramp,-6.603411460014882e-21,-2.0817547120856545
tip,150.0,2046.0,229.5,ramp,-6.6044096698257894e-21,-2.0843374516077184
tip,150.0,2049.0,229.25,ramp,-6.605408147862246e-21,-2.086925908893178
tip,150.0,2052.0,229.0,ramp,-6.606405990950038e-21,-2.08951981700614
tip,150.0,2055.0,228.75,ramp,-6.6074023517888675e-21,-2.092118925535283
tip,150.0,2058.0,228.5,ramp,-6.6083964358442584e-21,-2.0947229996990484
tip,150.0,2061.0,228.25,ramp,-6.609387498440583e-21,-2.0973318195087836
tip,150.0,2064.0,228.0,ramp,-6.610374842040004e-21,-2.0999451789854295
tip,150.0,2067.0,227.75,ramp,-6.611357813693231e-21,-2.1025628854256957
tip,150.0,2070.0,227.5,ramp,-6.61233580264919e-21,-2.105184758713989
tip,150.0,2073.0,227.25,ramp,-6.61330823811182e-21,-2.107810630676692
tip,150.0,2076.0,227.0,ramp,-6.614274587133261e-21,-2.110440344475697
tip,150.0,2079.0,226.75,ramp,-6.615234352633319e-21,-2.1130737540382603
tip,150.0,2082.0,226.5,ramp,-6.616187071536369e-21,-2.1157107235206367
tip,150.0,2085.0,226.25,ramp,-6.6171323130170545e-21,-2.1183511268029864
tip,150.0,2088.0,226.0,ramp,-6.618069676847302e-21,-2.1209948470134004
tip,150.0,2091.0,225.75,ramp,-6.618998791837401e-21,-2.1236417760789434
tip,150.0,2094.0,225.5,ramp,-6.619919314364766e-21,-2.1262918143018714
tip,150.0,2097.0,225.25,ramp,-6.620830926984298e-21,-2.1289448699592683
tip,150.0,2100.0,225.0,ramp,-6.6217333371148464e-21,-2.1316008589245095
tip,150.0,2103.0,224.75,ramp,-6.622626275796612e-21,-2.1342597043090596
tip,150.0,2106.0,224.5,ramp,-6.623509496514905e-21,-2.1369213361232906
tip,150.0,2109.0,224.25,ramp,-6.6243827740857495e-21,-2.1395856909549975
tip,150.0,2112.0,224.0,ramp,-6.62524590359946e-21,-2.1422527116645154
tip,150.0,2115.0,223.75,ramp,-6.626098699418348e-21,-2.1449223470953096
tip,150.0,2118.0,223.5,ramp,-6.626940994225266e-21,-2.1475945517990995
tip,150.0,2121.0,223.25,ramp,-6.6277726381196975e-21,-2.1502692857745616
tip,150.0,2124.0,223.0,ramp,-6.628593497758434e-21,-2.152946514218756
tip,150.0,2127.0,222.75,ramp,-6.62940345553824e-21,-2.1556262072905334
tip,150.0,2130.0,222.5,ramp,-6.630202408817856e-21,-2.1583083398851497
tip,150.0,2133.0,222.25,ramp,-6.6309902691770816e-21,-2.1609928914194474
tip,150.0,2136.0,222.0,ramp,-6.63176696171065e-21,-2.1636798456269313
tip,150.0,2139.0,221.75,ramp,-6.632532424354999e-21,-2.166369190362211
tip,150.0,2142.0,221.5,ramp,-6.6332866072459376e-21,-2.169060917414212
tip,150.0,2145.0,221.25,ramp,-6.634029472105627e-21,-2.1717550223277255
tip,150.0,2148.0,221.0,ramp,-6.634760991657033e-21,-2.1744515042327452
tip,150.0,2151.0,220.75,ramp,-6.635481149064551e-21,-2.1771503656812334
tip,150.0,2154.0,220.5,ramp,-6.636189937399225e-21,-2.1798516124908565
tip,150.0,2157.0,220.25,ramp,-6.636887359127399e-21,-2.18255525359536
tip,150.0,2160.0,220.0,ramp,-6.637573425621421e-21,-2.1852613009011836
tip,150.0,2160.0001,220.0,hold,-6.6375734483012e-21,-2.1852613083679553
tip,150.0,2160.000180857755,220.0,hold,-6.6375734666395566e-21,-2.185261314405418
tip,150.0,2160.0003270952757,220.0,hold,-6.637573499805895e-21,-2.1852613253246362
tip,150.0,2160.0005915771726,220.0,hold,-6.6375735597897764e-21,-2.1852613450728855
tip,150.0,2160.001069913194,220.0,hold,-6.637573668275249e-21,-2.1852613807891164
tip,150.0,2160.0019350209836,220.0,hold,-6.637573864479542e-21,-2.1852614453846577
tip,150.0,2160.0034996355116,220.0,hold,-6.637574219329892e-21,-2.1852615622105955
tip,150.0,2160.006329362222,220.0,hold,-6.637574861103209e-21,-2.1852617734990143
tip,150.0,2160.0114471424254,220.0,hold,-6.6375760217965506e-21,-2.1852621556293617
tip,150.0,2160.0207030448114,220.0,hold,-6.637578120989108e-21,-2.1852628467379893
tip,150.0,2160.037443062078,220.0,hold,-6.637581917504464e-21,-2.1852640966492975
tip,150.0,2160.067718681506,220.0,hold,-6.637588783675321e-21,-2.185266357170801
tip,150.0,2160.1224744871392,220.0,hold,-6.637601201280094e-21,-2.1852704453683125
tip,150.0,2160.221504607981,220.0,hold,-6.637623658180535e-21,-2.1852778387623024
tip,150.0,2160.400608261385,220.0,hold,-6.637664268972212e-21,-2.1852912088880636
tip,150.0,2160.7245311081915,220.0,hold,-6.637737702825409e-21,-2.185315385216863
tip,150.0,2161.3103706971046,220.0,hold,-6.637870468151445e-21,-2.185359095005137
tip,150.0,2162.369907025961,220.0,hold,-6.638110435832535e-21,-2.185438098588725
tip,150.0,2164.286160644548,220.0,hold,-6.6385439501478356e-21,-2.185580822743453
tip,150.0,2167.751853920694,220.0,hold,-6.639326408583386e-21,-2.1858384283515764
tip,150.0,2174.019828977761,220.0,hold,-6.640736377970367e-21,-2.186302626837868
tip,150.0,2185.3559479547152,220.0,hold,-6.643269630978215e-21,-2.187136639421755
tip,150.0,2205.8581982492133,220.0,hold,-6.647796989324042e-21,-2.1886271631951355
tip,150.0,2242.9381078719666,220.0,hold,-6.655811636832506e-21,-2.1912657929951473
tip,150.0,2310.0,220.0,hold,-6.669761920028106e-21,-2.1958585879895174
tip,150.0,2313.0,219.75,ramp,-6.67036636831368e-21,-2.198555947070774
tip,150.0,2316.0,219.5,ramp,-6.67096188740695e-21,-2.2012565040598884
tip,150.0,2319.0,219.25,ramp,-6.671548431019471e-21,-2.2039602546046257
tip,150.0,2322.0,219.0,ramp,-6.672125963034139e-21,-2.2066671976968366
tip,150.0,2325.0,218.75,ramp,-6.672694456981788e-21,-2.2093773355182673
tip,150.0,2328.0,218.5,ramp,-6.673253895540588e-21,-2.212090673292861
tip,150.0,2331.0,218.25,ramp,-6.6738042700571094e-21,-2.2148072191452446
tip,150.0,2334.0,218.0,ramp,-6.674345580088134e-21,-2.2175269839651244
tip,150.0,2337.0,217.75,ramp,-6.674877832961959e-21,-2.22024998127724
tip,150.0,2340.0,217.5,ramp,-6.675401043358514e-21,-2.222976227116682
tip,150.0,2343.0,217.25,ramp,-6.675915232907163e-21,-2.2257057399092455
tip,150.0,2346.0,217.0,ramp,-6.676420429801518e-21,-2.2284385403566342
tip,150.0,2349.0,216.75,ramp,-6.676916668430439e-21,-2.231174651326282
tip,150.0,2352.0,216.5,ramp,-6.6774039890244485e-21,-2.2339140977455623
tip,150.0,2355.0,216.25,ramp,-6.677882437316936e-21,-2.236656906500225
tip,150.0,2358.0,216.0,ramp,-6.678352064219361e-21,-2.2394031063368134
tip,150.0,2361.0,215.75,ramp,-6.678812925510101e-21,-2.242152727768991
tip,150.0,2364.0,215.5,ramp,-6.6792650815360594e-21,-2.244905802987501
tip,150.0,2367.0,215.25,ramp,-6.679708596926652e-21,-2.247662365773664
tip,150.0,2370.0,215.0,ramp,-6.680143540319662e-21,-2.250422451416272
tip,150.0,2373.0,214.75,ramp,-6.680569984098441e-21,-2.2531860966317248
tip,150.0,2376.0,214.5,ramp,-6.680988004139911e-21,-2.2559533394872617
tip,150.0,2379.0,214.25,ramp,-6.681397679573159e-21,-2.258724219327231
tip,150.0,2382.0,214.0,ramp,-6.681799092547848e-21,-2.261498776702166
tip,150.0,2385.0,213.75,ramp,-6.6821923280124424e-21,-2.2642770533006913
tip,150.0,2388.0,213.5,ramp,-6.6825774735016e-21,-2.2670590918840574
tip,150.0,2391.0,213.25,ramp,-6.6829546189324284e-21,-2.2698449362232296
tip,150.0,2394.0,213.0,ramp,-6.683323856409394e-21,-2.272634631038472
tip,150.0,2397.0,212.75,ramp,-6.68368528003737e-21,-2.275428221941278
tip,150.0,2400.0,212.5,ramp,-6.684038985742668e-21,-2.2782257553786125
tip,150.0,2403.0,212.25,ramp,-6.684385071101638e-21,-2.2810272785793435
tip,150.0,2406.0,212.0,ramp,-6.6847236351767165e-21,-2.2838328395028373
tip,150.0,2409.0,211.75,ramp,-6.685054778359467e-21,-2.286642486789582
tip,150.0,2412.0,211.5,ramp,-6.6853786022204635e-21,-2.2894562697138054
tip,150.0,2415.0,211.25,ramp,-6.685695209365784e-21,-2.292274238138022
tip,150.0,2418.0,211.0,ramp,-6.686004703299819e-21,-2.295096442469423
tip,150.0,2421.0,210.75,ramp,-6.686307188294231e-21,-2.2979229336180733
tip,150.0,2424.0,210.5,ramp,-6.6866027692627775e-21,-2.3007537629568255
tip,150.0,2427.0,210.25,ramp,-6.6868915516418496e-21,-2.3035889822829176
tip,150.0,2430.0,210.0,ramp,-6.687173641276532e-21,-2.3064286437812016
tip,150.0,2430.0001,210.0,hold,-6.687173650569286e-21,-2.3064286469863036
tip,150.0,2430.000180857755,210.0,hold,-6.687173658083197e-21,-2.3064286495778767
tip,150.0,2430.0003270952757,210.0,hold,-6.687173671672687e-21,-2.3064286542649377
tip,150.0,2430.0005915771726,210.0,hold,-6.687173696250333e-21,-2.30642866274185
tip,150.0,2430.001069913194,210.0,hold,-6.687173740700907e-21,-2.3064286780730026
tip,150.0,2430.0019350209836,210.0,hold,-6.687173821093208e-21,-2.306428705800577
tip,150.0,2430.0034996355116,210.0,hold,-6.68717396648888e-21,-2.3064287559480325
tip,150.0,2430.006329362222,210.0,hold,-6.68717422944811e-21,-2.306428846643554
tip,150.0,2430.0114471424254,210.0,hold,-6.687174705029872e-21,-2.3064290106733005
tip,150.0,2430.0207030448114,210.0,hold,-6.687175565155088e-21,-2.306429307333376
tip,150.0,2430.037443062078,210.0,hold,-6.687177120754029e-21,-2.306429843864674
tip,150.0,2430.067718681506,210.0,hold,-6.687179934161566e-21,-2.306430814218381
tip,150.0,2430.1224744871392,210.0,hold,-6.687185022382194e-21,-2.3064325691627614
tip,150.0,2430.221504607981,210.0,hold,-6.6871942246763296e-21,-2.306435743064909
tip,150.0,2430.400608261385,210.0,hold,-6.687210867256578e-21,-2.306441483146721
tip,150.0,2430.7245311081915,210.0,hold,-6.687240965075968e-21,-2.306451863985694
tip,150.0,2431.3103706971046,210.0,hold,-6.6872953941565854e-21,-2.306470636758367
tip,150.0,2432.369907025961,210.0,hold,-6.687393816495219e-21,-2.3065045829534547
tip,150.0,2434.286160644548,210.0,hold,-6.687571765748667e-21,-2.306565958248506
tip,150.0,2437.751853920694,210.0,hold,-6.687893420390723e-21,-2.3066768980146373
tip,150.0,2444.019828977761,210.0,hold,-6.688474568346109e-21,-2.3068773378958904
tip,150.0,2455.3559479547152,210.0,hold,-6.689523695191614e-21,-2.3072391852677754
tip,150.0,2475.8581982492133,210.0,hold,-6.6914148495638736e-21,-2.3078914507610873
tip,150.0,2512.9381078719666,210.0,hold,-6.694814756517139e-21,-2.3090640900858386
tip,150.0,2580.0,210.0,hold,-6.700897786866831e-21,-2.3111621476796955
tip,150.0,2583.0,209.75,ramp,-6.701164897206115e-21,-2.3140090476083706
tip,150.0,2586.0,209.5,ramp,-6.701425818719473e-21,-2.3168606024063876
tip,150.0,2589.0,209.25,ramp,-6.7016806481552794e-21,-2.319716862246308
tip,150.0,2592.0,209.0,ramp,-6.701929482581103e-21,-2.322577877651369
tip,150.0,2595.0,208.75,ramp,-6.702172419283986e-21,-2.325443699462987
tip,150.0,2598.0,208.5,ramp,-6.7024095556754884e-21,-2.3283143788096776
tip,150.0,2601.0,208.25,ramp,-6.702640989201488e-21,-2.331189967077408
tip,150.0,2604.0,208.0,ramp,-6.702866817256391e-21,-2.334070515881268
tip,150.0,2607.0,207.75,ramp,-6.7030871371017494e-21,-2.3369560770384794
tip,150.0,2610.0,207.5,ramp,-6.703302045788999e-21,-2.339846702542641
tip,150.0,2613.0,207.25,ramp,-6.703511640086253e-21,-2.34274244453921
tip,150.0,2616.0,207.0,ramp,-6.7037160164090765e-21,-2.345643355302199
tip,150.0,2619.0,206.75,ramp,-6.703915270754863e-21,-2.348549487211959
tip,150.0,2622.0,206.5,ramp,-6.704109498640951e-21,-2.35146089273412
tip,150.0,2625.0,206.25,ramp,-6.704298795046164e-21,-2.3543776243995795
tip,150.0,2628.0,206.0,ramp,-6.704483254355738e-21,-2.357299734785533
tip,150.0,2631.0,205.75,ramp,-6.704662970309534e-21,-2.360227276497526
tip,150.0,2634.0,205.5,ramp,-6.70483803595329e-21,-2.363160302152442
tip,150.0,2637.0,205.25,ramp,-6.7050085435929345e-21,-2.366098864362455
tip,150.0,2640.0,205.0,ramp,-6.7051745847518326e-21,-2.3690430157198894
tip,150.0,2643.0,204.75,ramp,-6.70533625013073e-21,-2.371992808782933
tip,150.0,2646.0,204.5,ramp,-6.705493629570484e-21,-2.374948296062226
tip,150.0,2649.0,204.25,ramp,-6.705646812017329e-21,-2.3779095300082544
tip,150.0,2652.0,204.0,ramp,-6.7057958854906455e-21,-2.380876562999537
tip,150.0,2655.0,203.75,ramp,-6.70594093705311e-21,-2.3838494473315723
tip,150.0,2658.0,203.5,ramp,-6.706082052783199e-21,-2.386828235206544
tip,150.0,2661.0,203.25,ramp,-6.706219317749837e-21,-2.3898129787237106
tip,150.0,2664.0,203.0,ramp,-6.70635281598921e-21,-2.3928037298704994
tip,150.0,2667.0,202.75,ramp,-6.706482630483613e-21,-2.3958005405142617
tip,150.0,2670.0,202.5,ramp,-6.706608843142296e-21,-2.3988034623946786
tip,150.0,2673.0,202.25,ramp,-6.7067315347841105e-21,-2.40181254711676
tip,150.0,2676.0,202.0,ramp,-6.7068507851220244e-21,-2.404827846144456
tip,150.0,2679.0,201.75,ramp,-6.7069666727493814e-21,-2.4078494107948516
tip,150.0,2682.0,201.5,ramp,-6.7070792751277624e-21,-2.4108772922328923
tip,150.0,2685.0,201.25,ramp,-6.707188668576455e-21,-2.413911541466649
tip,150.0,2688.0,201.0,ramp,-6.7072949282634735e-21,-2.4169522093431057
tip,150.0,2691.0,200.75,ramp,-6.707398128197985e-21,-2.4199993465444263
tip,150.0,2694.0,200.5,ramp,-6.707498341224181e-21,-2.423053003584709
tip,150.0,2697.0,200.25,ramp,-6.7075956390163884e-21,-2.4261132308071733
tip,150.0,2700.0,200.0,ramp,-6.707690092075552e-21,-2.429180078381816
tip,150.0,2700.0001,200.0,hold,-6.707690095177441e-21,-2.4291800795051604
tip,150.0,2700.000180857755,200.0,hold,-6.70769009768556e-21,-2.429180080413472
tip,150.0,2700.0003270952757,200.0,hold,-6.707690102221688e-21,-2.429180082056224
tip,150.0,2700.0005915771726,200.0,hold,-6.707690110425626e-21,-2.429180085027268
tip,150.0,2700.001069913194,200.0,hold,-6.7076901252630844e-21,-2.429180090400632
tip,150.0,2700.0019350209836,200.0,hold,-6.707690152097777e-21,-2.429180100118776
tip,150.0,2700.0034996355116,200.0,hold,-6.707690200630399e-21,-2.4291801176947936
tip,150.0,2700.006329362222,200.0,hold,-6.7076902884054e-21,-2.429180149482381
tip,150.0,2700.0114471424254,200.0,hold,-6.70769044715326e-21,-2.4291802069726844
tip,150.0,2700.0207030448114,200.0,hold,-6.707690734260974e-21,-2.4291803109483197
tip,150.0,2700.037443062078,200.0,hold,-6.7076912535172e-21,-2.4291804989961965
tip,150.0,2700.067718681506,200.0,hold,-6.7076921926312385e-21,-2.429180839094961
tip,150.0,2700.1224744871392,200.0,hold,-6.707693891088158e-21,-2.4291814541886305
tip,150.0,2700.221504607981,200.0,hold,-6.7076969628672816e-21,-2.4291825666289117
tip,150.0,2700.400608261385,200.0,hold,-6.7077025183790135e-21,-2.429184578549296
tip,150.0,2700.7245311081915,200.0,hold,-6.70771256582515e-21,-2.429188217217102
tip,150.0,2701.3103706971046,200.0,hold,-6.707730736993096e-21,-2.429194797878786
tip,150.0,2702.369907025961,200.0,hold,-6.707763599593695e-21,-2.4292066990211465
tip,150.0,2704.286160644548,200.0,hold,-6.707823029688204e-21,-2.4292282215422616
tip,150.0,2707.751853920694,200.0,hold,-6.7079304990130026e-21,-2.429267141399806
tip,150.0,2714.019828977761,200.0,hold,-6.708124817844599e-21,-2.4293375136782043
tip,150.0,2725.3559479547152,200.0,hold,-6.708476102316315e-21,-2.4294647308317736
tip,150.0,2745.8581982492133,200.0,hold,-6.709110917002899e-21,-2.429694628034677
tip,150.0,2782.9381078719666,200.0,hold,-6.710257361153101e-21,-2.4301098110935873
tip,150.0,2850.0,200.0,hold,-6.712325354677288e-21,-2.4308587318997397
