parameter_set,transfer_plan,edge_nm,direction,orientation,temperature_K,scale_s,beta_nm,K_W_nm6_kcalmol,centre_distance_nm,U_attr_kcalmol,U_rep_kcalmol,U_pair_kcalmol,U_pair_J,U_pair_kBT,U_pair_per_particle_kBT
singh_calibrated_si_mesh,plan1,13.00,100,co_oriented,298.15,1.0,7.0375,5.279688e+04,16.000000,-1.033139e+01,6.981540e+00,-3.349848e+00,-2.327372e-20,-5.653896e+00,-2.826948e+00
singh_calibrated_si_mesh,plan1,13.00,100,co_oriented,298.15,2.0,7.0375,5.279688e+04,16.000000,-2.066278e+01,1.396308e+01,-6.699696e+00,-4.654745e-20,-1.130779e+01,-5.653896e+00
singh_calibrated_si_mesh,plan1,13.00,100,co_oriented,298.15,5.0,7.0375,5.279688e+04,16.000000,-5.165694e+01,3.490770e+01,-1.674924e+01,-1.163686e-19,-2.826948e+01,-1.413474e+01
singh_calibrated_si_mesh,plan1,13.00,100,co_oriented,300.00,1.0,7.0375,5.279688e+04,16.000000,-1.033139e+01,6.981540e+00,-3.349848e+00,-2.327372e-20,-5.619030e+00,-2.809515e+00
singh_calibrated_si_mesh,plan1,13.00,100,co_oriented,300.00,2.0,7.0375,5.279688e+04,16.000000,-2.066278e+01,1.396308e+01,-6.699696e+00,-4.654745e-20,-1.123806e+01,-5.619030e+00
singh_calibrated_si_mesh,plan1,13.00,100,co_oriented,300.00,5.0,7.0375,5.279688e+04,16.000000,-5.165694e+01,3.490770e+01,-1.674924e+01,-1.163686e-19,-2.809515e+01,-1.404758e+01
singh_calibrated_si_mesh,plan1,13.00,100,twist45_about_axis,298.15,1.0,7.0375,5.279688e+04,16.000000,-1.012341e+01,6.588530e+00,-3.534885e+00,-2.455931e-20,-5.966202e+00,-2.983101e+00
singh_calibrated_si_mesh,plan1,13.00,100,twist45_about_axis,298.15,2.0,7.0375,5.279688e+04,16.000000,-2.024683e+01,1.317706e+01,-7.069770e+00,-4.911861e-20,-1.193240e+01,-5.966202e+00
singh_calibrated_si_mesh,plan1,13.00,100,twist45_about_axis,298.15,5.0,7.0375,5.279688e+04,16.000000,-5.061707e+01,3.294265e+01,-1.767443e+01,-1.227965e-19,-2.983101e+01,-1.491551e+01
singh_calibrated_si_mesh,plan1,13.00,100,twist45_about_axis,300.00,1.0,7.0375,5.279688e+04,16.000000,-1.012341e+01,6.588530e+00,-3.534885e+00,-2.455931e-20,-5.929411e+00,-2.964705e+00
singh_calibrated_si_mesh,plan1,13.00,100,twist45_about_axis,300.00,2.0,7.0375,5.279688e+04,16.000000,-2.024683e+01,1.317706e+01,-7.069770e+00,-4.911861e-20,-1.185882e+01,-5.929411e+00
singh_calibrated_si_mesh,plan1,13.00,100,twist45_about_axis,300.00,5.0,7.0375,5.279688e+04,16.000000,-5.061707e+01,3.294265e+01,-1.767443e+01,-1.227965e-19,-2.964705e+01,-1.482353e+01
singh_calibrated_si_mesh,plan1,13.00,100,tilt15_about_z,298.15,1.0,7.0375,5.279688e+04,16.828505,-7.143136e+00,4.482391e+00,-2.660744e+00,-1.848604e-20,-4.490822e+00,-2.245411e+00
singh_calibrated_si_mesh,plan1,13.00,100,tilt15_about_z,298.15,2.0,7.0375,5.279688e+04,16.828505,-1.428627e+01,8.964783e+00,-5.321489e+00,-3.697208e-20,-8.981644e+00,-4.490822e+00
singh_calibrated_si_mesh,plan1,13.00,100,tilt15_about_z,298.15,5.0,7.0375,5.279688e+04,16.828505,-3.571568e+01,2.241196e+01,-1.330372e+01,-9.243021e-20,-2.245411e+01,-1.122705e+01
singh_calibrated_si_mesh,plan1,13.00,100,tilt15_about_z,300.00,1.0,7.0375,5.279688e+04,16.828505,-7.143136e+00,4.482391e+00,-2.660744e+00,-1.848604e-20,-4.463128e+00,-2.231564e+00
singh_calibrated_si_mesh,plan1,13.00,100,tilt15_about_z,300.00,2.0,7.0375,5.279688e+04,16.828505,-1.428627e+01,8.964783e+00,-5.321489e+00,-3.697208e-20,-8.926257e+00,-4.463128e+00
singh_calibrated_si_mesh,plan1,13.00,100,tilt15_about_z,300.00,5.0,7.0375,5.279688e+04,16.828505,-3.571568e+01,2.241196e+01,-1.330372e+01,-9.243021e-20,-2.231564e+01,-1.115782e+01
singh_calibrated_si_mesh,plan1,13.00,100,rot90_about_z,298.15,1.0,7.0375,5.279688e+04,16.000000,-1.033139e+01,6.981540e+00,-3.349848e+00,-2.327372e-20,-5.653896e+00,-2.826948e+00
singh_calibrated_si_mesh,plan1,13.00,100,rot90_about_z,298.15,2.0,7.0375,5.279688e+04,16.000000,-2.066278e+01,1.396308e+01,-6.699696e+00,-4.654745e-20,-1.130779e+01,-5.653896e+00
singh_calibrated_si_mesh,plan1,13.00,100,rot90_about_z,298.15,5.0,7.0375,5.279688e+04,16.000000,-5.165694e+01,3.490770e+01,-1.674924e+01,-1.163686e-19,-2.826948e+01,-1.413474e+01
singh_calibrated_si_mesh,plan1,13.00,100,rot90_about_z,300.00,1.0,7.0375,5.279688e+04,16.000000,-1.033139e+01,6.981540e+00,-3.349848e+00,-2.327372e-20,-5.619030e+00,-2.809515e+00
singh_calibrated_si_mesh,plan1,13.00,100,rot90_about_z,300.00,2.0,7.0375,5.279688e+04,16.000000,-2.066278e+01,1.396308e+01,-6.699696e+00,-4.654745e-20,-1.123806e+01,-5.619030e+00
singh_calibrated_si_mesh,plan1,13.00,100,rot90_about_z,300.00,5.0,7.0375,5.279688e+04,16.000000,-5.165694e+01,3.490770e+01,-1.674924e+01,-1.163686e-19,-2.809515e+01,-1.404758e+01
singh_calibrated_si_mesh,plan1,13.00,110,co_oriented,298.15,1.0,7.0375,5.279688e+04,19.378974,-3.688632e+00,2.528392e+00,-1.160240e+00,-8.060992e-21,-1.958260e+00,-9.791301e-01
singh_calibrated_si_mesh,plan1,13.00,110,co_oriented,298.15,2.0,7.0375,5.279688e+04,19.378974,-7.377263e+00,5.056784e+00,-2.320479e+00,-1.612198e-20,-3.916520e+00,-1.958260e+00
singh_calibrated_si_mesh,plan1,13.00,110,co_oriented,298.15,5.0,7.0375,5.279688e+04,19.378974,-1.844316e+01,1.264196e+01,-5.801198e+00,-4.030496e-20,-9.791301e+00,-4.895650e+00
singh_calibrated_si_mesh,plan1,13.00,110,co_oriented,300.00,1.0,7.0375,5.279688e+04,19.378974,-3.688632e+00,2.528392e+00,-1.160240e+00,-8.060992e-21,-1.946184e+00,-9.730921e-01
singh_calibrated_si_mesh,plan1,13.00,110,co_oriented,300.00,2.0,7.0375,5.279688e+04,19.378974,-7.377263e+00,5.056784e+00,-2.320479e+00,-1.612198e-20,-3.892368e+00,-1.946184e+00
singh_calibrated_si_mesh,plan1,13.00,110,co_oriented,300.00,5.0,7.0375,5.279688e+04,19.378974,-1.844316e+01,1.264196e+01,-5.801198e+00,-4.030496e-20,-9.730921e+00,-4.865461e+00
singh_calibrated_si_mesh,plan1,13.00,111,co_oriented,298.15,1.0,7.0375,5.279688e+04,21.749244,-1.684293e+00,1.097332e+00,-5.869606e-01,-4.078024e-21,-9.906760e-01,-4.953380e-01
singh_calibrated_si_mesh,plan1,13.00,111,co_oriented,298.15,2.0,7.0375,5.279688e+04,21.749244,-3.368586e+00,2.194664e+00,-1.173921e+00,-8.156047e-21,-1.981352e+00,-9.906760e-01
singh_calibrated_si_mesh,plan1,13.00,111,co_oriented,298.15,5.0,7.0375,5.279688e+04,21.749244,-8.421464e+00,5.486661e+00,-2.934803e+00,-2.039012e-20,-4.953380e+00,-2.476690e+00
singh_calibrated_si_mesh,plan1,13.00,111,co_oriented,300.00,1.0,7.0375,5.279688e+04,21.749244,-1.684293e+00,1.097332e+00,-5.869606e-01,-4.078024e-21,-9.845668e-01,-4.922834e-01
singh_calibrated_si_mesh,plan1,13.00,111,co_oriented,300.00,2.0,7.0375,5.279688e+04,21.749244,-3.368586e+00,2.194664e+00,-1.173921e+00,-8.156047e-21,-1.969134e+00,-9.845668e-01
singh_calibrated_si_mesh,plan1,13.00,111,co_oriented,300.00,5.0,7.0375,5.279688e+04,21.749244,-8.421464e+00,5.486661e+00,-2.934803e+00,-2.039012e-20,-4.922834e+00,-2.461417e+00
singh_calibrated_si_mesh,plan1,16.00,100,co_oriented,298.15,1.0,7.0375,1.835135e+05,19.000000,-1.463635e+01,3.291045e+01,1.827409e+01,1.269628e-19,3.084314e+01,1.542157e+01
singh_calibrated_si_mesh,plan1,16.00,100,co_oriented,298.15,2.0,7.0375,1.835135e+05,19.000000,-2.927271e+01,6.582090e+01,3.654819e+01,2.539257e-19,6.168627e+01,3.084314e+01
singh_calibrated_si_mesh,plan1,16.00,100,co_oriented,298.15,5.0,7.0375,1.835135e+05,19.000000,-7.318177e+01,1.645522e+02,9.137047e+01,6.348142e-19,1.542157e+02,7.710784e+01
singh_calibrated_si_mesh,plan1,16.00,100,co_oriented,300.00,1.0,7.0375,1.835135e+05,19.000000,-1.463635e+01,3.291045e+01,1.827409e+01,1.269628e-19,3.065294e+01,1.532647e+01
singh_calibrated_si_mesh,plan1,16.00,100,co_oriented,300.00,2.0,7.0375,1.835135e+05,19.000000,-2.927271e+01,6.582090e+01,3.654819e+01,2.539257e-19,6.130588e+01,3.065294e+01
singh_calibrated_si_mesh,plan1,16.00,100,co_oriented,300.00,5.0,7.0375,1.835135e+05,19.000000,-7.318177e+01,1.645522e+02,9.137047e+01,6.348142e-19,1.532647e+02,7.663234e+01
singh_calibrated_si_mesh,plan1,16.00,100,twist45_about_axis,298.15,1.0,7.0375,1.835135e+05,19.000000,-1.421893e+01,3.031930e+01,1.610037e+01,1.118605e-19,2.717431e+01,1.358716e+01
singh_calibrated_si_mesh,plan1,16.00,100,twist45_about_axis,298.15,2.0,7.0375,1.835135e+05,19.000000,-2.843786e+01,6.063861e+01,3.220074e+01,2.237210e-19,5.434863e+01,2.717431e+01
singh_calibrated_si_mesh,plan1,16.00,100,twist45_about_axis,298.15,5.0,7.0375,1.835135e+05,19.000000,-7.109466e+01,1.515965e+02,8.050186e+01,5.593024e-19,1.358716e+02,6.793578e+01
singh_calibrated_si_mesh,plan1,16.00,100,twist45_about_axis,300.00,1.0,7.0375,1.835135e+05,19.000000,-1.421893e+01,3.031930e+01,1.610037e+01,1.118605e-19,2.700674e+01,1.350337e+01
singh_calibrated_si_mesh,plan1,16.00,100,twist45_about_axis,300.00,2.0,7.0375,1.835135e+05,19.000000,-2.843786e+01,6.063861e+01,3.220074e+01,2.237210e-19,5.401348e+01,2.700674e+01
singh_calibrated_si_mesh,plan1,16.00,100,twist45_about_axis,300.00,5.0,7.0375,1.835135e+05,19.000000,-7.109466e+01,1.515965e+02,8.050186e+01,5.593024e-19,1.350337e+02,6.751685e+01
singh_calibrated_si_mesh,plan1,16.00,100,tilt15_about_z,298.15,1.0,7.0375,1.835135e+05,20.019576,-9.909582e+00,1.944284e+01,9.533261e+00,6.623419e-20,1.609030e+01,8.045150e+00
singh_calibrated_si_mesh,plan1,16.00,100,tilt15_about_z,298.15,2.0,7.0375,1.835135e+05,20.019576,-1.981916e+01,3.888569e+01,1.906652e+01,1.324684e-19,3.218060e+01,1.609030e+01
singh_calibrated_si_mesh,plan1,16.00,100,tilt15_about_z,298.15,5.0,7.0375,1.835135e+05,20.019576,-4.954791e+01,9.721422e+01,4.766630e+01,3.311710e-19,8.045150e+01,4.022575e+01
singh_calibrated_si_mesh,plan1,16.00,100,tilt15_about_z,300.00,1.0,7.0375,1.835135e+05,20.019576,-9.909582e+00,1.944284e+01,9.533261e+00,6.623419e-20,1.599108e+01,7.995538e+00
singh_calibrated_si_mesh,plan1,16.00,100,tilt15_about_z,300.00,2.0,7.0375,1.835135e+05,20.019576,-1.981916e+01,3.888569e+01,1.906652e+01,1.324684e-19,3.198215e+01,1.599108e+01
singh_calibrated_si_mesh,plan1,16.00,100,tilt15_about_z,300.00,5.0,7.0375,1.835135e+05,20.019576,-4.954791e+01,9.721422e+01,4.766630e+01,3.311710e-19,7.995538e+01,3.997769e+01
singh_calibrated_si_mesh,plan1,16.00,100,rot90_about_z,298.15,1.0,7.0375,1.835135e+05,19.000000,-1.463635e+01,3.291045e+01,1.827409e+01,1.269628e-19,3.084314e+01,1.542157e+01
singh_calibrated_si_mesh,plan1,16.00,100,rot90_about_z,298.15,2.0,7.0375,1.835135e+05,19.000000,-2.927271e+01,6.582090e+01,3.654819e+01,2.539257e-19,6.168627e+01,3.084314e+01
singh_calibrated_si_mesh,plan1,16.00,100,rot90_about_z,298.15,5.0,7.0375,1.835135e+05,19.000000,-7.318177e+01,1.645522e+02,9.137047e+01,6.348142e-19,1.542157e+02,7.710784e+01
singh_calibrated_si_mesh,plan1,16.00,100,rot90_about_z,300.00,1.0,7.0375,1.835135e+05,19.000000,-1.463635e+01,3.291045e+01,1.827409e+01,1.269628e-19,3.065294e+01,1.532647e+01
singh_calibrated_si_mesh,plan1,16.00,100,rot90_about_z,300.00,2.0,7.0375,1.835135e+05,19.000000,-2.927271e+01,6.582090e+01,3.654819e+01,2.539257e-19,6.130588e+01,3.065294e+01
singh_calibrated_si_mesh,plan1,16.00,100,rot90_about_z,300.00,5.0,7.0375,1.835135e+05,19.000000,-7.318177e+01,1.645522e+02,9.137047e+01,6.348142e-19,1.532647e+02,7.663234e+01
singh_calibrated_si_mesh,plan1,16.00,110,co_oriented,298.15,1.0,7.0375,1.835135e+05,23.158737,-5.225471e+00,1.059151e+01,5.366040e+00,3.728161e-20,9.056838e+00,4.528419e+00
singh_calibrated_si_mesh,plan1,16.00,110,co_oriented,298.15,2.0,7.0375,1.835135e+05,23.158737,-1.045094e+01,2.118302e+01,1.073208e+01,7.456323e-20,1.811368e+01,9.056838e+00
singh_calibrated_si_mesh,plan1,16.00,110,co_oriented,298.15,5.0,7.0375,1.835135e+05,23.158737,-2.612736e+01,5.295756e+01,2.683020e+01,1.864081e-19,4.528419e+01,2.264210e+01
singh_calibrated_si_mesh,plan1,16.00,110,co_oriented,300.00,1.0,7.0375,1.835135e+05,23.158737,-5.225471e+00,1.059151e+01,5.366040e+00,3.728161e-20,9.000988e+00,4.500494e+00
singh_calibrated_si_mesh,plan1,16.00,110,co_oriented,300.00,2.0,7.0375,1.835135e+05,23.158737,-1.045094e+01,2.118302e+01,1.073208e+01,7.456323e-20,1.800198e+01,9.000988e+00
singh_calibrated_si_mesh,plan1,16.00,110,co_oriented,300.00,5.0,7.0375,1.835135e+05,23.158737,-2.612736e+01,5.295756e+01,2.683020e+01,1.864081e-19,4.500494e+01,2.250247e+01
singh_calibrated_si_mesh,plan1,16.00,111,co_oriented,298.15,1.0,7.0375,1.835135e+05,26.075993,-2.380614e+00,4.099217e+00,1.718603e+00,1.194033e-20,2.900670e+00,1.450335e+00
singh_calibrated_si_mesh,plan1,16.00,111,co_oriented,298.15,2.0,7.0375,1.835135e+05,26.075993,-4.761227e+00,8.198434e+00,3.437206e+00,2.388066e-20,5.801339e+00,2.900670e+00
singh_calibrated_si_mesh,plan1,16.00,111,co_oriented,298.15,5.0,7.0375,1.835135e+05,26.075993,-1.190307e+01,2.049608e+01,8.593015e+00,5.970165e-20,1.450335e+01,7.251674e+00
singh_calibrated_si_mesh,plan1,16.00,111,co_oriented,300.00,1.0,7.0375,1.835135e+05,26.075993,-2.380614e+00,4.099217e+00,1.718603e+00,1.194033e-20,2.882782e+00,1.441391e+00
singh_calibrated_si_mesh,plan1,16.00,111,co_oriented,300.00,2.0,7.0375,1.835135e+05,26.075993,-4.761227e+00,8.198434e+00,3.437206e+00,2.388066e-20,5.765564e+00,2.882782e+00
singh_calibrated_si_mesh,plan1,16.00,111,co_oriented,300.00,5.0,7.0375,1.835135e+05,26.075993,-1.190307e+01,2.049608e+01,8.593015e+00,5.970165e-20,1.441391e+01,7.206955e+00
singh_calibrated_si_mesh,plan1,19.50,100,co_oriented,298.15,1.0,7.0375,6.013895e+05,22.500000,-1.961224e+01,1.451237e+02,1.255115e+02,8.720157e-19,2.118391e+02,1.059196e+02
singh_calibrated_si_mesh,plan1,19.50,100,co_oriented,298.15,2.0,7.0375,6.013895e+05,22.500000,-3.922447e+01,2.902475e+02,2.510230e+02,1.744031e-18,4.236783e+02,2.118391e+02
singh_calibrated_si_mesh,plan1,19.50,100,co_oriented,298.15,5.0,7.0375,6.013895e+05,22.500000,-9.806118e+01,7.256187e+02,6.275575e+02,4.360079e-18,1.059196e+03,5.295979e+02
singh_calibrated_si_mesh,plan1,19.50,100,co_oriented,300.00,1.0,7.0375,6.013895e+05,22.500000,-1.961224e+01,1.451237e+02,1.255115e+02,8.720157e-19,2.105328e+02,1.052664e+02
singh_calibrated_si_mesh,plan1,19.50,100,co_oriented,300.00,2.0,7.0375,6.013895e+05,22.500000,-3.922447e+01,2.902475e+02,2.510230e+02,1.744031e-18,4.210656e+02,2.105328e+02
singh_calibrated_si_mesh,plan1,19.50,100,co_oriented,300.00,5.0,7.0375,6.013895e+05,22.500000,-9.806118e+01,7.256187e+02,6.275575e+02,4.360079e-18,1.052664e+03,5.263320e+02
singh_calibrated_si_mesh,plan1,19.50,100,twist45_about_axis,298.15,1.0,7.0375,6.013895e+05,22.500000,-1.886574e+01,1.295490e+02,1.106833e+02,7.689935e-19,1.868119e+02,9.340596e+01
singh_calibrated_si_mesh,plan1,19.50,100,twist45_about_axis,298.15,2.0,7.0375,6.013895e+05,22.500000,-3.773148e+01,2.590980e+02,2.213665e+02,1.537987e-18,3.736238e+02,1.868119e+02
singh_calibrated_si_mesh,plan1,19.50,100,twist45_about_axis,298.15,5.0,7.0375,6.013895e+05,22.500000,-9.432871e+01,6.477450e+02,5.534163e+02,3.844968e-18,9.340596e+02,4.670298e+02
singh_calibrated_si_mesh,plan1,19.50,100,twist45_about_axis,300.00,1.0,7.0375,6.013895e+05,22.500000,-1.886574e+01,1.295490e+02,1.106833e+02,7.689935e-19,1.856599e+02,9.282996e+01
singh_calibrated_si_mesh,plan1,19.50,100,twist45_about_axis,300.00,2.0,7.0375,6.013895e+05,22.500000,-3.773148e+01,2.590980e+02,2.213665e+02,1.537987e-18,3.713198e+02,1.856599e+02
singh_calibrated_si_mesh,plan1,19.50,100,twist45_about_axis,300.00,5.0,7.0375,6.013895e+05,22.500000,-9.432871e+01,6.477450e+02,5.534163e+02,3.844968e-18,9.282996e+02,4.641498e+02
singh_calibrated_si_mesh,plan1,19.50,100,tilt15_about_z,298.15,1.0,7.0375,6.013895e+05,23.742490,-1.302231e+01,7.839750e+01,6.537519e+01,4.542069e-19,1.103407e+02,5.517034e+01
singh_calibrated_si_mesh,plan1,19.50,100,tilt15_about_z,298.15,2.0,7.0375,6.013895e+05,23.742490,-2.604463e+01,1.567950e+02,1.307504e+02,9.084138e-19,2.206813e+02,1.103407e+02
singh_calibrated_si_mesh,plan1,19.50,100,tilt15_about_z,298.15,5.0,7.0375,6.013895e+05,23.742490,-6.511157e+01,3.919875e+02,3.268759e+02,2.271034e-18,5.517034e+02,2.758517e+02
singh_calibrated_si_mesh,plan1,19.50,100,tilt15_about_z,300.00,1.0,7.0375,6.013895e+05,23.742490,-1.302231e+01,7.839750e+01,6.537519e+01,4.542069e-19,1.096602e+02,5.483012e+01
singh_calibrated_si_mesh,plan1,19.50,100,tilt15_about_z,300.00,2.0,7.0375,6.013895e+05,23.742490,-2.604463e+01,1.567950e+02,1.307504e+02,9.084138e-19,2.193205e+02,1.096602e+02
singh_calibrated_si_mesh,plan1,19.50,100,tilt15_about_z,300.00,5.0,7.0375,6.013895e+05,23.742490,-6.511157e+01,3.919875e+02,3.268759e+02,2.271034e-18,5.483012e+02,2.741506e+02
singh_calibrated_si_mesh,plan1,19.50,100,rot90_about_z,298.15,1.0,7.0375,6.013895e+05,22.500000,-1.961224e+01,1.451237e+02,1.255115e+02,8.720157e-19,2.118391e+02,1.059196e+02
singh_calibrated_si_mesh,plan1,19.50,100,rot90_about_z,298.15,2.0,7.0375,6.013895e+05,22.500000,-3.922447e+01,2.902475e+02,2.510230e+02,1.744031e-18,4.236783e+02,2.118391e+02
singh_calibrated_si_mesh,plan1,19.50,100,rot90_about_z,298.15,5.0,7.0375,6.013895e+05,22.500000,-9.806118e+01,7.256187e+02,6.275575e+02,4.360079e-18,1.059196e+03,5.295979e+02
singh_calibrated_si_mesh,plan1,19.50,100,rot90_about_z,300.00,1.0,7.0375,6.013895e+05,22.500000,-1.961224e+01,1.451237e+02,1.255115e+02,8.720157e-19,2.105328e+02,1.052664e+02
singh_calibrated_si_mesh,plan1,19.50,100,rot90_about_z,300.00,2.0,7.0375,6.013895e+05,22.500000,-3.922447e+01,2.902475e+02,2.510230e+02,1.744031e-18,4.210656e+02,2.105328e+02
singh_calibrated_si_mesh,plan1,19.50,100,rot90_about_z,300.00,5.0,7.0375,6.013895e+05,22.500000,-9.806118e+01,7.256187e+02,6.275575e+02,4.360079e-18,1.052664e+03,5.263320e+02
singh_calibrated_si_mesh,plan1,19.50,110,co_oriented,298.15,1.0,7.0375,6.013895e+05,27.568460,-7.036946e+00,4.156983e+01,3.453288e+01,2.399240e-19,5.828483e+01,2.914241e+01
singh_calibrated_si_mesh,plan1,19.50,110,co_oriented,298.15,2.0,7.0375,6.013895e+05,27.568460,-1.407389e+01,8.313966e+01,6.906577e+01,4.798479e-19,1.165697e+02,5.828483e+01
singh_calibrated_si_mesh,plan1,19.50,110,co_oriented,298.15,5.0,7.0375,6.013895e+05,27.568460,-3.518473e+01,2.078492e+02,1.726644e+02,1.199620e-18,2.914241e+02,1.457121e+02
singh_calibrated_si_mesh,plan1,19.50,110,co_oriented,300.00,1.0,7.0375,6.013895e+05,27.568460,-7.036946e+00,4.156983e+01,3.453288e+01,2.399240e-19,5.792541e+01,2.896270e+01
singh_calibrated_si_mesh,plan1,19.50,110,co_oriented,300.00,2.0,7.0375,6.013895e+05,27.568460,-1.407389e+01,8.313966e+01,6.906577e+01,4.798479e-19,1.158508e+02,5.792541e+01
singh_calibrated_si_mesh,plan1,19.50,110,co_oriented,300.00,5.0,7.0375,6.013895e+05,27.568460,-3.518473e+01,2.078492e+02,1.726644e+02,1.199620e-18,2.896270e+02,1.448135e+02
singh_calibrated_si_mesh,plan1,19.50,111,co_oriented,298.15,1.0,7.0375,6.013895e+05,31.123867,-3.222876e+00,1.432403e+01,1.110115e+01,7.712744e-20,1.873660e+01,9.368301e+00
singh_calibrated_si_mesh,plan1,19.50,111,co_oriented,298.15,2.0,7.0375,6.013895e+05,31.123867,-6.445752e+00,2.864806e+01,2.220231e+01,1.542549e-19,3.747320e+01,1.873660e+01
singh_calibrated_si_mesh,plan1,19.50,111,co_oriented,298.15,5.0,7.0375,6.013895e+05,31.123867,-1.611438e+01,7.162015e+01,5.550577e+01,3.856372e-19,9.368301e+01,4.684151e+01
singh_calibrated_si_mesh,plan1,19.50,111,co_oriented,300.00,1.0,7.0375,6.013895e+05,31.123867,-3.222876e+00,1.432403e+01,1.110115e+01,7.712744e-20,1.862106e+01,9.310530e+00
singh_calibrated_si_mesh,plan1,19.50,111,co_oriented,300.00,2.0,7.0375,6.013895e+05,31.123867,-6.445752e+00,2.864806e+01,2.220231e+01,1.542549e-19,3.724212e+01,1.862106e+01
singh_calibrated_si_mesh,plan1,19.50,111,co_oriented,300.00,5.0,7.0375,6.013895e+05,31.123867,-1.611438e+01,7.162015e+01,5.550577e+01,3.856372e-19,9.310530e+01,4.655265e+01
singh_calibrated_si_mesh,plan2,13.00,100,co_oriented,298.15,1.0,6.8427,5.279688e+04,16.000000,-1.033139e+01,8.082963e+00,-2.248425e+00,-1.562137e-20,-3.794907e+00,-1.897453e+00
singh_calibrated_si_mesh,plan2,13.00,100,co_oriented,298.15,2.0,6.8427,5.279688e+04,16.000000,-2.066278e+01,1.616593e+01,-4.496850e+00,-3.124275e-20,-7.589813e+00,-3.794907e+00
singh_calibrated_si_mesh,plan2,13.00,100,co_oriented,298.15,5.0,6.8427,5.279688e+04,16.000000,-5.165694e+01,4.041481e+01,-1.124213e+01,-7.810686e-20,-1.897453e+01,-9.487267e+00
singh_calibrated_si_mesh,plan2,13.00,100,co_oriented,300.00,1.0,6.8427,5.279688e+04,16.000000,-1.033139e+01,8.082963e+00,-2.248425e+00,-1.562137e-20,-3.771505e+00,-1.885752e+00
singh_calibrated_si_mesh,plan2,13.00,100,co_oriented,300.00,2.0,6.8427,5.279688e+04,16.000000,-2.066278e+01,1.616593e+01,-4.496850e+00,-3.124275e-20,-7.543009e+00,-3.771505e+00
singh_calibrated_si_mesh,plan2,13.00,100,co_oriented,300.00,5.0,6.8427,5.279688e+04,16.000000,-5.165694e+01,4.041481e+01,-1.124213e+01,-7.810686e-20,-1.885752e+01,-9.428762e+00
singh_calibrated_si_mesh,plan2,13.00,100,twist45_about_axis,298.15,1.0,6.8427,5.279688e+04,16.000000,-1.012341e+01,7.620291e+00,-2.503124e+00,-1.739094e-20,-4.224789e+00,-2.112394e+00
singh_calibrated_si_mesh,plan2,13.00,100,twist45_about_axis,298.15,2.0,6.8427,5.279688e+04,16.000000,-2.024683e+01,1.524058e+01,-5.006247e+00,-3.478188e-20,-8.449577e+00,-4.224789e+00
singh_calibrated_si_mesh,plan2,13.00,100,twist45_about_axis,298.15,5.0,6.8427,5.279688e+04,16.000000,-5.061707e+01,3.810146e+01,-1.251562e+01,-8.695470e-20,-2.112394e+01,-1.056197e+01
singh_calibrated_si_mesh,plan2,13.00,100,twist45_about_axis,300.00,1.0,6.8427,5.279688e+04,16.000000,-1.012341e+01,7.620291e+00,-2.503124e+00,-1.739094e-20,-4.198736e+00,-2.099368e+00
singh_calibrated_si_mesh,plan2,13.00,100,twist45_about_axis,300.00,2.0,6.8427,5.279688e+04,16.000000,-2.024683e+01,1.524058e+01,-5.006247e+00,-3.478188e-20,-8.397471e+00,-4.198736e+00
singh_calibrated_si_mesh,plan2,13.00,100,twist45_about_axis,300.00,5.0,6.8427,5.279688e+04,16.000000,-5.061707e+01,3.810146e+01,-1.251562e+01,-8.695470e-20,-2.099368e+01,-1.049684e+01
singh_calibrated_si_mesh,plan2,13.00,100,tilt15_about_z,298.15,1.0,6.8427,5.279688e+04,16.828505,-7.143136e+00,5.155037e+00,-1.988099e+00,-1.381270e-20,-3.355526e+00,-1.677763e+00
singh_calibrated_si_mesh,plan2,13.00,100,tilt15_about_z,298.15,2.0,6.8427,5.279688e+04,16.828505,-1.428627e+01,1.031007e+01,-3.976197e+00,-2.762541e-20,-6.711052e+00,-3.355526e+00
singh_calibrated_si_mesh,plan2,13.00,100,tilt15_about_z,298.15,5.0,6.8427,5.279688e+04,16.828505,-3.571568e+01,2.577519e+01,-9.940493e+00,-6.906352e-20,-1.677763e+01,-8.388815e+00
singh_calibrated_si_mesh,plan2,13.00,100,tilt15_about_z,300.00,1.0,6.8427,5.279688e+04,16.828505,-7.143136e+00,5.155037e+00,-1.988099e+00,-1.381270e-20,-3.334833e+00,-1.667417e+00
singh_calibrated_si_mesh,plan2,13.00,100,tilt15_about_z,300.00,2.0,6.8427,5.279688e+04,16.828505,-1.428627e+01,1.031007e+01,-3.976197e+00,-2.762541e-20,-6.669667e+00,-3.334833e+00
singh_calibrated_si_mesh,plan2,13.00,100,tilt15_about_z,300.00,5.0,6.8427,5.279688e+04,16.828505,-3.571568e+01,2.577519e+01,-9.940493e+00,-6.906352e-20,-1.667417e+01,-8.337083e+00
singh_calibrated_si_mesh,plan2,13.00,100,rot90_about_z,298.15,1.0,6.8427,5.279688e+04,16.000000,-1.033139e+01,8.082963e+00,-2.248425e+00,-1.562137e-20,-3.794907e+00,-1.897453e+00
singh_calibrated_si_mesh,plan2,13.00,100,rot90_about_z,298.15,2.0,6.8427,5.279688e+04,16.000000,-2.066278e+01,1.616593e+01,-4.496850e+00,-3.124275e-20,-7.589813e+00,-3.794907e+00
singh_calibrated_si_mesh,plan2,13.00,100,rot90_about_z,298.15,5.0,6.8427,5.279688e+04,16.000000,-5.165694e+01,4.041481e+01,-1.124213e+01,-7.810686e-20,-1.897453e+01,-9.487267e+00
singh_calibrated_si_mesh,plan2,13.00,100,rot90_about_z,300.00,1.0,6.8427,5.279688e+04,16.000000,-1.033139e+01,8.082963e+00,-2.248425e+00,-1.562137e-20,-3.771505e+00,-1.885752e+00
singh_calibrated_si_mesh,plan2,13.00,100,rot90_about_z,300.00,2.0,6.8427,5.279688e+04,16.000000,-2.066278e+01,1.616593e+01,-4.496850e+00,-3.124275e-20,-7.543009e+00,-3.771505e+00
singh_calibrated_si_mesh,plan2,13.00,100,rot90_about_z,300.00,5.0,6.8427,5.279688e+04,16.000000,-5.165694e+01,4.041481e+01,-1.124213e+01,-7.810686e-20,-1.885752e+01,-9.428762e+00
singh_calibrated_si_mesh,plan2,13.00,110,co_oriented,298.15,1.0,6.8427,5.279688e+04,19.378974,-3.688632e+00,2.899216e+00,-7.894152e-01,-5.484617e-21,-1.332380e+00,-6.661901e-01
singh_calibrated_si_mesh,plan2,13.00,110,co_oriented,298.15,2.0,6.8427,5.279688e+04,19.378974,-7.377263e+00,5.798433e+00,-1.578830e+00,-1.096923e-20,-2.664760e+00,-1.332380e+00
singh_calibrated_si_mesh,plan2,13.00,110,co_oriented,298.15,5.0,6.8427,5.279688e+04,19.378974,-1.844316e+01,1.449608e+01,-3.947076e+00,-2.742308e-20,-6.661901e+00,-3.330951e+00
singh_calibrated_si_mesh,plan2,13.00,110,co_oriented,300.00,1.0,6.8427,5.279688e+04,19.378974,-3.688632e+00,2.899216e+00,-7.894152e-01,-5.484617e-21,-1.324164e+00,-6.620819e-01
singh_calibrated_si_mesh,plan2,13.00,110,co_oriented,300.00,2.0,6.8427,5.279688e+04,19.378974,-7.377263e+00,5.798433e+00,-1.578830e+00,-1.096923e-20,-2.648328e+00,-1.324164e+00
singh_calibrated_si_mesh,plan2,13.00,110,co_oriented,300.00,5.0,6.8427,5.279688e+04,19.378974,-1.844316e+01,1.449608e+01,-3.947076e+00,-2.742308e-20,-6.620819e+00,-3.310410e+00
singh_calibrated_si_mesh,plan2,13.00,111,co_oriented,298.15,1.0,6.8427,5.279688e+04,21.749244,-1.684293e+00,1.245860e+00,-4.384328e-01,-3.046098e-21,-7.399898e-01,-3.699949e-01
singh_calibrated_si_mesh,plan2,13.00,111,co_oriented,298.15,2.0,6.8427,5.279688e+04,21.749244,-3.368586e+00,2.491720e+00,-8.768657e-01,-6.092196e-21,-1.479980e+00,-7.399898e-01
singh_calibrated_si_mesh,plan2,13.00,111,co_oriented,298.15,5.0,6.8427,5.279688e+04,21.749244,-8.421464e+00,6.229300e+00,-2.192164e+00,-1.523049e-20,-3.699949e+00,-1.849975e+00
singh_calibrated_si_mesh,plan2,13.00,111,co_oriented,300.00,1.0,6.8427,5.279688e+04,21.749244,-1.684293e+00,1.245860e+00,-4.384328e-01,-3.046098e-21,-7.354266e-01,-3.677133e-01
singh_calibrated_si_mesh,plan2,13.00,111,co_oriented,300.00,2.0,6.8427,5.279688e+04,21.749244,-3.368586e+00,2.491720e+00,-8.768657e-01,-6.092196e-21,-1.470853e+00,-7.354266e-01
singh_calibrated_si_mesh,plan2,13.00,111,co_oriented,300.00,5.0,6.8427,5.279688e+04,21.749244,-8.421464e+00,6.229300e+00,-2.192164e+00,-1.523049e-20,-3.677133e+00,-1.838566e+00
singh_calibrated_si_mesh,plan2,16.00,100,co_oriented,298.15,1.0,8.4218,1.835135e+05,19.000000,-1.463635e+01,1.249269e+01,-2.143663e+00,-1.489352e-20,-3.618089e+00,-1.809044e+00
singh_calibrated_si_mesh,plan2,16.00,100,co_oriented,298.15,2.0,8.4218,1.835135e+05,19.000000,-2.927271e+01,2.498538e+01,-4.287326e+00,-2.978704e-20,-7.236178e+00,-3.618089e+00
singh_calibrated_si_mesh,plan2,16.00,100,co_oriented,298.15,5.0,8.4218,1.835135e+05,19.000000,-7.318177e+01,6.246345e+01,-1.071832e+01,-7.446759e-20,-1.809044e+01,-9.045222e+00
singh_calibrated_si_mesh,plan2,16.00,100,co_oriented,300.00,1.0,8.4218,1.835135e+05,19.000000,-1.463635e+01,1.249269e+01,-2.143663e+00,-1.489352e-20,-3.595777e+00,-1.797889e+00
singh_calibrated_si_mesh,plan2,16.00,100,co_oriented,300.00,2.0,8.4218,1.835135e+05,19.000000,-2.927271e+01,2.498538e+01,-4.287326e+00,-2.978704e-20,-7.191555e+00,-3.595777e+00
singh_calibrated_si_mesh,plan2,16.00,100,co_oriented,300.00,5.0,8.4218,1.835135e+05,19.000000,-7.318177e+01,6.246345e+01,-1.071832e+01,-7.446759e-20,-1.797889e+01,-8.989443e+00
singh_calibrated_si_mesh,plan2,16.00,100,twist45_about_axis,298.15,1.0,8.4218,1.835135e+05,19.000000,-1.421893e+01,1.161320e+01,-2.605731e+00,-1.810382e-20,-4.397969e+00,-2.198985e+00
singh_calibrated_si_mesh,plan2,16.00,100,twist45_about_axis,298.15,2.0,8.4218,1.835135e+05,19.000000,-2.843786e+01,2.322640e+01,-5.211461e+00,-3.620764e-20,-8.795938e+00,-4.397969e+00
singh_calibrated_si_mesh,plan2,16.00,100,twist45_about_axis,298.15,5.0,8.4218,1.835135e+05,19.000000,-7.109466e+01,5.806601e+01,-1.302865e+01,-9.051911e-20,-2.198985e+01,-1.099492e+01
singh_calibrated_si_mesh,plan2,16.00,100,twist45_about_axis,300.00,1.0,8.4218,1.835135e+05,19.000000,-1.421893e+01,1.161320e+01,-2.605731e+00,-1.810382e-20,-4.370848e+00,-2.185424e+00
singh_calibrated_si_mesh,plan2,16.00,100,twist45_about_axis,300.00,2.0,8.4218,1.835135e+05,19.000000,-2.843786e+01,2.322640e+01,-5.211461e+00,-3.620764e-20,-8.741697e+00,-4.370848e+00
singh_calibrated_si_mesh,plan2,16.00,100,twist45_about_axis,300.00,5.0,8.4218,1.835135e+05,19.000000,-7.109466e+01,5.806601e+01,-1.302865e+01,-9.051911e-20,-2.185424e+01,-1.092712e+01
singh_calibrated_si_mesh,plan2,16.00,100,tilt15_about_z,298.15,1.0,8.4218,1.835135e+05,20.019576,-9.909582e+00,7.744993e+00,-2.164590e+00,-1.503891e-20,-3.653409e+00,-1.826704e+00
singh_calibrated_si_mesh,plan2,16.00,100,tilt15_about_z,298.15,2.0,8.4218,1.835135e+05,20.019576,-1.981916e+01,1.548999e+01,-4.329180e+00,-3.007782e-20,-7.306818e+00,-3.653409e+00
singh_calibrated_si_mesh,plan2,16.00,100,tilt15_about_z,298.15,5.0,8.4218,1.835135e+05,20.019576,-4.954791e+01,3.872496e+01,-1.082295e+01,-7.519455e-20,-1.826704e+01,-9.133522e+00
singh_calibrated_si_mesh,plan2,16.00,100,tilt15_about_z,300.00,1.0,8.4218,1.835135e+05,20.019576,-9.909582e+00,7.744993e+00,-2.164590e+00,-1.503891e-20,-3.630880e+00,-1.815440e+00
singh_calibrated_si_mesh,plan2,16.00,100,tilt15_about_z,300.00,2.0,8.4218,1.835135e+05,20.019576,-1.981916e+01,1.548999e+01,-4.329180e+00,-3.007782e-20,-7.261759e+00,-3.630880e+00
singh_calibrated_si_mesh,plan2,16.00,100,tilt15_about_z,300.00,5.0,8.4218,1.835135e+05,20.019576,-4.954791e+01,3.872496e+01,-1.082295e+01,-7.519455e-20,-1.815440e+01,-9.077199e+00
singh_calibrated_si_mesh,plan2,16.00,100,rot90_about_z,298.15,1.0,8.4218,1.835135e+05,19.000000,-1.463635e+01,1.249269e+01,-2.143663e+00,-1.489352e-20,-3.618089e+00,-1.809044e+00
singh_calibrated_si_mesh,plan2,16.00,100,rot90_about_z,298.15,2.0,8.4218,1.835135e+05,19.000000,-2.927271e+01,2.498538e+01,-4.287326e+00,-2.978704e-20,-7.236178e+00,-3.618089e+00
singh_calibrated_si_mesh,plan2,16.00,100,rot90_about_z,298.15,5.0,8.4218,1.835135e+05,19.000000,-7.318177e+01,6.246345e+01,-1.071832e+01,-7.446759e-20,-1.809044e+01,-9.045222e+00
singh_calibrated_si_mesh,plan2,16.00,100,rot90_about_z,300.00,1.0,8.4218,1.835135e+05,19.000000,-1.463635e+01,1.249269e+01,-2.143663e+00,-1.489352e-20,-3.595777e+00,-1.797889e+00
singh_calibrated_si_mesh,plan2,16.00,100,rot90_about_z,300.00,2.0,8.4218,1.835135e+05,19.000000,-2.927271e+01,2.498538e+01,-4.287326e+00,-2.978704e-20,-7.191555e+00,-3.595777e+00
singh_calibrated_si_mesh,plan2,16.00,100,rot90_about_z,300.00,5.0,8.4218,1.835135e+05,19.000000,-7.318177e+01,6.246345e+01,-1.071832e+01,-7.446759e-20,-1.797889e+01,-8.989443e+00
singh_calibrated_si_mesh,plan2,16.00,110,co_oriented,298.15,1.0,8.4218,1.835135e+05,23.158737,-5.225471e+00,4.288627e+00,-9.368444e-01,-6.508910e-21,-1.581212e+00,-7.906061e-01
singh_calibrated_si_mesh,plan2,16.00,110,co_oriented,298.15,2.0,8.4218,1.835135e+05,23.158737,-1.045094e+01,8.577253e+00,-1.873689e+00,-1.301782e-20,-3.162424e+00,-1.581212e+00
singh_calibrated_si_mesh,plan2,16.00,110,co_oriented,298.15,5.0,8.4218,1.835135e+05,23.158737,-2.612736e+01,2.144313e+01,-4.684222e+00,-3.254455e-20,-7.906061e+00,-3.953030e+00
singh_calibrated_si_mesh,plan2,16.00,110,co_oriented,300.00,1.0,8.4218,1.835135e+05,23.158737,-5.225471e+00,4.288627e+00,-9.368444e-01,-6.508910e-21,-1.571461e+00,-7.857307e-01
singh_calibrated_si_mesh,plan2,16.00,110,co_oriented,300.00,2.0,8.4218,1.835135e+05,23.158737,-1.045094e+01,8.577253e+00,-1.873689e+00,-1.301782e-20,-3.142923e+00,-1.571461e+00
singh_calibrated_si_mesh,plan2,16.00,110,co_oriented,300.00,5.0,8.4218,1.835135e+05,23.158737,-2.612736e+01,2.144313e+01,-4.684222e+00,-3.254455e-20,-7.857307e+00,-3.928653e+00
singh_calibrated_si_mesh,plan2,16.00,111,co_oriented,298.15,1.0,8.4218,1.835135e+05,26.075993,-2.380614e+00,1.775971e+00,-6.046428e-01,-4.200874e-21,-1.020520e+00,-5.102601e-01
singh_calibrated_si_mesh,plan2,16.00,111,co_oriented,298.15,2.0,8.4218,1.835135e+05,26.075993,-4.761227e+00,3.551942e+00,-1.209286e+00,-8.401748e-21,-2.041040e+00,-1.020520e+00
singh_calibrated_si_mesh,plan2,16.00,111,co_oriented,298.15,5.0,8.4218,1.835135e+05,26.075993,-1.190307e+01,8.879854e+00,-3.023214e+00,-2.100437e-20,-5.102601e+00,-2.551300e+00
singh_calibrated_si_mesh,plan2,16.00,111,co_oriented,300.00,1.0,8.4218,1.835135e+05,26.075993,-2.380614e+00,1.775971e+00,-6.046428e-01,-4.200874e-21,-1.014227e+00,-5.071135e-01
singh_calibrated_si_mesh,plan2,16.00,111,co_oriented,300.00,2.0,8.4218,1.835135e+05,26.075993,-4.761227e+00,3.551942e+00,-1.209286e+00,-8.401748e-21,-2.028454e+00,-1.014227e+00
singh_calibrated_si_mesh,plan2,16.00,111,co_oriented,300.00,5.0,8.4218,1.835135e+05,26.075993,-1.190307e+01,8.879854e+00,-3.023214e+00,-2.100437e-20,-5.071135e+00,-2.535567e+00
singh_calibrated_si_mesh,plan2,19.50,100,co_oriented,298.15,1.0,10.2641,6.013895e+05,22.500000,-1.961224e+01,1.785792e+01,-1.754315e+00,-1.218844e-20,-2.960944e+00,-1.480472e+00
singh_calibrated_si_mesh,plan2,19.50,100,co_oriented,298.15,2.0,10.2641,6.013895e+05,22.500000,-3.922447e+01,3.571584e+01,-3.508629e+00,-2.437689e-20,-5.921887e+00,-2.960944e+00
singh_calibrated_si_mesh,plan2,19.50,100,co_oriented,298.15,5.0,10.2641,6.013895e+05,22.500000,-9.806118e+01,8.928961e+01,-8.771573e+00,-6.094222e-20,-1.480472e+01,-7.402359e+00
singh_calibrated_si_mesh,plan2,19.50,100,co_oriented,300.00,1.0,10.2641,6.013895e+05,22.500000,-1.961224e+01,1.785792e+01,-1.754315e+00,-1.218844e-20,-2.942685e+00,-1.471342e+00
singh_calibrated_si_mesh,plan2,19.50,100,co_oriented,300.00,2.0,10.2641,6.013895e+05,22.500000,-3.922447e+01,3.571584e+01,-3.508629e+00,-2.437689e-20,-5.885369e+00,-2.942685e+00
singh_calibrated_si_mesh,plan2,19.50,100,co_oriented,300.00,5.0,10.2641,6.013895e+05,22.500000,-9.806118e+01,8.928961e+01,-8.771573e+00,-6.094222e-20,-1.471342e+01,-7.356711e+00
singh_calibrated_si_mesh,plan2,19.50,100,twist45_about_axis,298.15,1.0,10.2641,6.013895e+05,22.500000,-1.886574e+01,1.636307e+01,-2.502670e+00,-1.738779e-20,-4.224023e+00,-2.112011e+00
singh_calibrated_si_mesh,plan2,19.50,100,twist45_about_axis,298.15,2.0,10.2641,6.013895e+05,22.500000,-3.773148e+01,3.272614e+01,-5.005340e+00,-3.477558e-20,-8.448045e+00,-4.224023e+00
singh_calibrated_si_mesh,plan2,19.50,100,twist45_about_axis,298.15,5.0,10.2641,6.013895e+05,22.500000,-9.432871e+01,8.181536e+01,-1.251335e+01,-8.693894e-20,-2.112011e+01,-1.056006e+01
singh_calibrated_si_mesh,plan2,19.50,100,twist45_about_axis,300.00,1.0,10.2641,6.013895e+05,22.500000,-1.886574e+01,1.636307e+01,-2.502670e+00,-1.738779e-20,-4.197974e+00,-2.098987e+00
singh_calibrated_si_mesh,plan2,19.50,100,twist45_about_axis,300.00,2.0,10.2641,6.013895e+05,22.500000,-3.773148e+01,3.272614e+01,-5.005340e+00,-3.477558e-20,-8.395949e+00,-4.197974e+00
singh_calibrated_si_mesh,plan2,19.50,100,twist45_about_axis,300.00,5.0,10.2641,6.013895e+05,22.500000,-9.432871e+01,8.181536e+01,-1.251335e+01,-8.693894e-20,-2.098987e+01,-1.049494e+01
singh_calibrated_si_mesh,plan2,19.50,100,tilt15_about_z,298.15,1.0,10.2641,6.013895e+05,23.742490,-1.302231e+01,1.079589e+01,-2.226428e+00,-1.546855e-20,-3.757781e+00,-1.878890e+00
singh_calibrated_si_mesh,plan2,19.50,100,tilt15_about_z,298.15,2.0,10.2641,6.013895e+05,23.742490,-2.604463e+01,2.159177e+01,-4.452857e+00,-3.093709e-20,-7.515561e+00,-3.757781e+00
singh_calibrated_si_mesh,plan2,19.50,100,tilt15_about_z,298.15,5.0,10.2641,6.013895e+05,23.742490,-6.511157e+01,5.397943e+01,-1.113214e+01,-7.734273e-20,-1.878890e+01,-9.394452e+00
singh_calibrated_si_mesh,plan2,19.50,100,tilt15_about_z,300.00,1.0,10.2641,6.013895e+05,23.742490,-1.302231e+01,1.079589e+01,-2.226428e+00,-1.546855e-20,-3.734608e+00,-1.867304e+00
singh_calibrated_si_mesh,plan2,19.50,100,tilt15_about_z,300.00,2.0,10.2641,6.013895e+05,23.742490,-2.604463e+01,2.159177e+01,-4.452857e+00,-3.093709e-20,-7.469215e+00,-3.734608e+00
singh_calibrated_si_mesh,plan2,19.50,100,tilt15_about_z,300.00,5.0,10.2641,6.013895e+05,23.742490,-6.511157e+01,5.397943e+01,-1.113214e+01,-7.734273e-20,-1.867304e+01,-9.336519e+00
singh_calibrated_si_mesh,plan2,19.50,100,rot90_about_z,298.15,1.0,10.2641,6.013895e+05,22.500000,-1.961224e+01,1.785792e+01,-1.754315e+00,-1.218844e-20,-2.960944e+00,-1.480472e+00
singh_calibrated_si_mesh,plan2,19.50,100,rot90_about_z,298.15,2.0,10.2641,6.013895e+05,22.500000,-3.922447e+01,3.571584e+01,-3.508629e+00,-2.437689e-20,-5.921887e+00,-2.960944e+00
singh_calibrated_si_mesh,plan2,19.50,100,rot90_about_z,298.15,5.0,10.2641,6.013895e+05,22.500000,-9.806118e+01,8.928961e+01,-8.771573e+00,-6.094222e-20,-1.480472e+01,-7.402359e+00
singh_calibrated_si_mesh,plan2,19.50,100,rot90_about_z,300.00,1.0,10.2641,6.013895e+05,22.500000,-1.961224e+01,1.785792e+01,-1.754315e+00,-1.218844e-20,-2.942685e+00,-1.471342e+00
singh_calibrated_si_mesh,plan2,19.50,100,rot90_about_z,300.00,2.0,10.2641,6.013895e+05,22.500000,-3.922447e+01,3.571584e+01,-3.508629e+00,-2.437689e-20,-5.885369e+00,-2.942685e+00
singh_calibrated_si_mesh,plan2,19.50,100,rot90_about_z,300.00,5.0,10.2641,6.013895e+05,22.500000,-9.806118e+01,8.928961e+01,-8.771573e+00,-6.094222e-20,-1.471342e+01,-7.356711e+00
singh_calibrated_si_mesh,plan2,19.50,110,co_oriented,298.15,1.0,10.2641,6.013895e+05,27.568460,-7.036946e+00,5.895704e+00,-1.141243e+00,-7.929006e-21,-1.926197e+00,-9.630984e-01
singh_calibrated_si_mesh,plan2,19.50,110,co_oriented,298.15,2.0,10.2641,6.013895e+05,27.568460,-1.407389e+01,1.179141e+01,-2.282485e+00,-1.585801e-20,-3.852394e+00,-1.926197e+00
singh_calibrated_si_mesh,plan2,19.50,110,co_oriented,298.15,5.0,10.2641,6.013895e+05,27.568460,-3.518473e+01,2.947852e+01,-5.706213e+00,-3.964503e-20,-9.630984e+00,-4.815492e+00
singh_calibrated_si_mesh,plan2,19.50,110,co_oriented,300.00,1.0,10.2641,6.013895e+05,27.568460,-7.036946e+00,5.895704e+00,-1.141243e+00,-7.929006e-21,-1.914319e+00,-9.571593e-01
singh_calibrated_si_mesh,plan2,19.50,110,co_oriented,300.00,2.0,10.2641,6.013895e+05,27.568460,-1.407389e+01,1.179141e+01,-2.282485e+00,-1.585801e-20,-3.828637e+00,-1.914319e+00
singh_calibrated_si_mesh,plan2,19.50,110,co_oriented,300.00,5.0,10.2641,6.013895e+05,27.568460,-3.518473e+01,2.947852e+01,-5.706213e+00,-3.964503e-20,-9.571593e+00,-4.785797e+00
singh_calibrated_si_mesh,plan2,19.50,111,co_oriented,298.15,1.0,10.2641,6.013895e+05,31.123867,-3.222876e+00,2.363471e+00,-8.594047e-01,-5.970882e-21,-1.450509e+00,-7.252544e-01
singh_calibrated_si_mesh,plan2,19.50,111,co_oriented,298.15,2.0,10.2641,6.013895e+05,31.123867,-6.445752e+00,4.726943e+00,-1.718809e+00,-1.194176e-20,-2.901018e+00,-1.450509e+00
singh_calibrated_si_mesh,plan2,19.50,111,co_oriented,298.15,5.0,10.2641,6.013895e+05,31.123867,-1.611438e+01,1.181736e+01,-4.297023e+00,-2.985441e-20,-7.252544e+00,-3.626272e+00
singh_calibrated_si_mesh,plan2,19.50,111,co_oriented,300.00,1.0,10.2641,6.013895e+05,31.123867,-3.222876e+00,2.363471e+00,-8.594047e-01,-5.970882e-21,-1.441564e+00,-7.207820e-01
singh_calibrated_si_mesh,plan2,19.50,111,co_oriented,300.00,2.0,10.2641,6.013895e+05,31.123867,-6.445752e+00,4.726943e+00,-1.718809e+00,-1.194176e-20,-2.883128e+00,-1.441564e+00
singh_calibrated_si_mesh,plan2,19.50,111,co_oriented,300.00,5.0,10.2641,6.013895e+05,31.123867,-1.611438e+01,1.181736e+01,-4.297023e+00,-2.985441e-20,-7.207820e+00,-3.603910e+00
singh_calibrated_si_mesh,plan3,13.00,100,co_oriented,298.15,1.0,7.0375,6.511314e+04,16.000000,-1.033139e+01,8.610167e+00,-1.721221e+00,-1.195852e-20,-2.905088e+00,-1.452544e+00
singh_calibrated_si_mesh,plan3,13.00,100,co_oriented,298.15,2.0,7.0375,6.511314e+04,16.000000,-2.066278e+01,1.722033e+01,-3.442442e+00,-2.391704e-20,-5.810176e+00,-2.905088e+00
singh_calibrated_si_mesh,plan3,13.00,100,co_oriented,298.15,5.0,7.0375,6.511314e+04,16.000000,-5.165694e+01,4.305083e+01,-8.606105e+00,-5.979259e-20,-1.452544e+01,-7.262720e+00
singh_calibrated_si_mesh,plan3,13.00,100,co_oriented,300.00,1.0,7.0375,6.511314e+04,16.000000,-1.033139e+01,8.610167e+00,-1.721221e+00,-1.195852e-20,-2.887173e+00,-1.443587e+00
singh_calibrated_si_mesh,plan3,13.00,100,co_oriented,300.00,2.0,7.0375,6.511314e+04,16.000000,-2.066278e+01,1.722033e+01,-3.442442e+00,-2.391704e-20,-5.774347e+00,-2.887173e+00
singh_calibrated_si_mesh,plan3,13.00,100,co_oriented,300.00,5.0,7.0375,6.511314e+04,16.000000,-5.165694e+01,4.305083e+01,-8.606105e+00,-5.979259e-20,-1.443587e+01,-7.217933e+00
singh_calibrated_si_mesh,plan3,13.00,100,twist45_about_axis,298.15,1.0,7.0375,6.511314e+04,16.000000,-1.012341e+01,8.125477e+00,-1.997938e+00,-1.388106e-20,-3.372132e+00,-1.686066e+00
singh_calibrated_si_mesh,plan3,13.00,100,twist45_about_axis,298.15,2.0,7.0375,6.511314e+04,16.000000,-2.024683e+01,1.625095e+01,-3.995875e+00,-2.776213e-20,-6.744265e+00,-3.372132e+00
singh_calibrated_si_mesh,plan3,13.00,100,twist45_about_axis,298.15,5.0,7.0375,6.511314e+04,16.000000,-5.061707e+01,4.062739e+01,-9.989689e+00,-6.940531e-20,-1.686066e+01,-8.430331e+00
singh_calibrated_si_mesh,plan3,13.00,100,twist45_about_axis,300.00,1.0,7.0375,6.511314e+04,16.000000,-1.012341e+01,8.125477e+00,-1.997938e+00,-1.388106e-20,-3.351338e+00,-1.675669e+00
singh_calibrated_si_mesh,plan3,13.00,100,twist45_about_axis,300.00,2.0,7.0375,6.511314e+04,16.000000,-2.024683e+01,1.625095e+01,-3.995875e+00,-2.776213e-20,-6.702675e+00,-3.351338e+00
singh_calibrated_si_mesh,plan3,13.00,100,twist45_about_axis,300.00,5.0,7.0375,6.511314e+04,16.000000,-5.061707e+01,4.062739e+01,-9.989689e+00,-6.940531e-20,-1.675669e+01,-8.378344e+00
singh_calibrated_si_mesh,plan3,13.00,100,tilt15_about_z,298.15,1.0,7.0375,6.511314e+04,16.828505,-7.143136e+00,5.528027e+00,-1.615109e+00,-1.122129e-20,-2.725992e+00,-1.362996e+00
singh_calibrated_si_mesh,plan3,13.00,100,tilt15_about_z,298.15,2.0,7.0375,6.511314e+04,16.828505,-1.428627e+01,1.105605e+01,-3.230218e+00,-2.244257e-20,-5.451983e+00,-2.725992e+00
singh_calibrated_si_mesh,plan3,13.00,100,tilt15_about_z,298.15,5.0,7.0375,6.511314e+04,16.828505,-3.571568e+01,2.764013e+01,-8.075545e+00,-5.610643e-20,-1.362996e+01,-6.814979e+00
singh_calibrated_si_mesh,plan3,13.00,100,tilt15_about_z,300.00,1.0,7.0375,6.511314e+04,16.828505,-7.143136e+00,5.528027e+00,-1.615109e+00,-1.122129e-20,-2.709181e+00,-1.354591e+00
singh_calibrated_si_mesh,plan3,13.00,100,tilt15_about_z,300.00,2.0,7.0375,6.511314e+04,16.828505,-1.428627e+01,1.105605e+01,-3.230218e+00,-2.244257e-20,-5.418363e+00,-2.709181e+00
singh_calibrated_si_mesh,plan3,13.00,100,tilt15_about_z,300.00,5.0,7.0375,6.511314e+04,16.828505,-3.571568e+01,2.764013e+01,-8.075545e+00,-5.610643e-20,-1.354591e+01,-6.772953e+00
singh_calibrated_si_mesh,plan3,13.00,100,rot90_about_z,298.15,1.0,7.0375,6.511314e+04,16.000000,-1.033139e+01,8.610167e+00,-1.721221e+00,-1.195852e-20,-2.905088e+00,-1.452544e+00
singh_calibrated_si_mesh,plan3,13.00,100,rot90_about_z,298.15,2.0,7.0375,6.511314e+04,16.000000,-2.066278e+01,1.722033e+01,-3.442442e+00,-2.391704e-20,-5.810176e+00,-2.905088e+00
singh_calibrated_si_mesh,plan3,13.00,100,rot90_about_z,298.15,5.0,7.0375,6.511314e+04,16.000000,-5.165694e+01,4.305083e+01,-8.606105e+00,-5.979259e-20,-1.452544e+01,-7.262720e+00
singh_calibrated_si_mesh,plan3,13.00,100,rot90_about_z,300.00,1.0,7.0375,6.511314e+04,16.000000,-1.033139e+01,8.610167e+00,-1.721221e+00,-1.195852e-20,-2.887173e+00,-1.443587e+00
singh_calibrated_si_mesh,plan3,13.00,100,rot90_about_z,300.00,2.0,7.0375,6.511314e+04,16.000000,-2.066278e+01,1.722033e+01,-3.442442e+00,-2.391704e-20,-5.774347e+00,-2.887173e+00
singh_calibrated_si_mesh,plan3,13.00,100,rot90_about_z,300.00,5.0,7.0375,6.511314e+04,16.000000,-5.165694e+01,4.305083e+01,-8.606105e+00,-5.979259e-20,-1.443587e+01,-7.217933e+00
singh_calibrated_si_mesh,plan3,13.00,110,co_oriented,298.15,1.0,7.0375,6.511314e+04,19.378974,-3.688632e+00,3.118206e+00,-5.704259e-01,-3.963146e-21,-9.627686e-01,-4.813843e-01
singh_calibrated_si_mesh,plan3,13.00,110,co_oriented,298.15,2.0,7.0375,6.511314e+04,19.378974,-7.377263e+00,6.236412e+00,-1.140852e+00,-7.926291e-21,-1.925537e+00,-9.627686e-01
singh_calibrated_si_mesh,plan3,13.00,110,co_oriented,298.15,5.0,7.0375,6.511314e+04,19.378974,-1.844316e+01,1.559103e+01,-2.852130e+00,-1.981573e-20,-4.813843e+00,-2.406922e+00
singh_calibrated_si_mesh,plan3,13.00,110,co_oriented,300.00,1.0,7.0375,6.511314e+04,19.378974,-3.688632e+00,3.118206e+00,-5.704259e-01,-3.963146e-21,-9.568315e-01,-4.784158e-01
singh_calibrated_si_mesh,plan3,13.00,110,co_oriented,300.00,2.0,7.0375,6.511314e+04,19.378974,-7.377263e+00,6.236412e+00,-1.140852e+00,-7.926291e-21,-1.913663e+00,-9.568315e-01
singh_calibrated_si_mesh,plan3,13.00,110,co_oriented,300.00,5.0,7.0375,6.511314e+04,19.378974,-1.844316e+01,1.559103e+01,-2.852130e+00,-1.981573e-20,-4.784158e+00,-2.392079e+00
singh_calibrated_si_mesh,plan3,13.00,111,co_oriented,298.15,1.0,7.0375,6.511314e+04,21.749244,-1.684293e+00,1.353314e+00,-3.309791e-01,-2.299542e-21,-5.586287e-01,-2.793143e-01
singh_calibrated_si_mesh,plan3,13.00,111,co_oriented,298.15,2.0,7.0375,6.511314e+04,21.749244,-3.368586e+00,2.706627e+00,-6.619582e-01,-4.599084e-21,-1.117257e+00,-5.586287e-01
singh_calibrated_si_mesh,plan3,13.00,111,co_oriented,298.15,5.0,7.0375,6.511314e+04,21.749244,-8.421464e+00,6.766568e+00,-1.654895e+00,-1.149771e-20,-2.793143e+00,-1.396572e+00
singh_calibrated_si_mesh,plan3,13.00,111,co_oriented,300.00,1.0,7.0375,6.511314e+04,21.749244,-1.684293e+00,1.353314e+00,-3.309791e-01,-2.299542e-21,-5.551838e-01,-2.775919e-01
singh_calibrated_si_mesh,plan3,13.00,111,co_oriented,300.00,2.0,7.0375,6.511314e+04,21.749244,-3.368586e+00,2.706627e+00,-6.619582e-01,-4.599084e-21,-1.110368e+00,-5.551838e-01
singh_calibrated_si_mesh,plan3,13.00,111,co_oriented,300.00,5.0,7.0375,6.511314e+04,21.749244,-8.421464e+00,6.766568e+00,-1.654895e+00,-1.149771e-20,-2.775919e+00,-1.387960e+00
singh_calibrated_si_mesh,plan3,16.00,100,co_oriented,298.15,1.0,7.0375,6.511314e+04,19.000000,-1.463635e+01,1.167708e+01,-2.959270e+00,-2.056011e-20,-4.994676e+00,-2.497338e+00
singh_calibrated_si_mesh,plan3,16.00,100,co_oriented,298.15,2.0,7.0375,6.511314e+04,19.000000,-2.927271e+01,2.335417e+01,-5.918541e+00,-4.112022e-20,-9.989352e+00,-4.994676e+00
singh_calibrated_si_mesh,plan3,16.00,100,co_oriented,298.15,5.0,7.0375,6.511314e+04,19.000000,-7.318177e+01,5.838542e+01,-1.479635e+01,-1.028006e-19,-2.497338e+01,-1.248669e+01
singh_calibrated_si_mesh,plan3,16.00,100,co_oriented,300.00,1.0,7.0375,6.511314e+04,19.000000,-1.463635e+01,1.167708e+01,-2.959270e+00,-2.056011e-20,-4.963876e+00,-2.481938e+00
singh_calibrated_si_mesh,plan3,16.00,100,co_oriented,300.00,2.0,7.0375,6.511314e+04,19.000000,-2.927271e+01,2.335417e+01,-5.918541e+00,-4.112022e-20,-9.927751e+00,-4.963876e+00
singh_calibrated_si_mesh,plan3,16.00,100,co_oriented,300.00,5.0,7.0375,6.511314e+04,19.000000,-7.318177e+01,5.838542e+01,-1.479635e+01,-1.028006e-19,-2.481938e+01,-1.240969e+01
singh_calibrated_si_mesh,plan3,16.00,100,twist45_about_axis,298.15,1.0,7.0375,6.511314e+04,19.000000,-1.421893e+01,1.075771e+01,-3.461223e+00,-2.404752e-20,-5.841874e+00,-2.920937e+00
singh_calibrated_si_mesh,plan3,16.00,100,twist45_about_axis,298.15,2.0,7.0375,6.511314e+04,19.000000,-2.843786e+01,2.151542e+01,-6.922445e+00,-4.809504e-20,-1.168375e+01,-5.841874e+00
singh_calibrated_si_mesh,plan3,16.00,100,twist45_about_axis,298.15,5.0,7.0375,6.511314e+04,19.000000,-7.109466e+01,5.378855e+01,-1.730611e+01,-1.202376e-19,-2.920937e+01,-1.460469e+01
singh_calibrated_si_mesh,plan3,16.00,100,twist45_about_axis,300.00,1.0,7.0375,6.511314e+04,19.000000,-1.421893e+01,1.075771e+01,-3.461223e+00,-2.404752e-20,-5.805850e+00,-2.902925e+00
singh_calibrated_si_mesh,plan3,16.00,100,twist45_about_axis,300.00,2.0,7.0375,6.511314e+04,19.000000,-2.843786e+01,2.151542e+01,-6.922445e+00,-4.809504e-20,-1.161170e+01,-5.805850e+00
singh_calibrated_si_mesh,plan3,16.00,100,twist45_about_axis,300.00,5.0,7.0375,6.511314e+04,19.000000,-7.109466e+01,5.378855e+01,-1.730611e+01,-1.202376e-19,-2.902925e+01,-1.451462e+01
singh_calibrated_si_mesh,plan3,16.00,100,tilt15_about_z,298.15,1.0,7.0375,6.511314e+04,20.019576,-9.909582e+00,6.898590e+00,-3.010992e+00,-2.091946e-20,-5.081972e+00,-2.540986e+00
singh_calibrated_si_mesh,plan3,16.00,100,tilt15_about_z,298.15,2.0,7.0375,6.511314e+04,20.019576,-1.981916e+01,1.379718e+01,-6.021984e+00,-4.183891e-20,-1.016394e+01,-5.081972e+00
singh_calibrated_si_mesh,plan3,16.00,100,tilt15_about_z,298.15,5.0,7.0375,6.511314e+04,20.019576,-4.954791e+01,3.449295e+01,-1.505496e+01,-1.045973e-19,-2.540986e+01,-1.270493e+01
singh_calibrated_si_mesh,plan3,16.00,100,tilt15_about_z,300.00,1.0,7.0375,6.511314e+04,20.019576,-9.909582e+00,6.898590e+00,-3.010992e+00,-2.091946e-20,-5.050634e+00,-2.525317e+00
singh_calibrated_si_mesh,plan3,16.00,100,tilt15_about_z,300.00,2.0,7.0375,6.511314e+04,20.019576,-1.981916e+01,1.379718e+01,-6.021984e+00,-4.183891e-20,-1.010127e+01,-5.050634e+00
singh_calibrated_si_mesh,plan3,16.00,100,tilt15_about_z,300.00,5.0,7.0375,6.511314e+04,20.019576,-4.954791e+01,3.449295e+01,-1.505496e+01,-1.045973e-19,-2.525317e+01,-1.262658e+01
singh_calibrated_si_mesh,plan3,16.00,100,rot90_about_z,298.15,1.0,7.0375,6.511314e+04,19.000000,-1.463635e+01,1.167708e+01,-2.959270e+00,-2.056011e-20,-4.994676e+00,-2.497338e+00
singh_calibrated_si_mesh,plan3,16.00,100,rot90_about_z,298.15,2.0,7.0375,6.511314e+04,19.000000,-2.927271e+01,2.335417e+01,-5.918541e+00,-4.112022e-20,-9.989352e+00,-4.994676e+00
singh_calibrated_si_mesh,plan3,16.00,100,rot90_about_z,298.15,5.0,7.0375,6.511314e+04,19.000000,-7.318177e+01,5.838542e+01,-1.479635e+01,-1.028006e-19,-2.497338e+01,-1.248669e+01
singh_calibrated_si_mesh,plan3,16.00,100,rot90_about_z,300.00,1.0,7.0375,6.511314e+04,19.000000,-1.463635e+01,1.167708e+01,-2.959270e+00,-2.056011e-20,-4.963876e+00,-2.481938e+00
singh_calibrated_si_mesh,plan3,16.00,100,rot90_about_z,300.00,2.0,7.0375,6.511314e+04,19.000000,-2.927271e+01,2.335417e+01,-5.918541e+00,-4.112022e-20,-9.927751e+00,-4.963876e+00
singh_calibrated_si_mesh,plan3,16.00,100,rot90_about_z,300.00,5.0,7.0375,6.511314e+04,19.000000,-7.318177e+01,5.838542e+01,-1.479635e+01,-1.028006e-19,-2.481938e+01,-1.240969e+01
singh_calibrated_si_mesh,plan3,16.00,110,co_oriented,298.15,1.0,7.0375,6.511314e+04,23.158737,-5.225471e+00,3.758015e+00,-1.467456e+00,-1.019544e-20,-2.476782e+00,-1.238391e+00
singh_calibrated_si_mesh,plan3,16.00,110,co_oriented,298.15,2.0,7.0375,6.511314e+04,23.158737,-1.045094e+01,7.516030e+00,-2.934912e+00,-2.039087e-20,-4.953564e+00,-2.476782e+00
singh_calibrated_si_mesh,plan3,16.00,110,co_oriented,298.15,5.0,7.0375,6.511314e+04,23.158737,-2.612736e+01,1.879008e+01,-7.337280e+00,-5.097719e-20,-1.238391e+01,-6.191955e+00
singh_calibrated_si_mesh,plan3,16.00,110,co_oriented,300.00,1.0,7.0375,6.511314e+04,23.158737,-5.225471e+00,3.758015e+00,-1.467456e+00,-1.019544e-20,-2.461508e+00,-1.230754e+00
singh_calibrated_si_mesh,plan3,16.00,110,co_oriented,300.00,2.0,7.0375,6.511314e+04,23.158737,-1.045094e+01,7.516030e+00,-2.934912e+00,-2.039087e-20,-4.923017e+00,-2.461508e+00
singh_calibrated_si_mesh,plan3,16.00,110,co_oriented,300.00,5.0,7.0375,6.511314e+04,23.158737,-2.612736e+01,1.879008e+01,-7.337280e+00,-5.097719e-20,-1.230754e+01,-6.153771e+00
singh_calibrated_si_mesh,plan3,16.00,111,co_oriented,298.15,1.0,7.0375,6.511314e+04,26.075993,-2.380614e+00,1.454459e+00,-9.261547e-01,-6.434641e-21,-1.563170e+00,-7.815850e-01
singh_calibrated_si_mesh,plan3,16.00,111,co_oriented,298.15,2.0,7.0375,6.511314e+04,26.075993,-4.761227e+00,2.908918e+00,-1.852309e+00,-1.286928e-20,-3.126340e+00,-1.563170e+00
singh_calibrated_si_mesh,plan3,16.00,111,co_oriented,298.15,5.0,7.0375,6.511314e+04,26.075993,-1.190307e+01,7.272295e+00,-4.630774e+00,-3.217321e-20,-7.815850e+00,-3.907925e+00
singh_calibrated_si_mesh,plan3,16.00,111,co_oriented,300.00,1.0,7.0375,6.511314e+04,26.075993,-2.380614e+00,1.454459e+00,-9.261547e-01,-6.434641e-21,-1.553531e+00,-7.767653e-01
singh_calibrated_si_mesh,plan3,16.00,111,co_oriented,300.00,2.0,7.0375,6.511314e+04,26.075993,-4.761227e+00,2.908918e+00,-1.852309e+00,-1.286928e-20,-3.107061e+00,-1.553531e+00
singh_calibrated_si_mesh,plan3,16.00,111,co_oriented,300.00,5.0,7.0375,6.511314e+04,26.075993,-1.190307e+01,7.272295e+00,-4.630774e+00,-3.217321e-20,-7.767653e+00,-3.883826e+00
singh_calibrated_si_mesh,plan3,19.50,100,co_oriented,298.15,1.0,7.0375,6.511314e+04,22.500000,-1.961224e+01,1.571272e+01,-3.899520e+00,-2.709267e-20,-6.581635e+00,-3.290817e+00
singh_calibrated_si_mesh,plan3,19.50,100,co_oriented,298.15,2.0,7.0375,6.511314e+04,22.500000,-3.922447e+01,3.142543e+01,-7.799039e+00,-5.418535e-20,-1.316327e+01,-6.581635e+00
singh_calibrated_si_mesh,plan3,19.50,100,co_oriented,298.15,5.0,7.0375,6.511314e+04,22.500000,-9.806118e+01,7.856358e+01,-1.949760e+01,-1.354634e-19,-3.290817e+01,-1.645409e+01
singh_calibrated_si_mesh,plan3,19.50,100,co_oriented,300.00,1.0,7.0375,6.511314e+04,22.500000,-1.961224e+01,1.571272e+01,-3.899520e+00,-2.709267e-20,-6.541048e+00,-3.270524e+00
singh_calibrated_si_mesh,plan3,19.50,100,co_oriented,300.00,2.0,7.0375,6.511314e+04,22.500000,-3.922447e+01,3.142543e+01,-7.799039e+00,-5.418535e-20,-1.308210e+01,-6.541048e+00
singh_calibrated_si_mesh,plan3,19.50,100,co_oriented,300.00,5.0,7.0375,6.511314e+04,22.500000,-9.806118e+01,7.856358e+01,-1.949760e+01,-1.354634e-19,-3.270524e+01,-1.635262e+01
singh_calibrated_si_mesh,plan3,19.50,100,twist45_about_axis,298.15,1.0,7.0375,6.511314e+04,22.500000,-1.886574e+01,1.402642e+01,-4.839321e+00,-3.362213e-20,-8.167838e+00,-4.083919e+00
singh_calibrated_si_mesh,plan3,19.50,100,twist45_about_axis,298.15,2.0,7.0375,6.511314e+04,22.500000,-3.773148e+01,2.805284e+01,-9.678642e+00,-6.724426e-20,-1.633568e+01,-8.167838e+00
singh_calibrated_si_mesh,plan3,19.50,100,twist45_about_axis,298.15,5.0,7.0375,6.511314e+04,22.500000,-9.432871e+01,7.013210e+01,-2.419660e+01,-1.681106e-19,-4.083919e+01,-2.041959e+01
singh_calibrated_si_mesh,plan3,19.50,100,twist45_about_axis,300.00,1.0,7.0375,6.511314e+04,22.500000,-1.886574e+01,1.402642e+01,-4.839321e+00,-3.362213e-20,-8.117469e+00,-4.058735e+00
singh_calibrated_si_mesh,plan3,19.50,100,twist45_about_axis,300.00,2.0,7.0375,6.511314e+04,22.500000,-3.773148e+01,2.805284e+01,-9.678642e+00,-6.724426e-20,-1.623494e+01,-8.117469e+00
singh_calibrated_si_mesh,plan3,19.50,100,twist45_about_axis,300.00,5.0,7.0375,6.511314e+04,22.500000,-9.432871e+01,7.013210e+01,-2.419660e+01,-1.681106e-19,-4.058735e+01,-2.029367e+01
singh_calibrated_si_mesh,plan3,19.50,100,tilt15_about_z,298.15,1.0,7.0375,6.511314e+04,23.742490,-1.302231e+01,8.488189e+00,-4.534126e+00,-3.150173e-20,-7.652727e+00,-3.826364e+00
singh_calibrated_si_mesh,plan3,19.50,100,tilt15_about_z,298.15,2.0,7.0375,6.511314e+04,23.742490,-2.604463e+01,1.697638e+01,-9.068252e+00,-6.300345e-20,-1.530545e+01,-7.652727e+00
singh_calibrated_si_mesh,plan3,19.50,100,tilt15_about_z,298.15,5.0,7.0375,6.511314e+04,23.742490,-6.511157e+01,4.244094e+01,-2.267063e+01,-1.575086e-19,-3.826364e+01,-1.913182e+01
singh_calibrated_si_mesh,plan3,19.50,100,tilt15_about_z,300.00,1.0,7.0375,6.511314e+04,23.742490,-1.302231e+01,8.488189e+00,-4.534126e+00,-3.150173e-20,-7.605536e+00,-3.802768e+00
singh_calibrated_si_mesh,plan3,19.50,100,tilt15_about_z,300.00,2.0,7.0375,6.511314e+04,23.742490,-2.604463e+01,1.697638e+01,-9.068252e+00,-6.300345e-20,-1.521107e+01,-7.605536e+00
singh_calibrated_si_mesh,plan3,19.50,100,tilt15_about_z,300.00,5.0,7.0375,6.511314e+04,23.742490,-6.511157e+01,4.244094e+01,-2.267063e+01,-1.575086e-19,-3.802768e+01,-1.901384e+01
singh_calibrated_si_mesh,plan3,19.50,100,rot90_about_z,298.15,1.0,7.0375,6.511314e+04,22.500000,-1.961224e+01,1.571272e+01,-3.899520e+00,-2.709267e-20,-6.581635e+00,-3.290817e+00
singh_calibrated_si_mesh,plan3,19.50,100,rot90_about_z,298.15,2.0,7.0375,6.511314e+04,22.500000,-3.922447e+01,3.142543e+01,-7.799039e+00,-5.418535e-20,-1.316327e+01,-6.581635e+00
singh_calibrated_si_mesh,plan3,19.50,100,rot90_about_z,298.15,5.0,7.0375,6.511314e+04,22.500000,-9.806118e+01,7.856358e+01,-1.949760e+01,-1.354634e-19,-3.290817e+01,-1.645409e+01
singh_calibrated_si_mesh,plan3,19.50,100,rot90_about_z,300.00,1.0,7.0375,6.511314e+04,22.500000,-1.961224e+01,1.571272e+01,-3.899520e+00,-2.709267e-20,-6.541048e+00,-3.270524e+00
singh_calibrated_si_mesh,plan3,19.50,100,rot90_about_z,300.00,2.0,7.0375,6.511314e+04,22.500000,-3.922447e+01,3.142543e+01,-7.799039e+00,-5.418535e-20,-1.308210e+01,-6.541048e+00
singh_calibrated_si_mesh,plan3,19.50,100,rot90_about_z,300.00,5.0,7.0375,6.511314e+04,22.500000,-9.806118e+01,7.856358e+01,-1.949760e+01,-1.354634e-19,-3.270524e+01,-1.635262e+01
singh_calibrated_si_mesh,plan3,19.50,110,co_oriented,298.15,1.0,7.0375,6.511314e+04,27.568460,-7.036946e+00,4.500814e+00,-2.536132e+00,-1.762027e-20,-4.280501e+00,-2.140250e+00
singh_calibrated_si_mesh,plan3,19.50,110,co_oriented,298.15,2.0,7.0375,6.511314e+04,27.568460,-1.407389e+01,9.001628e+00,-5.072264e+00,-3.524055e-20,-8.561001e+00,-4.280501e+00
singh_calibrated_si_mesh,plan3,19.50,110,co_oriented,298.15,5.0,7.0375,6.511314e+04,27.568460,-3.518473e+01,2.250407e+01,-1.268066e+01,-8.810137e-20,-2.140250e+01,-1.070125e+01
singh_calibrated_si_mesh,plan3,19.50,110,co_oriented,300.00,1.0,7.0375,6.511314e+04,27.568460,-7.036946e+00,4.500814e+00,-2.536132e+00,-1.762027e-20,-4.254104e+00,-2.127052e+00
singh_calibrated_si_mesh,plan3,19.50,110,co_oriented,300.00,2.0,7.0375,6.511314e+04,27.568460,-1.407389e+01,9.001628e+00,-5.072264e+00,-3.524055e-20,-8.508209e+00,-4.254104e+00
singh_calibrated_si_mesh,plan3,19.50,110,co_oriented,300.00,5.0,7.0375,6.511314e+04,27.568460,-3.518473e+01,2.250407e+01,-1.268066e+01,-8.810137e-20,-2.127052e+01,-1.063526e+01
singh_calibrated_si_mesh,plan3,19.50,111,co_oriented,298.15,1.0,7.0375,6.511314e+04,31.123867,-3.222876e+00,1.550880e+00,-1.671997e+00,-1.161652e-20,-2.822007e+00,-1.411003e+00
singh_calibrated_si_mesh,plan3,19.50,111,co_oriented,298.15,2.0,7.0375,6.511314e+04,31.123867,-6.445752e+00,3.101759e+00,-3.343993e+00,-2.323305e-20,-5.644014e+00,-2.822007e+00
singh_calibrated_si_mesh,plan3,19.50,111,co_oriented,298.15,5.0,7.0375,6.511314e+04,31.123867,-1.611438e+01,7.754398e+00,-8.359983e+00,-5.808262e-20,-1.411003e+01,-7.055017e+00
singh_calibrated_si_mesh,plan3,19.50,111,co_oriented,300.00,1.0,7.0375,6.511314e+04,31.123867,-3.222876e+00,1.550880e+00,-1.671997e+00,-1.161652e-20,-2.804605e+00,-1.402302e+00
singh_calibrated_si_mesh,plan3,19.50,111,co_oriented,300.00,2.0,7.0375,6.511314e+04,31.123867,-6.445752e+00,3.101759e+00,-3.343993e+00,-2.323305e-20,-5.609209e+00,-2.804605e+00
singh_calibrated_si_mesh,plan3,19.50,111,co_oriented,300.00,5.0,7.0375,6.511314e+04,31.123867,-1.611438e+01,7.754398e+00,-8.359983e+00,-5.808262e-20,-1.402302e+01,-7.011511e+00
singh_calibrated_continuum,plan1,13.00,100,co_oriented,298.15,1.0,3.7296,2.216996e+04,16.000000,-7.625725e+00,4.741936e+00,-2.883789e+00,-2.003569e-20,-4.867278e+00,-2.433639e+00
singh_calibrated_continuum,plan1,13.00,100,co_oriented,298.15,2.0,3.7296,2.216996e+04,16.000000,-1.525145e+01,9.483872e+00,-5.767578e+00,-4.007138e-20,-9.734557e+00,-4.867278e+00
singh_calibrated_continuum,plan1,13.00,100,co_oriented,298.15,5.0,3.7296,2.216996e+04,16.000000,-3.812863e+01,2.370968e+01,-1.441895e+01,-1.001784e-19,-2.433639e+01,-1.216820e+01
singh_calibrated_continuum,plan1,13.00,100,co_oriented,300.00,1.0,3.7296,2.216996e+04,16.000000,-7.625725e+00,4.741936e+00,-2.883789e+00,-2.003569e-20,-4.837264e+00,-2.418632e+00
singh_calibrated_continuum,plan1,13.00,100,co_oriented,300.00,2.0,3.7296,2.216996e+04,16.000000,-1.525145e+01,9.483872e+00,-5.767578e+00,-4.007138e-20,-9.674527e+00,-4.837264e+00
singh_calibrated_continuum,plan1,13.00,100,co_oriented,300.00,5.0,3.7296,2.216996e+04,16.000000,-3.812863e+01,2.370968e+01,-1.441895e+01,-1.001784e-19,-2.418632e+01,-1.209316e+01
singh_calibrated_continuum,plan1,13.00,100,twist45_about_axis,298.15,1.0,3.7296,2.216996e+04,16.000000,-7.560034e+00,4.607322e+00,-2.952712e+00,-2.051454e-20,-4.983606e+00,-2.491803e+00
singh_calibrated_continuum,plan1,13.00,100,twist45_about_axis,298.15,2.0,3.7296,2.216996e+04,16.000000,-1.512007e+01,9.214644e+00,-5.905423e+00,-4.102908e-20,-9.967212e+00,-4.983606e+00
singh_calibrated_continuum,plan1,13.00,100,twist45_about_axis,298.15,5.0,3.7296,2.216996e+04,16.000000,-3.780017e+01,2.303661e+01,-1.476356e+01,-1.025727e-19,-2.491803e+01,-1.245901e+01
singh_calibrated_continuum,plan1,13.00,100,twist45_about_axis,300.00,1.0,3.7296,2.216996e+04,16.000000,-7.560034e+00,4.607322e+00,-2.952712e+00,-2.051454e-20,-4.952874e+00,-2.476437e+00
singh_calibrated_continuum,plan1,13.00,100,twist45_about_axis,300.00,2.0,3.7296,2.216996e+04,16.000000,-1.512007e+01,9.214644e+00,-5.905423e+00,-4.102908e-20,-9.905747e+00,-4.952874e+00
singh_calibrated_continuum,plan1,13.00,100,twist45_about_axis,300.00,5.0,3.7296,2.216996e+04,16.000000,-3.780017e+01,2.303661e+01,-1.476356e+01,-1.025727e-19,-2.476437e+01,-1.238218e+01
singh_calibrated_continuum,plan1,13.00,100,tilt15_about_z,298.15,1.0,3.7296,2.216996e+04,16.828505,-4.691488e+00,2.686551e+00,-2.004937e+00,-1.392969e-20,-3.383946e+00,-1.691973e+00
singh_calibrated_continuum,plan1,13.00,100,tilt15_about_z,298.15,2.0,3.7296,2.216996e+04,16.828505,-9.382975e+00,5.373102e+00,-4.009874e+00,-2.785938e-20,-6.767891e+00,-3.383946e+00
singh_calibrated_continuum,plan1,13.00,100,tilt15_about_z,298.15,5.0,3.7296,2.216996e+04,16.828505,-2.345744e+01,1.343275e+01,-1.002468e+01,-6.964845e-20,-1.691973e+01,-8.459864e+00
singh_calibrated_continuum,plan1,13.00,100,tilt15_about_z,300.00,1.0,3.7296,2.216996e+04,16.828505,-4.691488e+00,2.686551e+00,-2.004937e+00,-1.392969e-20,-3.363078e+00,-1.681539e+00
singh_calibrated_continuum,plan1,13.00,100,tilt15_about_z,300.00,2.0,3.7296,2.216996e+04,16.828505,-9.382975e+00,5.373102e+00,-4.009874e+00,-2.785938e-20,-6.726156e+00,-3.363078e+00
singh_calibrated_continuum,plan1,13.00,100,tilt15_about_z,300.00,5.0,3.7296,2.216996e+04,16.828505,-2.345744e+01,1.343275e+01,-1.002468e+01,-6.964845e-20,-1.681539e+01,-8.407695e+00
singh_calibrated_continuum,plan1,13.00,100,rot90_about_z,298.15,1.0,3.7296,2.216996e+04,16.000000,-7.625725e+00,4.741936e+00,-2.883789e+00,-2.003569e-20,-4.867278e+00,-2.433639e+00
singh_calibrated_continuum,plan1,13.00,100,rot90_about_z,298.15,2.0,3.7296,2.216996e+04,16.000000,-1.525145e+01,9.483872e+00,-5.767578e+00,-4.007138e-20,-9.734557e+00,-4.867278e+00
singh_calibrated_continuum,plan1,13.00,100,rot90_about_z,298.15,5.0,3.7296,2.216996e+04,16.000000,-3.812863e+01,2.370968e+01,-1.441895e+01,-1.001784e-19,-2.433639e+01,-1.216820e+01
singh_calibrated_continuum,plan1,13.00,100,rot90_about_z,300.00,1.0,3.7296,2.216996e+04,16.000000,-7.625725e+00,4.741936e+00,-2.883789e+00,-2.003569e-20,-4.837264e+00,-2.418632e+00
singh_calibrated_continuum,plan1,13.00,100,rot90_about_z,300.00,2.0,3.7296,2.216996e+04,16.000000,-1.525145e+01,9.483872e+00,-5.767578e+00,-4.007138e-20,-9.674527e+00,-4.837264e+00
singh_calibrated_continuum,plan1,13.00,100,rot90_about_z,300.00,5.0,3.7296,2.216996e+04,16.000000,-3.812863e+01,2.370968e+01,-1.441895e+01,-1.001784e-19,-2.418632e+01,-1.209316e+01
singh_calibrated_continuum,plan1,13.00,110,co_oriented,298.15,1.0,3.7296,2.216996e+04,19.378974,-1.846099e+00,1.442975e+00,-4.031237e-01,-2.800781e-21,-6.803949e-01,-3.401974e-01
singh_calibrated_continuum,plan1,13.00,110,co_oriented,298.15,2.0,3.7296,2.216996e+04,19.378974,-3.692197e+00,2.885950e+00,-8.062474e-01,-5.601562e-21,-1.360790e+00,-6.803949e-01
singh_calibrated_continuum,plan1,13.00,110,co_oriented,298.15,5.0,3.7296,2.216996e+04,19.378974,-9.230493e+00,7.214874e+00,-2.015619e+00,-1.400390e-20,-3.401974e+00,-1.700987e+00
singh_calibrated_continuum,plan1,13.00,110,co_oriented,300.00,1.0,3.7296,2.216996e+04,19.378974,-1.846099e+00,1.442975e+00,-4.031237e-01,-2.800781e-21,-6.761991e-01,-3.380995e-01
singh_calibrated_continuum,plan1,13.00,110,co_oriented,300.00,2.0,3.7296,2.216996e+04,19.378974,-3.692197e+00,2.885950e+00,-8.062474e-01,-5.601562e-21,-1.352398e+00,-6.761991e-01
singh_calibrated_continuum,plan1,13.00,110,co_oriented,300.00,5.0,3.7296,2.216996e+04,19.378974,-9.230493e+00,7.214874e+00,-2.015619e+00,-1.400390e-20,-3.380995e+00,-1.690498e+00
singh_calibrated_continuum,plan1,13.00,111,co_oriented,298.15,1.0,3.7296,2.216996e+04,21.749244,-6.466903e-01,5.299136e-01,-1.167767e-01,-8.113289e-22,-1.970965e-01,-9.854824e-02
singh_calibrated_continuum,plan1,13.00,111,co_oriented,298.15,2.0,3.7296,2.216996e+04,21.749244,-1.293381e+00,1.059827e+00,-2.335534e-01,-1.622658e-21,-3.941930e-01,-1.970965e-01
singh_calibrated_continuum,plan1,13.00,111,co_oriented,298.15,5.0,3.7296,2.216996e+04,21.749244,-3.233451e+00,2.649568e+00,-5.838835e-01,-4.056645e-21,-9.854824e-01,-4.927412e-01
singh_calibrated_continuum,plan1,13.00,111,co_oriented,300.00,1.0,3.7296,2.216996e+04,21.749244,-6.466903e-01,5.299136e-01,-1.167767e-01,-8.113289e-22,-1.958811e-01,-9.794053e-02
singh_calibrated_continuum,plan1,13.00,111,co_oriented,300.00,2.0,3.7296,2.216996e+04,21.749244,-1.293381e+00,1.059827e+00,-2.335534e-01,-1.622658e-21,-3.917621e-01,-1.958811e-01
singh_calibrated_continuum,plan1,13.00,111,co_oriented,300.00,5.0,3.7296,2.216996e+04,21.749244,-3.233451e+00,2.649568e+00,-5.838835e-01,-4.056645e-21,-9.794053e-01,-4.897026e-01
singh_calibrated_continuum,plan1,16.00,100,co_oriented,298.15,1.0,3.7296,7.705922e+04,19.000000,-1.245461e+01,2.268854e+01,1.023392e+01,7.110219e-20,1.727288e+01,8.636442e+00
singh_calibrated_continuum,plan1,16.00,100,co_oriented,298.15,2.0,3.7296,7.705922e+04,19.000000,-2.490923e+01,4.537707e+01,2.046785e+01,1.422044e-19,3.454577e+01,1.727288e+01
singh_calibrated_continuum,plan1,16.00,100,co_oriented,298.15,5.0,3.7296,7.705922e+04,19.000000,-6.227306e+01,1.134427e+02,5.116962e+01,3.555109e-19,8.636442e+01,4.318221e+01
singh_calibrated_continuum,plan1,16.00,100,co_oriented,300.00,1.0,3.7296,7.705922e+04,19.000000,-1.245461e+01,2.268854e+01,1.023392e+01,7.110219e-20,1.716637e+01,8.583184e+00
singh_calibrated_continuum,plan1,16.00,100,co_oriented,300.00,2.0,3.7296,7.705922e+04,19.000000,-2.490923e+01,4.537707e+01,2.046785e+01,1.422044e-19,3.433274e+01,1.716637e+01
singh_calibrated_continuum,plan1,16.00,100,co_oriented,300.00,5.0,3.7296,7.705922e+04,19.000000,-6.227306e+01,1.134427e+02,5.116962e+01,3.555109e-19,8.583184e+01,4.291592e+01
singh_calibrated_continuum,plan1,16.00,100,twist45_about_axis,298.15,1.0,3.7296,7.705922e+04,19.000000,-1.229838e+01,2.195947e+01,9.661088e+00,6.712230e-20,1.630605e+01,8.153024e+00
singh_calibrated_continuum,plan1,16.00,100,twist45_about_axis,298.15,2.0,3.7296,7.705922e+04,19.000000,-2.459676e+01,4.391894e+01,1.932218e+01,1.342446e-19,3.261210e+01,1.630605e+01
singh_calibrated_continuum,plan1,16.00,100,twist45_about_axis,298.15,5.0,3.7296,7.705922e+04,19.000000,-6.149191e+01,1.097973e+02,4.830544e+01,3.356115e-19,8.153024e+01,4.076512e+01
singh_calibrated_continuum,plan1,16.00,100,twist45_about_axis,300.00,1.0,3.7296,7.705922e+04,19.000000,-1.229838e+01,2.195947e+01,9.661088e+00,6.712230e-20,1.620549e+01,8.102747e+00
singh_calibrated_continuum,plan1,16.00,100,twist45_about_axis,300.00,2.0,3.7296,7.705922e+04,19.000000,-2.459676e+01,4.391894e+01,1.932218e+01,1.342446e-19,3.241099e+01,1.620549e+01
singh_calibrated_continuum,plan1,16.00,100,twist45_about_axis,300.00,5.0,3.7296,7.705922e+04,19.000000,-6.149191e+01,1.097973e+02,4.830544e+01,3.356115e-19,8.102747e+01,4.051373e+01
singh_calibrated_continuum,plan1,16.00,100,tilt15_about_z,298.15,1.0,3.7296,7.705922e+04,20.019576,-7.271739e+00,1.178858e+01,4.516842e+00,3.138164e-20,7.623556e+00,3.811778e+00
singh_calibrated_continuum,plan1,16.00,100,tilt15_about_z,298.15,2.0,3.7296,7.705922e+04,20.019576,-1.454348e+01,2.357716e+01,9.033684e+00,6.276329e-20,1.524711e+01,7.623556e+00
singh_calibrated_continuum,plan1,16.00,100,tilt15_about_z,298.15,5.0,3.7296,7.705922e+04,20.019576,-3.635870e+01,5.894291e+01,2.258421e+01,1.569082e-19,3.811778e+01,1.905889e+01
singh_calibrated_continuum,plan1,16.00,100,tilt15_about_z,300.00,1.0,3.7296,7.705922e+04,20.019576,-7.271739e+00,1.178858e+01,4.516842e+00,3.138164e-20,7.576544e+00,3.788272e+00
singh_calibrated_continuum,plan1,16.00,100,tilt15_about_z,300.00,2.0,3.7296,7.705922e+04,20.019576,-1.454348e+01,2.357716e+01,9.033684e+00,6.276329e-20,1.515309e+01,7.576544e+00
singh_calibrated_continuum,plan1,16.00,100,tilt15_about_z,300.00,5.0,3.7296,7.705922e+04,20.019576,-3.635870e+01,5.894291e+01,2.258421e+01,1.569082e-19,3.788272e+01,1.894136e+01
singh_calibrated_continuum,plan1,16.00,100,rot90_about_z,298.15,1.0,3.7296,7.705922e+04,19.000000,-1.245461e+01,2.268854e+01,1.023392e+01,7.110219e-20,1.727288e+01,8.636442e+00
singh_calibrated_continuum,plan1,16.00,100,rot90_about_z,298.15,2.0,3.7296,7.705922e+04,19.000000,-2.490923e+01,4.537707e+01,2.046785e+01,1.422044e-19,3.454577e+01,1.727288e+01
singh_calibrated_continuum,plan1,16.00,100,rot90_about_z,298.15,5.0,3.7296,7.705922e+04,19.000000,-6.227306e+01,1.134427e+02,5.116962e+01,3.555109e-19,8.636442e+01,4.318221e+01
singh_calibrated_continuum,plan1,16.00,100,rot90_about_z,300.00,1.0,3.7296,7.705922e+04,19.000000,-1.245461e+01,2.268854e+01,1.023392e+01,7.110219e-20,1.716637e+01,8.583184e+00
singh_calibrated_continuum,plan1,16.00,100,rot90_about_z,300.00,2.0,3.7296,7.705922e+04,19.000000,-2.490923e+01,4.537707e+01,2.046785e+01,1.422044e-19,3.433274e+01,1.716637e+01
singh_calibrated_continuum,plan1,16.00,100,rot90_about_z,300.00,5.0,3.7296,7.705922e+04,19.000000,-6.227306e+01,1.134427e+02,5.116962e+01,3.555109e-19,8.583184e+01,4.291592e+01
singh_calibrated_continuum,plan1,16.00,110,co_oriented,298.15,1.0,3.7296,7.705922e+04,23.158737,-2.824390e+00,6.188650e+00,3.364260e+00,2.337385e-20,5.678220e+00,2.839110e+00
singh_calibrated_continuum,plan1,16.00,110,co_oriented,298.15,2.0,3.7296,7.705922e+04,23.158737,-5.648779e+00,1.237730e+01,6.728520e+00,4.674771e-20,1.135644e+01,5.678220e+00
singh_calibrated_continuum,plan1,16.00,110,co_oriented,298.15,5.0,3.7296,7.705922e+04,23.158737,-1.412195e+01,3.094325e+01,1.682130e+01,1.168693e-19,2.839110e+01,1.419555e+01
singh_calibrated_continuum,plan1,16.00,110,co_oriented,300.00,1.0,3.7296,7.705922e+04,23.158737,-2.824390e+00,6.188650e+00,3.364260e+00,2.337385e-20,5.643205e+00,2.821602e+00
singh_calibrated_continuum,plan1,16.00,110,co_oriented,300.00,2.0,3.7296,7.705922e+04,23.158737,-5.648779e+00,1.237730e+01,6.728520e+00,4.674771e-20,1.128641e+01,5.643205e+00
singh_calibrated_continuum,plan1,16.00,110,co_oriented,300.00,5.0,3.7296,7.705922e+04,23.158737,-1.412195e+01,3.094325e+01,1.682130e+01,1.168693e-19,2.821602e+01,1.410801e+01
singh_calibrated_continuum,plan1,16.00,111,co_oriented,298.15,1.0,3.7296,7.705922e+04,26.075993,-9.062134e-01,2.043203e+00,1.136990e+00,7.899461e-21,1.919019e+00,9.595096e-01
singh_calibrated_continuum,plan1,16.00,111,co_oriented,298.15,2.0,3.7296,7.705922e+04,26.075993,-1.812427e+00,4.086407e+00,2.273980e+00,1.579892e-20,3.838039e+00,1.919019e+00
singh_calibrated_continuum,plan1,16.00,111,co_oriented,298.15,5.0,3.7296,7.705922e+04,26.075993,-4.531067e+00,1.021602e+01,5.684950e+00,3.949730e-20,9.595096e+00,4.797548e+00
singh_calibrated_continuum,plan1,16.00,111,co_oriented,300.00,1.0,3.7296,7.705922e+04,26.075993,-9.062134e-01,2.043203e+00,1.136990e+00,7.899461e-21,1.907185e+00,9.535927e-01
singh_calibrated_continuum,plan1,16.00,111,co_oriented,300.00,2.0,3.7296,7.705922e+04,26.075993,-1.812427e+00,4.086407e+00,2.273980e+00,1.579892e-20,3.814371e+00,1.907185e+00
singh_calibrated_continuum,plan1,16.00,111,co_oriented,300.00,5.0,3.7296,7.705922e+04,26.075993,-4.531067e+00,1.021602e+01,5.684950e+00,3.949730e-20,9.535927e+00,4.767963e+00
singh_calibrated_continuum,plan1,19.50,100,co_oriented,298.15,1.0,3.7296,2.525297e+05,22.500000,-1.949733e+01,1.013286e+02,8.183129e+01,5.685389e-19,1.381154e+02,6.905770e+01
singh_calibrated_continuum,plan1,19.50,100,co_oriented,298.15,2.0,3.7296,2.525297e+05,22.500000,-3.899466e+01,2.026573e+02,1.636626e+02,1.137078e-18,2.762308e+02,1.381154e+02
singh_calibrated_continuum,plan1,19.50,100,co_oriented,298.15,5.0,3.7296,2.525297e+05,22.500000,-9.748665e+01,5.066431e+02,4.091565e+02,2.842695e-18,6.905770e+02,3.452885e+02
singh_calibrated_continuum,plan1,19.50,100,co_oriented,300.00,1.0,3.7296,2.525297e+05,22.500000,-1.949733e+01,1.013286e+02,8.183129e+01,5.685389e-19,1.372637e+02,6.863184e+01
singh_calibrated_continuum,plan1,19.50,100,co_oriented,300.00,2.0,3.7296,2.525297e+05,22.500000,-3.899466e+01,2.026573e+02,1.636626e+02,1.137078e-18,2.745274e+02,1.372637e+02
singh_calibrated_continuum,plan1,19.50,100,co_oriented,300.00,5.0,3.7296,2.525297e+05,22.500000,-9.748665e+01,5.066431e+02,4.091565e+02,2.842695e-18,6.863184e+02,3.431592e+02
singh_calibrated_continuum,plan1,19.50,100,twist45_about_axis,298.15,1.0,3.7296,2.525297e+05,22.500000,-1.914299e+01,9.774440e+01,7.860140e+01,5.460986e-19,1.326640e+02,6.633198e+01
singh_calibrated_continuum,plan1,19.50,100,twist45_about_axis,298.15,2.0,3.7296,2.525297e+05,22.500000,-3.828599e+01,1.954888e+02,1.572028e+02,1.092197e-18,2.653279e+02,1.326640e+02
singh_calibrated_continuum,plan1,19.50,100,twist45_about_axis,298.15,5.0,3.7296,2.525297e+05,22.500000,-9.571496e+01,4.887220e+02,3.930070e+02,2.730493e-18,6.633198e+02,3.316599e+02
singh_calibrated_continuum,plan1,19.50,100,twist45_about_axis,300.00,1.0,3.7296,2.525297e+05,22.500000,-1.914299e+01,9.774440e+01,7.860140e+01,5.460986e-19,1.318459e+02,6.592294e+01
singh_calibrated_continuum,plan1,19.50,100,twist45_about_axis,300.00,2.0,3.7296,2.525297e+05,22.500000,-3.828599e+01,1.954888e+02,1.572028e+02,1.092197e-18,2.636917e+02,1.318459e+02
singh_calibrated_continuum,plan1,19.50,100,twist45_about_axis,300.00,5.0,3.7296,2.525297e+05,22.500000,-9.571496e+01,4.887220e+02,3.930070e+02,2.730493e-18,6.592294e+02,3.296147e+02
singh_calibrated_continuum,plan1,19.50,100,tilt15_about_z,298.15,1.0,3.7296,2.525297e+05,23.742490,-1.077838e+01,4.825325e+01,3.747487e+01,2.603640e-19,6.325033e+01,3.162517e+01
singh_calibrated_continuum,plan1,19.50,100,tilt15_about_z,298.15,2.0,3.7296,2.525297e+05,23.742490,-2.155675e+01,9.650649e+01,7.494974e+01,5.207280e-19,1.265007e+02,6.325033e+01
singh_calibrated_continuum,plan1,19.50,100,tilt15_about_z,298.15,5.0,3.7296,2.525297e+05,23.742490,-5.389188e+01,2.412662e+02,1.873743e+02,1.301820e-18,3.162517e+02,1.581258e+02
singh_calibrated_continuum,plan1,19.50,100,tilt15_about_z,300.00,1.0,3.7296,2.525297e+05,23.742490,-1.077838e+01,4.825325e+01,3.747487e+01,2.603640e-19,6.286029e+01,3.143014e+01
singh_calibrated_continuum,plan1,19.50,100,tilt15_about_z,300.00,2.0,3.7296,2.525297e+05,23.742490,-2.155675e+01,9.650649e+01,7.494974e+01,5.207280e-19,1.257206e+02,6.286029e+01
singh_calibrated_continuum,plan1,19.50,100,tilt15_about_z,300.00,5.0,3.7296,2.525297e+05,23.742490,-5.389188e+01,2.412662e+02,1.873743e+02,1.301820e-18,3.143014e+02,1.571507e+02
singh_calibrated_continuum,plan1,19.50,100,rot90_about_z,298.15,1.0,3.7296,2.525297e+05,22.500000,-1.949733e+01,1.013286e+02,8.183129e+01,5.685389e-19,1.381154e+02,6.905770e+01
singh_calibrated_continuum,plan1,19.50,100,rot90_about_z,298.15,2.0,3.7296,2.525297e+05,22.500000,-3.899466e+01,2.026573e+02,1.636626e+02,1.137078e-18,2.762308e+02,1.381154e+02
singh_calibrated_continuum,plan1,19.50,100,rot90_about_z,298.15,5.0,3.7296,2.525297e+05,22.500000,-9.748665e+01,5.066431e+02,4.091565e+02,2.842695e-18,6.905770e+02,3.452885e+02
singh_calibrated_continuum,plan1,19.50,100,rot90_about_z,300.00,1.0,3.7296,2.525297e+05,22.500000,-1.949733e+01,1.013286e+02,8.183129e+01,5.685389e-19,1.372637e+02,6.863184e+01
singh_calibrated_continuum,plan1,19.50,100,rot90_about_z,300.00,2.0,3.7296,2.525297e+05,22.500000,-3.899466e+01,2.026573e+02,1.636626e+02,1.137078e-18,2.745274e+02,1.372637e+02
singh_calibrated_continuum,plan1,19.50,100,rot90_about_z,300.00,5.0,3.7296,2.525297e+05,22.500000,-9.748665e+01,5.066431e+02,4.091565e+02,2.842695e-18,6.863184e+02,3.431592e+02
singh_calibrated_continuum,plan1,19.50,110,co_oriented,298.15,1.0,3.7296,2.525297e+05,27.568460,-4.198442e+00,2.493517e+01,2.073673e+01,1.440725e-19,3.499958e+01,1.749979e+01
singh_calibrated_continuum,plan1,19.50,110,co_oriented,298.15,2.0,3.7296,2.525297e+05,27.568460,-8.396884e+00,4.987034e+01,4.147345e+01,2.881449e-19,6.999917e+01,3.499958e+01
singh_calibrated_continuum,plan1,19.50,110,co_oriented,298.15,5.0,3.7296,2.525297e+05,27.568460,-2.099221e+01,1.246758e+02,1.036836e+02,7.203623e-19,1.749979e+02,8.749896e+01
singh_calibrated_continuum,plan1,19.50,110,co_oriented,300.00,1.0,3.7296,2.525297e+05,27.568460,-4.198442e+00,2.493517e+01,2.073673e+01,1.440725e-19,3.478375e+01,1.739188e+01
singh_calibrated_continuum,plan1,19.50,110,co_oriented,300.00,2.0,3.7296,2.525297e+05,27.568460,-8.396884e+00,4.987034e+01,4.147345e+01,2.881449e-19,6.956751e+01,3.478375e+01
singh_calibrated_continuum,plan1,19.50,110,co_oriented,300.00,5.0,3.7296,2.525297e+05,27.568460,-2.099221e+01,1.246758e+02,1.036836e+02,7.203623e-19,1.739188e+02,8.695938e+01
singh_calibrated_continuum,plan1,19.50,111,co_oriented,298.15,1.0,3.7296,2.525297e+05,31.123867,-1.227270e+00,7.449098e+00,6.221828e+00,4.322736e-20,1.050124e+01,5.250621e+00
singh_calibrated_continuum,plan1,19.50,111,co_oriented,298.15,2.0,3.7296,2.525297e+05,31.123867,-2.454541e+00,1.489820e+01,1.244366e+01,8.645473e-20,2.100248e+01,1.050124e+01
singh_calibrated_continuum,plan1,19.50,111,co_oriented,298.15,5.0,3.7296,2.525297e+05,31.123867,-6.136352e+00,3.724549e+01,3.110914e+01,2.161368e-19,5.250621e+01,2.625310e+01
singh_calibrated_continuum,plan1,19.50,111,co_oriented,300.00,1.0,3.7296,2.525297e+05,31.123867,-1.227270e+00,7.449098e+00,6.221828e+00,4.322736e-20,1.043648e+01,5.218242e+00
singh_calibrated_continuum,plan1,19.50,111,co_oriented,300.00,2.0,3.7296,2.525297e+05,31.123867,-2.454541e+00,1.489820e+01,1.244366e+01,8.645473e-20,2.087297e+01,1.043648e+01
singh_calibrated_continuum,plan1,19.50,111,co_oriented,300.00,5.0,3.7296,2.525297e+05,31.123867,-6.136352e+00,3.724549e+01,3.110914e+01,2.161368e-19,5.218242e+01,2.609121e+01
singh_calibrated_continuum,plan2,13.00,100,co_oriented,298.15,1.0,3.6264,2.216996e+04,16.000000,-7.625725e+00,5.329236e+00,-2.296489e+00,-1.595531e-20,-3.876030e+00,-1.938015e+00
singh_calibrated_continuum,plan2,13.00,100,co_oriented,298.15,2.0,3.6264,2.216996e+04,16.000000,-1.525145e+01,1.065847e+01,-4.592979e+00,-3.191062e-20,-7.752060e+00,-3.876030e+00
singh_calibrated_continuum,plan2,13.00,100,co_oriented,298.15,5.0,3.6264,2.216996e+04,16.000000,-3.812863e+01,2.664618e+01,-1.148245e+01,-7.977654e-20,-1.938015e+01,-9.690075e+00
singh_calibrated_continuum,plan2,13.00,100,co_oriented,300.00,1.0,3.6264,2.216996e+04,16.000000,-7.625725e+00,5.329236e+00,-2.296489e+00,-1.595531e-20,-3.852128e+00,-1.926064e+00
singh_calibrated_continuum,plan2,13.00,100,co_oriented,300.00,2.0,3.6264,2.216996e+04,16.000000,-1.525145e+01,1.065847e+01,-4.592979e+00,-3.191062e-20,-7.704255e+00,-3.852128e+00
singh_calibrated_continuum,plan2,13.00,100,co_oriented,300.00,5.0,3.6264,2.216996e+04,16.000000,-3.812863e+01,2.664618e+01,-1.148245e+01,-7.977654e-20,-1.926064e+01,-9.630319e+00
singh_calibrated_continuum,plan2,13.00,100,twist45_about_axis,298.15,1.0,3.6264,2.216996e+04,16.000000,-7.560034e+00,5.177121e+00,-2.382913e+00,-1.655575e-20,-4.021896e+00,-2.010948e+00
singh_calibrated_continuum,plan2,13.00,100,twist45_about_axis,298.15,2.0,3.6264,2.216996e+04,16.000000,-1.512007e+01,1.035424e+01,-4.765826e+00,-3.311151e-20,-8.043792e+00,-4.021896e+00
singh_calibrated_continuum,plan2,13.00,100,twist45_about_axis,298.15,5.0,3.6264,2.216996e+04,16.000000,-3.780017e+01,2.588560e+01,-1.191456e+01,-8.277877e-20,-2.010948e+01,-1.005474e+01
singh_calibrated_continuum,plan2,13.00,100,twist45_about_axis,300.00,1.0,3.6264,2.216996e+04,16.000000,-7.560034e+00,5.177121e+00,-2.382913e+00,-1.655575e-20,-3.997094e+00,-1.998547e+00
singh_calibrated_continuum,plan2,13.00,100,twist45_about_axis,300.00,2.0,3.6264,2.216996e+04,16.000000,-1.512007e+01,1.035424e+01,-4.765826e+00,-3.311151e-20,-7.994189e+00,-3.997094e+00
singh_calibrated_continuum,plan2,13.00,100,twist45_about_axis,300.00,5.0,3.6264,2.216996e+04,16.000000,-3.780017e+01,2.588560e+01,-1.191456e+01,-8.277877e-20,-1.998547e+01,-9.992736e+00
singh_calibrated_continuum,plan2,13.00,100,tilt15_about_z,298.15,1.0,3.6264,2.216996e+04,16.828505,-4.691488e+00,3.001867e+00,-1.689620e+00,-1.173897e-20,-2.851753e+00,-1.425876e+00
singh_calibrated_continuum,plan2,13.00,100,tilt15_about_z,298.15,2.0,3.6264,2.216996e+04,16.828505,-9.382975e+00,6.003734e+00,-3.379241e+00,-2.347794e-20,-5.703505e+00,-2.851753e+00
singh_calibrated_continuum,plan2,13.00,100,tilt15_about_z,298.15,5.0,3.6264,2.216996e+04,16.828505,-2.345744e+01,1.500934e+01,-8.448102e+00,-5.869484e-20,-1.425876e+01,-7.129381e+00
singh_calibrated_continuum,plan2,13.00,100,tilt15_about_z,300.00,1.0,3.6264,2.216996e+04,16.828505,-4.691488e+00,3.001867e+00,-1.689620e+00,-1.173897e-20,-2.834167e+00,-1.417083e+00
singh_calibrated_continuum,plan2,13.00,100,tilt15_about_z,300.00,2.0,3.6264,2.216996e+04,16.828505,-9.382975e+00,6.003734e+00,-3.379241e+00,-2.347794e-20,-5.668334e+00,-2.834167e+00
singh_calibrated_continuum,plan2,13.00,100,tilt15_about_z,300.00,5.0,3.6264,2.216996e+04,16.828505,-2.345744e+01,1.500934e+01,-8.448102e+00,-5.869484e-20,-1.417083e+01,-7.085417e+00
singh_calibrated_continuum,plan2,13.00,100,rot90_about_z,298.15,1.0,3.6264,2.216996e+04,16.000000,-7.625725e+00,5.329236e+00,-2.296489e+00,-1.595531e-20,-3.876030e+00,-1.938015e+00
singh_calibrated_continuum,plan2,13.00,100,rot90_about_z,298.15,2.0,3.6264,2.216996e+04,16.000000,-1.525145e+01,1.065847e+01,-4.592979e+00,-3.191062e-20,-7.752060e+00,-3.876030e+00
singh_calibrated_continuum,plan2,13.00,100,rot90_about_z,298.15,5.0,3.6264,2.216996e+04,16.000000,-3.812863e+01,2.664618e+01,-1.148245e+01,-7.977654e-20,-1.938015e+01,-9.690075e+00
singh_calibrated_continuum,plan2,13.00,100,rot90_about_z,300.00,1.0,3.6264,2.216996e+04,16.000000,-7.625725e+00,5.329236e+00,-2.296489e+00,-1.595531e-20,-3.852128e+00,-1.926064e+00
singh_calibrated_continuum,plan2,13.00,100,rot90_about_z,300.00,2.0,3.6264,2.216996e+04,16.000000,-1.525145e+01,1.065847e+01,-4.592979e+00,-3.191062e-20,-7.704255e+00,-3.852128e+00
singh_calibrated_continuum,plan2,13.00,100,rot90_about_z,300.00,5.0,3.6264,2.216996e+04,16.000000,-3.812863e+01,2.664618e+01,-1.148245e+01,-7.977654e-20,-1.926064e+01,-9.630319e+00
singh_calibrated_continuum,plan2,13.00,110,co_oriented,298.15,1.0,3.6264,2.216996e+04,19.378974,-1.846099e+00,1.609931e+00,-2.361677e-01,-1.640821e-21,-3.986054e-01,-1.993027e-01
singh_calibrated_continuum,plan2,13.00,110,co_oriented,298.15,2.0,3.6264,2.216996e+04,19.378974,-3.692197e+00,3.219862e+00,-4.723354e-01,-3.281642e-21,-7.972107e-01,-3.986054e-01
singh_calibrated_continuum,plan2,13.00,110,co_oriented,298.15,5.0,3.6264,2.216996e+04,19.378974,-9.230493e+00,8.049654e+00,-1.180838e+00,-8.204106e-21,-1.993027e+00,-9.965134e-01
singh_calibrated_continuum,plan2,13.00,110,co_oriented,300.00,1.0,3.6264,2.216996e+04,19.378974,-1.846099e+00,1.609931e+00,-2.361677e-01,-1.640821e-21,-3.961473e-01,-1.980737e-01
singh_calibrated_continuum,plan2,13.00,110,co_oriented,300.00,2.0,3.6264,2.216996e+04,19.378974,-3.692197e+00,3.219862e+00,-4.723354e-01,-3.281642e-21,-7.922946e-01,-3.961473e-01
singh_calibrated_continuum,plan2,13.00,110,co_oriented,300.00,5.0,3.6264,2.216996e+04,19.378974,-9.230493e+00,8.049654e+00,-1.180838e+00,-8.204106e-21,-1.980737e+00,-9.903683e-01
singh_calibrated_continuum,plan2,13.00,111,co_oriented,298.15,1.0,3.6264,2.216996e+04,21.749244,-6.466903e-01,5.870023e-01,-5.968798e-02,-4.146939e-22,-1.007418e-01,-5.037088e-02
singh_calibrated_continuum,plan2,13.00,111,co_oriented,298.15,2.0,3.6264,2.216996e+04,21.749244,-1.293381e+00,1.174005e+00,-1.193760e-01,-8.293878e-22,-2.014835e-01,-1.007418e-01
singh_calibrated_continuum,plan2,13.00,111,co_oriented,298.15,5.0,3.6264,2.216996e+04,21.749244,-3.233451e+00,2.935012e+00,-2.984399e-01,-2.073469e-21,-5.037088e-01,-2.518544e-01
singh_calibrated_continuum,plan2,13.00,111,co_oriented,300.00,1.0,3.6264,2.216996e+04,21.749244,-6.466903e-01,5.870023e-01,-5.968798e-02,-4.146939e-22,-1.001205e-01,-5.006026e-02
singh_calibrated_continuum,plan2,13.00,111,co_oriented,300.00,2.0,3.6264,2.216996e+04,21.749244,-1.293381e+00,1.174005e+00,-1.193760e-01,-8.293878e-22,-2.002410e-01,-1.001205e-01
singh_calibrated_continuum,plan2,13.00,111,co_oriented,300.00,5.0,3.6264,2.216996e+04,21.749244,-3.233451e+00,2.935012e+00,-2.984399e-01,-2.073469e-21,-5.006026e-01,-2.503013e-01
singh_calibrated_continuum,plan2,16.00,100,co_oriented,298.15,1.0,4.4632,7.705922e+04,19.000000,-1.245461e+01,1.036276e+01,-2.091855e+00,-1.453357e-20,-3.530647e+00,-1.765323e+00
singh_calibrated_continuum,plan2,16.00,100,co_oriented,298.15,2.0,4.4632,7.705922e+04,19.000000,-2.490923e+01,2.072552e+01,-4.183710e+00,-2.906714e-20,-7.061293e+00,-3.530647e+00
singh_calibrated_continuum,plan2,16.00,100,co_oriented,298.15,5.0,4.4632,7.705922e+04,19.000000,-6.227306e+01,5.181379e+01,-1.045927e+01,-7.266785e-20,-1.765323e+01,-8.826616e+00
singh_calibrated_continuum,plan2,16.00,100,co_oriented,300.00,1.0,4.4632,7.705922e+04,19.000000,-1.245461e+01,1.036276e+01,-2.091855e+00,-1.453357e-20,-3.508874e+00,-1.754437e+00
singh_calibrated_continuum,plan2,16.00,100,co_oriented,300.00,2.0,4.4632,7.705922e+04,19.000000,-2.490923e+01,2.072552e+01,-4.183710e+00,-2.906714e-20,-7.017748e+00,-3.508874e+00
singh_calibrated_continuum,plan2,16.00,100,co_oriented,300.00,5.0,4.4632,7.705922e+04,19.000000,-6.227306e+01,5.181379e+01,-1.045927e+01,-7.266785e-20,-1.754437e+01,-8.772186e+00
singh_calibrated_continuum,plan2,16.00,100,twist45_about_axis,298.15,1.0,4.4632,7.705922e+04,19.000000,-1.229838e+01,1.004002e+01,-2.258366e+00,-1.569044e-20,-3.811685e+00,-1.905843e+00
singh_calibrated_continuum,plan2,16.00,100,twist45_about_axis,298.15,2.0,4.4632,7.705922e+04,19.000000,-2.459676e+01,2.008003e+01,-4.516732e+00,-3.138088e-20,-7.623371e+00,-3.811685e+00
singh_calibrated_continuum,plan2,16.00,100,twist45_about_axis,298.15,5.0,4.4632,7.705922e+04,19.000000,-6.149191e+01,5.020008e+01,-1.129183e+01,-7.845220e-20,-1.905843e+01,-9.529213e+00
singh_calibrated_continuum,plan2,16.00,100,twist45_about_axis,300.00,1.0,4.4632,7.705922e+04,19.000000,-1.229838e+01,1.004002e+01,-2.258366e+00,-1.569044e-20,-3.788180e+00,-1.894090e+00
singh_calibrated_continuum,plan2,16.00,100,twist45_about_axis,300.00,2.0,4.4632,7.705922e+04,19.000000,-2.459676e+01,2.008003e+01,-4.516732e+00,-3.138088e-20,-7.576360e+00,-3.788180e+00
singh_calibrated_continuum,plan2,16.00,100,twist45_about_axis,300.00,5.0,4.4632,7.705922e+04,19.000000,-6.149191e+01,5.020008e+01,-1.129183e+01,-7.845220e-20,-1.894090e+01,-9.470450e+00
singh_calibrated_continuum,plan2,16.00,100,tilt15_about_z,298.15,1.0,4.4632,7.705922e+04,20.019576,-7.271739e+00,5.609027e+00,-1.662712e+00,-1.155202e-20,-2.806336e+00,-1.403168e+00
singh_calibrated_continuum,plan2,16.00,100,tilt15_about_z,298.15,2.0,4.4632,7.705922e+04,20.019576,-1.454348e+01,1.121805e+01,-3.325424e+00,-2.310403e-20,-5.612672e+00,-2.806336e+00
singh_calibrated_continuum,plan2,16.00,100,tilt15_about_z,298.15,5.0,4.4632,7.705922e+04,20.019576,-3.635870e+01,2.804514e+01,-8.313560e+00,-5.776008e-20,-1.403168e+01,-7.015840e+00
singh_calibrated_continuum,plan2,16.00,100,tilt15_about_z,300.00,1.0,4.4632,7.705922e+04,20.019576,-7.271739e+00,5.609027e+00,-1.662712e+00,-1.155202e-20,-2.789030e+00,-1.394515e+00
singh_calibrated_continuum,plan2,16.00,100,tilt15_about_z,300.00,2.0,4.4632,7.705922e+04,20.019576,-1.454348e+01,1.121805e+01,-3.325424e+00,-2.310403e-20,-5.578061e+00,-2.789030e+00
singh_calibrated_continuum,plan2,16.00,100,tilt15_about_z,300.00,5.0,4.4632,7.705922e+04,20.019576,-3.635870e+01,2.804514e+01,-8.313560e+00,-5.776008e-20,-1.394515e+01,-6.972576e+00
singh_calibrated_continuum,plan2,16.00,100,rot90_about_z,298.15,1.0,4.4632,7.705922e+04,19.000000,-1.245461e+01,1.036276e+01,-2.091855e+00,-1.453357e-20,-3.530647e+00,-1.765323e+00
singh_calibrated_continuum,plan2,16.00,100,rot90_about_z,298.15,2.0,4.4632,7.705922e+04,19.000000,-2.490923e+01,2.072552e+01,-4.183710e+00,-2.906714e-20,-7.061293e+00,-3.530647e+00
singh_calibrated_continuum,plan2,16.00,100,rot90_about_z,298.15,5.0,4.4632,7.705922e+04,19.000000,-6.227306e+01,5.181379e+01,-1.045927e+01,-7.266785e-20,-1.765323e+01,-8.826616e+00
singh_calibrated_continuum,plan2,16.00,100,rot90_about_z,300.00,1.0,4.4632,7.705922e+04,19.000000,-1.245461e+01,1.036276e+01,-2.091855e+00,-1.453357e-20,-3.508874e+00,-1.754437e+00
singh_calibrated_continuum,plan2,16.00,100,rot90_about_z,300.00,2.0,4.4632,7.705922e+04,19.000000,-2.490923e+01,2.072552e+01,-4.183710e+00,-2.906714e-20,-7.017748e+00,-3.508874e+00
singh_calibrated_continuum,plan2,16.00,100,rot90_about_z,300.00,5.0,4.4632,7.705922e+04,19.000000,-6.227306e+01,5.181379e+01,-1.045927e+01,-7.266785e-20,-1.754437e+01,-8.772186e+00
singh_calibrated_continuum,plan2,16.00,110,co_oriented,298.15,1.0,4.4632,7.705922e+04,23.158737,-2.824390e+00,2.966627e+00,1.422375e-01,9.882227e-22,2.400694e-01,1.200347e-01
singh_calibrated_continuum,plan2,16.00,110,co_oriented,298.15,2.0,4.4632,7.705922e+04,23.158737,-5.648779e+00,5.933254e+00,2.844750e-01,1.976445e-21,4.801387e-01,2.400694e-01
singh_calibrated_continuum,plan2,16.00,110,co_oriented,298.15,5.0,4.4632,7.705922e+04,23.158737,-1.412195e+01,1.483314e+01,7.111874e-01,4.941113e-21,1.200347e+00,6.001734e-01
singh_calibrated_continuum,plan2,16.00,110,co_oriented,300.00,1.0,4.4632,7.705922e+04,23.158737,-2.824390e+00,2.966627e+00,1.422375e-01,9.882227e-22,2.385889e-01,1.192945e-01
singh_calibrated_continuum,plan2,16.00,110,co_oriented,300.00,2.0,4.4632,7.705922e+04,23.158737,-5.648779e+00,5.933254e+00,2.844750e-01,1.976445e-21,4.771778e-01,2.385889e-01
singh_calibrated_continuum,plan2,16.00,110,co_oriented,300.00,5.0,4.4632,7.705922e+04,23.158737,-1.412195e+01,1.483314e+01,7.111874e-01,4.941113e-21,1.192945e+00,5.964723e-01
singh_calibrated_continuum,plan2,16.00,111,co_oriented,298.15,1.0,4.4632,7.705922e+04,26.075993,-9.062134e-01,1.027392e+00,1.211787e-01,8.419130e-22,2.045263e-01,1.022631e-01
singh_calibrated_continuum,plan2,16.00,111,co_oriented,298.15,2.0,4.4632,7.705922e+04,26.075993,-1.812427e+00,2.054784e+00,2.423575e-01,1.683826e-21,4.090525e-01,2.045263e-01
singh_calibrated_continuum,plan2,16.00,111,co_oriented,298.15,5.0,4.4632,7.705922e+04,26.075993,-4.531067e+00,5.136961e+00,6.058937e-01,4.209565e-21,1.022631e+00,5.113157e-01
singh_calibrated_continuum,plan2,16.00,111,co_oriented,300.00,1.0,4.4632,7.705922e+04,26.075993,-9.062134e-01,1.027392e+00,1.211787e-01,8.419130e-22,2.032650e-01,1.016325e-01
singh_calibrated_continuum,plan2,16.00,111,co_oriented,300.00,2.0,4.4632,7.705922e+04,26.075993,-1.812427e+00,2.054784e+00,2.423575e-01,1.683826e-21,4.065301e-01,2.032650e-01
singh_calibrated_continuum,plan2,16.00,111,co_oriented,300.00,5.0,4.4632,7.705922e+04,26.075993,-4.531067e+00,5.136961e+00,6.058937e-01,4.209565e-21,1.016325e+00,5.081626e-01
singh_calibrated_continuum,plan2,19.50,100,co_oriented,298.15,1.0,5.4396,2.525297e+05,22.500000,-1.949733e+01,1.817679e+01,-1.320541e+00,-9.174713e-21,-2.228817e+00,-1.114408e+00
singh_calibrated_continuum,plan2,19.50,100,co_oriented,298.15,2.0,5.4396,2.525297e+05,22.500000,-3.899466e+01,3.635358e+01,-2.641081e+00,-1.834943e-20,-4.457634e+00,-2.228817e+00
singh_calibrated_continuum,plan2,19.50,100,co_oriented,298.15,5.0,5.4396,2.525297e+05,22.500000,-9.748665e+01,9.088395e+01,-6.602703e+00,-4.587357e-20,-1.114408e+01,-5.572042e+00
singh_calibrated_continuum,plan2,19.50,100,co_oriented,300.00,1.0,5.4396,2.525297e+05,22.500000,-1.949733e+01,1.817679e+01,-1.320541e+00,-9.174713e-21,-2.215073e+00,-1.107536e+00
singh_calibrated_continuum,plan2,19.50,100,co_oriented,300.00,2.0,5.4396,2.525297e+05,22.500000,-3.899466e+01,3.635358e+01,-2.641081e+00,-1.834943e-20,-4.430145e+00,-2.215073e+00
singh_calibrated_continuum,plan2,19.50,100,co_oriented,300.00,5.0,5.4396,2.525297e+05,22.500000,-9.748665e+01,9.088395e+01,-6.602703e+00,-4.587357e-20,-1.107536e+01,-5.537681e+00
singh_calibrated_continuum,plan2,19.50,100,twist45_about_axis,298.15,1.0,5.4396,2.525297e+05,22.500000,-1.914299e+01,1.757028e+01,-1.572710e+00,-1.092671e-20,-2.654431e+00,-1.327215e+00
singh_calibrated_continuum,plan2,19.50,100,twist45_about_axis,298.15,2.0,5.4396,2.525297e+05,22.500000,-3.828599e+01,3.514056e+01,-3.145421e+00,-2.185342e-20,-5.308861e+00,-2.654431e+00
singh_calibrated_continuum,plan2,19.50,100,twist45_about_axis,298.15,5.0,5.4396,2.525297e+05,22.500000,-9.571496e+01,8.785141e+01,-7.863551e+00,-5.463356e-20,-1.327215e+01,-6.636077e+00
singh_calibrated_continuum,plan2,19.50,100,twist45_about_axis,300.00,1.0,5.4396,2.525297e+05,22.500000,-1.914299e+01,1.757028e+01,-1.572710e+00,-1.092671e-20,-2.638062e+00,-1.319031e+00
singh_calibrated_continuum,plan2,19.50,100,twist45_about_axis,300.00,2.0,5.4396,2.525297e+05,22.500000,-3.828599e+01,3.514056e+01,-3.145421e+00,-2.185342e-20,-5.276123e+00,-2.638062e+00
singh_calibrated_continuum,plan2,19.50,100,twist45_about_axis,300.00,5.0,5.4396,2.525297e+05,22.500000,-9.571496e+01,8.785141e+01,-7.863551e+00,-5.463356e-20,-1.319031e+01,-6.595154e+00
singh_calibrated_continuum,plan2,19.50,100,tilt15_about_z,298.15,1.0,5.4396,2.525297e+05,23.742490,-1.077838e+01,9.501100e+00,-1.277276e+00,-8.874128e-21,-2.155796e+00,-1.077898e+00
singh_calibrated_continuum,plan2,19.50,100,tilt15_about_z,298.15,2.0,5.4396,2.525297e+05,23.742490,-2.155675e+01,1.900220e+01,-2.554553e+00,-1.774826e-20,-4.311591e+00,-2.155796e+00
singh_calibrated_continuum,plan2,19.50,100,tilt15_about_z,298.15,5.0,5.4396,2.525297e+05,23.742490,-5.389188e+01,4.750550e+01,-6.386382e+00,-4.437064e-20,-1.077898e+01,-5.389489e+00
singh_calibrated_continuum,plan2,19.50,100,tilt15_about_z,300.00,1.0,5.4396,2.525297e+05,23.742490,-1.077838e+01,9.501100e+00,-1.277276e+00,-8.874128e-21,-2.142502e+00,-1.071251e+00
singh_calibrated_continuum,plan2,19.50,100,tilt15_about_z,300.00,2.0,5.4396,2.525297e+05,23.742490,-2.155675e+01,1.900220e+01,-2.554553e+00,-1.774826e-20,-4.285003e+00,-2.142502e+00
singh_calibrated_continuum,plan2,19.50,100,tilt15_about_z,300.00,5.0,5.4396,2.525297e+05,23.742490,-5.389188e+01,4.750550e+01,-6.386382e+00,-4.437064e-20,-1.071251e+01,-5.356254e+00
singh_calibrated_continuum,plan2,19.50,100,rot90_about_z,298.15,1.0,5.4396,2.525297e+05,22.500000,-1.949733e+01,1.817679e+01,-1.320541e+00,-9.174713e-21,-2.228817e+00,-1.114408e+00
singh_calibrated_continuum,plan2,19.50,100,rot90_about_z,298.15,2.0,5.4396,2.525297e+05,22.500000,-3.899466e+01,3.635358e+01,-2.641081e+00,-1.834943e-20,-4.457634e+00,-2.228817e+00
singh_calibrated_continuum,plan2,19.50,100,rot90_about_z,298.15,5.0,5.4396,2.525297e+05,22.500000,-9.748665e+01,9.088395e+01,-6.602703e+00,-4.587357e-20,-1.114408e+01,-5.572042e+00
singh_calibrated_continuum,plan2,19.50,100,rot90_about_z,300.00,1.0,5.4396,2.525297e+05,22.500000,-1.949733e+01,1.817679e+01,-1.320541e+00,-9.174713e-21,-2.215073e+00,-1.107536e+00
singh_calibrated_continuum,plan2,19.50,100,rot90_about_z,300.00,2.0,5.4396,2.525297e+05,22.500000,-3.899466e+01,3.635358e+01,-2.641081e+00,-1.834943e-20,-4.430145e+00,-2.215073e+00
singh_calibrated_continuum,plan2,19.50,100,rot90_about_z,300.00,5.0,5.4396,2.525297e+05,22.500000,-9.748665e+01,9.088395e+01,-6.602703e+00,-4.587357e-20,-1.107536e+01,-5.537681e+00
singh_calibrated_continuum,plan2,19.50,110,co_oriented,298.15,1.0,5.4396,2.525297e+05,27.568460,-4.198442e+00,4.967783e+00,7.693407e-01,5.345145e-21,1.298498e+00,6.492492e-01
singh_calibrated_continuum,plan2,19.50,110,co_oriented,298.15,2.0,5.4396,2.525297e+05,27.568460,-8.396884e+00,9.935565e+00,1.538681e+00,1.069029e-20,2.596997e+00,1.298498e+00
singh_calibrated_continuum,plan2,19.50,110,co_oriented,298.15,5.0,5.4396,2.525297e+05,27.568460,-2.099221e+01,2.483891e+01,3.846704e+00,2.672573e-20,6.492492e+00,3.246246e+00
singh_calibrated_continuum,plan2,19.50,110,co_oriented,300.00,1.0,5.4396,2.525297e+05,27.568460,-4.198442e+00,4.967783e+00,7.693407e-01,5.345145e-21,1.290491e+00,6.452455e-01
singh_calibrated_continuum,plan2,19.50,110,co_oriented,300.00,2.0,5.4396,2.525297e+05,27.568460,-8.396884e+00,9.935565e+00,1.538681e+00,1.069029e-20,2.580982e+00,1.290491e+00
singh_calibrated_continuum,plan2,19.50,110,co_oriented,300.00,5.0,5.4396,2.525297e+05,27.568460,-2.099221e+01,2.483891e+01,3.846704e+00,2.672573e-20,6.452455e+00,3.226227e+00
singh_calibrated_continuum,plan2,19.50,111,co_oriented,298.15,1.0,5.4396,2.525297e+05,31.123867,-1.227270e+00,1.646483e+00,4.192127e-01,2.912562e-21,7.075500e-01,3.537750e-01
singh_calibrated_continuum,plan2,19.50,111,co_oriented,298.15,2.0,5.4396,2.525297e+05,31.123867,-2.454541e+00,3.292966e+00,8.384254e-01,5.825124e-21,1.415100e+00,7.075500e-01
singh_calibrated_continuum,plan2,19.50,111,co_oriented,298.15,5.0,5.4396,2.525297e+05,31.123867,-6.136352e+00,8.232416e+00,2.096064e+00,1.456281e-20,3.537750e+00,1.768875e+00
singh_calibrated_continuum,plan2,19.50,111,co_oriented,300.00,1.0,5.4396,2.525297e+05,31.123867,-1.227270e+00,1.646483e+00,4.192127e-01,2.912562e-21,7.031867e-01,3.515934e-01
singh_calibrated_continuum,plan2,19.50,111,co_oriented,300.00,2.0,5.4396,2.525297e+05,31.123867,-2.454541e+00,3.292966e+00,8.384254e-01,5.825124e-21,1.406373e+00,7.031867e-01
singh_calibrated_continuum,plan2,19.50,111,co_oriented,300.00,5.0,5.4396,2.525297e+05,31.123867,-6.136352e+00,8.232416e+00,2.096064e+00,1.456281e-20,3.515934e+00,1.757967e+00
singh_calibrated_continuum,plan3,13.00,100,co_oriented,298.15,1.0,3.7296,2.734168e+04,16.000000,-7.625725e+00,5.848117e+00,-1.777608e+00,-1.235028e-20,-3.000259e+00,-1.500129e+00
singh_calibrated_continuum,plan3,13.00,100,co_oriented,298.15,2.0,3.7296,2.734168e+04,16.000000,-1.525145e+01,1.169623e+01,-3.555216e+00,-2.470056e-20,-6.000518e+00,-3.000259e+00
singh_calibrated_continuum,plan3,13.00,100,co_oriented,298.15,5.0,3.7296,2.734168e+04,16.000000,-3.812863e+01,2.924059e+01,-8.888041e+00,-6.175140e-20,-1.500129e+01,-7.500647e+00
singh_calibrated_continuum,plan3,13.00,100,co_oriented,300.00,1.0,3.7296,2.734168e+04,16.000000,-7.625725e+00,5.848117e+00,-1.777608e+00,-1.235028e-20,-2.981757e+00,-1.490879e+00
singh_calibrated_continuum,plan3,13.00,100,co_oriented,300.00,2.0,3.7296,2.734168e+04,16.000000,-1.525145e+01,1.169623e+01,-3.555216e+00,-2.470056e-20,-5.963514e+00,-2.981757e+00
singh_calibrated_continuum,plan3,13.00,100,co_oriented,300.00,5.0,3.7296,2.734168e+04,16.000000,-3.812863e+01,2.924059e+01,-8.888041e+00,-6.175140e-20,-1.490879e+01,-7.454393e+00
singh_calibrated_continuum,plan3,13.00,100,twist45_about_axis,298.15,1.0,3.7296,2.734168e+04,16.000000,-7.560034e+00,5.682101e+00,-1.877933e+00,-1.304730e-20,-3.169587e+00,-1.584794e+00
singh_calibrated_continuum,plan3,13.00,100,twist45_about_axis,298.15,2.0,3.7296,2.734168e+04,16.000000,-1.512007e+01,1.136420e+01,-3.755866e+00,-2.609461e-20,-6.339175e+00,-3.169587e+00
singh_calibrated_continuum,plan3,13.00,100,twist45_about_axis,298.15,5.0,3.7296,2.734168e+04,16.000000,-3.780017e+01,2.841050e+01,-9.389664e+00,-6.523652e-20,-1.584794e+01,-7.923968e+00
singh_calibrated_continuum,plan3,13.00,100,twist45_about_axis,300.00,1.0,3.7296,2.734168e+04,16.000000,-7.560034e+00,5.682101e+00,-1.877933e+00,-1.304730e-20,-3.150041e+00,-1.575021e+00
singh_calibrated_continuum,plan3,13.00,100,twist45_about_axis,300.00,2.0,3.7296,2.734168e+04,16.000000,-1.512007e+01,1.136420e+01,-3.755866e+00,-2.609461e-20,-6.300083e+00,-3.150041e+00
singh_calibrated_continuum,plan3,13.00,100,twist45_about_axis,300.00,5.0,3.7296,2.734168e+04,16.000000,-3.780017e+01,2.841050e+01,-9.389664e+00,-6.523652e-20,-1.575021e+01,-7.875104e+00
singh_calibrated_continuum,plan3,13.00,100,tilt15_about_z,298.15,1.0,3.7296,2.734168e+04,16.828505,-4.691488e+00,3.313259e+00,-1.378228e+00,-9.575511e-21,-2.326183e+00,-1.163091e+00
singh_calibrated_continuum,plan3,13.00,100,tilt15_about_z,298.15,2.0,3.7296,2.734168e+04,16.828505,-9.382975e+00,6.626519e+00,-2.756457e+00,-1.915102e-20,-4.652366e+00,-2.326183e+00
singh_calibrated_continuum,plan3,13.00,100,tilt15_about_z,298.15,5.0,3.7296,2.734168e+04,16.828505,-2.345744e+01,1.656630e+01,-6.891142e+00,-4.787755e-20,-1.163091e+01,-5.815457e+00
singh_calibrated_continuum,plan3,13.00,100,tilt15_about_z,300.00,1.0,3.7296,2.734168e+04,16.828505,-4.691488e+00,3.313259e+00,-1.378228e+00,-9.575511e-21,-2.311838e+00,-1.155919e+00
singh_calibrated_continuum,plan3,13.00,100,tilt15_about_z,300.00,2.0,3.7296,2.734168e+04,16.828505,-9.382975e+00,6.626519e+00,-2.756457e+00,-1.915102e-20,-4.623676e+00,-2.311838e+00
singh_calibrated_continuum,plan3,13.00,100,tilt15_about_z,300.00,5.0,3.7296,2.734168e+04,16.828505,-2.345744e+01,1.656630e+01,-6.891142e+00,-4.787755e-20,-1.155919e+01,-5.779595e+00
singh_calibrated_continuum,plan3,13.00,100,rot90_about_z,298.15,1.0,3.7296,2.734168e+04,16.000000,-7.625725e+00,5.848117e+00,-1.777608e+00,-1.235028e-20,-3.000259e+00,-1.500129e+00
singh_calibrated_continuum,plan3,13.00,100,rot90_about_z,298.15,2.0,3.7296,2.734168e+04,16.000000,-1.525145e+01,1.169623e+01,-3.555216e+00,-2.470056e-20,-6.000518e+00,-3.000259e+00
singh_calibrated_continuum,plan3,13.00,100,rot90_about_z,298.15,5.0,3.7296,2.734168e+04,16.000000,-3.812863e+01,2.924059e+01,-8.888041e+00,-6.175140e-20,-1.500129e+01,-7.500647e+00
singh_calibrated_continuum,plan3,13.00,100,rot90_about_z,300.00,1.0,3.7296,2.734168e+04,16.000000,-7.625725e+00,5.848117e+00,-1.777608e+00,-1.235028e-20,-2.981757e+00,-1.490879e+00
singh_calibrated_continuum,plan3,13.00,100,rot90_about_z,300.00,2.0,3.7296,2.734168e+04,16.000000,-1.525145e+01,1.169623e+01,-3.555216e+00,-2.470056e-20,-5.963514e+00,-2.981757e+00
singh_calibrated_continuum,plan3,13.00,100,rot90_about_z,300.00,5.0,3.7296,2.734168e+04,16.000000,-3.812863e+01,2.924059e+01,-8.888041e+00,-6.175140e-20,-1.490879e+01,-7.454393e+00
singh_calibrated_continuum,plan3,13.00,110,co_oriented,298.15,1.0,3.7296,2.734168e+04,19.378974,-1.846099e+00,1.779587e+00,-6.651198e-02,-4.621050e-22,-1.122594e-01,-5.612968e-02
singh_calibrated_continuum,plan3,13.00,110,co_oriented,298.15,2.0,3.7296,2.734168e+04,19.378974,-3.692197e+00,3.559173e+00,-1.330240e-01,-9.242100e-22,-2.245187e-01,-1.122594e-01
singh_calibrated_continuum,plan3,13.00,110,co_oriented,298.15,5.0,3.7296,2.734168e+04,19.378974,-9.230493e+00,8.897933e+00,-3.325599e-01,-2.310525e-21,-5.612968e-01,-2.806484e-01
singh_calibrated_continuum,plan3,13.00,110,co_oriented,300.00,1.0,3.7296,2.734168e+04,19.378974,-1.846099e+00,1.779587e+00,-6.651198e-02,-4.621050e-22,-1.115671e-01,-5.578355e-02
singh_calibrated_continuum,plan3,13.00,110,co_oriented,300.00,2.0,3.7296,2.734168e+04,19.378974,-3.692197e+00,3.559173e+00,-1.330240e-01,-9.242100e-22,-2.231342e-01,-1.115671e-01
singh_calibrated_continuum,plan3,13.00,110,co_oriented,300.00,5.0,3.7296,2.734168e+04,19.378974,-9.230493e+00,8.897933e+00,-3.325599e-01,-2.310525e-21,-5.578355e-01,-2.789177e-01
singh_calibrated_continuum,plan3,13.00,111,co_oriented,298.15,1.0,3.7296,2.734168e+04,21.749244,-6.466903e-01,6.535298e-01,6.839549e-03,4.751911e-23,1.154384e-02,5.771918e-03
singh_calibrated_continuum,plan3,13.00,111,co_oriented,298.15,2.0,3.7296,2.734168e+04,21.749244,-1.293381e+00,1.307060e+00,1.367910e-02,9.503821e-23,2.308767e-02,1.154384e-02
singh_calibrated_continuum,plan3,13.00,111,co_oriented,298.15,5.0,3.7296,2.734168e+04,21.749244,-3.233451e+00,3.267649e+00,3.419775e-02,2.375955e-22,5.771918e-02,2.885959e-02
singh_calibrated_continuum,plan3,13.00,111,co_oriented,300.00,1.0,3.7296,2.734168e+04,21.749244,-6.466903e-01,6.535298e-01,6.839549e-03,4.751911e-23,1.147265e-02,5.736325e-03
singh_calibrated_continuum,plan3,13.00,111,co_oriented,300.00,2.0,3.7296,2.734168e+04,21.749244,-1.293381e+00,1.307060e+00,1.367910e-02,9.503821e-23,2.294530e-02,1.147265e-02
singh_calibrated_continuum,plan3,13.00,111,co_oriented,300.00,5.0,3.7296,2.734168e+04,21.749244,-3.233451e+00,3.267649e+00,3.419775e-02,2.375955e-22,5.736325e-02,2.868162e-02
singh_calibrated_continuum,plan3,16.00,100,co_oriented,298.15,1.0,3.7296,2.734168e+04,19.000000,-1.245461e+01,8.050207e+00,-4.404405e+00,-3.060047e-20,-7.433784e+00,-3.716892e+00
singh_calibrated_continuum,plan3,16.00,100,co_oriented,298.15,2.0,3.7296,2.734168e+04,19.000000,-2.490923e+01,1.610041e+01,-8.808811e+00,-6.120093e-20,-1.486757e+01,-7.433784e+00
singh_calibrated_continuum,plan3,16.00,100,co_oriented,298.15,5.0,3.7296,2.734168e+04,19.000000,-6.227306e+01,4.025104e+01,-2.202203e+01,-1.530023e-19,-3.716892e+01,-1.858446e+01
singh_calibrated_continuum,plan3,16.00,100,co_oriented,300.00,1.0,3.7296,2.734168e+04,19.000000,-1.245461e+01,8.050207e+00,-4.404405e+00,-3.060047e-20,-7.387943e+00,-3.693971e+00
singh_calibrated_continuum,plan3,16.00,100,co_oriented,300.00,2.0,3.7296,2.734168e+04,19.000000,-2.490923e+01,1.610041e+01,-8.808811e+00,-6.120093e-20,-1.477589e+01,-7.387943e+00
singh_calibrated_continuum,plan3,16.00,100,co_oriented,300.00,5.0,3.7296,2.734168e+04,19.000000,-6.227306e+01,4.025104e+01,-2.202203e+01,-1.530023e-19,-3.693971e+01,-1.846986e+01
singh_calibrated_continuum,plan3,16.00,100,twist45_about_axis,298.15,1.0,3.7296,2.734168e+04,19.000000,-1.229838e+01,7.791524e+00,-4.506857e+00,-3.131227e-20,-7.606703e+00,-3.803352e+00
singh_calibrated_continuum,plan3,16.00,100,twist45_about_axis,298.15,2.0,3.7296,2.734168e+04,19.000000,-2.459676e+01,1.558305e+01,-9.013714e+00,-6.262454e-20,-1.521341e+01,-7.606703e+00
singh_calibrated_continuum,plan3,16.00,100,twist45_about_axis,298.15,5.0,3.7296,2.734168e+04,19.000000,-6.149191e+01,3.895762e+01,-2.253429e+01,-1.565614e-19,-3.803352e+01,-1.901676e+01
singh_calibrated_continuum,plan3,16.00,100,twist45_about_axis,300.00,1.0,3.7296,2.734168e+04,19.000000,-1.229838e+01,7.791524e+00,-4.506857e+00,-3.131227e-20,-7.559795e+00,-3.779898e+00
singh_calibrated_continuum,plan3,16.00,100,twist45_about_axis,300.00,2.0,3.7296,2.734168e+04,19.000000,-2.459676e+01,1.558305e+01,-9.013714e+00,-6.262454e-20,-1.511959e+01,-7.559795e+00
singh_calibrated_continuum,plan3,16.00,100,twist45_about_axis,300.00,5.0,3.7296,2.734168e+04,19.000000,-6.149191e+01,3.895762e+01,-2.253429e+01,-1.565614e-19,-3.779898e+01,-1.889949e+01
singh_calibrated_continuum,plan3,16.00,100,tilt15_about_z,298.15,1.0,3.7296,2.734168e+04,20.019576,-7.271739e+00,4.182752e+00,-3.088987e+00,-2.146134e-20,-5.213613e+00,-2.606806e+00
singh_calibrated_continuum,plan3,16.00,100,tilt15_about_z,298.15,2.0,3.7296,2.734168e+04,20.019576,-1.454348e+01,8.365504e+00,-6.177974e+00,-4.292268e-20,-1.042723e+01,-5.213613e+00
singh_calibrated_continuum,plan3,16.00,100,tilt15_about_z,298.15,5.0,3.7296,2.734168e+04,20.019576,-3.635870e+01,2.091376e+01,-1.544494e+01,-1.073067e-19,-2.606806e+01,-1.303403e+01
singh_calibrated_continuum,plan3,16.00,100,tilt15_about_z,300.00,1.0,3.7296,2.734168e+04,20.019576,-7.271739e+00,4.182752e+00,-3.088987e+00,-2.146134e-20,-5.181462e+00,-2.590731e+00
singh_calibrated_continuum,plan3,16.00,100,tilt15_about_z,300.00,2.0,3.7296,2.734168e+04,20.019576,-1.454348e+01,8.365504e+00,-6.177974e+00,-4.292268e-20,-1.036292e+01,-5.181462e+00
singh_calibrated_continuum,plan3,16.00,100,tilt15_about_z,300.00,5.0,3.7296,2.734168e+04,20.019576,-3.635870e+01,2.091376e+01,-1.544494e+01,-1.073067e-19,-2.590731e+01,-1.295365e+01
singh_calibrated_continuum,plan3,16.00,100,rot90_about_z,298.15,1.0,3.7296,2.734168e+04,19.000000,-1.245461e+01,8.050207e+00,-4.404405e+00,-3.060047e-20,-7.433784e+00,-3.716892e+00
singh_calibrated_continuum,plan3,16.00,100,rot90_about_z,298.15,2.0,3.7296,2.734168e+04,19.000000,-2.490923e+01,1.610041e+01,-8.808811e+00,-6.120093e-20,-1.486757e+01,-7.433784e+00
singh_calibrated_continuum,plan3,16.00,100,rot90_about_z,298.15,5.0,3.7296,2.734168e+04,19.000000,-6.227306e+01,4.025104e+01,-2.202203e+01,-1.530023e-19,-3.716892e+01,-1.858446e+01
singh_calibrated_continuum,plan3,16.00,100,rot90_about_z,300.00,1.0,3.7296,2.734168e+04,19.000000,-1.245461e+01,8.050207e+00,-4.404405e+00,-3.060047e-20,-7.387943e+00,-3.693971e+00
singh_calibrated_continuum,plan3,16.00,100,rot90_about_z,300.00,2.0,3.7296,2.734168e+04,19.000000,-2.490923e+01,1.610041e+01,-8.808811e+00,-6.120093e-20,-1.477589e+01,-7.387943e+00
singh_calibrated_continuum,plan3,16.00,100,rot90_about_z,300.00,5.0,3.7296,2.734168e+04,19.000000,-6.227306e+01,4.025104e+01,-2.202203e+01,-1.530023e-19,-3.693971e+01,-1.846986e+01
singh_calibrated_continuum,plan3,16.00,110,co_oriented,298.15,1.0,3.7296,2.734168e+04,23.158737,-2.824390e+00,2.195819e+00,-6.285710e-01,-4.367120e-21,-1.060906e+00,-5.304531e-01
singh_calibrated_continuum,plan3,16.00,110,co_oriented,298.15,2.0,3.7296,2.734168e+04,23.158737,-5.648779e+00,4.391637e+00,-1.257142e+00,-8.734240e-21,-2.121813e+00,-1.060906e+00
singh_calibrated_continuum,plan3,16.00,110,co_oriented,298.15,5.0,3.7296,2.734168e+04,23.158737,-1.412195e+01,1.097909e+01,-3.142855e+00,-2.183560e-20,-5.304531e+00,-2.652266e+00
singh_calibrated_continuum,plan3,16.00,110,co_oriented,300.00,1.0,3.7296,2.734168e+04,23.158737,-2.824390e+00,2.195819e+00,-6.285710e-01,-4.367120e-21,-1.054364e+00,-5.271820e-01
singh_calibrated_continuum,plan3,16.00,110,co_oriented,300.00,2.0,3.7296,2.734168e+04,23.158737,-5.648779e+00,4.391637e+00,-1.257142e+00,-8.734240e-21,-2.108728e+00,-1.054364e+00
singh_calibrated_continuum,plan3,16.00,110,co_oriented,300.00,5.0,3.7296,2.734168e+04,23.158737,-1.412195e+01,1.097909e+01,-3.142855e+00,-2.183560e-20,-5.271820e+00,-2.635910e+00
singh_calibrated_continuum,plan3,16.00,111,co_oriented,298.15,1.0,3.7296,2.734168e+04,26.075993,-9.062134e-01,7.249569e-01,-1.812565e-01,-1.259315e-21,-3.059259e-01,-1.529630e-01
singh_calibrated_continuum,plan3,16.00,111,co_oriented,298.15,2.0,3.7296,2.734168e+04,26.075993,-1.812427e+00,1.449914e+00,-3.625130e-01,-2.518630e-21,-6.118518e-01,-3.059259e-01
singh_calibrated_continuum,plan3,16.00,111,co_oriented,298.15,5.0,3.7296,2.734168e+04,26.075993,-4.531067e+00,3.624785e+00,-9.062825e-01,-6.296575e-21,-1.529630e+00,-7.648148e-01
singh_calibrated_continuum,plan3,16.00,111,co_oriented,300.00,1.0,3.7296,2.734168e+04,26.075993,-9.062134e-01,7.249569e-01,-1.812565e-01,-1.259315e-21,-3.040394e-01,-1.520197e-01
singh_calibrated_continuum,plan3,16.00,111,co_oriented,300.00,2.0,3.7296,2.734168e+04,26.075993,-1.812427e+00,1.449914e+00,-3.625130e-01,-2.518630e-21,-6.080787e-01,-3.040394e-01
singh_calibrated_continuum,plan3,16.00,111,co_oriented,300.00,5.0,3.7296,2.734168e+04,26.075993,-4.531067e+00,3.624785e+00,-9.062825e-01,-6.296575e-21,-1.520197e+00,-7.600984e-01
singh_calibrated_continuum,plan3,19.50,100,co_oriented,298.15,1.0,3.7296,2.734168e+04,22.500000,-1.949733e+01,1.097097e+01,-8.526362e+00,-5.923857e-20,-1.439085e+01,-7.195425e+00
singh_calibrated_continuum,plan3,19.50,100,co_oriented,298.15,2.0,3.7296,2.734168e+04,22.500000,-3.899466e+01,2.194194e+01,-1.705272e+01,-1.184771e-19,-2.878170e+01,-1.439085e+01
singh_calibrated_continuum,plan3,19.50,100,co_oriented,298.15,5.0,3.7296,2.734168e+04,22.500000,-9.748665e+01,5.485484e+01,-4.263181e+01,-2.961928e-19,-7.195425e+01,-3.597713e+01
singh_calibrated_continuum,plan3,19.50,100,co_oriented,300.00,1.0,3.7296,2.734168e+04,22.500000,-1.949733e+01,1.097097e+01,-8.526362e+00,-5.923857e-20,-1.430211e+01,-7.151053e+00
singh_calibrated_continuum,plan3,19.50,100,co_oriented,300.00,2.0,3.7296,2.734168e+04,22.500000,-3.899466e+01,2.194194e+01,-1.705272e+01,-1.184771e-19,-2.860421e+01,-1.430211e+01
singh_calibrated_continuum,plan3,19.50,100,co_oriented,300.00,5.0,3.7296,2.734168e+04,22.500000,-9.748665e+01,5.485484e+01,-4.263181e+01,-2.961928e-19,-7.151053e+01,-3.575527e+01
singh_calibrated_continuum,plan3,19.50,100,twist45_about_axis,298.15,1.0,3.7296,2.734168e+04,22.500000,-1.914299e+01,1.058290e+01,-8.560093e+00,-5.947292e-20,-1.444778e+01,-7.223891e+00
singh_calibrated_continuum,plan3,19.50,100,twist45_about_axis,298.15,2.0,3.7296,2.734168e+04,22.500000,-3.828599e+01,2.116580e+01,-1.712019e+01,-1.189458e-19,-2.889556e+01,-1.444778e+01
singh_calibrated_continuum,plan3,19.50,100,twist45_about_axis,298.15,5.0,3.7296,2.734168e+04,22.500000,-9.571496e+01,5.291450e+01,-4.280047e+01,-2.973646e-19,-7.223891e+01,-3.611945e+01
singh_calibrated_continuum,plan3,19.50,100,twist45_about_axis,300.00,1.0,3.7296,2.734168e+04,22.500000,-1.914299e+01,1.058290e+01,-8.560093e+00,-5.947292e-20,-1.435869e+01,-7.179343e+00
singh_calibrated_continuum,plan3,19.50,100,twist45_about_axis,300.00,2.0,3.7296,2.734168e+04,22.500000,-3.828599e+01,2.116580e+01,-1.712019e+01,-1.189458e-19,-2.871737e+01,-1.435869e+01
singh_calibrated_continuum,plan3,19.50,100,twist45_about_axis,300.00,5.0,3.7296,2.734168e+04,22.500000,-9.571496e+01,5.291450e+01,-4.280047e+01,-2.973646e-19,-7.179343e+01,-3.589672e+01
singh_calibrated_continuum,plan3,19.50,100,tilt15_about_z,298.15,1.0,3.7296,2.734168e+04,23.742490,-1.077838e+01,5.224435e+00,-5.553942e+00,-3.858710e-20,-9.373980e+00,-4.686990e+00
singh_calibrated_continuum,plan3,19.50,100,tilt15_about_z,298.15,2.0,3.7296,2.734168e+04,23.742490,-2.155675e+01,1.044887e+01,-1.110788e+01,-7.717419e-20,-1.874796e+01,-9.373980e+00
singh_calibrated_continuum,plan3,19.50,100,tilt15_about_z,298.15,5.0,3.7296,2.734168e+04,23.742490,-5.389188e+01,2.612218e+01,-2.776971e+01,-1.929355e-19,-4.686990e+01,-2.343495e+01
singh_calibrated_continuum,plan3,19.50,100,tilt15_about_z,300.00,1.0,3.7296,2.734168e+04,23.742490,-1.077838e+01,5.224435e+00,-5.553942e+00,-3.858710e-20,-9.316173e+00,-4.658087e+00
singh_calibrated_continuum,plan3,19.50,100,tilt15_about_z,300.00,2.0,3.7296,2.734168e+04,23.742490,-2.155675e+01,1.044887e+01,-1.110788e+01,-7.717419e-20,-1.863235e+01,-9.316173e+00
singh_calibrated_continuum,plan3,19.50,100,tilt15_about_z,300.00,5.0,3.7296,2.734168e+04,23.742490,-5.389188e+01,2.612218e+01,-2.776971e+01,-1.929355e-19,-4.658087e+01,-2.329043e+01
singh_calibrated_continuum,plan3,19.50,100,rot90_about_z,298.15,1.0,3.7296,2.734168e+04,22.500000,-1.949733e+01,1.097097e+01,-8.526362e+00,-5.923857e-20,-1.439085e+01,-7.195425e+00
singh_calibrated_continuum,plan3,19.50,100,rot90_about_z,298.15,2.0,3.7296,2.734168e+04,22.500000,-3.899466e+01,2.194194e+01,-1.705272e+01,-1.184771e-19,-2.878170e+01,-1.439085e+01
singh_calibrated_continuum,plan3,19.50,100,rot90_about_z,298.15,5.0,3.7296,2.734168e+04,22.500000,-9.748665e+01,5.485484e+01,-4.263181e+01,-2.961928e-19,-7.195425e+01,-3.597713e+01
singh_calibrated_continuum,plan3,19.50,100,rot90_about_z,300.00,1.0,3.7296,2.734168e+04,22.500000,-1.949733e+01,1.097097e+01,-8.526362e+00,-5.923857e-20,-1.430211e+01,-7.151053e+00
singh_calibrated_continuum,plan3,19.50,100,rot90_about_z,300.00,2.0,3.7296,2.734168e+04,22.500000,-3.899466e+01,2.194194e+01,-1.705272e+01,-1.184771e-19,-2.860421e+01,-1.430211e+01
singh_calibrated_continuum,plan3,19.50,100,rot90_about_z,300.00,5.0,3.7296,2.734168e+04,22.500000,-9.748665e+01,5.485484e+01,-4.263181e+01,-2.961928e-19,-7.151053e+01,-3.575527e+01
singh_calibrated_continuum,plan3,19.50,110,co_oriented,298.15,1.0,3.7296,2.734168e+04,27.568460,-4.198442e+00,2.699760e+00,-1.498682e+00,-1.041239e-20,-2.529486e+00,-1.264743e+00
singh_calibrated_continuum,plan3,19.50,110,co_oriented,298.15,2.0,3.7296,2.734168e+04,27.568460,-8.396884e+00,5.399519e+00,-2.997364e+00,-2.082477e-20,-5.058971e+00,-2.529486e+00
singh_calibrated_continuum,plan3,19.50,110,co_oriented,298.15,5.0,3.7296,2.734168e+04,27.568460,-2.099221e+01,1.349880e+01,-7.493411e+00,-5.206194e-20,-1.264743e+01,-6.323714e+00
singh_calibrated_continuum,plan3,19.50,110,co_oriented,300.00,1.0,3.7296,2.734168e+04,27.568460,-4.198442e+00,2.699760e+00,-1.498682e+00,-1.041239e-20,-2.513887e+00,-1.256944e+00
singh_calibrated_continuum,plan3,19.50,110,co_oriented,300.00,2.0,3.7296,2.734168e+04,27.568460,-8.396884e+00,5.399519e+00,-2.997364e+00,-2.082477e-20,-5.027774e+00,-2.513887e+00
singh_calibrated_continuum,plan3,19.50,110,co_oriented,300.00,5.0,3.7296,2.734168e+04,27.568460,-2.099221e+01,1.349880e+01,-7.493411e+00,-5.206194e-20,-1.256944e+01,-6.284718e+00
singh_calibrated_continuum,plan3,19.50,111,co_oriented,298.15,1.0,3.7296,2.734168e+04,31.123867,-1.227270e+00,8.065225e-01,-4.207479e-01,-2.923228e-21,-7.101411e-01,-3.550705e-01
singh_calibrated_continuum,plan3,19.50,111,co_oriented,298.15,2.0,3.7296,2.734168e+04,31.123867,-2.454541e+00,1.613045e+00,-8.414958e-01,-5.846457e-21,-1.420282e+00,-7.101411e-01
singh_calibrated_continuum,plan3,19.50,111,co_oriented,298.15,5.0,3.7296,2.734168e+04,31.123867,-6.136352e+00,4.032613e+00,-2.103739e+00,-1.461614e-20,-3.550705e+00,-1.775353e+00
singh_calibrated_continuum,plan3,19.50,111,co_oriented,300.00,1.0,3.7296,2.734168e+04,31.123867,-1.227270e+00,8.065225e-01,-4.207479e-01,-2.923228e-21,-7.057619e-01,-3.528809e-01
singh_calibrated_continuum,plan3,19.50,111,co_oriented,300.00,2.0,3.7296,2.734168e+04,31.123867,-2.454541e+00,1.613045e+00,-8.414958e-01,-5.846457e-21,-1.411524e+00,-7.057619e-01
singh_calibrated_continuum,plan3,19.50,111,co_oriented,300.00,5.0,3.7296,2.734168e+04,31.123867,-6.136352e+00,4.032613e+00,-2.103739e+00,-1.461614e-20,-3.528809e+00,-1.764405e+00
singh_literature,plan1,13.00,100,co_oriented,298.15,1.0,9.5600,2.033529e+05,16.000000,-3.979246e+01,1.545823e+01,-2.433423e+01,-1.690668e-19,-4.107148e+01,-2.053574e+01
singh_literature,plan1,13.00,100,co_oriented,298.15,2.0,9.5600,2.033529e+05,16.000000,-7.958493e+01,3.091646e+01,-4.866846e+01,-3.381337e-19,-8.214295e+01,-4.107148e+01
singh_literature,plan1,13.00,100,co_oriented,298.15,5.0,9.5600,2.033529e+05,16.000000,-1.989623e+02,7.729116e+01,-1.216712e+02,-8.453342e-19,-2.053574e+02,-1.026787e+02
singh_literature,plan1,13.00,100,co_oriented,300.00,1.0,9.5600,2.033529e+05,16.000000,-3.979246e+01,1.545823e+01,-2.433423e+01,-1.690668e-19,-4.081820e+01,-2.040910e+01
singh_literature,plan1,13.00,100,co_oriented,300.00,2.0,9.5600,2.033529e+05,16.000000,-7.958493e+01,3.091646e+01,-4.866846e+01,-3.381337e-19,-8.163641e+01,-4.081820e+01
singh_literature,plan1,13.00,100,co_oriented,300.00,5.0,9.5600,2.033529e+05,16.000000,-1.989623e+02,7.729116e+01,-1.216712e+02,-8.453342e-19,-2.040910e+02,-1.020455e+02
singh_literature,plan1,13.00,100,twist45_about_axis,298.15,1.0,9.5600,2.033529e+05,16.000000,-3.899143e+01,1.474078e+01,-2.425065e+01,-1.684862e-19,-4.093041e+01,-2.046521e+01
singh_literature,plan1,13.00,100,twist45_about_axis,298.15,2.0,9.5600,2.033529e+05,16.000000,-7.798287e+01,2.948156e+01,-4.850131e+01,-3.369723e-19,-8.186083e+01,-4.093041e+01
singh_literature,plan1,13.00,100,twist45_about_axis,298.15,5.0,9.5600,2.033529e+05,16.000000,-1.949572e+02,7.370390e+01,-1.212533e+02,-8.424308e-19,-2.046521e+02,-1.023260e+02
singh_literature,plan1,13.00,100,twist45_about_axis,300.00,1.0,9.5600,2.033529e+05,16.000000,-3.899143e+01,1.474078e+01,-2.425065e+01,-1.684862e-19,-4.067801e+01,-2.033900e+01
singh_literature,plan1,13.00,100,twist45_about_axis,300.00,2.0,9.5600,2.033529e+05,16.000000,-7.798287e+01,2.948156e+01,-4.850131e+01,-3.369723e-19,-8.135602e+01,-4.067801e+01
singh_literature,plan1,13.00,100,twist45_about_axis,300.00,5.0,9.5600,2.033529e+05,16.000000,-1.949572e+02,7.370390e+01,-1.212533e+02,-8.424308e-19,-2.033900e+02,-1.016950e+02
singh_literature,plan1,13.00,100,tilt15_about_z,298.15,1.0,9.5600,2.033529e+05,16.828505,-2.751256e+01,1.066029e+01,-1.685228e+01,-1.170845e-19,-2.844339e+01,-1.422169e+01
singh_literature,plan1,13.00,100,tilt15_about_z,298.15,2.0,9.5600,2.033529e+05,16.828505,-5.502513e+01,2.132057e+01,-3.370456e+01,-2.341690e-19,-5.688677e+01,-2.844339e+01
singh_literature,plan1,13.00,100,tilt15_about_z,298.15,5.0,9.5600,2.033529e+05,16.828505,-1.375628e+02,5.330143e+01,-8.426139e+01,-5.854225e-19,-1.422169e+02,-7.110846e+01
singh_literature,plan1,13.00,100,tilt15_about_z,300.00,1.0,9.5600,2.033529e+05,16.828505,-2.751256e+01,1.066029e+01,-1.685228e+01,-1.170845e-19,-2.826798e+01,-1.413399e+01
singh_literature,plan1,13.00,100,tilt15_about_z,300.00,2.0,9.5600,2.033529e+05,16.828505,-5.502513e+01,2.132057e+01,-3.370456e+01,-2.341690e-19,-5.653597e+01,-2.826798e+01
singh_literature,plan1,13.00,100,tilt15_about_z,300.00,5.0,9.5600,2.033529e+05,16.828505,-1.375628e+02,5.330143e+01,-8.426139e+01,-5.854225e-19,-1.413399e+02,-7.066996e+01
singh_literature,plan1,13.00,100,rot90_about_z,298.15,1.0,9.5600,2.033529e+05,16.000000,-3.979246e+01,1.545823e+01,-2.433423e+01,-1.690668e-19,-4.107148e+01,-2.053574e+01
singh_literature,plan1,13.00,100,rot90_about_z,298.15,2.0,9.5600,2.033529e+05,16.000000,-7.958493e+01,3.091646e+01,-4.866846e+01,-3.381337e-19,-8.214295e+01,-4.107148e+01
singh_literature,plan1,13.00,100,rot90_about_z,298.15,5.0,9.5600,2.033529e+05,16.000000,-1.989623e+02,7.729116e+01,-1.216712e+02,-8.453342e-19,-2.053574e+02,-1.026787e+02
singh_literature,plan1,13.00,100,rot90_about_z,300.00,1.0,9.5600,2.033529e+05,16.000000,-3.979246e+01,1.545823e+01,-2.433423e+01,-1.690668e-19,-4.081820e+01,-2.040910e+01
singh_literature,plan1,13.00,100,rot90_about_z,300.00,2.0,9.5600,2.033529e+05,16.000000,-7.958493e+01,3.091646e+01,-4.866846e+01,-3.381337e-19,-8.163641e+01,-4.081820e+01
singh_literature,plan1,13.00,100,rot90_about_z,300.00,5.0,9.5600,2.033529e+05,16.000000,-1.989623e+02,7.729116e+01,-1.216712e+02,-8.453342e-19,-2.040910e+02,-1.020455e+02
singh_literature,plan1,13.00,110,co_oriented,298.15,1.0,9.5600,2.033529e+05,19.378974,-1.420717e+01,6.251944e+00,-7.955222e+00,-5.527046e-20,-1.342688e+01,-6.713438e+00
singh_literature,plan1,13.00,110,co_oriented,298.15,2.0,9.5600,2.033529e+05,19.378974,-2.841433e+01,1.250389e+01,-1.591044e+01,-1.105409e-19,-2.685375e+01,-1.342688e+01
singh_literature,plan1,13.00,110,co_oriented,298.15,5.0,9.5600,2.033529e+05,19.378974,-7.103583e+01,3.125972e+01,-3.977611e+01,-2.763523e-19,-6.713438e+01,-3.356719e+01
singh_literature,plan1,13.00,110,co_oriented,300.00,1.0,9.5600,2.033529e+05,19.378974,-1.420717e+01,6.251944e+00,-7.955222e+00,-5.527046e-20,-1.334408e+01,-6.672038e+00
singh_literature,plan1,13.00,110,co_oriented,300.00,2.0,9.5600,2.033529e+05,19.378974,-2.841433e+01,1.250389e+01,-1.591044e+01,-1.105409e-19,-2.668815e+01,-1.334408e+01
singh_literature,plan1,13.00,110,co_oriented,300.00,5.0,9.5600,2.033529e+05,19.378974,-7.103583e+01,3.125972e+01,-3.977611e+01,-2.763523e-19,-6.672038e+01,-3.336019e+01
singh_literature,plan1,13.00,111,co_oriented,298.15,1.0,9.5600,2.033529e+05,21.749244,-6.487237e+00,3.030160e+00,-3.457076e+00,-2.401871e-20,-5.834876e+00,-2.917438e+00
singh_literature,plan1,13.00,111,co_oriented,298.15,2.0,9.5600,2.033529e+05,21.749244,-1.297447e+01,6.060321e+00,-6.914153e+00,-4.803743e-20,-1.166975e+01,-5.834876e+00
singh_literature,plan1,13.00,111,co_oriented,298.15,5.0,9.5600,2.033529e+05,21.749244,-3.243618e+01,1.515080e+01,-1.728538e+01,-1.200936e-19,-2.917438e+01,-1.458719e+01
singh_literature,plan1,13.00,111,co_oriented,300.00,1.0,9.5600,2.033529e+05,21.749244,-6.487237e+00,3.030160e+00,-3.457076e+00,-2.401871e-20,-5.798895e+00,-2.899447e+00
singh_literature,plan1,13.00,111,co_oriented,300.00,2.0,9.5600,2.033529e+05,21.749244,-1.297447e+01,6.060321e+00,-6.914153e+00,-4.803743e-20,-1.159779e+01,-5.798895e+00
singh_literature,plan1,13.00,111,co_oriented,300.00,5.0,9.5600,2.033529e+05,21.749244,-3.243618e+01,1.515080e+01,-1.728538e+01,-1.200936e-19,-2.899447e+01,-1.449724e+01
singh_literature,plan1,16.00,100,co_oriented,298.15,1.0,9.5600,7.068223e+05,19.000000,-5.637351e+01,7.233355e+01,1.596004e+01,1.108855e-19,2.693746e+01,1.346873e+01
singh_literature,plan1,16.00,100,co_oriented,298.15,2.0,9.5600,7.068223e+05,19.000000,-1.127470e+02,1.446671e+02,3.192008e+01,2.217710e-19,5.387493e+01,2.693746e+01
singh_literature,plan1,16.00,100,co_oriented,298.15,5.0,9.5600,7.068223e+05,19.000000,-2.818675e+02,3.616678e+02,7.980021e+01,5.544276e-19,1.346873e+02,6.734366e+01
singh_literature,plan1,16.00,100,co_oriented,300.00,1.0,9.5600,7.068223e+05,19.000000,-5.637351e+01,7.233355e+01,1.596004e+01,1.108855e-19,2.677135e+01,1.338567e+01
singh_literature,plan1,16.00,100,co_oriented,300.00,2.0,9.5600,7.068223e+05,19.000000,-1.127470e+02,1.446671e+02,3.192008e+01,2.217710e-19,5.354270e+01,2.677135e+01
singh_literature,plan1,16.00,100,co_oriented,300.00,5.0,9.5600,7.068223e+05,19.000000,-2.818675e+02,3.616678e+02,7.980021e+01,5.544276e-19,1.338567e+02,6.692837e+01
singh_literature,plan1,16.00,100,twist45_about_axis,298.15,1.0,9.5600,7.068223e+05,19.000000,-5.476576e+01,6.764570e+01,1.287994e+01,8.948589e-20,2.173884e+01,1.086942e+01
singh_literature,plan1,16.00,100,twist45_about_axis,298.15,2.0,9.5600,7.068223e+05,19.000000,-1.095315e+02,1.352914e+02,2.575988e+01,1.789718e-19,4.347769e+01,2.173884e+01
singh_literature,plan1,16.00,100,twist45_about_axis,298.15,5.0,9.5600,7.068223e+05,19.000000,-2.738288e+02,3.382285e+02,6.439969e+01,4.474294e-19,1.086942e+02,5.434711e+01
singh_literature,plan1,16.00,100,twist45_about_axis,300.00,1.0,9.5600,7.068223e+05,19.000000,-5.476576e+01,6.764570e+01,1.287994e+01,8.948589e-20,2.160479e+01,1.080239e+01
singh_literature,plan1,16.00,100,twist45_about_axis,300.00,2.0,9.5600,7.068223e+05,19.000000,-1.095315e+02,1.352914e+02,2.575988e+01,1.789718e-19,4.320958e+01,2.160479e+01
singh_literature,plan1,16.00,100,twist45_about_axis,300.00,5.0,9.5600,7.068223e+05,19.000000,-2.738288e+02,3.382285e+02,6.439969e+01,4.474294e-19,1.080239e+02,5.401197e+01
singh_literature,plan1,16.00,100,tilt15_about_z,298.15,1.0,9.5600,7.068223e+05,20.019576,-3.816783e+01,4.637267e+01,8.204838e+00,5.700472e-20,1.384818e+01,6.924090e+00
singh_literature,plan1,16.00,100,tilt15_about_z,298.15,2.0,9.5600,7.068223e+05,20.019576,-7.633567e+01,9.274535e+01,1.640968e+01,1.140094e-19,2.769636e+01,1.384818e+01
singh_literature,plan1,16.00,100,tilt15_about_z,298.15,5.0,9.5600,7.068223e+05,20.019576,-1.908392e+02,2.318634e+02,4.102419e+01,2.850236e-19,6.924090e+01,3.462045e+01
singh_literature,plan1,16.00,100,tilt15_about_z,300.00,1.0,9.5600,7.068223e+05,20.019576,-3.816783e+01,4.637267e+01,8.204838e+00,5.700472e-20,1.376278e+01,6.881392e+00
singh_literature,plan1,16.00,100,tilt15_about_z,300.00,2.0,9.5600,7.068223e+05,20.019576,-7.633567e+01,9.274535e+01,1.640968e+01,1.140094e-19,2.752557e+01,1.376278e+01
singh_literature,plan1,16.00,100,tilt15_about_z,300.00,5.0,9.5600,7.068223e+05,20.019576,-1.908392e+02,2.318634e+02,4.102419e+01,2.850236e-19,6.881392e+01,3.440696e+01
singh_literature,plan1,16.00,100,rot90_about_z,298.15,1.0,9.5600,7.068223e+05,19.000000,-5.637351e+01,7.233355e+01,1.596004e+01,1.108855e-19,2.693746e+01,1.346873e+01
singh_literature,plan1,16.00,100,rot90_about_z,298.15,2.0,9.5600,7.068223e+05,19.000000,-1.127470e+02,1.446671e+02,3.192008e+01,2.217710e-19,5.387493e+01,2.693746e+01
singh_literature,plan1,16.00,100,rot90_about_z,298.15,5.0,9.5600,7.068223e+05,19.000000,-2.818675e+02,3.616678e+02,7.980021e+01,5.544276e-19,1.346873e+02,6.734366e+01
singh_literature,plan1,16.00,100,rot90_about_z,300.00,1.0,9.5600,7.068223e+05,19.000000,-5.637351e+01,7.233355e+01,1.596004e+01,1.108855e-19,2.677135e+01,1.338567e+01
singh_literature,plan1,16.00,100,rot90_about_z,300.00,2.0,9.5600,7.068223e+05,19.000000,-1.127470e+02,1.446671e+02,3.192008e+01,2.217710e-19,5.354270e+01,2.677135e+01
singh_literature,plan1,16.00,100,rot90_about_z,300.00,5.0,9.5600,7.068223e+05,19.000000,-2.818675e+02,3.616678e+02,7.980021e+01,5.544276e-19,1.338567e+02,6.692837e+01
singh_literature,plan1,16.00,110,co_oriented,298.15,1.0,9.5600,7.068223e+05,23.158737,-2.012647e+01,2.604438e+01,5.917905e+00,4.111580e-20,9.988280e+00,4.994140e+00
singh_literature,plan1,16.00,110,co_oriented,298.15,2.0,9.5600,7.068223e+05,23.158737,-4.025294e+01,5.208875e+01,1.183581e+01,8.223161e-20,1.997656e+01,9.988280e+00
singh_literature,plan1,16.00,110,co_oriented,298.15,5.0,9.5600,7.068223e+05,23.158737,-1.006324e+02,1.302219e+02,2.958953e+01,2.055790e-19,4.994140e+01,2.497070e+01
singh_literature,plan1,16.00,110,co_oriented,300.00,1.0,9.5600,7.068223e+05,23.158737,-2.012647e+01,2.604438e+01,5.917905e+00,4.111580e-20,9.926685e+00,4.963343e+00
singh_literature,plan1,16.00,110,co_oriented,300.00,2.0,9.5600,7.068223e+05,23.158737,-4.025294e+01,5.208875e+01,1.183581e+01,8.223161e-20,1.985337e+01,9.926685e+00
singh_literature,plan1,16.00,110,co_oriented,300.00,5.0,9.5600,7.068223e+05,23.158737,-1.006324e+02,1.302219e+02,2.958953e+01,2.055790e-19,4.963343e+01,2.481671e+01
singh_literature,plan1,16.00,111,co_oriented,298.15,1.0,9.5600,7.068223e+05,26.075993,-9.169193e+00,1.132340e+01,2.154210e+00,1.496680e-20,3.635890e+00,1.817945e+00
singh_literature,plan1,16.00,111,co_oriented,298.15,2.0,9.5600,7.068223e+05,26.075993,-1.833839e+01,2.264681e+01,4.308420e+00,2.993359e-20,7.271780e+00,3.635890e+00
singh_literature,plan1,16.00,111,co_oriented,298.15,5.0,9.5600,7.068223e+05,26.075993,-4.584596e+01,5.661701e+01,1.077105e+01,7.483398e-20,1.817945e+01,9.089725e+00
singh_literature,plan1,16.00,111,co_oriented,300.00,1.0,9.5600,7.068223e+05,26.075993,-9.169193e+00,1.132340e+01,2.154210e+00,1.496680e-20,3.613469e+00,1.806734e+00
singh_literature,plan1,16.00,111,co_oriented,300.00,2.0,9.5600,7.068223e+05,26.075993,-1.833839e+01,2.264681e+01,4.308420e+00,2.993359e-20,7.226937e+00,3.613469e+00
singh_literature,plan1,16.00,111,co_oriented,300.00,5.0,9.5600,7.068223e+05,26.075993,-4.584596e+01,5.661701e+01,1.077105e+01,7.483398e-20,1.806734e+01,9.033672e+00
singh_literature,plan1,19.50,100,co_oriented,298.15,1.0,9.5600,2.316317e+06,22.500000,-7.553866e+01,3.167443e+02,2.412056e+02,1.675823e-18,4.071084e+02,2.035542e+02
singh_literature,plan1,19.50,100,co_oriented,298.15,2.0,9.5600,2.316317e+06,22.500000,-1.510773e+02,6.334885e+02,4.824112e+02,3.351646e-18,8.142168e+02,4.071084e+02
singh_literature,plan1,19.50,100,co_oriented,298.15,5.0,9.5600,2.316317e+06,22.500000,-3.776933e+02,1.583721e+03,1.206028e+03,8.379116e-18,2.035542e+03,1.017771e+03
singh_literature,plan1,19.50,100,co_oriented,300.00,1.0,9.5600,2.316317e+06,22.500000,-7.553866e+01,3.167443e+02,2.412056e+02,1.675823e-18,4.045979e+02,2.022990e+02
singh_literature,plan1,19.50,100,co_oriented,300.00,2.0,9.5600,2.316317e+06,22.500000,-1.510773e+02,6.334885e+02,4.824112e+02,3.351646e-18,8.091958e+02,4.045979e+02
singh_literature,plan1,19.50,100,co_oriented,300.00,5.0,9.5600,2.316317e+06,22.500000,-3.776933e+02,1.583721e+03,1.206028e+03,8.379116e-18,2.022990e+03,1.011495e+03
singh_literature,plan1,19.50,100,twist45_about_axis,298.15,1.0,9.5600,2.316317e+06,22.500000,-7.266346e+01,2.889009e+02,2.162374e+02,1.502352e-18,3.649669e+02,1.824835e+02
singh_literature,plan1,19.50,100,twist45_about_axis,298.15,2.0,9.5600,2.316317e+06,22.500000,-1.453269e+02,5.778017e+02,4.324748e+02,3.004703e-18,7.299339e+02,3.649669e+02
singh_literature,plan1,19.50,100,twist45_about_axis,298.15,5.0,9.5600,2.316317e+06,22.500000,-3.633173e+02,1.444504e+03,1.081187e+03,7.511759e-18,1.824835e+03,9.124173e+02
singh_literature,plan1,19.50,100,twist45_about_axis,300.00,1.0,9.5600,2.316317e+06,22.500000,-7.266346e+01,2.889009e+02,2.162374e+02,1.502352e-18,3.627163e+02,1.813582e+02
singh_literature,plan1,19.50,100,twist45_about_axis,300.00,2.0,9.5600,2.316317e+06,22.500000,-1.453269e+02,5.778017e+02,4.324748e+02,3.004703e-18,7.254326e+02,3.627163e+02
singh_literature,plan1,19.50,100,twist45_about_axis,300.00,5.0,9.5600,2.316317e+06,22.500000,-3.633173e+02,1.444504e+03,1.081187e+03,7.511759e-18,1.813582e+03,9.067908e+02
singh_literature,plan1,19.50,100,tilt15_about_z,298.15,1.0,9.5600,2.316317e+06,23.742490,-5.015686e+01,1.875215e+02,1.373646e+02,9.543677e-19,2.318449e+02,1.159225e+02
singh_literature,plan1,19.50,100,tilt15_about_z,298.15,2.0,9.5600,2.316317e+06,23.742490,-1.003137e+02,3.750430e+02,2.747293e+02,1.908735e-18,4.636899e+02,2.318449e+02
singh_literature,plan1,19.50,100,tilt15_about_z,298.15,5.0,9.5600,2.316317e+06,23.742490,-2.507843e+02,9.376075e+02,6.868232e+02,4.771838e-18,1.159225e+03,5.796123e+02
singh_literature,plan1,19.50,100,tilt15_about_z,300.00,1.0,9.5600,2.316317e+06,23.742490,-5.015686e+01,1.875215e+02,1.373646e+02,9.543677e-19,2.304152e+02,1.152076e+02
singh_literature,plan1,19.50,100,tilt15_about_z,300.00,2.0,9.5600,2.316317e+06,23.742490,-1.003137e+02,3.750430e+02,2.747293e+02,1.908735e-18,4.608305e+02,2.304152e+02
singh_literature,plan1,19.50,100,tilt15_about_z,300.00,5.0,9.5600,2.316317e+06,23.742490,-2.507843e+02,9.376075e+02,6.868232e+02,4.771838e-18,1.152076e+03,5.760381e+02
singh_literature,plan1,19.50,100,rot90_about_z,298.15,1.0,9.5600,2.316317e+06,22.500000,-7.553866e+01,3.167443e+02,2.412056e+02,1.675823e-18,4.071084e+02,2.035542e+02
singh_literature,plan1,19.50,100,rot90_about_z,298.15,2.0,9.5600,2.316317e+06,22.500000,-1.510773e+02,6.334885e+02,4.824112e+02,3.351646e-18,8.142168e+02,4.071084e+02
singh_literature,plan1,19.50,100,rot90_about_z,298.15,5.0,9.5600,2.316317e+06,22.500000,-3.776933e+02,1.583721e+03,1.206028e+03,8.379116e-18,2.035542e+03,1.017771e+03
singh_literature,plan1,19.50,100,rot90_about_z,300.00,1.0,9.5600,2.316317e+06,22.500000,-7.553866e+01,3.167443e+02,2.412056e+02,1.675823e-18,4.045979e+02,2.022990e+02
singh_literature,plan1,19.50,100,rot90_about_z,300.00,2.0,9.5600,2.316317e+06,22.500000,-1.510773e+02,6.334885e+02,4.824112e+02,3.351646e-18,8.091958e+02,4.045979e+02
singh_literature,plan1,19.50,100,rot90_about_z,300.00,5.0,9.5600,2.316317e+06,22.500000,-3.776933e+02,1.583721e+03,1.206028e+03,8.379116e-18,2.022990e+03,1.011495e+03
singh_literature,plan1,19.50,110,co_oriented,298.15,1.0,9.5600,2.316317e+06,27.568460,-2.710356e+01,1.016889e+02,7.458533e+01,5.181962e-19,1.258856e+02,6.294281e+01
singh_literature,plan1,19.50,110,co_oriented,298.15,2.0,9.5600,2.316317e+06,27.568460,-5.420713e+01,2.033778e+02,1.491707e+02,1.036392e-18,2.517712e+02,1.258856e+02
singh_literature,plan1,19.50,110,co_oriented,298.15,5.0,9.5600,2.316317e+06,27.568460,-1.355178e+02,5.084445e+02,3.729267e+02,2.590981e-18,6.294281e+02,3.147140e+02
singh_literature,plan1,19.50,110,co_oriented,300.00,1.0,9.5600,2.316317e+06,27.568460,-2.710356e+01,1.016889e+02,7.458533e+01,5.181962e-19,1.251093e+02,6.255466e+01
singh_literature,plan1,19.50,110,co_oriented,300.00,2.0,9.5600,2.316317e+06,27.568460,-5.420713e+01,2.033778e+02,1.491707e+02,1.036392e-18,2.502186e+02,1.251093e+02
singh_literature,plan1,19.50,110,co_oriented,300.00,5.0,9.5600,2.316317e+06,27.568460,-1.355178e+02,5.084445e+02,3.729267e+02,2.590981e-18,6.255466e+02,3.127733e+02
singh_literature,plan1,19.50,111,co_oriented,298.15,1.0,9.5600,2.316317e+06,31.123867,-1.241326e+01,3.960007e+01,2.718681e+01,1.888857e-19,4.588608e+01,2.294304e+01
singh_literature,plan1,19.50,111,co_oriented,298.15,2.0,9.5600,2.316317e+06,31.123867,-2.482652e+01,7.920014e+01,5.437362e+01,3.777714e-19,9.177216e+01,4.588608e+01
singh_literature,plan1,19.50,111,co_oriented,298.15,5.0,9.5600,2.316317e+06,31.123867,-6.206629e+01,1.980003e+02,1.359341e+02,9.444284e-19,2.294304e+02,1.147152e+02
singh_literature,plan1,19.50,111,co_oriented,300.00,1.0,9.5600,2.316317e+06,31.123867,-1.241326e+01,3.960007e+01,2.718681e+01,1.888857e-19,4.560312e+01,2.280156e+01
singh_literature,plan1,19.50,111,co_oriented,300.00,2.0,9.5600,2.316317e+06,31.123867,-2.482652e+01,7.920014e+01,5.437362e+01,3.777714e-19,9.120623e+01,4.560312e+01
singh_literature,plan1,19.50,111,co_oriented,300.00,5.0,9.5600,2.316317e+06,31.123867,-6.206629e+01,1.980003e+02,1.359341e+02,9.444284e-19,2.280156e+02,1.140078e+02
singh_literature,plan2,13.00,100,co_oriented,298.15,1.0,9.2954,2.033529e+05,16.000000,-3.979246e+01,1.811139e+01,-2.168108e+01,-1.506335e-19,-3.659347e+01,-1.829673e+01
singh_literature,plan2,13.00,100,co_oriented,298.15,2.0,9.2954,2.033529e+05,16.000000,-7.958493e+01,3.622277e+01,-4.336216e+01,-3.012671e-19,-7.318693e+01,-3.659347e+01
singh_literature,plan2,13.00,100,co_oriented,298.15,5.0,9.2954,2.033529e+05,16.000000,-1.989623e+02,9.055693e+01,-1.084054e+02,-7.531676e-19,-1.829673e+02,-9.148367e+01
singh_literature,plan2,13.00,100,co_oriented,300.00,1.0,9.2954,2.033529e+05,16.000000,-3.979246e+01,1.811139e+01,-2.168108e+01,-1.506335e-19,-3.636781e+01,-1.818390e+01
singh_literature,plan2,13.00,100,co_oriented,300.00,2.0,9.2954,2.033529e+05,16.000000,-7.958493e+01,3.622277e+01,-4.336216e+01,-3.012671e-19,-7.273561e+01,-3.636781e+01
singh_literature,plan2,13.00,100,co_oriented,300.00,5.0,9.2954,2.033529e+05,16.000000,-1.989623e+02,9.055693e+01,-1.084054e+02,-7.531676e-19,-1.818390e+02,-9.091952e+01
singh_literature,plan2,13.00,100,twist45_about_axis,298.15,1.0,9.2954,2.033529e+05,16.000000,-3.899143e+01,1.725508e+01,-2.173636e+01,-1.510176e-19,-3.668677e+01,-1.834338e+01
singh_literature,plan2,13.00,100,twist45_about_axis,298.15,2.0,9.2954,2.033529e+05,16.000000,-7.798287e+01,3.451015e+01,-4.347272e+01,-3.020352e-19,-7.337354e+01,-3.668677e+01
singh_literature,plan2,13.00,100,twist45_about_axis,298.15,5.0,9.2954,2.033529e+05,16.000000,-1.949572e+02,8.627538e+01,-1.086818e+02,-7.550880e-19,-1.834338e+02,-9.171692e+01
singh_literature,plan2,13.00,100,twist45_about_axis,300.00,1.0,9.2954,2.033529e+05,16.000000,-3.899143e+01,1.725508e+01,-2.173636e+01,-1.510176e-19,-3.646053e+01,-1.823027e+01
singh_literature,plan2,13.00,100,twist45_about_axis,300.00,2.0,9.2954,2.033529e+05,16.000000,-7.798287e+01,3.451015e+01,-4.347272e+01,-3.020352e-19,-7.292107e+01,-3.646053e+01
singh_literature,plan2,13.00,100,twist45_about_axis,300.00,5.0,9.2954,2.033529e+05,16.000000,-1.949572e+02,8.627538e+01,-1.086818e+02,-7.550880e-19,-1.823027e+02,-9.115134e+01
singh_literature,plan2,13.00,100,tilt15_about_z,298.15,1.0,9.2954,2.033529e+05,16.828505,-2.751256e+01,1.241020e+01,-1.510237e+01,-1.049267e-19,-2.548988e+01,-1.274494e+01
singh_literature,plan2,13.00,100,tilt15_about_z,298.15,2.0,9.2954,2.033529e+05,16.828505,-5.502513e+01,2.482039e+01,-3.020474e+01,-2.098533e-19,-5.097975e+01,-2.548988e+01
singh_literature,plan2,13.00,100,tilt15_about_z,298.15,5.0,9.2954,2.033529e+05,16.828505,-1.375628e+02,6.205098e+01,-7.551184e+01,-5.246333e-19,-1.274494e+02,-6.372469e+01
singh_literature,plan2,13.00,100,tilt15_about_z,300.00,1.0,9.2954,2.033529e+05,16.828505,-2.751256e+01,1.241020e+01,-1.510237e+01,-1.049267e-19,-2.533269e+01,-1.266634e+01
singh_literature,plan2,13.00,100,tilt15_about_z,300.00,2.0,9.2954,2.033529e+05,16.828505,-5.502513e+01,2.482039e+01,-3.020474e+01,-2.098533e-19,-5.066538e+01,-2.533269e+01
singh_literature,plan2,13.00,100,tilt15_about_z,300.00,5.0,9.2954,2.033529e+05,16.828505,-1.375628e+02,6.205098e+01,-7.551184e+01,-5.246333e-19,-1.266634e+02,-6.333172e+01
singh_literature,plan2,13.00,100,rot90_about_z,298.15,1.0,9.2954,2.033529e+05,16.000000,-3.979246e+01,1.811139e+01,-2.168108e+01,-1.506335e-19,-3.659347e+01,-1.829673e+01
singh_literature,plan2,13.00,100,rot90_about_z,298.15,2.0,9.2954,2.033529e+05,16.000000,-7.958493e+01,3.622277e+01,-4.336216e+01,-3.012671e-19,-7.318693e+01,-3.659347e+01
singh_literature,plan2,13.00,100,rot90_about_z,298.15,5.0,9.2954,2.033529e+05,16.000000,-1.989623e+02,9.055693e+01,-1.084054e+02,-7.531676e-19,-1.829673e+02,-9.148367e+01
singh_literature,plan2,13.00,100,rot90_about_z,300.00,1.0,9.2954,2.033529e+05,16.000000,-3.979246e+01,1.811139e+01,-2.168108e+01,-1.506335e-19,-3.636781e+01,-1.818390e+01
singh_literature,plan2,13.00,100,rot90_about_z,300.00,2.0,9.2954,2.033529e+05,16.000000,-7.958493e+01,3.622277e+01,-4.336216e+01,-3.012671e-19,-7.273561e+01,-3.636781e+01
singh_literature,plan2,13.00,100,rot90_about_z,300.00,5.0,9.2954,2.033529e+05,16.000000,-1.989623e+02,9.055693e+01,-1.084054e+02,-7.531676e-19,-1.818390e+02,-9.091952e+01
singh_literature,plan2,13.00,110,co_oriented,298.15,1.0,9.2954,2.033529e+05,19.378974,-1.420717e+01,7.248632e+00,-6.958535e+00,-4.834578e-20,-1.174466e+01,-5.872330e+00
singh_literature,plan2,13.00,110,co_oriented,298.15,2.0,9.2954,2.033529e+05,19.378974,-2.841433e+01,1.449726e+01,-1.391707e+01,-9.669156e-20,-2.348932e+01,-1.174466e+01
singh_literature,plan2,13.00,110,co_oriented,298.15,5.0,9.2954,2.033529e+05,19.378974,-7.103583e+01,3.624316e+01,-3.479267e+01,-2.417289e-19,-5.872330e+01,-2.936165e+01
singh_literature,plan2,13.00,110,co_oriented,300.00,1.0,9.2954,2.033529e+05,19.378974,-1.420717e+01,7.248632e+00,-6.958535e+00,-4.834578e-20,-1.167224e+01,-5.836118e+00
singh_literature,plan2,13.00,110,co_oriented,300.00,2.0,9.2954,2.033529e+05,19.378974,-2.841433e+01,1.449726e+01,-1.391707e+01,-9.669156e-20,-2.334447e+01,-1.167224e+01
singh_literature,plan2,13.00,110,co_oriented,300.00,5.0,9.2954,2.033529e+05,19.378974,-7.103583e+01,3.624316e+01,-3.479267e+01,-2.417289e-19,-5.836118e+01,-2.918059e+01
singh_literature,plan2,13.00,111,co_oriented,298.15,1.0,9.2954,2.033529e+05,21.749244,-6.487237e+00,3.477499e+00,-3.009738e+00,-2.091074e-20,-5.079856e+00,-2.539928e+00
singh_literature,plan2,13.00,111,co_oriented,298.15,2.0,9.2954,2.033529e+05,21.749244,-1.297447e+01,6.954998e+00,-6.019476e+00,-4.182149e-20,-1.015971e+01,-5.079856e+00
singh_literature,plan2,13.00,111,co_oriented,298.15,5.0,9.2954,2.033529e+05,21.749244,-3.243618e+01,1.738749e+01,-1.504869e+01,-1.045537e-19,-2.539928e+01,-1.269964e+01
singh_literature,plan2,13.00,111,co_oriented,300.00,1.0,9.2954,2.033529e+05,21.749244,-6.487237e+00,3.477499e+00,-3.009738e+00,-2.091074e-20,-5.048530e+00,-2.524265e+00
singh_literature,plan2,13.00,111,co_oriented,300.00,2.0,9.2954,2.033529e+05,21.749244,-1.297447e+01,6.954998e+00,-6.019476e+00,-4.182149e-20,-1.009706e+01,-5.048530e+00
singh_literature,plan2,13.00,111,co_oriented,300.00,5.0,9.2954,2.033529e+05,21.749244,-3.243618e+01,1.738749e+01,-1.504869e+01,-1.045537e-19,-2.524265e+01,-1.262133e+01
singh_literature,plan2,16.00,100,co_oriented,298.15,1.0,11.4405,7.068223e+05,19.000000,-5.637351e+01,2.554538e+01,-3.082813e+01,-2.141845e-19,-5.203192e+01,-2.601596e+01
singh_literature,plan2,16.00,100,co_oriented,298.15,2.0,11.4405,7.068223e+05,19.000000,-1.127470e+02,5.109076e+01,-6.165626e+01,-4.283689e-19,-1.040638e+02,-5.203192e+01
singh_literature,plan2,16.00,100,co_oriented,298.15,5.0,11.4405,7.068223e+05,19.000000,-2.818675e+02,1.277269e+02,-1.541407e+02,-1.070922e-18,-2.601596e+02,-1.300798e+02
singh_literature,plan2,16.00,100,co_oriented,300.00,1.0,11.4405,7.068223e+05,19.000000,-5.637351e+01,2.554538e+01,-3.082813e+01,-2.141845e-19,-5.171106e+01,-2.585553e+01
singh_literature,plan2,16.00,100,co_oriented,300.00,2.0,11.4405,7.068223e+05,19.000000,-1.127470e+02,5.109076e+01,-6.165626e+01,-4.283689e-19,-1.034221e+02,-5.171106e+01
singh_literature,plan2,16.00,100,co_oriented,300.00,5.0,11.4405,7.068223e+05,19.000000,-2.818675e+02,1.277269e+02,-1.541407e+02,-1.070922e-18,-2.585553e+02,-1.292776e+02
singh_literature,plan2,16.00,100,twist45_about_axis,298.15,1.0,11.4405,7.068223e+05,19.000000,-5.476576e+01,2.408108e+01,-3.068469e+01,-2.131879e-19,-5.178982e+01,-2.589491e+01
singh_literature,plan2,16.00,100,twist45_about_axis,298.15,2.0,11.4405,7.068223e+05,19.000000,-1.095315e+02,4.816215e+01,-6.136938e+01,-4.263757e-19,-1.035796e+02,-5.178982e+01
singh_literature,plan2,16.00,100,twist45_about_axis,298.15,5.0,11.4405,7.068223e+05,19.000000,-2.738288e+02,1.204054e+02,-1.534234e+02,-1.065939e-18,-2.589491e+02,-1.294745e+02
singh_literature,plan2,16.00,100,twist45_about_axis,300.00,1.0,11.4405,7.068223e+05,19.000000,-5.476576e+01,2.408108e+01,-3.068469e+01,-2.131879e-19,-5.147045e+01,-2.573522e+01
singh_literature,plan2,16.00,100,twist45_about_axis,300.00,2.0,11.4405,7.068223e+05,19.000000,-1.095315e+02,4.816215e+01,-6.136938e+01,-4.263757e-19,-1.029409e+02,-5.147045e+01
singh_literature,plan2,16.00,100,twist45_about_axis,300.00,5.0,11.4405,7.068223e+05,19.000000,-2.738288e+02,1.204054e+02,-1.534234e+02,-1.065939e-18,-2.573522e+02,-1.286761e+02
singh_literature,plan2,16.00,100,tilt15_about_z,298.15,1.0,11.4405,7.068223e+05,20.019576,-3.816783e+01,1.715174e+01,-2.101610e+01,-1.460135e-19,-3.547111e+01,-1.773555e+01
singh_literature,plan2,16.00,100,tilt15_about_z,298.15,2.0,11.4405,7.068223e+05,20.019576,-7.633567e+01,3.430347e+01,-4.203220e+01,-2.920269e-19,-7.094222e+01,-3.547111e+01
singh_literature,plan2,16.00,100,tilt15_about_z,298.15,5.0,11.4405,7.068223e+05,20.019576,-1.908392e+02,8.575868e+01,-1.050805e+02,-7.300673e-19,-1.773555e+02,-8.867777e+01
singh_literature,plan2,16.00,100,tilt15_about_z,300.00,1.0,11.4405,7.068223e+05,20.019576,-3.816783e+01,1.715174e+01,-2.101610e+01,-1.460135e-19,-3.525237e+01,-1.762619e+01
singh_literature,plan2,16.00,100,tilt15_about_z,300.00,2.0,11.4405,7.068223e+05,20.019576,-7.633567e+01,3.430347e+01,-4.203220e+01,-2.920269e-19,-7.050474e+01,-3.525237e+01
singh_literature,plan2,16.00,100,tilt15_about_z,300.00,5.0,11.4405,7.068223e+05,20.019576,-1.908392e+02,8.575868e+01,-1.050805e+02,-7.300673e-19,-1.762619e+02,-8.813093e+01
singh_literature,plan2,16.00,100,rot90_about_z,298.15,1.0,11.4405,7.068223e+05,19.000000,-5.637351e+01,2.554538e+01,-3.082813e+01,-2.141845e-19,-5.203192e+01,-2.601596e+01
singh_literature,plan2,16.00,100,rot90_about_z,298.15,2.0,11.4405,7.068223e+05,19.000000,-1.127470e+02,5.109076e+01,-6.165626e+01,-4.283689e-19,-1.040638e+02,-5.203192e+01
singh_literature,plan2,16.00,100,rot90_about_z,298.15,5.0,11.4405,7.068223e+05,19.000000,-2.818675e+02,1.277269e+02,-1.541407e+02,-1.070922e-18,-2.601596e+02,-1.300798e+02
singh_literature,plan2,16.00,100,rot90_about_z,300.00,1.0,11.4405,7.068223e+05,19.000000,-5.637351e+01,2.554538e+01,-3.082813e+01,-2.141845e-19,-5.171106e+01,-2.585553e+01
singh_literature,plan2,16.00,100,rot90_about_z,300.00,2.0,11.4405,7.068223e+05,19.000000,-1.127470e+02,5.109076e+01,-6.165626e+01,-4.283689e-19,-1.034221e+02,-5.171106e+01
singh_literature,plan2,16.00,100,rot90_about_z,300.00,5.0,11.4405,7.068223e+05,19.000000,-2.818675e+02,1.277269e+02,-1.541407e+02,-1.070922e-18,-2.585553e+02,-1.292776e+02
singh_literature,plan2,16.00,110,co_oriented,298.15,1.0,11.4405,7.068223e+05,23.158737,-2.012647e+01,9.866105e+00,-1.026037e+01,-7.128589e-20,-1.731751e+01,-8.658756e+00
singh_literature,plan2,16.00,110,co_oriented,298.15,2.0,11.4405,7.068223e+05,23.158737,-4.025294e+01,1.973221e+01,-2.052073e+01,-1.425718e-19,-3.463502e+01,-1.731751e+01
singh_literature,plan2,16.00,110,co_oriented,298.15,5.0,11.4405,7.068223e+05,23.158737,-1.006324e+02,4.933052e+01,-5.130183e+01,-3.564295e-19,-8.658756e+01,-4.329378e+01
singh_literature,plan2,16.00,110,co_oriented,300.00,1.0,11.4405,7.068223e+05,23.158737,-2.012647e+01,9.866105e+00,-1.026037e+01,-7.128589e-20,-1.721072e+01,-8.605361e+00
singh_literature,plan2,16.00,110,co_oriented,300.00,2.0,11.4405,7.068223e+05,23.158737,-4.025294e+01,1.973221e+01,-2.052073e+01,-1.425718e-19,-3.442144e+01,-1.721072e+01
singh_literature,plan2,16.00,110,co_oriented,300.00,5.0,11.4405,7.068223e+05,23.158737,-1.006324e+02,4.933052e+01,-5.130183e+01,-3.564295e-19,-8.605361e+01,-4.302680e+01
singh_literature,plan2,16.00,111,co_oriented,298.15,1.0,11.4405,7.068223e+05,26.075993,-9.169193e+00,4.599050e+00,-4.570142e+00,-3.175196e-20,-7.713516e+00,-3.856758e+00
singh_literature,plan2,16.00,111,co_oriented,298.15,2.0,11.4405,7.068223e+05,26.075993,-1.833839e+01,9.198101e+00,-9.140284e+00,-6.350391e-20,-1.542703e+01,-7.713516e+00
singh_literature,plan2,16.00,111,co_oriented,298.15,5.0,11.4405,7.068223e+05,26.075993,-4.584596e+01,2.299525e+01,-2.285071e+01,-1.587598e-19,-3.856758e+01,-1.928379e+01
singh_literature,plan2,16.00,111,co_oriented,300.00,1.0,11.4405,7.068223e+05,26.075993,-9.169193e+00,4.599050e+00,-4.570142e+00,-3.175196e-20,-7.665949e+00,-3.832975e+00
singh_literature,plan2,16.00,111,co_oriented,300.00,2.0,11.4405,7.068223e+05,26.075993,-1.833839e+01,9.198101e+00,-9.140284e+00,-6.350391e-20,-1.533190e+01,-7.665949e+00
singh_literature,plan2,16.00,111,co_oriented,300.00,5.0,11.4405,7.068223e+05,26.075993,-4.584596e+01,2.299525e+01,-2.285071e+01,-1.587598e-19,-3.832975e+01,-1.916487e+01
singh_literature,plan2,19.50,100,co_oriented,298.15,1.0,13.9432,2.316317e+06,22.500000,-7.553866e+01,3.376082e+01,-4.177784e+01,-2.902597e-19,-7.051291e+01,-3.525645e+01
singh_literature,plan2,19.50,100,co_oriented,298.15,2.0,13.9432,2.316317e+06,22.500000,-1.510773e+02,6.752165e+01,-8.355567e+01,-5.805194e-19,-1.410258e+02,-7.051291e+01
singh_literature,plan2,19.50,100,co_oriented,298.15,5.0,13.9432,2.316317e+06,22.500000,-3.776933e+02,1.688041e+02,-2.088892e+02,-1.451298e-18,-3.525645e+02,-1.762823e+02
singh_literature,plan2,19.50,100,co_oriented,300.00,1.0,13.9432,2.316317e+06,22.500000,-7.553866e+01,3.376082e+01,-4.177784e+01,-2.902597e-19,-7.007808e+01,-3.503904e+01
singh_literature,plan2,19.50,100,co_oriented,300.00,2.0,13.9432,2.316317e+06,22.500000,-1.510773e+02,6.752165e+01,-8.355567e+01,-5.805194e-19,-1.401562e+02,-7.007808e+01
singh_literature,plan2,19.50,100,co_oriented,300.00,5.0,13.9432,2.316317e+06,22.500000,-3.776933e+02,1.688041e+02,-2.088892e+02,-1.451298e-18,-3.503904e+02,-1.751952e+02
singh_literature,plan2,19.50,100,twist45_about_axis,298.15,1.0,13.9432,2.316317e+06,22.500000,-7.266346e+01,3.149771e+01,-4.116575e+01,-2.860071e-19,-6.947982e+01,-3.473991e+01
singh_literature,plan2,19.50,100,twist45_about_axis,298.15,2.0,13.9432,2.316317e+06,22.500000,-1.453269e+02,6.299542e+01,-8.233149e+01,-5.720141e-19,-1.389596e+02,-6.947982e+01
singh_literature,plan2,19.50,100,twist45_about_axis,298.15,5.0,13.9432,2.316317e+06,22.500000,-3.633173e+02,1.574886e+02,-2.058287e+02,-1.430035e-18,-3.473991e+02,-1.736995e+02
singh_literature,plan2,19.50,100,twist45_about_axis,300.00,1.0,13.9432,2.316317e+06,22.500000,-7.266346e+01,3.149771e+01,-4.116575e+01,-2.860071e-19,-6.905136e+01,-3.452568e+01
singh_literature,plan2,19.50,100,twist45_about_axis,300.00,2.0,13.9432,2.316317e+06,22.500000,-1.453269e+02,6.299542e+01,-8.233149e+01,-5.720141e-19,-1.381027e+02,-6.905136e+01
singh_literature,plan2,19.50,100,twist45_about_axis,300.00,5.0,13.9432,2.316317e+06,22.500000,-3.633173e+02,1.574886e+02,-2.058287e+02,-1.430035e-18,-3.452568e+02,-1.726284e+02
singh_literature,plan2,19.50,100,tilt15_about_z,298.15,1.0,13.9432,2.316317e+06,23.742490,-5.015686e+01,2.226553e+01,-2.789133e+01,-1.937805e-19,-4.707518e+01,-2.353759e+01
singh_literature,plan2,19.50,100,tilt15_about_z,298.15,2.0,13.9432,2.316317e+06,23.742490,-1.003137e+02,4.453106e+01,-5.578267e+01,-3.875610e-19,-9.415035e+01,-4.707518e+01
singh_literature,plan2,19.50,100,tilt15_about_z,298.15,5.0,13.9432,2.316317e+06,23.742490,-2.507843e+02,1.113276e+02,-1.394567e+02,-9.689025e-19,-2.353759e+02,-1.176879e+02
singh_literature,plan2,19.50,100,tilt15_about_z,300.00,1.0,13.9432,2.316317e+06,23.742490,-5.015686e+01,2.226553e+01,-2.789133e+01,-1.937805e-19,-4.678488e+01,-2.339244e+01
singh_literature,plan2,19.50,100,tilt15_about_z,300.00,2.0,13.9432,2.316317e+06,23.742490,-1.003137e+02,4.453106e+01,-5.578267e+01,-3.875610e-19,-9.356976e+01,-4.678488e+01
singh_literature,plan2,19.50,100,tilt15_about_z,300.00,5.0,13.9432,2.316317e+06,23.742490,-2.507843e+02,1.113276e+02,-1.394567e+02,-9.689025e-19,-2.339244e+02,-1.169622e+02
singh_literature,plan2,19.50,100,rot90_about_z,298.15,1.0,13.9432,2.316317e+06,22.500000,-7.553866e+01,3.376082e+01,-4.177784e+01,-2.902597e-19,-7.051291e+01,-3.525645e+01
singh_literature,plan2,19.50,100,rot90_about_z,298.15,2.0,13.9432,2.316317e+06,22.500000,-1.510773e+02,6.752165e+01,-8.355567e+01,-5.805194e-19,-1.410258e+02,-7.051291e+01
singh_literature,plan2,19.50,100,rot90_about_z,298.15,5.0,13.9432,2.316317e+06,22.500000,-3.776933e+02,1.688041e+02,-2.088892e+02,-1.451298e-18,-3.525645e+02,-1.762823e+02
singh_literature,plan2,19.50,100,rot90_about_z,300.00,1.0,13.9432,2.316317e+06,22.500000,-7.553866e+01,3.376082e+01,-4.177784e+01,-2.902597e-19,-7.007808e+01,-3.503904e+01
singh_literature,plan2,19.50,100,rot90_about_z,300.00,2.0,13.9432,2.316317e+06,22.500000,-1.510773e+02,6.752165e+01,-8.355567e+01,-5.805194e-19,-1.401562e+02,-7.007808e+01
singh_literature,plan2,19.50,100,rot90_about_z,300.00,5.0,13.9432,2.316317e+06,22.500000,-3.776933e+02,1.688041e+02,-2.088892e+02,-1.451298e-18,-3.503904e+02,-1.751952e+02
singh_literature,plan2,19.50,110,co_oriented,298.15,1.0,13.9432,2.316317e+06,27.568460,-2.710356e+01,1.263952e+01,-1.446404e+01,-1.004918e-19,-2.441250e+01,-1.220625e+01
singh_literature,plan2,19.50,110,co_oriented,298.15,2.0,13.9432,2.316317e+06,27.568460,-5.420713e+01,2.527905e+01,-2.892808e+01,-2.009835e-19,-4.882501e+01,-2.441250e+01
singh_literature,plan2,19.50,110,co_oriented,298.15,5.0,13.9432,2.316317e+06,27.568460,-1.355178e+02,6.319761e+01,-7.232021e+01,-5.024588e-19,-1.220625e+02,-6.103126e+01
singh_literature,plan2,19.50,110,co_oriented,300.00,1.0,13.9432,2.316317e+06,27.568460,-2.710356e+01,1.263952e+01,-1.446404e+01,-1.004918e-19,-2.426196e+01,-1.213098e+01
singh_literature,plan2,19.50,110,co_oriented,300.00,2.0,13.9432,2.316317e+06,27.568460,-5.420713e+01,2.527905e+01,-2.892808e+01,-2.009835e-19,-4.852392e+01,-2.426196e+01
singh_literature,plan2,19.50,110,co_oriented,300.00,5.0,13.9432,2.316317e+06,27.568460,-1.355178e+02,6.319761e+01,-7.232021e+01,-5.024588e-19,-1.213098e+02,-6.065490e+01
singh_literature,plan2,19.50,111,co_oriented,298.15,1.0,13.9432,2.316317e+06,31.123867,-1.241326e+01,5.747415e+00,-6.665843e+00,-4.631225e-20,-1.125065e+01,-5.625327e+00
singh_literature,plan2,19.50,111,co_oriented,298.15,2.0,13.9432,2.316317e+06,31.123867,-2.482652e+01,1.149483e+01,-1.333169e+01,-9.262450e-20,-2.250131e+01,-1.125065e+01
singh_literature,plan2,19.50,111,co_oriented,298.15,5.0,13.9432,2.316317e+06,31.123867,-6.206629e+01,2.873707e+01,-3.332922e+01,-2.315612e-19,-5.625327e+01,-2.812664e+01
singh_literature,plan2,19.50,111,co_oriented,300.00,1.0,13.9432,2.316317e+06,31.123867,-1.241326e+01,5.747415e+00,-6.665843e+00,-4.631225e-20,-1.118128e+01,-5.590638e+00
singh_literature,plan2,19.50,111,co_oriented,300.00,2.0,13.9432,2.316317e+06,31.123867,-2.482652e+01,1.149483e+01,-1.333169e+01,-9.262450e-20,-2.236255e+01,-1.118128e+01
singh_literature,plan2,19.50,111,co_oriented,300.00,5.0,13.9432,2.316317e+06,31.123867,-6.206629e+01,2.873707e+01,-3.332922e+01,-2.315612e-19,-5.590638e+01,-2.795319e+01
singh_literature,plan3,13.00,100,co_oriented,298.15,1.0,9.5600,2.507903e+05,16.000000,-3.979246e+01,1.906427e+01,-2.072819e+01,-1.440132e-19,-3.498518e+01,-1.749259e+01
singh_literature,plan3,13.00,100,co_oriented,298.15,2.0,9.5600,2.507903e+05,16.000000,-7.958493e+01,3.812854e+01,-4.145639e+01,-2.880264e-19,-6.997036e+01,-3.498518e+01
singh_literature,plan3,13.00,100,co_oriented,298.15,5.0,9.5600,2.507903e+05,16.000000,-1.989623e+02,9.532135e+01,-1.036410e+02,-7.200659e-19,-1.749259e+02,-8.746296e+01
singh_literature,plan3,13.00,100,co_oriented,300.00,1.0,9.5600,2.507903e+05,16.000000,-3.979246e+01,1.906427e+01,-2.072819e+01,-1.440132e-19,-3.476944e+01,-1.738472e+01
singh_literature,plan3,13.00,100,co_oriented,300.00,2.0,9.5600,2.507903e+05,16.000000,-7.958493e+01,3.812854e+01,-4.145639e+01,-2.880264e-19,-6.953888e+01,-3.476944e+01
singh_literature,plan3,13.00,100,co_oriented,300.00,5.0,9.5600,2.507903e+05,16.000000,-1.989623e+02,9.532135e+01,-1.036410e+02,-7.200659e-19,-1.738472e+02,-8.692360e+01
singh_literature,plan3,13.00,100,twist45_about_axis,298.15,1.0,9.5600,2.507903e+05,16.000000,-3.899143e+01,1.817945e+01,-2.081198e+01,-1.445953e-19,-3.512660e+01,-1.756330e+01
singh_literature,plan3,13.00,100,twist45_about_axis,298.15,2.0,9.5600,2.507903e+05,16.000000,-7.798287e+01,3.635891e+01,-4.162396e+01,-2.891906e-19,-7.025319e+01,-3.512660e+01
singh_literature,plan3,13.00,100,twist45_about_axis,298.15,5.0,9.5600,2.507903e+05,16.000000,-1.949572e+02,9.089727e+01,-1.040599e+02,-7.229765e-19,-1.756330e+02,-8.781649e+01
singh_literature,plan3,13.00,100,twist45_about_axis,300.00,1.0,9.5600,2.507903e+05,16.000000,-3.899143e+01,1.817945e+01,-2.081198e+01,-1.445953e-19,-3.490998e+01,-1.745499e+01
singh_literature,plan3,13.00,100,twist45_about_axis,300.00,2.0,9.5600,2.507903e+05,16.000000,-7.798287e+01,3.635891e+01,-4.162396e+01,-2.891906e-19,-6.981997e+01,-3.490998e+01
singh_literature,plan3,13.00,100,twist45_about_axis,300.00,5.0,9.5600,2.507903e+05,16.000000,-1.949572e+02,9.089727e+01,-1.040599e+02,-7.229765e-19,-1.745499e+02,-8.727496e+01
singh_literature,plan3,13.00,100,tilt15_about_z,298.15,1.0,9.5600,2.507903e+05,16.828505,-2.751256e+01,1.314708e+01,-1.436549e+01,-9.980703e-20,-2.424616e+01,-1.212308e+01
singh_literature,plan3,13.00,100,tilt15_about_z,298.15,2.0,9.5600,2.507903e+05,16.828505,-5.502513e+01,2.629415e+01,-2.873097e+01,-1.996141e-19,-4.849233e+01,-2.424616e+01
singh_literature,plan3,13.00,100,tilt15_about_z,298.15,5.0,9.5600,2.507903e+05,16.828505,-1.375628e+02,6.573539e+01,-7.182743e+01,-4.990351e-19,-1.212308e+02,-6.061541e+01
singh_literature,plan3,13.00,100,tilt15_about_z,300.00,1.0,9.5600,2.507903e+05,16.828505,-2.751256e+01,1.314708e+01,-1.436549e+01,-9.980703e-20,-2.409665e+01,-1.204832e+01
singh_literature,plan3,13.00,100,tilt15_about_z,300.00,2.0,9.5600,2.507903e+05,16.828505,-5.502513e+01,2.629415e+01,-2.873097e+01,-1.996141e-19,-4.819329e+01,-2.409665e+01
singh_literature,plan3,13.00,100,tilt15_about_z,300.00,5.0,9.5600,2.507903e+05,16.828505,-1.375628e+02,6.573539e+01,-7.182743e+01,-4.990351e-19,-1.204832e+02,-6.024161e+01
singh_literature,plan3,13.00,100,rot90_about_z,298.15,1.0,9.5600,2.507903e+05,16.000000,-3.979246e+01,1.906427e+01,-2.072819e+01,-1.440132e-19,-3.498518e+01,-1.749259e+01
singh_literature,plan3,13.00,100,rot90_about_z,298.15,2.0,9.5600,2.507903e+05,16.000000,-7.958493e+01,3.812854e+01,-4.145639e+01,-2.880264e-19,-6.997036e+01,-3.498518e+01
singh_literature,plan3,13.00,100,rot90_about_z,298.15,5.0,9.5600,2.507903e+05,16.000000,-1.989623e+02,9.532135e+01,-1.036410e+02,-7.200659e-19,-1.749259e+02,-8.746296e+01
singh_literature,plan3,13.00,100,rot90_about_z,300.00,1.0,9.5600,2.507903e+05,16.000000,-3.979246e+01,1.906427e+01,-2.072819e+01,-1.440132e-19,-3.476944e+01,-1.738472e+01
singh_literature,plan3,13.00,100,rot90_about_z,300.00,2.0,9.5600,2.507903e+05,16.000000,-7.958493e+01,3.812854e+01,-4.145639e+01,-2.880264e-19,-6.953888e+01,-3.476944e+01
singh_literature,plan3,13.00,100,rot90_about_z,300.00,5.0,9.5600,2.507903e+05,16.000000,-1.989623e+02,9.532135e+01,-1.036410e+02,-7.200659e-19,-1.738472e+02,-8.692360e+01
singh_literature,plan3,13.00,110,co_oriented,298.15,1.0,9.5600,2.507903e+05,19.378974,-1.420717e+01,7.710374e+00,-6.496792e+00,-4.513773e-20,-1.096533e+01,-5.482664e+00
singh_literature,plan3,13.00,110,co_oriented,298.15,2.0,9.5600,2.507903e+05,19.378974,-2.841433e+01,1.542075e+01,-1.299358e+01,-9.027546e-20,-2.193066e+01,-1.096533e+01
singh_literature,plan3,13.00,110,co_oriented,298.15,5.0,9.5600,2.507903e+05,19.378974,-7.103583e+01,3.855187e+01,-3.248396e+01,-2.256887e-19,-5.482664e+01,-2.741332e+01
singh_literature,plan3,13.00,110,co_oriented,300.00,1.0,9.5600,2.507903e+05,19.378974,-1.420717e+01,7.710374e+00,-6.496792e+00,-4.513773e-20,-1.089771e+01,-5.448854e+00
singh_literature,plan3,13.00,110,co_oriented,300.00,2.0,9.5600,2.507903e+05,19.378974,-2.841433e+01,1.542075e+01,-1.299358e+01,-9.027546e-20,-2.179542e+01,-1.089771e+01
singh_literature,plan3,13.00,110,co_oriented,300.00,5.0,9.5600,2.507903e+05,19.378974,-7.103583e+01,3.855187e+01,-3.248396e+01,-2.256887e-19,-5.448854e+01,-2.724427e+01
singh_literature,plan3,13.00,111,co_oriented,298.15,1.0,9.5600,2.507903e+05,21.749244,-6.487237e+00,3.737025e+00,-2.750212e+00,-1.910764e-20,-4.641826e+00,-2.320913e+00
singh_literature,plan3,13.00,111,co_oriented,298.15,2.0,9.5600,2.507903e+05,21.749244,-1.297447e+01,7.474050e+00,-5.500424e+00,-3.821527e-20,-9.283652e+00,-4.641826e+00
singh_literature,plan3,13.00,111,co_oriented,298.15,5.0,9.5600,2.507903e+05,21.749244,-3.243618e+01,1.868512e+01,-1.375106e+01,-9.553818e-20,-2.320913e+01,-1.160456e+01
singh_literature,plan3,13.00,111,co_oriented,300.00,1.0,9.5600,2.507903e+05,21.749244,-6.487237e+00,3.737025e+00,-2.750212e+00,-1.910764e-20,-4.613201e+00,-2.306601e+00
singh_literature,plan3,13.00,111,co_oriented,300.00,2.0,9.5600,2.507903e+05,21.749244,-1.297447e+01,7.474050e+00,-5.500424e+00,-3.821527e-20,-9.226403e+00,-4.613201e+00
singh_literature,plan3,13.00,111,co_oriented,300.00,5.0,9.5600,2.507903e+05,21.749244,-3.243618e+01,1.868512e+01,-1.375106e+01,-9.553818e-20,-2.306601e+01,-1.153300e+01
singh_literature,plan3,16.00,100,co_oriented,298.15,1.0,9.5600,2.507903e+05,19.000000,-5.637351e+01,2.566495e+01,-3.070856e+01,-2.133537e-19,-5.183011e+01,-2.591506e+01
singh_literature,plan3,16.00,100,co_oriented,298.15,2.0,9.5600,2.507903e+05,19.000000,-1.127470e+02,5.132989e+01,-6.141712e+01,-4.267075e-19,-1.036602e+02,-5.183011e+01
singh_literature,plan3,16.00,100,co_oriented,298.15,5.0,9.5600,2.507903e+05,19.000000,-2.818675e+02,1.283247e+02,-1.535428e+02,-1.066769e-18,-2.591506e+02,-1.295753e+02
singh_literature,plan3,16.00,100,co_oriented,300.00,1.0,9.5600,2.507903e+05,19.000000,-5.637351e+01,2.566495e+01,-3.070856e+01,-2.133537e-19,-5.151049e+01,-2.575525e+01
singh_literature,plan3,16.00,100,co_oriented,300.00,2.0,9.5600,2.507903e+05,19.000000,-1.127470e+02,5.132989e+01,-6.141712e+01,-4.267075e-19,-1.030210e+02,-5.151049e+01
singh_literature,plan3,16.00,100,co_oriented,300.00,5.0,9.5600,2.507903e+05,19.000000,-2.818675e+02,1.283247e+02,-1.535428e+02,-1.066769e-18,-2.575525e+02,-1.287762e+02
singh_literature,plan3,16.00,100,twist45_about_axis,298.15,1.0,9.5600,2.507903e+05,19.000000,-5.476576e+01,2.400163e+01,-3.076413e+01,-2.137398e-19,-5.192390e+01,-2.596195e+01
singh_literature,plan3,16.00,100,twist45_about_axis,298.15,2.0,9.5600,2.507903e+05,19.000000,-1.095315e+02,4.800327e+01,-6.152826e+01,-4.274796e-19,-1.038478e+02,-5.192390e+01
singh_literature,plan3,16.00,100,twist45_about_axis,298.15,5.0,9.5600,2.507903e+05,19.000000,-2.738288e+02,1.200082e+02,-1.538207e+02,-1.068699e-18,-2.596195e+02,-1.298098e+02
singh_literature,plan3,16.00,100,twist45_about_axis,300.00,1.0,9.5600,2.507903e+05,19.000000,-5.476576e+01,2.400163e+01,-3.076413e+01,-2.137398e-19,-5.160371e+01,-2.580185e+01
singh_literature,plan3,16.00,100,twist45_about_axis,300.00,2.0,9.5600,2.507903e+05,19.000000,-1.095315e+02,4.800327e+01,-6.152826e+01,-4.274796e-19,-1.032074e+02,-5.160371e+01
singh_literature,plan3,16.00,100,twist45_about_axis,300.00,5.0,9.5600,2.507903e+05,19.000000,-2.738288e+02,1.200082e+02,-1.538207e+02,-1.068699e-18,-2.580185e+02,-1.290093e+02
singh_literature,plan3,16.00,100,tilt15_about_z,298.15,1.0,9.5600,2.507903e+05,20.019576,-3.816783e+01,1.645367e+01,-2.171417e+01,-1.508634e-19,-3.664931e+01,-1.832466e+01
singh_literature,plan3,16.00,100,tilt15_about_z,298.15,2.0,9.5600,2.507903e+05,20.019576,-7.633567e+01,3.290733e+01,-4.342833e+01,-3.017268e-19,-7.329863e+01,-3.664931e+01
singh_literature,plan3,16.00,100,tilt15_about_z,298.15,5.0,9.5600,2.507903e+05,20.019576,-1.908392e+02,8.226834e+01,-1.085708e+02,-7.543171e-19,-1.832466e+02,-9.162329e+01
singh_literature,plan3,16.00,100,tilt15_about_z,300.00,1.0,9.5600,2.507903e+05,20.019576,-3.816783e+01,1.645367e+01,-2.171417e+01,-1.508634e-19,-3.642331e+01,-1.821166e+01
singh_literature,plan3,16.00,100,tilt15_about_z,300.00,2.0,9.5600,2.507903e+05,20.019576,-7.633567e+01,3.290733e+01,-4.342833e+01,-3.017268e-19,-7.284662e+01,-3.642331e+01
singh_literature,plan3,16.00,100,tilt15_about_z,300.00,5.0,9.5600,2.507903e+05,20.019576,-1.908392e+02,8.226834e+01,-1.085708e+02,-7.543171e-19,-1.821166e+02,-9.105828e+01
singh_literature,plan3,16.00,100,rot90_about_z,298.15,1.0,9.5600,2.507903e+05,19.000000,-5.637351e+01,2.566495e+01,-3.070856e+01,-2.133537e-19,-5.183011e+01,-2.591506e+01
singh_literature,plan3,16.00,100,rot90_about_z,298.15,2.0,9.5600,2.507903e+05,19.000000,-1.127470e+02,5.132989e+01,-6.141712e+01,-4.267075e-19,-1.036602e+02,-5.183011e+01
singh_literature,plan3,16.00,100,rot90_about_z,298.15,5.0,9.5600,2.507903e+05,19.000000,-2.818675e+02,1.283247e+02,-1.535428e+02,-1.066769e-18,-2.591506e+02,-1.295753e+02
singh_literature,plan3,16.00,100,rot90_about_z,300.00,1.0,9.5600,2.507903e+05,19.000000,-5.637351e+01,2.566495e+01,-3.070856e+01,-2.133537e-19,-5.151049e+01,-2.575525e+01
singh_literature,plan3,16.00,100,rot90_about_z,300.00,2.0,9.5600,2.507903e+05,19.000000,-1.127470e+02,5.132989e+01,-6.141712e+01,-4.267075e-19,-1.030210e+02,-5.151049e+01
singh_literature,plan3,16.00,100,rot90_about_z,300.00,5.0,9.5600,2.507903e+05,19.000000,-2.818675e+02,1.283247e+02,-1.535428e+02,-1.066769e-18,-2.575525e+02,-1.287762e+02
singh_literature,plan3,16.00,110,co_oriented,298.15,1.0,9.5600,2.507903e+05,23.158737,-2.012647e+01,9.240906e+00,-1.088556e+01,-7.562959e-20,-1.837273e+01,-9.186364e+00
singh_literature,plan3,16.00,110,co_oriented,298.15,2.0,9.5600,2.507903e+05,23.158737,-4.025294e+01,1.848181e+01,-2.177113e+01,-1.512592e-19,-3.674546e+01,-1.837273e+01
singh_literature,plan3,16.00,110,co_oriented,298.15,5.0,9.5600,2.507903e+05,23.158737,-1.006324e+02,4.620453e+01,-5.442782e+01,-3.781479e-19,-9.186364e+01,-4.593182e+01
singh_literature,plan3,16.00,110,co_oriented,300.00,1.0,9.5600,2.507903e+05,23.158737,-2.012647e+01,9.240906e+00,-1.088556e+01,-7.562959e-20,-1.825943e+01,-9.129715e+00
singh_literature,plan3,16.00,110,co_oriented,300.00,2.0,9.5600,2.507903e+05,23.158737,-4.025294e+01,1.848181e+01,-2.177113e+01,-1.512592e-19,-3.651886e+01,-1.825943e+01
singh_literature,plan3,16.00,110,co_oriented,300.00,5.0,9.5600,2.507903e+05,23.158737,-1.006324e+02,4.620453e+01,-5.442782e+01,-3.781479e-19,-9.129715e+01,-4.564857e+01
singh_literature,plan3,16.00,111,co_oriented,298.15,1.0,9.5600,2.507903e+05,26.075993,-9.169193e+00,4.017700e+00,-5.151492e+00,-3.579100e-20,-8.694723e+00,-4.347361e+00
singh_literature,plan3,16.00,111,co_oriented,298.15,2.0,9.5600,2.507903e+05,26.075993,-1.833839e+01,8.035401e+00,-1.030298e+01,-7.158200e-20,-1.738945e+01,-8.694723e+00
singh_literature,plan3,16.00,111,co_oriented,298.15,5.0,9.5600,2.507903e+05,26.075993,-4.584596e+01,2.008850e+01,-2.575746e+01,-1.789550e-19,-4.347361e+01,-2.173681e+01
singh_literature,plan3,16.00,111,co_oriented,300.00,1.0,9.5600,2.507903e+05,26.075993,-9.169193e+00,4.017700e+00,-5.151492e+00,-3.579100e-20,-8.641105e+00,-4.320553e+00
singh_literature,plan3,16.00,111,co_oriented,300.00,2.0,9.5600,2.507903e+05,26.075993,-1.833839e+01,8.035401e+00,-1.030298e+01,-7.158200e-20,-1.728221e+01,-8.641105e+00
singh_literature,plan3,16.00,111,co_oriented,300.00,5.0,9.5600,2.507903e+05,26.075993,-4.584596e+01,2.008850e+01,-2.575746e+01,-1.789550e-19,-4.320553e+01,-2.160276e+01
singh_literature,plan3,19.50,100,co_oriented,298.15,1.0,9.5600,2.507903e+05,22.500000,-7.553866e+01,3.429427e+01,-4.124439e+01,-2.865535e-19,-6.961255e+01,-3.480628e+01
singh_literature,plan3,19.50,100,co_oriented,298.15,2.0,9.5600,2.507903e+05,22.500000,-1.510773e+02,6.858854e+01,-8.248878e+01,-5.731069e-19,-1.392251e+02,-6.961255e+01
singh_literature,plan3,19.50,100,co_oriented,298.15,5.0,9.5600,2.507903e+05,22.500000,-3.776933e+02,1.714714e+02,-2.062219e+02,-1.432767e-18,-3.480628e+02,-1.740314e+02
singh_literature,plan3,19.50,100,co_oriented,300.00,1.0,9.5600,2.507903e+05,22.500000,-7.553866e+01,3.429427e+01,-4.124439e+01,-2.865535e-19,-6.918328e+01,-3.459164e+01
singh_literature,plan3,19.50,100,co_oriented,300.00,2.0,9.5600,2.507903e+05,22.500000,-1.510773e+02,6.858854e+01,-8.248878e+01,-5.731069e-19,-1.383666e+02,-6.918328e+01
singh_literature,plan3,19.50,100,co_oriented,300.00,5.0,9.5600,2.507903e+05,22.500000,-3.776933e+02,1.714714e+02,-2.062219e+02,-1.432767e-18,-3.459164e+02,-1.729582e+02
singh_literature,plan3,19.50,100,twist45_about_axis,298.15,1.0,9.5600,2.507903e+05,22.500000,-7.266346e+01,3.127963e+01,-4.138382e+01,-2.875222e-19,-6.984789e+01,-3.492394e+01
singh_literature,plan3,19.50,100,twist45_about_axis,298.15,2.0,9.5600,2.507903e+05,22.500000,-1.453269e+02,6.255927e+01,-8.276764e+01,-5.750444e-19,-1.396958e+02,-6.984789e+01
singh_literature,plan3,19.50,100,twist45_about_axis,298.15,5.0,9.5600,2.507903e+05,22.500000,-3.633173e+02,1.563982e+02,-2.069191e+02,-1.437611e-18,-3.492394e+02,-1.746197e+02
singh_literature,plan3,19.50,100,twist45_about_axis,300.00,1.0,9.5600,2.507903e+05,22.500000,-7.266346e+01,3.127963e+01,-4.138382e+01,-2.875222e-19,-6.941716e+01,-3.470858e+01
singh_literature,plan3,19.50,100,twist45_about_axis,300.00,2.0,9.5600,2.507903e+05,22.500000,-1.453269e+02,6.255927e+01,-8.276764e+01,-5.750444e-19,-1.388343e+02,-6.941716e+01
singh_literature,plan3,19.50,100,twist45_about_axis,300.00,5.0,9.5600,2.507903e+05,22.500000,-3.633173e+02,1.563982e+02,-2.069191e+02,-1.437611e-18,-3.470858e+02,-1.735429e+02
singh_literature,plan3,19.50,100,tilt15_about_z,298.15,1.0,9.5600,2.507903e+05,23.742490,-5.015686e+01,2.030317e+01,-2.985369e+01,-2.074144e-19,-5.038726e+01,-2.519363e+01
singh_literature,plan3,19.50,100,tilt15_about_z,298.15,2.0,9.5600,2.507903e+05,23.742490,-1.003137e+02,4.060634e+01,-5.970738e+01,-4.148287e-19,-1.007745e+02,-5.038726e+01
singh_literature,plan3,19.50,100,tilt15_about_z,298.15,5.0,9.5600,2.507903e+05,23.742490,-2.507843e+02,1.015159e+02,-1.492685e+02,-1.037072e-18,-2.519363e+02,-1.259681e+02
singh_literature,plan3,19.50,100,tilt15_about_z,300.00,1.0,9.5600,2.507903e+05,23.742490,-5.015686e+01,2.030317e+01,-2.985369e+01,-2.074144e-19,-5.007654e+01,-2.503827e+01
singh_literature,plan3,19.50,100,tilt15_about_z,300.00,2.0,9.5600,2.507903e+05,23.742490,-1.003137e+02,4.060634e+01,-5.970738e+01,-4.148287e-19,-1.001531e+02,-5.007654e+01
singh_literature,plan3,19.50,100,tilt15_about_z,300.00,5.0,9.5600,2.507903e+05,23.742490,-2.507843e+02,1.015159e+02,-1.492685e+02,-1.037072e-18,-2.503827e+02,-1.251913e+02
singh_literature,plan3,19.50,100,rot90_about_z,298.15,1.0,9.5600,2.507903e+05,22.500000,-7.553866e+01,3.429427e+01,-4.124439e+01,-2.865535e-19,-6.961255e+01,-3.480628e+01
singh_literature,plan3,19.50,100,rot90_about_z,298.15,2.0,9.5600,2.507903e+05,22.500000,-1.510773e+02,6.858854e+01,-8.248878e+01,-5.731069e-19,-1.392251e+02,-6.961255e+01
singh_literature,plan3,19.50,100,rot90_about_z,298.15,5.0,9.5600,2.507903e+05,22.500000,-3.776933e+02,1.714714e+02,-2.062219e+02,-1.432767e-18,-3.480628e+02,-1.740314e+02
singh_literature,plan3,19.50,100,rot90_about_z,300.00,1.0,9.5600,2.507903e+05,22.500000,-7.553866e+01,3.429427e+01,-4.124439e+01,-2.865535e-19,-6.918328e+01,-3.459164e+01
singh_literature,plan3,19.50,100,rot90_about_z,300.00,2.0,9.5600,2.507903e+05,22.500000,-1.510773e+02,6.858854e+01,-8.248878e+01,-5.731069e-19,-1.383666e+02,-6.918328e+01
singh_literature,plan3,19.50,100,rot90_about_z,300.00,5.0,9.5600,2.507903e+05,22.500000,-3.776933e+02,1.714714e+02,-2.062219e+02,-1.432767e-18,-3.459164e+02,-1.729582e+02
singh_literature,plan3,19.50,110,co_oriented,298.15,1.0,9.5600,2.507903e+05,27.568460,-2.710356e+01,1.100998e+01,-1.609359e+01,-1.118134e-19,-2.716287e+01,-1.358143e+01
singh_literature,plan3,19.50,110,co_oriented,298.15,2.0,9.5600,2.507903e+05,27.568460,-5.420713e+01,2.201995e+01,-3.218718e+01,-2.236267e-19,-5.432573e+01,-2.716287e+01
singh_literature,plan3,19.50,110,co_oriented,298.15,5.0,9.5600,2.507903e+05,27.568460,-1.355178e+02,5.504988e+01,-8.046794e+01,-5.590668e-19,-1.358143e+02,-6.790716e+01
singh_literature,plan3,19.50,110,co_oriented,300.00,1.0,9.5600,2.507903e+05,27.568460,-2.710356e+01,1.100998e+01,-1.609359e+01,-1.118134e-19,-2.699536e+01,-1.349768e+01
singh_literature,plan3,19.50,110,co_oriented,300.00,2.0,9.5600,2.507903e+05,27.568460,-5.420713e+01,2.201995e+01,-3.218718e+01,-2.236267e-19,-5.399072e+01,-2.699536e+01
singh_literature,plan3,19.50,110,co_oriented,300.00,5.0,9.5600,2.507903e+05,27.568460,-1.355178e+02,5.504988e+01,-8.046794e+01,-5.590668e-19,-1.349768e+02,-6.748840e+01
singh_literature,plan3,19.50,111,co_oriented,298.15,1.0,9.5600,2.507903e+05,31.123867,-1.241326e+01,4.287546e+00,-8.125712e+00,-5.645498e-20,-1.371463e+01,-6.857315e+00
singh_literature,plan3,19.50,111,co_oriented,298.15,2.0,9.5600,2.507903e+05,31.123867,-2.482652e+01,8.575091e+00,-1.625142e+01,-1.129100e-19,-2.742926e+01,-1.371463e+01
singh_literature,plan3,19.50,111,co_oriented,298.15,5.0,9.5600,2.507903e+05,31.123867,-6.206629e+01,2.143773e+01,-4.062856e+01,-2.822749e-19,-6.857315e+01,-3.428658e+01
singh_literature,plan3,19.50,111,co_oriented,300.00,1.0,9.5600,2.507903e+05,31.123867,-1.241326e+01,4.287546e+00,-8.125712e+00,-5.645498e-20,-1.363006e+01,-6.815029e+00
singh_literature,plan3,19.50,111,co_oriented,300.00,2.0,9.5600,2.507903e+05,31.123867,-2.482652e+01,8.575091e+00,-1.625142e+01,-1.129100e-19,-2.726011e+01,-1.363006e+01
singh_literature,plan3,19.50,111,co_oriented,300.00,5.0,9.5600,2.507903e+05,31.123867,-6.206629e+01,2.143773e+01,-4.062856e+01,-2.822749e-19,-6.815029e+01,-3.407514e+01
