temperature_K,blocked_fraction,blocked_weight,vdw_kBT,dipole_kBT,epsilon_kBT,epsilon_unblocked_kBT,epsilon_frozen_kBT,vdw_choice,registration,registration_cost_kBT,epsilon_net_kBT,attraction,critical_attraction,dwell_s,size_cv,phi_dilute,phi_dense,two_phase
200.0,0.7142681357322256,0.5101789697223891,1.7685295207466243,7.530510374620079,5.4571318709592695,9.299039895366704,1.7685295207466243,inherited,none,0.0,5.4571318709592695,25.580305645121577,10.698996655518394,150.0,0.1,7.632047936151211e-05,0.4965721050621349,True
201.0,0.7086505802035399,0.5021856448228137,1.7597308664145515,7.4831806796022216,5.48496563110511,9.242911546016773,1.7597308664145515,inherited,none,0.0,5.48496563110511,25.7107763958052,10.698996655518394,150.0,0.1,7.151336985394817e-05,0.49764826929672323,True
202.0,0.703010155441879,0.4942232786544148,1.7510193274719053,7.436329086220687,5.512141471547417,9.187348413692593,1.7510193274719053,inherited,none,0.0,5.512141471547417,25.838163147878518,10.698996655518394,150.0,0.1,6.710382015409629e-05,0.49869031391442037,True
203.0,0.6973483950303468,0.4862947840514007,1.7423936164991372,7.3899486119286495,5.538648764038996,9.132342228427786,1.7423936164991372,inherited,none,0.0,5.538648764038996,25.962416081432792,10.698996655518394,150.0,0.1,6.305739722544864e-05,0.49969858040831044,True
204.0,0.6916668271654529,0.4784029998011245,1.73385247132022,7.344032410298298,5.564477745895129,9.077884881618518,1.73385247132022,inherited,none,0.0,5.564477745895129,26.083489433883415,10.698996655518394,150.0,0.1,5.934274727605771e-05,0.5006734200488646,True
205.0,0.6859669735299387,0.47055068877382367,1.7253946543869505,7.298573767694063,5.589619508626011,9.023968422081014,1.7253946543869505,inherited,none,0.0,5.589619508626011,26.201341446684427,10.698996655518394,150.0,0.1,5.5931330859325306e-05,0.501615192774524,True
206.0,0.6802503481951869,0.46274053621967304,1.7170189521811885,7.25356610004319,5.61406598558555,8.97058505222438,1.7170189521811885,inherited,none,0.0,5.61406598558555,26.315934307432265,10.698996655518394,150.0,0.1,5.279717826880974e-05,0.5025242661605549,True
207.0,0.6745184565036051,0.4549751481640058,1.7087241746344195,7.209002949700321,5.637809939180082,8.917727124334741,1.7087241746344195,inherited,none,0.0,5.637809939180082,26.427234089906637,10.698996655518394,150.0,0.1,4.991666411504711e-05,0.5034010144792769,True
208.0,0.6687727940050027,0.44725705000125776,1.7005091545640616,7.164877982402959,5.660844946938509,8.865387136967021,1.7005091545640616,inherited,none,0.0,5.660844946938509,26.535210688774256,10.698996655518394,150.0,0.1,4.7268300095476344e-05,0.5042458178186773,True
209.0,0.6630148454859406,0.43958868533474565,1.6923727471259564,7.121184984314705,5.683165386160228,8.81355773144066,1.6923727471259564,inherited,none,0.0,5.683165386160228,26.63983774762607,10.698996655518394,150.0,0.1,4.483254486764094e-05,0.5050590612432231,True
210.0,0.657246084014522,0.4319724149524241,1.6843138292824995,7.07791785915338,5.704766417982503,8.762231688435879,1.6843138292824995,inherited,none,0.0,5.704766417982503,26.74109258429298,10.698996655518394,150.0,0.1,4.259162981491301e-05,0.5058411340221924,True
211.0,0.6514679699711952,0.42441051589839,1.6763312992858999,7.035070625401183,5.7256439711789575,8.711401924687083,1.6763312992858999,inherited,none,0.0,5.7256439711789575,26.838956114901364,10.698996655518394,150.0,0.1,4.05293995997117e-05,0.506592428930374,True
212.0,0.6456819501449462,0.41690518074298083,1.6684240761760607,6.992637413594172,5.745794724985624,8.661061489770232,1.6684240761760607,inherited,none,0.0,5.745794724985624,26.93341277337011,10.698996655518394,150.0,0.1,3.863116652831232e-05,0.5073133415898345,True
213.0,0.6398894569176259,0.40945851707433417,1.660591099292605,6.950612463688452,5.765216090840799,8.611203562981057,1.660591099292605,inherited,none,0.0,5.765216090840799,27.024450425816244,10.698996655518394,150.0,0.1,3.688357770835316e-05,0.5080042698437247,True
214.0,0.6340919074567948,0.4020725471021964,1.6528313278005835,6.908990122500556,5.783906193843425,8.561821450301139,1.6528313278005835,inherited,none,0.0,5.783906193843425,27.112060283641053,10.698996655518394,150.0,0.1,3.5274493945621684e-05,0.5086656131860485,True
215.0,0.6282907028983081,0.3947492073484501,1.645143740229418,6.867764841219585,5.8018638541220175,8.512908581449002,1.645143740229418,inherited,none,0.0,5.8018638541220175,27.196236816196954,10.698996655518394,150.0,0.1,3.379287944968024e-05,0.5092977722487391,True
216.0,0.6224872275970742,0.38749034852149167,1.6375273340246521,6.826931172988796,5.819088567459783,8.464458507013449,1.6375273340246521,inherited,none,0.0,5.819088567459783,27.27697765996773,10.698996655518394,150.0,0.1,3.2428701536201494e-05,0.5099011483179434,True
217.0,0.6166828484626815,0.3802977355880466,1.6299811251120961,6.786483770554345,5.835580485119596,8.416464895666442,1.6299811251120961,inherited,none,0.0,5.835580485119596,27.354283523998106,10.698996655518394,150.0,0.1,3.11728395027637e-05,0.5104761428734664,True
218.0,0.6108789143024113,0.37317304793929273,1.6225041474739672,6.746417383979076,5.851340393602942,8.368921531453044,1.6225041474739672,inherited,none,0.0,5.851340393602942,27.42815809501379,10.698996655518394,150.0,0.1,3.001700185119314e-05,0.5110231571728588,True
219.0,0.6050767551535574,0.3661178796271581,1.6150954527366432,6.706726858419228,5.866369694512913,8.321822311155872,1.6150954527366432,inherited,none,0.0,5.866369694512913,27.498607943029278,10.698996655518394,150.0,0.1,2.8953651137591893e-05,0.5115425918816225,True
220.0,0.5992776816796592,0.359133739759347,1.6077541097696584,6.667407131962057,5.880670383932039,8.275161241731716,1.6077541097696584,inherited,none,0.0,5.880670383932039,27.565642424681435,10.698996655518394,150.0,0.1,2.7975935834108827e-05,0.5120348467249816,True
221.0,0.5934829846507601,0.35222205306997434,1.6004792042955875,6.628453233522458,5.894245031228455,8.228932437818045,1.6004792042955875,inherited,none,0.0,5.894245031228455,27.629273583883386,10.698996655518394,150.0,0.1,2.707762859075955e-05,0.5125003201547685,True
222.0,0.5876939344350327,0.3453841605717285,1.5932698385104724,6.589860280796684,5.907096757939218,8.183130119307156,1.5932698385104724,inherited,none,0.0,5.907096757939218,27.689516052840084,10.698996655518394,150.0,0.1,2.6253070286233144e-05,0.5129394090504008,True
223.0,0.5819117804758971,0.33862132025662867,1.5861251307144613,6.551623478271398,5.919229216949273,8.13774860898586,1.5861251307144613,inherited,none,0.0,5.919229216949273,27.74638695444972,10.698996655518394,150.0,0.1,2.5497119338631442e-05,0.51335250845776,True
224.0,0.576137750822298,0.33193470792257634,1.5790442149523432,6.513738115286292,5.930646571456927,8.092782330238634,1.5790442149523432,inherited,none,0.0,5.930646571456927,27.79990580370435,10.698996655518394,150.0,0.1,2.4805105834600023e-05,0.5137400113452583,True
225.0,0.5703730517431448,0.3253254181547881,1.572026240663666,6.476199564148609,5.941353473551772,8.048225804812276,1.572026240663666,inherited,none,0.0,5.941353473551772,27.850094407273932,10.698996655518394,150.0,0.1,2.417279004782361e-05,0.5141023083683262,True
226.0,0.5646188673623757,0.31879446538157197,1.5650703723421453,6.439003278297972,5.951355042944925,8.004073650640118,1.5650703723421453,inherited,none,0.0,5.951355042944925,27.896976763804336,10.698996655518394,150.0,0.1,2.3596324913218728e-05,0.5144397876579625,True
227.0,0.5588763592751023,0.3123427849565932,1.5581757892040742,6.402144790519926,5.9606568461576614,7.960320579724,1.5581757892040742,inherited,none,0.0,5.9606568461576614,27.940578966364036,10.698996655518394,150.0,0.1,2.3072222077402087e-05,0.5147528346408158,True
228.0,0.5531466661998681,0.30597123432802825,1.55134168486546,6.365619711206716,5.96926487577143,7.9169613960721765,1.55134168486546,inherited,none,0.0,5.96926487577143,27.980929105178582,10.698996655518394,150.0,0.1,2.2597321218738468e-05,0.5150418318747279,True
229.0,0.5474309037128464,0.2996805943398637,1.5445672670276194,6.329423726663843,5.977185529456007,7.8739909936914625,1.5445672670276194,inherited,none,0.0,5.977185529456007,28.018057169325026,10.698996655518394,150.0,0.1,2.2168762349398478e-05,0.5153071588879397,True
230.0,0.5417301640169478,0.29347157060582924,1.5378517571709776,6.293552597461013,5.984425589164711,7.8314043546319905,1.5378517571709776,inherited,none,0.0,5.984425589164711,28.05199494920958,10.698996655518394,150.0,0.1,2.178396080194816e-05,0.5155491920328965,True
231.0,0.536045515691428,0.287344794892889,1.5311943902568175,6.258002156826085,5.990992200890454,7.789196547082902,1.5311943902568175,inherited,none,0.0,5.990992200890454,28.082775941674004,10.698996655518394,150.0,0.1,2.1440584631436315e-05,0.5157683043656642,True
232.0,0.530378003455743,0.2813008265497002,1.524594414436745,6.222768309080757,5.996892854745805,7.747362723517502,1.524594414436745,inherited,none,0.0,5.996892854745805,28.110435256620956,10.698996655518394,150.0,0.1,2.1136534221504262e-05,0.5159648655409579,True
233.0,0.5247286480061835,0.2753401540383972,1.5180510907696345,6.187847028116731,6.002135364998666,7.705898118886365,1.5180510907696345,inherited,none,0.0,6.002135364998666,28.135009523431247,10.698996655518394,150.0,0.1,2.086992390867375e-05,0.5161392417086896,True
234.0,0.5190984459041625,0.26946319654011675,1.5115636929458327,6.153234355911091,6.006727850252655,7.664798048856924,1.5115636929458327,inherited,none,0.0,6.006727850252655,28.156536798059317,10.698996655518394,150.0,0.1,2.063906542860505e-05,0.516291795416723,True
235.0,0.5134883694531153,0.263670305563619,1.5051315070184035,6.11892640107978,6.010678714204183,7.624057908098184,1.5051315070184035,inherited,none,0.0,6.010678714204183,28.17505647283211,10.698996655518394,150.0,0.1,2.044245299510403e-05,0.516422885532598,True
236.0,0.5078993665676181,0.25796176655978775,1.498753831141207,6.084919337468004,6.013996626942151,7.583673168609211,1.498753831141207,inherited,none,0.0,6.013996626942151,28.19060918879133,10.698996655518394,150.0,0.1,2.027874986320471e-05,0.5165328671815372,True
237.0,0.5023323606953759,0.25233780060178923,1.492429975313607,6.051209402776469,6.016690506412596,7.543639378090076,1.492429975313607,inherited,none,0.0,6.016690506412596,28.203236748809047,10.698996655518394,150.0,0.1,2.0146776258299563e-05,0.5166220916868377,True
238.0,0.4967882508036804,0.24679856613658044,1.486159261131617,6.017792897222413,6.01876950001264,7.50395215835403,1.486159261131617,inherited,none,0.0,6.01876950001264,28.212982031309252,10.698996655518394,150.0,0.1,2.004549854875549e-05,0.5166909065102584,True
239.0,0.49126791137360254,0.24134416074538179,1.4799410215452922,5.984666182234382,6.020242966687049,7.464607203779674,1.4799410215452922,inherited,none,0.0,6.020242966687049,28.219888906345542,10.698996655518394,150.0,0.1,1.997401953198265e-05,0.5167396552036251,True
240.0,0.4857721923726246,0.2359746228825062,1.473774600622187,5.951825679179778,6.0211204596951005,7.425600279801965,1.473774600622187,inherited,none,0.0,6.0211204596951005,28.22400215482078,10.698996655518394,150.0,0.1,1.9931569725488665e-05,0.5167686773761059,True
241.0,0.48030191925023985,0.23068993363546392,1.4676593533167008,5.919267868124213,6.021411709772805,7.386927221440914,1.4676593533167008,inherited,none,0.0,6.021411709772805,28.225367389560017,10.698996655518394,150.0,0.1,1.9917499585452708e-05,0.5167783086669839,True
242.0,0.4748578929977133,0.22549001854222775,1.461594645245144,5.886989286621755,6.021126608468664,7.348583931866899,1.461594645245144,inherited,none,0.0,6.021126608468664,28.22403097719686,10.698996655518394,150.0,0.1,1.9931272581374504e-05,0.5167688807164206,True
243.0,0.46944089024130264,0.22037474943054675,1.4555798524663575,5.854986528535153,6.020275191856348,7.31056638100151,1.4555798524663575,inherited,none,0.0,6.020275191856348,28.220039961826632,10.698996655518394,150.0,0.1,1.997245904257709e-05,0.5167407211380769,True
244.0,0.46405166331741604,0.21534394622766045,1.4496143612677248,5.8232562428852,6.018867624915165,7.272870604152924,1.4496143612677248,inherited,none,0.0,6.018867624915165,28.213441991789832,10.698996655518394,150.0,0.1,2.0040730696428058e-05,0.516694153505922,True
245.0,0.45869094033986,0.21039737874986503,1.4436975679564281,5.791795132728363,6.016914186502517,7.235492700684791,1.4436975679564281,inherited,none,0.0,6.016914186502517,28.204285249230548,10.698996655518394,150.0,0.1,2.0135855841050725e-05,0.5166294973486285,True
246.0,0.4533594253113254,0.20553476851861524,1.4378288786557922,5.760599954061923,6.014425254631252,7.198428832717715,1.4378288786557922,inherited,none,0.0,6.014425254631252,28.192618381083996,10.698996655518394,150.0,0.1,2.0257695112222982e-05,0.5165470681434815,True
247.0,0.4480577982876759,0.20075579060639964,1.4320077091065782,5.729667514755776,6.011411292025753,7.161675223862354,1.4320077091065782,inherited,none,0.0,6.011411292025753,28.178490431370715,10.698996655518394,150.0,0.1,2.040619779694874e-05,0.5164471773092251,True
248.0,0.442786715546915,0.19606007546482462,1.4262334844730842,5.698994673510202,6.007882832221243,7.125228157983287,1.4262334844730842,inherited,none,0.0,6.007882832221243,28.16195077603708,10.698996655518394,150.0,0.1,2.058139863580483e-05,0.5163301322007281,True
249.0,0.43754680973426224,0.1914472107086307,1.420505639153915,5.668578338838812,6.003850466338673,7.089083977992727,1.420505639153915,inherited,none,0.0,6.003850466338673,28.143049060962532,10.698996655518394,150.0,0.1,2.0783415069003118e-05,0.516196236119664,True
250.0,0.43233869001686315,0.18691674288549728,1.4148236165972994,5.638415468076016,5.999324830345341,7.053239084673316,1.4148236165972994,inherited,none,0.0,5.999324830345341,28.121835142243782,10.698996655518394,150.0,0.1,2.1012444897199984e-05,0.5160457883238515,True
251.0,0.4271629422885145,0.18246817926458075,1.409186869120816,5.608503066408265,5.994316592601747,7.017689935529082,1.409186869120816,inherited,none,0.0,5.994316592601747,28.098359027820685,10.698996655518394,150.0,0.1,2.1268764335482232e-05,0.5158790840350829,True
252.0,0.4220201294084066,0.17810098962588827,1.403594857735416,5.578838185928485,5.988836441787343,6.982433043663901,1.403594857735416,inherited,none,0.0,5.988836441787343,28.07267082087817,10.698996655518394,150.0,0.1,2.1552726426377662e-05,0.5156964144459776,True
253.0,0.41691079142693094,0.1738146080082299,1.398047051973616,5.549417924712945,5.982895075428736,6.947464976686561,1.398047051973616,inherited,none,0.0,5.982895075428736,28.0448206660722,10.698996655518394,150.0,0.1,2.1864759773808774e-05,0.515498066733462,True
254.0,0.4118354457917414,0.16960843441048237,1.3925429297217513,5.520239425920065,5.9765031890404945,6.912782355641816,1.3925429297217513,inherited,none,0.0,5.9765031890404945,28.01485869862732,10.698996655518394,150.0,0.1,2.220536757254178e-05,0.5152843240791469,True
255.0,0.40679458757499387,0.16548183648030937,1.3870819770561758,5.491299876910442,5.969671465671381,6.8783818539666175,1.3870819770561758,inherited,none,0.0,5.969671465671381,27.9828349953346,10.698996655518394,150.0,0.1,2.257512692136952e-05,0.5150554656893529,True
256.0,0.4017886897465793,0.16143415120827292,1.3816636880833002,5.462596508387599,5.962410565746072,6.844260196470899,1.3816636880833002,inherited,none,0.0,5.962410565746072,27.948799526934714,10.698996655518394,150.0,0.1,2.2974688406557657e-05,0.5148117668131236,True
257.0,0.3968182034649922,0.15746468660118393,1.3762875647833654,5.434126593558827,5.9547311173362925,6.810414158342192,1.3762875647833654,inherited,none,0.0,5.9547311173362925,27.912802112513866,10.698996655518394,150.0,0.1,2.3404775929517553e-05,0.5145534987564274,True
258.0,0.3918835583471918,0.15357272330285687,1.3709531168578484,5.405887447315618,5.946643707020478,6.776840564173467,1.3709531168578484,inherited,none,0.0,5.946643707020478,27.874892376658487,10.698996655518394,150.0,0.1,2.3866186754969936e-05,0.5142809289083511,True
259.0,0.38698516272437816,0.14975751616881344,1.365659861580405,5.377876425433123,5.938158871277847,6.743536287013528,1.365659861580405,inherited,none,0.0,5.938158871277847,27.835119709114906,10.698996655518394,150.0,0.1,2.4359791764543748e-05,0.5139943207671838,True
260.0,0.3821234039233839,0.1460182958259936,1.3604073236512495,5.350090923788124,5.929287088233716,6.710498247439373,1.3604073236512495,inherited,none,0.0,5.929287088233716,27.793533226095544,10.698996655518394,150.0,0.1,2.4886535912974783e-05,0.5136939339665979,True
261.0,0.3772986485868119,0.14235427022543456,1.3551950350548847,5.322528377595064,5.920038769703237,6.677723412649948,1.3551950350548847,inherited,none,0.0,5.920038769703237,27.750181732983926,10.698996655518394,150.0,0.1,2.5447438877334365e-05,0.5133800242981313,True
262.0,0.37251124299998223,0.13876462616139182,1.3500225349210873,5.295186260659567,5.9104242536652905,6.645208795580654,1.3500225349210873,inherited,none,0.0,5.9104242536652905,27.70511368905605,10.698996655518394,150.0,0.1,2.6043595880241716e-05,0.5130528437348499,True
263.0,0.36776151339410973,0.13524853073392595,1.344889369389068,5.268062084649071,5.900453797274249,6.612951454038139,1.344889369389068,inherited,none,0.0,5.900453797274249,27.658377174723043,10.698996655518394,150.0,0.1,2.667617866904904e-05,0.5127126404600485,True
264.0,0.3630497662387395,0.13180513276600342,1.3397950914747154,5.241153398380042,5.890137570334286,6.580948489854757,1.3397950914747154,inherited,none,0.0,5.890137570334286,27.610019860941964,10.698996655518394,150.0,0.1,2.7346436644307437e-05,0.5123596588986898,True
265.0,0.3583762885592226,0.1284335642014832,1.3347392609408486,5.214457787121376,5.879485649084048,6.549197048062225,1.3347392609408486,inherited,none,0.0,5.879485649084048,27.560088980081474,10.698996655518394,150.0,0.1,2.805569813729476e-05,0.5119941397466415,True
266.0,0.3537413482862857,0.12513294148739926,1.3297214441703942,5.187972871913552,5.868508010264573,6.517694316083946,1.3297214441703942,inherited,none,0.0,5.868508010264573,27.508631298115183,10.698996655518394,150.0,0.1,2.88053718301484e-05,0.5116163199969284,True
267.0,0.34914519460684074,0.12190236691704869,1.3247412140424153,5.16169630890309,5.857214525583225,6.486437522945505,1.3247412140424153,inherited,none,0.0,5.857214525583225,27.455693088671367,10.698996655518394,150.0,0.1,2.959694830324879e-05,0.5112264329671237,True
268.0,0.34458805829056377,0.11874092991646097,1.3197981498109137,5.135625788691956,5.845614956650628,6.45542393850287,1.3197981498109137,inherited,none,0.0,5.845614956650628,27.40132010929982,10.698996655518394,150.0,0.1,3.043200169590882e-05,0.5108247083307994,True
269.0,0.3400701520059912,0.11564770828537797,1.3148918369863378,5.1097590357015035,5.83371895031846,6.424650872687842,1.3148918369863378,inherited,none,0.0,5.83371895031846,27.34555757961778,10.698996655518394,150.0,0.1,3.131219147657103e-05,0.5104113721509322,True
270.0,0.33559167065810613,0.11262176941509877,1.3100218672197217,5.084093807550551,5.821536034291583,6.394115674770273,1.3100218672197217,inherited,none,0.0,5.821536034291583,27.288450160741796,10.698996655518394,150.0,0.1,3.2239264323990444e-05,0.5099866469111286,True
271.0,0.33115279175322254,0.10966217148595317,1.3051878381893907,5.058627894447269,5.8090756129921575,6.36381573263666,1.3051878381893907,inherited,none,0.0,5.8090756129921575,27.23004193590074,10.698996655518394,150.0,0.1,3.3215056114913436e-05,0.5095507515441984,True
272.0,0.3267536757636308,0.10676796462504395,1.300389353490165,5.033359118594489,5.796346963765416,6.333748472084654,1.300389353490165,inherited,none,0.0,5.796346963765416,27.170376392650386,10.698996655518394,150.0,0.1,3.4241494005240055e-05,0.5091039014614206,True
273.0,0.3223944664686411,0.10393819200959976,1.2956260225249996,5.008285333608101,5.78335923348968,6.303911356133101,1.2956260225249996,inherited,none,0.0,5.78335923348968,27.109496406982874,10.698996655518394,150.0,0.1,3.5320598592504496e-05,0.5086463085851188,True
274.0,0.31807529128288325,0.10117189092469103,1.2908974603989958,4.983404423948202,5.770121435533888,6.274301884347198,1.2908974603989958,inherited,none,0.0,5.770121435533888,27.047444229065096,10.698996655518394,150.0,0.1,3.645448615639466e-05,0.5081781813828357,True
275.0,0.31379626160068047,0.09846809379456269,1.2862032878157268,4.958714304362661,5.756642446955965,6.244917592178387,1.2862032878157268,inherited,none,0.0,5.756642446955965,26.984261470106084,10.698996655518394,150.0,0.1,3.764537097950275e-05,0.5076997248997913,True
276.0,0.3095574731644352,0.09582582919195003,1.2815431309758145,4.93421291934279,5.742931005912949,6.215756050318604,1.2815431309758145,inherited,none,0.0,5.742931005912949,26.919989090216944,10.698996655518394,150.0,0.1,3.889556774541777e-05,0.5072111407888444,True
277.0,0.3053590064343634,0.0932441228105816,1.276916621477707,4.90989824259083,5.72899570934894,6.186814864068538,1.276916621477707,inherited,none,0.0,5.72899570934894,26.854667387573155,10.698996655518394,150.0,0.1,4.020749400295127e-05,0.5067126273405655,True
278.0,0.30120092693637146,0.09072199838732938,1.2723233962205929,4.8857682764989105,5.714845011018104,6.158091672719504,1.2723233962205929,inherited,none,0.0,5.714845011018104,26.78833598914736,10.698996655518394,150.0,0.1,4.1583672684611333e-05,0.5062043795158726,True
279.0,0.2970832855935643,0.08825847857906728,1.267763097309408,4.861821051639244,5.700487219807291,6.129584148948652,1.267763097309408,inherited,none,0.0,5.700487219807291,26.721033842846676,10.698996655518394,150.0,0.1,4.3026734675168206e-05,0.5056865889803448,True
280.0,0.29300611906683616,0.08585258581060896,1.2632353719618743,4.838054626265223,5.685930498269249,6.101289998227098,1.2632353719618743,inherited,none,0.0,5.685930498269249,26.652799210637102,10.698996655518394,150.0,0.1,4.4539421432293775e-05,0.5051594441373709,True
281.0,0.28896945011659614,0.08350334310068794,1.2587398724175263,4.814467085823202,5.6711828613262645,6.073206958240728,1.2587398724175263,inherited,none,0.0,5.6711828613262645,26.583669662466864,10.698996655518394,150.0,0.1,4.612458765807104e-05,0.5046231301589974,True
282.0,0.28497328796945715,0.08120977485612314,1.2542762558486695,4.791056542474629,5.656252175185978,6.045332798323298,1.2542762558486695,inherited,none,0.0,5.656252175185978,26.513682071184274,10.698996655518394,150.0,0.1,4.778520401200812e-05,0.5040778290162756,True
283.0,0.2810176286666256,0.07897090762141348,1.2498441842732326,4.767821134628348,5.641146156523423,6.017665318901581,1.2498441842732326,inherited,none,0.0,5.641146156523423,26.442872608703542,10.698996655518394,150.0,0.1,4.952435985342609e-05,0.5035237195114185,True
284.0,0.2771024553923858,0.07678577078448917,1.2454433244694536,4.744759026482744,5.625872371917057,5.990202350952198,1.2454433244694536,inherited,none,0.0,5.625872371917057,26.371276743361204,10.698996655518394,150.0,0.1,5.134526600714309e-05,0.5029609773117103,True
285.0,0.27322773880336104,0.07465339725159768,1.241073347892368,4.721868407577557,5.610438237469269,5.9629417554699256,1.241073347892368,inherited,none,0.0,5.610438237469269,26.2989292381372,10.698996655518394,150.0,0.1,5.325125755342929e-05,0.5023897749830007,True
286.0,0.2693934373748999,0.07257282410066411,1.2367339305920448,4.699147492355059,5.594851018561343,5.935881422947103,1.2367339305920448,inherited,none,0.0,5.594851018561343,26.225864149506293,10.698996655518394,150.0,0.1,5.5245796642642076e-05,0.5018102820212204,True
287.0,0.2655994977567428,0.07054309320863403,1.2324247531335362,4.676594519730425,5.57911782975963,5.909019272863961,1.2324247531335362,inherited,none,0.0,5.57911782975963,26.15211482699826,10.698996655518394,150.0,0.1,5.733247532757167e-05,0.5012226648828094,True
288.0,0.2618458551162876,0.06856325184157988,1.228145500518489,4.654207752671037,5.563245634920108,5.882353253189526,1.228145500518489,inherited,none,0.0,5.563245634920108,26.077713913688005,10.698996655518394,150.0,0.1,5.951501840162493e-05,0.5006270870161997,True
289.0,0.25813243346035447,0.06663235320416433,1.2238958621083904,4.631985477784521,5.5472412475006125,5.855881339892911,1.2238958621083904,inherited,none,0.0,5.5472412475006125,26.00269334765912,10.698996655518394,150.0,0.1,6.179728623424669e-05,0.5000237088949129,True
290.0,0.2544591459488935,0.06474945695704029,1.2196755315493961,4.609926004915278,5.531111331034271,5.829601536464674,1.2196755315493961,inherited,none,0.0,5.531111331034271,25.927084364223145,10.698996655518394,150.0,0.1,6.418327760264697e-05,0.4994126880510309,True
291.0,0.250825895219408,0.06291362971261745,1.2154842066987108,4.5880276667493485,5.514862399710946,5.803511873448059,1.2154842066987108,inherited,none,0.0,5.514862399710946,25.85091749864506,10.698996655518394,150.0,0.1,6.667713252130342e-05,0.49879417910724605,True
292.0,0.24723257372366228,0.061123945510026104,1.2113215895524825,4.5662888184273855,5.498500819059271,5.777610407979868,1.2113215895524825,inherited,none,0.0,5.498500819059271,25.774222589340333,10.698996655518394,150.0,0.1,6.928313506546075e-05,0.4981683338074871,True
293.0,0.24367906405988488,0.059379486261101476,1.20718738617517,4.544707837165499,5.482032806762981,5.75189522334067,1.20718738617517,inherited,none,0.0,5.482032806762981,25.697028781701476,10.698996655518394,150.0,0.1,7.200571617821755e-05,0.49753530104768445,True
294.0,0.24016523928556652,0.057679342161093425,1.2030813066303567,4.523283121883893,5.46546443363561,5.72636442851425,1.2030813066303567,inherited,none,0.0,5.46546443363561,25.61936453266692,10.698996655518394,150.0,0.1,7.484945645064884e-05,0.4968952269078792,True
295.0,0.23669096321475894,0.05602261206753037,1.1990030649129655,4.5020130928429785,5.44880162473266,5.701016157755944,1.1990030649129655,inherited,none,0.0,5.44880162473266,25.54125761593434,10.698996655518394,150.0,0.1,7.781908887098867e-05,0.4962482546852177,True
296.0,0.23325609071703118,0.05440840385659188,1.1949523788828544,4.480896191286889,5.432050160554742,5.675848570169744,1.1949523788828544,inherited,none,0.0,5.432050160554742,25.462735127600354,10.698996655518394,150.0,0.1,8.091950154428184e-05,0.4955945249263193,True
297.0,0.22986046802810142,0.052835834762097834,1.190928970199747,4.459930879094162,5.415215678315712,5.650859849293909,1.190928970199747,inherited,none,0.0,5.415215678315712,25.383823492104902,10.698996655518394,150.0,0.1,8.415574038211763e-05,0.49493417545823853,True
298.0,0.22650393306394545,0.05130403169343628,1.1869325642594795,4.439115638435454,5.398303673289813,5.626048202694934,1.1869325642594795,inherited,none,0.0,5.398303673289813,25.304548468545995,10.698996655518394,150.0,0.1,8.75330117553324e-05,0.49426734141880374,True
299.0,0.22318631572198572,0.04981213152555389,1.1829628901315212,4.418448971438083,5.3813195002653815,5.601411861569604,1.1829628901315212,inherited,none,0.0,5.3813195002653815,25.224935157493977,10.698996655518394,150.0,0.1,9.10566850988199e-05,0.493594155287656,True
300.0,0.2199074381634611,0.048359281359616466,1.1790196804977495,4.397929399857298,5.364268375107619,5.576949080355048,1.1790196804977495,inherited,none,0.0,5.364268375107619,25.14500800831696,10.698996655518394,150.0,0.1,9.473229546115312e-05,0.4929147469183636,True
200.0,0.7142681357322256,0.5101789697223891,1.7685295207466243,7.530510374620079,5.4571318709592695,9.299039895366704,1.7685295207466243,inherited,15.5deg,4.430822384898431,1.0263094860608382,4.810825715910179,10.698996655518394,150.0,0.1,nan,nan,False
201.0,0.7086505802035399,0.5021856448228137,1.7597308664145515,7.4831806796022216,5.48496563110511,9.242911546016773,1.7597308664145515,inherited,15.5deg,4.430822384898431,1.0541432462066789,4.9412964665938075,10.698996655518394,150.0,0.1,nan,nan,False
202.0,0.703010155441879,0.4942232786544148,1.7510193274719053,7.436329086220687,5.512141471547417,9.187348413692593,1.7510193274719053,inherited,15.5deg,4.430822384898431,1.0813190866489855,5.068683218667119,10.698996655518394,150.0,0.1,nan,nan,False
203.0,0.6973483950303468,0.4862947840514007,1.7423936164991372,7.3899486119286495,5.538648764038996,9.132342228427786,1.7423936164991372,inherited,15.5deg,4.430822384898431,1.1078263791405645,5.192936152221396,10.698996655518394,150.0,0.1,nan,nan,False
204.0,0.6916668271654529,0.4784029998011245,1.73385247132022,7.344032410298298,5.564477745895129,9.077884881618518,1.73385247132022,inherited,15.5deg,4.430822384898431,1.1336553609966975,5.314009504672019,10.698996655518394,150.0,0.1,nan,nan,False
205.0,0.6859669735299387,0.47055068877382367,1.7253946543869505,7.298573767694063,5.589619508626011,9.023968422081014,1.7253946543869505,inherited,15.5deg,4.430822384898431,1.15879712372758,5.431861517473031,10.698996655518394,150.0,0.1,nan,nan,False
206.0,0.6802503481951869,0.46274053621967304,1.7170189521811885,7.25356610004319,5.61406598558555,8.97058505222438,1.7170189521811885,inherited,15.5deg,4.430822384898431,1.1832436006871188,5.546454378220869,10.698996655518394,150.0,0.1,nan,nan,False
207.0,0.6745184565036051,0.4549751481640058,1.7087241746344195,7.209002949700321,5.637809939180082,8.917727124334741,1.7087241746344195,inherited,15.5deg,4.430822384898431,1.2069875542816506,5.657754160695237,10.698996655518394,150.0,0.1,nan,nan,False
208.0,0.6687727940050027,0.44725705000125776,1.7005091545640616,7.164877982402959,5.660844946938509,8.865387136967021,1.7005091545640616,inherited,15.5deg,4.430822384898431,1.2300225620400775,5.765730759562864,10.698996655518394,150.0,0.1,nan,nan,False
209.0,0.6630148454859406,0.43958868533474565,1.6923727471259564,7.121184984314705,5.683165386160228,8.81355773144066,1.6923727471259564,inherited,15.5deg,4.430822384898431,1.2523430012617967,5.870357818414671,10.698996655518394,150.0,0.1,nan,nan,False
210.0,0.657246084014522,0.4319724149524241,1.6843138292824995,7.07791785915338,5.704766417982503,8.762231688435879,1.6843138292824995,inherited,15.5deg,4.430822384898431,1.2739440330840717,5.971612655081586,10.698996655518394,150.0,0.1,nan,nan,False
211.0,0.6514679699711952,0.42441051589839,1.6763312992858999,7.035070625401183,5.7256439711789575,8.711401924687083,1.6763312992858999,inherited,15.5deg,4.430822384898431,1.2948215862805261,6.069476185689966,10.698996655518394,150.0,0.1,nan,nan,False
212.0,0.6456819501449462,0.41690518074298083,1.6684240761760607,6.992637413594172,5.745794724985624,8.661061489770232,1.6684240761760607,inherited,15.5deg,4.430822384898431,1.3149723400871922,6.163932844158714,10.698996655518394,150.0,0.1,nan,nan,False
213.0,0.6398894569176259,0.40945851707433417,1.660591099292605,6.950612463688452,5.765216090840799,8.611203562981057,1.660591099292605,inherited,15.5deg,4.430822384898431,1.3343937059423672,6.254970496604846,10.698996655518394,150.0,0.1,nan,nan,False
214.0,0.6340919074567948,0.4020725471021964,1.6528313278005835,6.908990122500556,5.783906193843425,8.561821450301139,1.6528313278005835,inherited,15.5deg,4.430822384898431,1.3530838089449935,6.342580354429657,10.698996655518394,150.0,0.1,nan,nan,False
215.0,0.6282907028983081,0.3947492073484501,1.645143740229418,6.867764841219585,5.8018638541220175,8.512908581449002,1.645143740229418,inherited,15.5deg,4.430822384898431,1.3710414692235862,6.42675688698556,10.698996655518394,150.0,0.1,nan,nan,False
216.0,0.6224872275970742,0.38749034852149167,1.6375273340246521,6.826931172988796,5.819088567459783,8.464458507013449,1.6375273340246521,inherited,15.5deg,4.430822384898431,1.3882661825613516,6.507497730756335,10.698996655518394,150.0,0.1,nan,nan,False
217.0,0.6166828484626815,0.3802977355880466,1.6299811251120961,6.786483770554345,5.835580485119596,8.416464895666442,1.6299811251120961,inherited,15.5deg,4.430822384898431,1.4047581002211649,6.5848035947867105,10.698996655518394,150.0,0.1,nan,nan,False
218.0,0.6108789143024113,0.37317304793929273,1.6225041474739672,6.746417383979076,5.851340393602942,8.368921531453044,1.6225041474739672,inherited,15.5deg,4.430822384898431,1.4205180087045104,6.658678165802392,10.698996655518394,150.0,0.1,nan,nan,False
219.0,0.6050767551535574,0.3661178796271581,1.6150954527366432,6.706726858419228,5.866369694512913,8.321822311155872,1.6150954527366432,inherited,15.5deg,4.430822384898431,1.4355473096144813,6.729128013817881,10.698996655518394,150.0,0.1,nan,nan,False
220.0,0.5992776816796592,0.359133739759347,1.6077541097696584,6.667407131962057,5.880670383932039,8.275161241731716,1.6077541097696584,inherited,15.5deg,4.430822384898431,1.449847999033608,6.796162495470037,10.698996655518394,150.0,0.1,nan,nan,False
221.0,0.5934829846507601,0.35222205306997434,1.6004792042955875,6.628453233522458,5.894245031228455,8.228932437818045,1.6004792042955875,inherited,15.5deg,4.430822384898431,1.4634226463300237,6.859793654671986,10.698996655518394,150.0,0.1,nan,nan,False
222.0,0.5876939344350327,0.3453841605717285,1.5932698385104724,6.589860280796684,5.907096757939218,8.183130119307156,1.5932698385104724,inherited,15.5deg,4.430822384898431,1.4762743730407868,6.920036123628688,10.698996655518394,150.0,0.1,nan,nan,False
223.0,0.5819117804758971,0.33862132025662867,1.5861251307144613,6.551623478271398,5.919229216949273,8.13774860898586,1.5861251307144613,inherited,15.5deg,4.430822384898431,1.488406832050842,6.976907025238321,10.698996655518394,150.0,0.1,nan,nan,False
224.0,0.576137750822298,0.33193470792257634,1.5790442149523432,6.513738115286292,5.930646571456927,8.092782330238634,1.5790442149523432,inherited,15.5deg,4.430822384898431,1.499824186558496,7.03042587449295,10.698996655518394,150.0,0.1,nan,nan,False
225.0,0.5703730517431448,0.3253254181547881,1.572026240663666,6.476199564148609,5.941353473551772,8.048225804812276,1.572026240663666,inherited,15.5deg,4.430822384898431,1.510531088653341,7.080614478062536,10.698996655518394,150.0,0.1,nan,nan,False
226.0,0.5646188673623757,0.31879446538157197,1.5650703723421453,6.439003278297972,5.951355042944925,8.004073650640118,1.5650703723421453,inherited,15.5deg,4.430822384898431,1.520532658046494,7.12749683459294,10.698996655518394,150.0,0.1,nan,nan,False
227.0,0.5588763592751023,0.3123427849565932,1.5581757892040742,6.402144790519926,5.9606568461576614,7.960320579724,1.5581757892040742,inherited,15.5deg,4.430822384898431,1.52983446125923,7.171099037152641,10.698996655518394,150.0,0.1,nan,nan,False
228.0,0.5531466661998681,0.30597123432802825,1.55134168486546,6.365619711206716,5.96926487577143,7.9169613960721765,1.55134168486546,inherited,15.5deg,4.430822384898431,1.538442490872999,7.211449175967183,10.698996655518394,150.0,0.1,nan,nan,False
229.0,0.5474309037128464,0.2996805943398637,1.5445672670276194,6.329423726663843,5.977185529456007,7.8739909936914625,1.5445672670276194,inherited,15.5deg,4.430822384898431,1.5463631445575752,7.248577240113634,10.698996655518394,150.0,0.1,nan,nan,False
230.0,0.5417301640169478,0.29347157060582924,1.5378517571709776,6.293552597461013,5.984425589164711,7.8314043546319905,1.5378517571709776,inherited,15.5deg,4.430822384898431,1.5536032042662793,7.282515019998184,10.698996655518394,150.0,0.1,nan,nan,False
231.0,0.536045515691428,0.287344794892889,1.5311943902568175,6.258002156826085,5.990992200890454,7.789196547082902,1.5311943902568175,inherited,15.5deg,4.430822384898431,1.5601698159920225,7.313296012462605,10.698996655518394,150.0,0.1,nan,nan,False
232.0,0.530378003455743,0.2813008265497002,1.524594414436745,6.222768309080757,5.996892854745805,7.747362723517502,1.524594414436745,inherited,15.5deg,4.430822384898431,1.5660704698473733,7.340955327409562,10.698996655518394,150.0,0.1,nan,nan,False
233.0,0.5247286480061835,0.2753401540383972,1.5180510907696345,6.187847028116731,6.002135364998666,7.705898118886365,1.5180510907696345,inherited,15.5deg,4.430822384898431,1.5713129801002346,7.36552959421985,10.698996655518394,150.0,0.1,nan,nan,False
234.0,0.5190984459041625,0.26946319654011675,1.5115636929458327,6.153234355911091,6.006727850252655,7.664798048856924,1.5115636929458327,inherited,15.5deg,4.430822384898431,1.5759054653542233,7.387056868847921,10.698996655518394,150.0,0.1,nan,nan,False
235.0,0.5134883694531153,0.263670305563619,1.5051315070184035,6.11892640107978,6.010678714204183,7.624057908098184,1.5051315070184035,inherited,15.5deg,4.430822384898431,1.579856329305752,7.405576543620712,10.698996655518394,150.0,0.1,nan,nan,False
236.0,0.5078993665676181,0.25796176655978775,1.498753831141207,6.084919337468004,6.013996626942151,7.583673168609211,1.498753831141207,inherited,15.5deg,4.430822384898431,1.5831742420437198,7.421129259579937,10.698996655518394,150.0,0.1,nan,nan,False
237.0,0.5023323606953759,0.25233780060178923,1.492429975313607,6.051209402776469,6.016690506412596,7.543639378090076,1.492429975313607,inherited,15.5deg,4.430822384898431,1.5858681215141646,7.4337568195976464,10.698996655518394,150.0,0.1,nan,nan,False
238.0,0.4967882508036804,0.24679856613658044,1.486159261131617,6.017792897222413,6.01876950001264,7.50395215835403,1.486159261131617,inherited,15.5deg,4.430822384898431,1.5879471151142086,7.4435021020978525,10.698996655518394,150.0,0.1,nan,nan,False
239.0,0.49126791137360254,0.24134416074538179,1.4799410215452922,5.984666182234382,6.020242966687049,7.464607203779674,1.4799410215452922,inherited,15.5deg,4.430822384898431,1.5894205817886178,7.4504089771341455,10.698996655518394,150.0,0.1,nan,nan,False
240.0,0.4857721923726246,0.2359746228825062,1.473774600622187,5.951825679179778,6.0211204596951005,7.425600279801965,1.473774600622187,inherited,15.5deg,4.430822384898431,1.590298074796669,7.454522225609386,10.698996655518394,150.0,0.1,nan,nan,False
241.0,0.48030191925023985,0.23068993363546392,1.4676593533167008,5.919267868124213,6.021411709772805,7.386927221440914,1.4676593533167008,inherited,15.5deg,4.430822384898431,1.5905893248743732,7.455887460348625,10.698996655518394,150.0,0.1,nan,nan,False
242.0,0.4748578929977133,0.22549001854222775,1.461594645245144,5.886989286621755,6.021126608468664,7.348583931866899,1.461594645245144,inherited,15.5deg,4.430822384898431,1.5903042235702323,7.454551047985464,10.698996655518394,150.0,0.1,nan,nan,False
243.0,0.46944089024130264,0.22037474943054675,1.4555798524663575,5.854986528535153,6.020275191856348,7.31056638100151,1.4555798524663575,inherited,15.5deg,4.430822384898431,1.589452806957917,7.450560032615236,10.698996655518394,150.0,0.1,nan,nan,False
244.0,0.46405166331741604,0.21534394622766045,1.4496143612677248,5.8232562428852,6.018867624915165,7.272870604152924,1.4496143612677248,inherited,15.5deg,4.430822384898431,1.5880452400167338,7.443962062578439,10.698996655518394,150.0,0.1,nan,nan,False
245.0,0.45869094033986,0.21039737874986503,1.4436975679564281,5.791795132728363,6.016914186502517,7.235492700684791,1.4436975679564281,inherited,15.5deg,4.430822384898431,1.586091801604086,7.434805320019152,10.698996655518394,150.0,0.1,nan,nan,False
246.0,0.4533594253113254,0.20553476851861524,1.4378288786557922,5.760599954061923,6.014425254631252,7.198428832717715,1.4378288786557922,inherited,15.5deg,4.430822384898431,1.5836028697328208,7.423138451872598,10.698996655518394,150.0,0.1,nan,nan,False
247.0,0.4480577982876759,0.20075579060639964,1.4320077091065782,5.729667514755776,6.011411292025753,7.161675223862354,1.4320077091065782,inherited,15.5deg,4.430822384898431,1.5805889071273214,7.409010502159319,10.698996655518394,150.0,0.1,nan,nan,False
248.0,0.442786715546915,0.19606007546482462,1.4262334844730842,5.698994673510202,6.007882832221243,7.125228157983287,1.4262334844730842,inherited,15.5deg,4.430822384898431,1.577060447322812,7.392470846825681,10.698996655518394,150.0,0.1,nan,nan,False
249.0,0.43754680973426224,0.1914472107086307,1.420505639153915,5.668578338838812,6.003850466338673,7.089083977992727,1.420505639153915,inherited,15.5deg,4.430822384898431,1.573028081440242,7.373569131751134,10.698996655518394,150.0,0.1,nan,nan,False
250.0,0.43233869001686315,0.18691674288549728,1.4148236165972994,5.638415468076016,5.999324830345341,7.053239084673316,1.4148236165972994,inherited,15.5deg,4.430822384898431,1.5685024454469092,7.352355213032387,10.698996655518394,150.0,0.1,nan,nan,False
251.0,0.4271629422885145,0.18246817926458075,1.409186869120816,5.608503066408265,5.994316592601747,7.017689935529082,1.409186869120816,inherited,15.5deg,4.430822384898431,1.5634942077033154,7.328879098609291,10.698996655518394,150.0,0.1,nan,nan,False
252.0,0.4220201294084066,0.17810098962588827,1.403594857735416,5.578838185928485,5.988836441787343,6.982433043663901,1.403594857735416,inherited,15.5deg,4.430822384898431,1.5580140568889114,7.303190891666772,10.698996655518394,150.0,0.1,nan,nan,False
253.0,0.41691079142693094,0.1738146080082299,1.398047051973616,5.549417924712945,5.982895075428736,6.947464976686561,1.398047051973616,inherited,15.5deg,4.430822384898431,1.5520726905303048,7.275340736860803,10.698996655518394,150.0,0.1,nan,nan,False
254.0,0.4118354457917414,0.16960843441048237,1.3925429297217513,5.520239425920065,5.9765031890404945,6.912782355641816,1.3925429297217513,inherited,15.5deg,4.430822384898431,1.545680804142063,7.245378769415921,10.698996655518394,150.0,0.1,nan,nan,False
255.0,0.40679458757499387,0.16548183648030937,1.3870819770561758,5.491299876910442,5.969671465671381,6.8783818539666175,1.3870819770561758,inherited,15.5deg,4.430822384898431,1.53884908077295,7.213355066123203,10.698996655518394,150.0,0.1,nan,nan,False
256.0,0.4017886897465793,0.16143415120827292,1.3816636880833002,5.462596508387599,5.962410565746072,6.844260196470899,1.3816636880833002,inherited,15.5deg,4.430822384898431,1.531588180847641,7.1793195977233175,10.698996655518394,150.0,0.1,nan,nan,False
257.0,0.3968182034649922,0.15746468660118393,1.3762875647833654,5.434126593558827,5.9547311173362925,6.810414158342192,1.3762875647833654,inherited,15.5deg,4.430822384898431,1.523908732437861,7.143322183302474,10.698996655518394,150.0,0.1,nan,nan,False
258.0,0.3918835583471918,0.15357272330285687,1.3709531168578484,5.405887447315618,5.946643707020478,6.776840564173467,1.3709531168578484,inherited,15.5deg,4.430822384898431,1.5158213221220462,7.105412447447091,10.698996655518394,150.0,0.1,nan,nan,False
259.0,0.38698516272437816,0.14975751616881344,1.365659861580405,5.377876425433123,5.938158871277847,6.743536287013528,1.365659861580405,inherited,15.5deg,4.430822384898431,1.5073364863794154,7.06563977990351,10.698996655518394,150.0,0.1,nan,nan,False
260.0,0.3821234039233839,0.1460182958259936,1.3604073236512495,5.350090923788124,5.929287088233716,6.710498247439373,1.3604073236512495,inherited,15.5deg,4.430822384898431,1.4984647033352845,7.024053296884146,10.698996655518394,150.0,0.1,nan,nan,False
261.0,0.3772986485868119,0.14235427022543456,1.3551950350548847,5.322528377595064,5.920038769703237,6.677723412649948,1.3551950350548847,inherited,15.5deg,4.430822384898431,1.4892163848048057,6.980701803772527,10.698996655518394,150.0,0.1,nan,nan,False
262.0,0.37251124299998223,0.13876462616139182,1.3500225349210873,5.295186260659567,5.9104242536652905,6.645208795580654,1.3500225349210873,inherited,15.5deg,4.430822384898431,1.479601868766859,6.935633759844651,10.698996655518394,150.0,0.1,nan,nan,False
263.0,0.36776151339410973,0.13524853073392595,1.344889369389068,5.268062084649071,5.900453797274249,6.612951454038139,1.344889369389068,inherited,15.5deg,4.430822384898431,1.4696314123758176,6.888897245511645,10.698996655518394,150.0,0.1,nan,nan,False
264.0,0.3630497662387395,0.13180513276600342,1.3397950914747154,5.241153398380042,5.890137570334286,6.580948489854757,1.3397950914747154,inherited,15.5deg,4.430822384898431,1.4593151854358544,6.840539931730567,10.698996655518394,150.0,0.1,nan,nan,False
265.0,0.3583762885592226,0.1284335642014832,1.3347392609408486,5.214457787121376,5.879485649084048,6.549197048062225,1.3347392609408486,inherited,15.5deg,4.430822384898431,1.4486632641856163,6.790609050870076,10.698996655518394,150.0,0.1,nan,nan,False
266.0,0.3537413482862857,0.12513294148739926,1.3297214441703942,5.187972871913552,5.868508010264573,6.517694316083946,1.3297214441703942,inherited,15.5deg,4.430822384898431,1.4376856253661412,6.739151368903786,10.698996655518394,150.0,0.1,nan,nan,False
267.0,0.34914519460684074,0.12190236691704869,1.3247412140424153,5.16169630890309,5.857214525583225,6.486437522945505,1.3247412140424153,inherited,15.5deg,4.430822384898431,1.4263921406847935,6.686213159459969,10.698996655518394,150.0,0.1,nan,nan,False
268.0,0.34458805829056377,0.11874092991646097,1.3197981498109137,5.135625788691956,5.845614956650628,6.45542393850287,1.3197981498109137,inherited,15.5deg,4.430822384898431,1.414792571752197,6.631840180088423,10.698996655518394,150.0,0.1,nan,nan,False
269.0,0.3400701520059912,0.11564770828537797,1.3148918369863378,5.1097590357015035,5.83371895031846,6.424650872687842,1.3148918369863378,inherited,15.5deg,4.430822384898431,1.4028965654200283,6.576077650406383,10.698996655518394,150.0,0.1,nan,nan,False
270.0,0.33559167065810613,0.11262176941509877,1.3100218672197217,5.084093807550551,5.821536034291583,6.394115674770273,1.3100218672197217,inherited,15.5deg,4.430822384898431,1.3907136493931516,6.518970231530398,10.698996655518394,150.0,0.1,nan,nan,False
271.0,0.33115279175322254,0.10966217148595317,1.3051878381893907,5.058627894447269,5.8090756129921575,6.36381573263666,1.3051878381893907,inherited,15.5deg,4.430822384898431,1.378253228093726,6.460562006689341,10.698996655518394,150.0,0.1,nan,nan,False
272.0,0.3267536757636308,0.10676796462504395,1.300389353490165,5.033359118594489,5.796346963765416,6.333748472084654,1.300389353490165,inherited,15.5deg,4.430822384898431,1.3655245788669843,6.400896463438989,10.698996655518394,150.0,0.1,nan,nan,False
273.0,0.3223944664686411,0.10393819200959976,1.2956260225249996,5.008285333608101,5.78335923348968,6.303911356133101,1.2956260225249996,inherited,15.5deg,4.430822384898431,1.3525368485912486,6.340016477771478,10.698996655518394,150.0,0.1,nan,nan,False
274.0,0.31807529128288325,0.10117189092469103,1.2908974603989958,4.983404423948202,5.770121435533888,6.274301884347198,1.2908974603989958,inherited,15.5deg,4.430822384898431,1.3392990506354563,6.277964299853701,10.698996655518394,150.0,0.1,nan,nan,False
275.0,0.31379626160068047,0.09846809379456269,1.2862032878157268,4.958714304362661,5.756642446955965,6.244917592178387,1.2862032878157268,inherited,15.5deg,4.430822384898431,1.3258200620575336,6.2147815408946885,10.698996655518394,150.0,0.1,nan,nan,False
276.0,0.3095574731644352,0.09582582919195003,1.2815431309758145,4.93421291934279,5.742931005912949,6.215756050318604,1.2815431309758145,inherited,15.5deg,4.430822384898431,1.3121086210145174,6.150509161005551,10.698996655518394,150.0,0.1,nan,nan,False
277.0,0.3053590064343634,0.0932441228105816,1.276916621477707,4.90989824259083,5.72899570934894,6.186814864068538,1.276916621477707,inherited,15.5deg,4.430822384898431,1.2981733244505085,6.085187458361759,10.698996655518394,150.0,0.1,nan,nan,False
278.0,0.30120092693637146,0.09072199838732938,1.2723233962205929,4.8857682764989105,5.714845011018104,6.158091672719504,1.2723233962205929,inherited,15.5deg,4.430822384898431,1.2840226261196728,6.018856059935966,10.698996655518394,150.0,0.1,nan,nan,False
279.0,0.2970832855935643,0.08825847857906728,1.267763097309408,4.861821051639244,5.700487219807291,6.129584148948652,1.267763097309408,inherited,15.5deg,4.430822384898431,1.26966483490886,5.951553913635281,10.698996655518394,150.0,0.1,nan,nan,False
280.0,0.29300611906683616,0.08585258581060896,1.2632353719618743,4.838054626265223,5.685930498269249,6.101289998227098,1.2632353719618743,inherited,15.5deg,4.430822384898431,1.2551081133708175,5.883319281425707,10.698996655518394,150.0,0.1,nan,nan,False
281.0,0.28896945011659614,0.08350334310068794,1.2587398724175263,4.814467085823202,5.6711828613262645,6.073206958240728,1.2587398724175263,inherited,15.5deg,4.430822384898431,1.240360476427833,5.814189733255468,10.698996655518394,150.0,0.1,nan,nan,False
282.0,0.28497328796945715,0.08120977485612314,1.2542762558486695,4.791056542474629,5.656252175185978,6.045332798323298,1.2542762558486695,inherited,15.5deg,4.430822384898431,1.2254297902875466,5.744202141972875,10.698996655518394,150.0,0.1,nan,nan,False
283.0,0.2810176286666256,0.07897090762141348,1.2498441842732326,4.767821134628348,5.641146156523423,6.017665318901581,1.2498441842732326,inherited,15.5deg,4.430822384898431,1.2103237716249913,5.673392679492147,10.698996655518394,150.0,0.1,nan,nan,False
284.0,0.2771024553923858,0.07678577078448917,1.2454433244694536,4.744759026482744,5.625872371917057,5.990202350952198,1.2454433244694536,inherited,15.5deg,4.430822384898431,1.195049987018626,5.601796814149809,10.698996655518394,150.0,0.1,nan,nan,False
285.0,0.27322773880336104,0.07465339725159768,1.241073347892368,4.721868407577557,5.610438237469269,5.9629417554699256,1.241073347892368,inherited,15.5deg,4.430822384898431,1.179615852570838,5.529449308925803,10.698996655518394,150.0,0.1,nan,nan,False
286.0,0.2693934373748999,0.07257282410066411,1.2367339305920448,4.699147492355059,5.594851018561343,5.935881422947103,1.2367339305920448,inherited,15.5deg,4.430822384898431,1.1640286336629115,5.456384220294898,10.698996655518394,150.0,0.1,nan,nan,False
287.0,0.2655994977567428,0.07054309320863403,1.2324247531335362,4.676594519730425,5.57911782975963,5.909019272863961,1.2324247531335362,inherited,15.5deg,4.430822384898431,1.1482954448611986,5.382634897786868,10.698996655518394,150.0,0.1,nan,nan,False
288.0,0.2618458551162876,0.06856325184157988,1.228145500518489,4.654207752671037,5.563245634920108,5.882353253189526,1.228145500518489,inherited,15.5deg,4.430822384898431,1.1324232500216764,5.308233984476608,10.698996655518394,150.0,0.1,nan,nan,False
289.0,0.25813243346035447,0.06663235320416433,1.2238958621083904,4.631985477784521,5.5472412475006125,5.855881339892911,1.2238958621083904,inherited,15.5deg,4.430822384898431,1.1164188626021812,5.233213418447724,10.698996655518394,150.0,0.1,nan,nan,False
290.0,0.2544591459488935,0.06474945695704029,1.2196755315493961,4.609926004915278,5.531111331034271,5.829601536464674,1.2196755315493961,inherited,15.5deg,4.430822384898431,1.1002889461358398,5.157604435011749,10.698996655518394,150.0,0.1,nan,nan,False
291.0,0.250825895219408,0.06291362971261745,1.2154842066987108,4.5880276667493485,5.514862399710946,5.803511873448059,1.2154842066987108,inherited,15.5deg,4.430822384898431,1.0840400148125147,5.081437569433662,10.698996655518394,150.0,0.1,nan,nan,False
292.0,0.24723257372366228,0.061123945510026104,1.2113215895524825,4.5662888184273855,5.498500819059271,5.777610407979868,1.2113215895524825,inherited,15.5deg,4.430822384898431,1.0676784341608396,5.004742660128936,10.698996655518394,150.0,0.1,nan,nan,False
293.0,0.24367906405988488,0.059379486261101476,1.20718738617517,4.544707837165499,5.482032806762981,5.75189522334067,1.20718738617517,inherited,15.5deg,4.430822384898431,1.0512104218645497,4.927548852490077,10.698996655518394,150.0,0.1,nan,nan,False
294.0,0.24016523928556652,0.057679342161093425,1.2030813066303567,4.523283121883893,5.46546443363561,5.72636442851425,1.2030813066303567,inherited,15.5deg,4.430822384898431,1.0346420487371786,4.849884603455524,10.698996655518394,150.0,0.1,nan,nan,False
295.0,0.23669096321475894,0.05602261206753037,1.1990030649129655,4.5020130928429785,5.44880162473266,5.701016157755944,1.1990030649129655,inherited,15.5deg,4.430822384898431,1.0179792398342284,4.771777686722945,10.698996655518394,150.0,0.1,nan,nan,False
296.0,0.23325609071703118,0.05440840385659188,1.1949523788828544,4.480896191286889,5.432050160554742,5.675848570169744,1.1949523788828544,inherited,15.5deg,4.430822384898431,1.0012277756563108,4.6932551983889566,10.698996655518394,150.0,0.1,nan,nan,False
297.0,0.22986046802810142,0.052835834762097834,1.190928970199747,4.459930879094162,5.415215678315712,5.650859849293909,1.190928970199747,inherited,15.5deg,4.430822384898431,0.9843932934172805,4.614343562893502,10.698996655518394,150.0,0.1,nan,nan,False
298.0,0.22650393306394545,0.05130403169343628,1.1869325642594795,4.439115638435454,5.398303673289813,5.626048202694934,1.1869325642594795,inherited,15.5deg,4.430822384898431,0.9674812883913813,4.5350685393346,10.698996655518394,150.0,0.1,nan,nan,False
299.0,0.22318631572198572,0.04981213152555389,1.1829628901315212,4.418448971438083,5.3813195002653815,5.601411861569604,1.1829628901315212,inherited,15.5deg,4.430822384898431,0.9504971153669501,4.455455228282578,10.698996655518394,150.0,0.1,nan,nan,False
300.0,0.2199074381634611,0.048359281359616466,1.1790196804977495,4.397929399857298,5.364268375107619,5.576949080355048,1.1790196804977495,inherited,15.5deg,4.430822384898431,0.9334459902091874,4.375528079105566,10.698996655518394,150.0,0.1,nan,nan,False
200.0,0.7142681357322256,0.5101789697223891,3.315831902243075,7.530510374620079,7.00443425245572,10.846342276863155,3.315831902243075,converged,none,0.0,7.00443425245572,32.83328555838619,10.698996655518394,150.0,0.1,1.7167113462562051e-06,0.5455877294328387,True
201.0,0.7086505802035399,0.5021856448228137,3.299335226112513,7.4831806796022216,7.024569990803071,10.782515905714735,3.299335226112513,converged,none,0.0,7.024569990803071,32.92767183188939,10.698996655518394,150.0,0.1,1.6304970823403301e-06,0.5461109620297739,True
202.0,0.703010155441879,0.4942232786544148,3.2830018834089856,7.436329086220687,7.0441240274844965,10.719330969629674,3.2830018834089856,converged,none,0.0,7.0441240274844965,33.01933137883358,10.698996655518394,150.0,0.1,1.5508465949731418e-06,0.5466168556073844,True
203.0,0.6973483950303468,0.4862947840514007,3.266829460338005,7.3899486119286495,7.0630846078778635,10.656778072266654,3.266829460338005,converged,none,0.0,7.0630846078778635,33.10820909942749,10.698996655518394,150.0,0.1,1.477265949062198e-06,0.5471053194143238,True
204.0,0.6916668271654529,0.4784029998011245,3.2508155904343874,7.344032410298298,7.081440865009297,10.594848000732686,3.2508155904343874,converged,none,0.0,7.081440865009297,33.194254054731076,10.698996655518394,150.0,0.1,1.4093002167086273e-06,0.5475762814686718,True
205.0,0.6859669735299387,0.47055068877382367,3.234957953407878,7.298573767694063,7.0991828076469385,10.53353172110194,3.234957953407878,converged,none,0.0,7.0991828076469385,33.27741941084502,10.698996655518394,150.0,0.1,1.3465307673734103e-06,0.5480296876007673,True
206.0,0.6802503481951869,0.46274053621967304,3.2192542740224033,7.25356610004319,7.116301307426765,10.472820374065593,3.2192542740224033,converged,none,0.0,7.116301307426765,33.35766237856296,10.698996655518394,150.0,0.1,1.2885726918637497e-06,0.5484655005294113,True
207.0,0.6745184565036051,0.4549751481640058,3.203702321007802,7.209002949700321,7.132788085553464,10.412705270708123,3.203702321007802,converged,none,0.0,7.132788085553464,33.434944151031864,10.698996655518394,150.0,0.1,1.2350723634918327e-06,0.548883698983674,True
208.0,0.6687727940050027,0.44725705000125776,3.188299906002957,7.164877982402959,7.148635698377404,10.353177888405916,3.188299906002957,converged,none,0.0,7.148635698377404,33.50922983614408,10.698996655518394,150.0,0.1,1.1857051412992288e-06,0.5492842768505501,True
209.0,0.6630148454859406,0.43958868533474565,3.173044882529259,7.121184984314705,7.163837521563531,10.294229866843963,3.173044882529259,converged,none,0.0,7.163837521563531,33.58048838232905,10.698996655518394,150.0,0.1,1.1401732159825197e-06,0.5496672423400703,True
210.0,0.657246084014522,0.4319724149524241,3.1579351449934054,7.07791785915338,7.178387733693409,10.235853004146785,3.1579351449934054,converged,none,0.0,7.178387733693409,33.648692501687854,10.698996655518394,150.0,0.1,1.098203593985443e-06,0.5500326171870814,True
211.0,0.6514679699711952,0.42441051589839,3.142968627718555,7.035070625401183,7.192281299611613,10.178039253119739,3.142968627718555,converged,none,0.0,7.192281299611613,33.71381859192943,10.698996655518394,150.0,0.1,1.0595462160568534e-06,0.5503804358956438,True
212.0,0.6456819501449462,0.41690518074298083,3.1281433040029016,6.992637413594172,7.205513952812464,10.120780717597073,3.1281433040029016,converged,none,0.0,7.205513952812464,33.77584665380843,10.698996655518394,150.0,0.1,1.023972208327192e-06,0.5507107450061796,True
213.0,0.6398894569176259,0.40945851707433417,3.1134571852047657,6.950612463688452,7.21808217675296,10.064069648893216,3.1134571852047657,converged,none,0.0,7.21808217675296,33.8347602035295,10.698996655518394,150.0,0.1,9.912722610688922e-07,0.551023602380693,True
214.0,0.6340919074567948,0.4020725471021964,3.098908319853342,6.908990122500556,7.229983185896183,10.007898442353898,3.098908319853342,converged,none,0.0,7.229983185896183,33.89054618388836,10.698996655518394,150.0,0.1,9.612551274395732e-07,0.5513190765240376,True
215.0,0.6282907028983081,0.3947492073484501,3.0844947927842563,6.867764841219585,7.241214906676856,9.952259634003841,3.0844947927842563,converged,none,0.0,7.241214906676856,33.94319487504776,10.698996655518394,150.0,0.1,9.337462361385715e-07,0.5515972459439652,True
216.0,0.6224872275970742,0.38749034852149167,3.0702147242991438,6.826931172988796,7.251775957734274,9.89714589728794,3.0702147242991438,converged,none,0.0,7.251775957734274,33.99269980187941,10.698996655518394,150.0,0.1,9.085864137079369e-07,0.5518581985312345,True
217.0,0.6166828484626815,0.3802977355880466,3.056066269348457,6.786483770554345,7.2616656293559565,9.842550039902802,3.056066269348457,converged,none,0.0,7.2616656293559565,34.03905763760604,10.698996655518394,150.0,0.1,8.856307103762886e-07,0.552102030956602,True
218.0,0.6108789143024113,0.37317304793929273,3.0420476167367663,6.746417383979076,7.270883862865741,9.788465000715842,3.0420476167367663,converged,none,0.0,7.270883862865741,34.08226810718316,10.698996655518394,150.0,0.1,8.647473216059132e-07,0.5523288481007075,True
219.0,0.6050767551535574,0.3661178796271581,3.0281569883498407,6.706726858419228,7.279431230126111,9.734883846769069,3.0281569883498407,converged,none,0.0,7.279431230126111,34.122333891216144,10.698996655518394,150.0,0.1,8.458165991710678e-07,0.5525387625188399,True
220.0,0.5992776816796592,0.359133739759347,3.014392638402796,6.667407131962057,7.287308912565177,9.681799770364853,3.014392638402796,converged,none,0.0,7.287308912565177,34.159260527649266,10.698996655518394,150.0,0.1,8.287301473982202e-07,0.552731893923969,True
221.0,0.5934829846507601,0.35222205306997434,3.0007528527086658,6.628453233522458,7.294518679641533,9.629206086231124,3.0007528527086658,converged,none,0.0,7.294518679641533,34.193056310819685,10.698996655518394,150.0,0.1,8.133899991090879e-07,0.5529083686840346,True
222.0,0.5876939344350327,0.3453841605717285,2.9872359479667345,6.589860280796684,7.301062867395481,9.57709622876342,2.9872359479667345,converged,none,0.0,7.301062867395481,34.223732190916316,10.698996655518394,150.0,0.1,7.99707864529253e-07,0.5530683193473271,True
223.0,0.5819117804758971,0.33862132025662867,2.973840271070023,6.551623478271398,7.306944357304834,9.525463749341421,2.973840271070023,converged,none,0.0,7.306944357304834,34.251301674866404,10.698996655518394,150.0,0.1,7.876044477737265e-07,0.5532118841995026,True
224.0,0.576137750822298,0.33193470792257634,2.9605641984313174,6.513738115286292,7.312166554935901,9.474302313717608,2.9605641984313174,converged,none,0.0,7.312166554935901,34.27578072626204,10.698996655518394,150.0,0.1,7.770088272821626e-07,0.5533392068376336,True
225.0,0.5703730517431448,0.3253254181547881,2.9474061353271783,6.476199564148609,7.316733368215285,9.423605699475788,2.9474061353271783,converged,none,0.0,7.316733368215285,34.29718766350915,10.698996655518394,150.0,0.1,7.678578960636591e-07,0.5534504357554144,True
226.0,0.5646188673623757,0.31879446538157197,2.9343645152593587,6.439003278297972,7.320649185862139,9.37336779355733,2.9343645152593587,converged,none,0.0,7.320649185862139,34.31554305872878,10.698996655518394,150.0,0.1,7.600958564812289e-07,0.553545723950893,True
227.0,0.5588763592751023,0.3123427849565932,2.921437799333106,6.402144790519926,7.323918856286694,9.323582589853032,2.921437799333106,converged,none,0.0,7.323918856286694,34.33086963884387,10.698996655518394,150.0,0.1,7.5367376516069e-07,0.5536252285624279,True
228.0,0.5531466661998681,0.30597123432802825,2.9086244756518207,6.365619711206716,7.326547666557791,9.274244186858537,2.9086244756518207,converged,none,0.0,7.326547666557791,34.34319218698965,10.698996655518394,150.0,0.1,7.485491252754188e-07,0.5536891105215314,True
229.0,0.5474309037128464,0.2996805943398637,2.895923058727577,6.329423726663843,7.328541321155964,9.22534678539142,2.895923058727577,converged,none,0.0,7.328541321155964,34.35253744291858,10.698996655518394,150.0,0.1,7.446855234472215e-07,0.5537375342141458,True
230.0,0.5417301640169478,0.29347157060582924,2.883332088907022,6.293552597461013,7.329905920900755,9.176884686368036,2.883332088907022,converged,none,0.0,7.329905920900755,34.358934004222284,10.698996655518394,150.0,0.1,7.420523074589911e-07,0.5537706671577517,True
231.0,0.536045515691428,0.287344794892889,2.8708501318121864,6.258002156826085,7.3306479424458235,9.12885228863827,2.8708501318121864,converged,none,0.0,7.3306479424458235,34.3624122302148,10.698996655518394,150.0,0.1,7.406243012986496e-07,0.5537886797062366,True
232.0,0.530378003455743,0.2813008265497002,2.8584757777957543,6.222768309080757,7.330774218104814,9.081244086876511,2.8584757777957543,converged,none,0.0,7.330774218104814,34.36300414736632,10.698996655518394,150.0,0.1,7.403815553869919e-07,0.5537917447641233,True
233.0,0.5247286480061835,0.2753401540383972,2.846207641410365,6.187847028116731,7.330291915639396,9.034054669527096,2.846207641410365,converged,none,0.0,7.330291915639396,34.360743354559666,10.698996655518394,150.0,0.1,7.413091305361636e-07,0.5537800375178877,True
234.0,0.5190984459041625,0.26946319654011675,2.834044360891517,6.153234355911091,7.329208518198339,8.987278716802608,2.834044360891517,converged,none,0.0,7.329208518198339,34.35566492905471,10.698996655518394,150.0,0.1,7.433969130516238e-07,0.5537537351707892,True
235.0,0.5134883694531153,0.263670305563619,2.8219845976536813,6.11892640107978,7.327531804839461,8.940910998733461,2.8219845976536813,converged,none,0.0,7.327531804839461,34.34780533518498,10.698996655518394,150.0,0.1,7.46639458360651e-07,0.5537130167012331,True
236.0,0.5078993665676181,0.25796176655978775,2.8100270357992163,6.084919337468004,7.32526983160016,8.89494637326722,2.8100270357992163,converged,none,0.0,7.32526983160016,34.33720233562575,10.698996655518394,150.0,0.1,7.510358614585481e-07,0.5536580626332442,True
237.0,0.5023323606953759,0.25233780060178923,2.798170381639726,6.051209402776469,7.322430912738715,8.849379784416195,2.798170381639726,converged,none,0.0,7.322430912738715,34.32389490346272,10.698996655518394,150.0,0.1,7.5658965348958e-07,0.5535890548228156,True
238.0,0.4967882508036804,0.24679856613658044,2.786413363229475,6.017792897222413,7.319023602110498,8.804206260451888,2.786413363229475,converged,none,0.0,7.319023602110498,34.30792313489296,10.698996655518394,150.0,0.1,7.633087230666623e-07,0.5535061762431044,True
239.0,0.49126791137360254,0.24134416074538179,2.7747547299105233,5.984666182234382,7.315056675052281,8.759420912144906,2.7747547299105233,converged,none,0.0,7.315056675052281,34.28932816430756,10.698996655518394,150.0,0.1,7.712052604936326e-07,0.553409610786259,True
240.0,0.4857721923726246,0.2359746228825062,2.7631932518692297,5.951825679179778,7.310539110942143,8.715018931049007,2.7631932518692297,converged,none,0.0,7.310539110942143,34.26815208254129,10.698996655518394,150.0,0.1,7.802957234600488e-07,0.5532995430817484,True
241.0,0.48030191925023985,0.23068993363546392,2.7517277197037973,5.919267868124213,7.305480076159901,8.67099558782801,2.7517277197037973,converged,none,0.0,7.305480076159901,34.24443785699953,10.698996655518394,150.0,0.1,7.906008238063445e-07,0.5531761583242077,True
242.0,0.4748578929977133,0.22549001854222775,2.7403569440025417,5.886989286621755,7.299888907226061,8.627346230624296,2.7403569440025417,converged,none,0.0,7.299888907226061,34.21822925262216,10.698996655518394,150.0,0.1,8.021455350084534e-07,0.553039642104627,True
243.0,0.46944089024130264,0.22037474943054675,2.7290797549325725,5.854986528535153,7.293775094322564,8.584066283467726,2.7290797549325725,converged,none,0.0,7.293775094322564,34.189570754637025,10.698996655518394,150.0,0.1,8.149591193067869e-07,0.5528901802491089,True
244.0,0.46405166331741604,0.21534394622766045,2.7178950018385866,5.8232562428852,7.287148265486027,8.541151244723785,2.7178950018385866,converged,none,0.0,7.287148265486027,34.15850749446575,10.698996655518394,150.0,0.1,8.290751732873667e-07,0.5527279586716572,True
245.0,0.45869094033986,0.21039737874986503,2.7068015528514904,5.791795132728363,7.28001817139758,8.498596685579853,2.7068015528514904,converged,none,0.0,7.28001817139758,34.125085178426154,10.698996655518394,150.0,0.1,8.445316915341631e-07,0.552553163238241,True
246.0,0.4533594253113254,0.20553476851861524,2.6957982945065653,5.760599954061923,7.272394670482026,8.456398248568489,2.6957982945065653,converged,none,0.0,7.272394670482026,34.08935001788449,10.698996655518394,150.0,0.1,8.613711485639798e-07,0.552365979636985,True
247.0,0.4480577982876759,0.20075579060639964,2.684884131370911,5.729667514755776,7.264287714290085,8.414551646126686,2.684884131370911,converged,none,0.0,7.264287714290085,34.051348660734774,10.698996655518394,150.0,0.1,8.796405987482483e-07,0.5521665932460929,True
248.0,0.442786715546915,0.19606007546482462,2.6740579856798994,5.698994673510202,7.255707333428058,8.373052659190101,2.6740579856798994,converged,none,0.0,7.255707333428058,34.011128125444024,10.698996655518394,150.0,0.1,8.993917935278913e-07,0.5519551890175636,True
249.0,0.43754680973426224,0.1914472107086307,2.6633187969823897,5.668578338838812,7.246663624167148,8.331897135821201,2.6633187969823897,converged,none,0.0,7.246663624167148,33.968735738283506,10.698996655518394,150.0,0.1,9.206813152964834e-07,0.5517319513675314,True
250.0,0.43233869001686315,0.18691674288549728,2.6526655217944604,5.638415468076016,7.237166735542502,8.291080989870476,2.6526655217944604,converged,none,0.0,7.237166735542502,33.92421907285548,10.698996655518394,150.0,0.1,9.435707282843289e-07,0.5514970640754769,True
251.0,0.4271629422885145,0.18246817926458075,2.6420971332614145,5.608503066408265,7.2272268567423446,8.25060019966968,2.6420971332614145,converged,none,0.0,7.2272268567423446,33.877625890979736,10.698996655518394,150.0,0.1,9.68126746841009e-07,0.5512507101846367,True
252.0,0.4220201294084066,0.17810098962588827,2.6316126208278376,5.578838185928485,7.216854204879764,8.210450806756324,2.6316126208278376,converged,none,0.0,7.216854204879764,33.82900408537389,10.698996655518394,150.0,0.1,9.94421420944962e-07,0.5509930719059244,True
253.0,0.41691079142693094,0.1738146080082299,2.6212109899154745,5.549417924712945,7.206059013370595,8.17062891462842,2.6212109899154745,converged,none,0.0,7.206059013370595,33.778401625174666,10.698996655518394,150.0,0.1,1.0225323384333672e-06,0.5507243305303768,True
254.0,0.4118354457917414,0.16960843441048237,2.610891261608721,5.520239425920065,7.194851520927464,8.131130687528785,2.610891261608721,converged,none,0.0,7.194851520927464,33.725866504347486,10.698996655518394,150.0,0.1,1.0525428439683136e-06,0.5504446663521398,True
255.0,0.40679458757499387,0.16548183648030937,2.6006524723475097,5.491299876910442,7.183241960962715,8.091952349257951,2.6006524723475097,converged,none,0.0,7.183241960962715,33.67144669201273,10.698996655518394,150.0,0.1,1.0845422752919527e-06,0.5501542585908736,True
256.0,0.4017886897465793,0.16143415120827292,2.5904936736274027,5.462596508387599,7.171240551290175,8.053090182015001,2.5904936736274027,converged,none,0.0,7.171240551290175,33.615190084172696,10.698996655518394,150.0,0.1,1.1186262173691328e-06,0.5498532853204842,True
257.0,0.3968182034649922,0.15746468660118393,2.5804139317066737,5.434126593558827,7.158857484259601,8.0145405252655,2.5804139317066737,converged,none,0.0,7.158857484259601,33.55714445746688,10.698996655518394,150.0,0.1,1.154896774190407e-06,0.5495419233974413,True
258.0,0.3918835583471918,0.15357272330285687,2.5704123273202133,5.405887447315618,7.1461029174828425,7.976299774635832,2.5704123273202133,converged,none,0.0,7.1461029174828425,33.49735742570083,10.698996655518394,150.0,0.1,1.1934628580503913e-06,0.5492203483986486,True
259.0,0.38698516272437816,0.14975751616881344,2.5604879554000584,5.377876425433123,7.1329869650974995,7.938364380833182,2.5604879554000584,converged,none,0.0,7.1329869650974995,33.43587639889453,10.698996655518394,150.0,0.1,1.2344404965969017e-06,0.5488887345653309,True
260.0,0.3821234039233839,0.1460182958259936,2.5506399248023657,5.350090923788124,7.119519689384832,7.90073084859049,2.5506399248023657,converged,none,0.0,7.119519689384832,33.372748543991406,10.698996655518394,150.0,0.1,1.27795315844264e-06,0.548547254748975,True
261.0,0.3772986485868119,0.14235427022543456,2.540867358040671,5.322528377595064,7.105711092689024,7.863395735635734,2.540867358040671,converged,none,0.0,7.105711092689024,33.3080207469798,10.698996655518394,150.0,0.1,1.3241320978370661e-06,0.5481960803573301,True
262.0,0.37251124299998223,0.13876462616139182,2.5311693910252484,5.295186260659567,7.091571109769452,7.826355651684816,2.5311693910252484,converged,none,0.0,7.091571109769452,33.24173957704431,10.698996655518394,150.0,0.1,1.373116718336128e-06,0.5478353813044821,True
263.0,0.36776151339410973,0.13524853073392595,2.5215451728084224,5.268062084649071,7.077109600693603,7.789607257457494,2.5215451728084224,converged,none,0.0,7.077109600693603,33.17395125325127,10.698996655518394,150.0,0.1,1.4250549553713436e-06,0.5474653259672622,True
264.0,0.3630497662387395,0.13180513276600342,2.511993865335663,5.241153398380042,7.062336344195233,7.753147263715705,2.511993865335663,converged,none,0.0,7.062336344195233,33.10470161341515,10.698996655518394,150.0,0.1,1.480103678203541e-06,0.547086081146341,True
265.0,0.3583762885592226,0.1284335642014832,2.5025146432023213,5.214457787121376,7.047261031345521,7.716972430323698,2.5025146432023213,converged,none,0.0,7.047261031345521,33.034036084432124,10.698996655518394,150.0,0.1,1.5384291121081395e-06,0.5466978120283822,True
266.0,0.3537413482862857,0.12513294148739926,2.493106693415846,5.187972871913552,7.031893259510024,7.681079565329398,2.493106693415846,converged,none,0.0,7.031893259510024,32.961999653953235,10.698996655518394,150.0,0.1,1.6002072812862537e-06,0.5463006821483016,True
267.0,0.34914519460684074,0.12190236691704869,2.4837692151633526,5.16169630890309,7.016242526704162,7.645465524066442,2.4837692151633526,converged,none,0.0,7.016242526704162,32.88863684392576,10.698996655518394,150.0,0.1,1.665624472449105e-06,0.5458948533548115,True
268.0,0.34458805829056377,0.11874092991646097,2.4745014195843846,5.135625788691956,7.000318226424099,7.6101272082763405,2.4745014195843846,converged,none,0.0,7.000318226424099,32.81399168636296,10.698996655518394,150.0,0.1,1.734877719032951e-06,0.5454804857812764,True
269.0,0.3400701520059912,0.11564770828537797,2.465302529548755,5.1097590357015035,6.984129642880877,7.575061565250259,2.465302529548755,converged,none,0.0,6.984129642880877,32.73810770100411,10.698996655518394,150.0,0.1,1.8081753065567102e-06,0.5450577378202704,True
270.0,0.33559167065810613,0.11262176941509877,2.456171779439315,5.084093807550551,6.9676859465111765,7.540265586989866,2.456171779439315,converged,none,0.0,6.9676859465111765,32.66102787427114,10.698996655518394,150.0,0.1,1.8857372999556021e-06,0.5446267660986237,True
271.0,0.33115279175322254,0.10966217148595317,2.4471084149395392,5.058627894447269,6.950996189742305,7.505736309386808,2.4471084149395392,converged,none,0.0,6.950996189742305,32.58279463941705,10.698996655518394,150.0,0.1,1.967796093367926e-06,0.5441877254525136,True
272.0,0.3267536757636308,0.10676796462504395,2.4381116928257907,5.033359118594489,6.934069303101041,7.4714708114202795,2.4381116928257907,converged,none,0.0,6.934069303101041,32.50344985828613,10.698996655518394,150.0,0.1,2.0545969822950763e-06,0.543740768905068,True
273.0,0.3223944664686411,0.10393819200959976,2.4291808807641577,5.008285333608101,6.916914091728838,7.437466214372259,2.4291808807641577,converged,none,0.0,6.916914091728838,32.423034804978926,10.698996655518394,150.0,0.1,2.1463987580330273e-06,0.5432860476483191,True
274.0,0.31807529128288325,0.10117189092469103,2.4203152571117337,4.983404423948202,6.899539232246626,7.403719681059936,2.4203152571117337,converged,none,0.0,6.899539232246626,32.34159015115606,10.698996655518394,150.0,0.1,2.2434743247924046e-06,0.5428237110282407,True
275.0,0.31379626160068047,0.09846809379456269,2.4115141107222366,4.958714304362661,6.881953269862475,7.370228415084897,2.4115141107222366,converged,none,0.0,6.881953269862475,32.25915595248035,10.698996655518394,150.0,0.1,2.3461113402657146e-06,0.5423539065302241,True
276.0,0.3095574731644352,0.09582582919195003,2.4027767407558516,4.93421291934279,6.864164615692986,7.3369896600986415,2.4027767407558516,converged,none,0.0,6.864164615692986,32.17577163606087,10.698996655518394,150.0,0.1,2.4546128800845253e-06,0.5418767797643692,True
277.0,0.3053590064343634,0.0932441228105816,2.3941024564931954,4.90989824259083,6.846181544364428,7.304000699084026,2.3941024564931954,converged,none,0.0,6.846181544364428,32.091475989208256,10.698996655518394,150.0,0.1,2.569298126027327e-06,0.5413924744525073,True
278.0,0.30120092693637146,0.09072199838732938,2.3854905771532913,4.8857682764989105,6.828012191950802,7.271258853652202,2.3854905771532913,converged,none,0.0,6.828012191950802,32.006307149769384,10.698996655518394,150.0,0.1,2.6905030777184846e-06,0.5409011324187064,True
279.0,0.2970832855935643,0.08825847857906728,2.3769404317154663,4.861821051639244,6.80966455421335,7.23876148335471,2.3769404317154663,converged,none,0.0,6.80966455421335,31.92030259787508,10.698996655518394,150.0,0.1,2.8185812880219025e-06,0.5404028935825513,True
280.0,0.29300611906683616,0.08585258581060896,2.3684513587450535,4.838054626265223,6.791146485052428,7.206505985010277,2.3684513587450535,converged,none,0.0,6.791146485052428,31.833499148683252,10.698996655518394,150.0,0.1,2.9539046227362934e-06,0.5398978959530044,True
281.0,0.28896945011659614,0.08350334310068794,2.3600227062228294,4.814467085823202,6.772465695131568,7.174489792046032,2.3600227062228294,converged,none,0.0,6.772465695131568,31.745932945929223,10.698996655518394,150.0,0.1,3.096864044983563e-06,0.539386275621925,True
282.0,0.28497328796945715,0.08120977485612314,2.3516538313780675,4.791056542474629,6.753629750715376,7.1427103738526965,2.3516538313780675,converged,none,0.0,6.753629750715376,31.657639456478325,10.698996655518394,150.0,0.1,3.247870424079327e-06,0.5388681667585531,True
283.0,0.2810176286666256,0.07897090762141348,2.3433441005251416,4.767821134628348,6.734646072775332,7.111165235153489,2.3433441005251416,converged,none,0.0,6.734646072775332,31.568653466134364,10.698996655518394,150.0,0.1,3.407355368403452e-06,0.5383437016066474,True
284.0,0.2771024553923858,0.07678577078448917,2.335092888903574,4.744759026482744,6.715521936351177,7.0798519153863175,2.335092888903574,converged,none,0.0,6.715521936351177,31.47900907664614,10.698996655518394,150.0,0.1,3.5757720821446943e-06,0.5378130104841864,True
285.0,0.27322773880336104,0.07465339725159768,2.3268995805214563,4.721868407577557,6.696264470098358,7.048767988099014,2.3268995805214563,converged,none,0.0,6.696264470098358,31.388739703586054,10.698996655518394,150.0,0.1,3.7535962462743075e-06,0.5372762217839404,True
286.0,0.2693934373748999,0.07257282410066411,2.3187635680021503,4.699147492355059,6.676880655971448,7.017911060357209,2.3187635680021503,converged,none,0.0,6.676880655971448,31.297878074866166,10.698996655518394,150.0,0.1,3.9413269240568525e-06,0.5367334619737062,True
287.0,0.2655994977567428,0.07054309320863403,2.310684252434199,4.676594519730425,6.657377329060293,6.987278772164624,2.310684252434199,converged,none,0.0,6.657377329060293,31.206456229970126,10.698996655518394,150.0,0.1,4.1394874908333644e-06,0.5361848555968357,True
288.0,0.2618458551162876,0.06856325184157988,2.3026610432243575,4.654207752671037,6.637761177625977,6.956868795895394,2.3026610432243575,converged,none,0.0,6.637761177625977,31.11450552012177,10.698996655518394,150.0,0.1,4.3486265873642235e-06,0.5356305252745704,True
289.0,0.25813243346035447,0.06663235320416433,2.2946933579536855,4.631985477784521,6.618038743345908,6.9266788357382065,2.2946933579536855,converged,none,0.0,6.618038743345908,31.022056609433946,10.698996655518394,150.0,0.1,4.5693190961857825e-06,0.5350705917106727,True
290.0,0.2544591459488935,0.06474945695704029,2.286780622236604,4.609926004915278,6.598216421721479,6.8967066271518815,2.286780622236604,converged,none,0.0,6.598216421721479,30.929139476819433,10.698996655518394,150.0,0.1,4.802167140956642e-06,0.534505173697265,True
291.0,0.250825895219408,0.06291362971261745,2.2789222695828695,4.5880276667493485,6.578300462595105,6.866949936332218,2.2789222695828695,converged,none,0.0,6.578300462595105,30.835783418414554,10.698996655518394,150.0,0.1,5.047801108949256e-06,0.5339343881205537,True
292.0,0.24723257372366228,0.061123945510026104,2.2711177412623806,4.5662888184273855,6.558296970769169,6.837406559689766,2.2711177412623806,converged,none,0.0,6.558296970769169,30.74201705048048,10.698996655518394,150.0,0.1,5.30688069640625e-06,0.5333583499663825,True
293.0,0.24367906405988488,0.059379486261101476,2.263366486172748,4.544707837165499,6.538211906760559,6.808074323338247,2.263366486172748,converged,none,0.0,6.538211906760559,30.64786831294012,10.698996655518394,150.0,0.1,5.580095975882725e-06,0.5327771723267455,True
294.0,0.24016523928556652,0.057679342161093425,2.2556679607095753,4.523283121883893,6.518051087714829,6.778951082593469,2.2556679607095753,converged,none,0.0,6.518051087714829,30.553364473663258,10.698996655518394,150.0,0.1,5.868168484590149e-06,0.5321909664081502,True
295.0,0.23669096321475894,0.05602261206753037,2.248021628639373,4.5020130928429785,6.497820188459067,6.7500347214823515,2.248021628639373,converged,none,0.0,6.497820188459067,30.458532133401878,10.698996655518394,150.0,0.1,6.171852333208959e-06,0.5315998415414397,True
296.0,0.23325609071703118,0.05440840385659188,2.240426960975051,4.480896191286889,6.4775247426469384,6.72132315226194,2.240426960975051,converged,none,0.0,6.4775247426469384,30.363397231157524,10.698996655518394,150.0,0.1,6.491935335045839e-06,0.5310039051919014,True
297.0,0.22986046802810142,0.052835834762097834,2.232883435853923,4.459930879094162,6.457170143969888,6.692814314948085,2.232883435853923,converged,none,0.0,6.457170143969888,30.267985049858847,10.698996655518394,150.0,0.1,6.829240155244625e-06,0.5304032629690584,True
298.0,0.22650393306394545,0.05130403169343628,2.2253905384181714,4.439115638435454,6.436761647448504,6.664506176853625,2.2253905384181714,converged,none,0.0,6.436761647448504,30.17232022241486,10.698996655518394,150.0,0.1,7.184625479143146e-06,0.5297980186366863,True
299.0,0.22318631572198572,0.04981213152555389,2.2179477606977094,4.418448971438083,6.41630437083157,6.6363967321357915,2.2179477606977094,converged,none,0.0,6.41630437083157,30.076426738272986,10.698996655518394,150.0,0.1,7.558987198456326e-06,0.5291882741240376,True
300.0,0.2199074381634611,0.048359281359616466,2.210554601495384,4.397929399857298,6.395803296105253,6.608484001352682,2.210554601495384,converged,none,0.0,6.395803296105253,29.980327950493372,10.698996655518394,150.0,0.1,7.953259614476728e-06,0.5285741295441916,True
200.0,0.7142681357322256,0.5101789697223891,3.315831902243075,7.530510374620079,7.00443425245572,10.846342276863155,3.315831902243075,converged,15.5deg,4.430822384898431,2.5736118675572888,12.06380562917479,10.698996655518394,150.0,0.1,0.03892210437984854,0.26186006290385916,True
201.0,0.7086505802035399,0.5021856448228137,3.299335226112513,7.4831806796022216,7.024569990803071,10.782515905714735,3.299335226112513,converged,15.5deg,4.430822384898431,2.59374760590464,12.158191902677999,10.698996655518394,150.0,0.1,0.037044724492033505,0.26610219760691073,True
202.0,0.703010155441879,0.4942232786544148,3.2830018834089856,7.436329086220687,7.0441240274844965,10.719330969629674,3.2830018834089856,converged,15.5deg,4.430822384898431,2.613301642586065,12.24985144962218,10.698996655518394,150.0,0.1,0.0353328341343072,0.27008818852942074,True
203.0,0.6973483950303468,0.4862947840514007,3.266829460338005,7.3899486119286495,7.0630846078778635,10.656778072266654,3.266829460338005,converged,15.5deg,4.430822384898431,2.632262222979432,12.338729170216087,10.698996655518394,150.0,0.1,0.033768425073774554,0.2738369467926175,True
204.0,0.6916668271654529,0.4784029998011245,3.2508155904343874,7.344032410298298,7.081440865009297,10.594848000732686,3.2508155904343874,converged,15.5deg,4.430822384898431,2.6506184801108654,12.424774125519681,10.698996655518394,150.0,0.1,0.03233620194176865,0.27736470511751526,True
205.0,0.6859669735299387,0.47055068877382367,3.234957953407878,7.298573767694063,7.0991828076469385,10.53353172110194,3.234957953407878,converged,15.5deg,4.430822384898431,2.668360422748507,12.507939481633628,10.698996655518394,150.0,0.1,0.03102305582424911,0.2806855387667246,True
206.0,0.6802503481951869,0.46274053621967304,3.2192542740224033,7.25356610004319,7.116301307426765,10.472820374065593,3.2192542740224033,converged,15.5deg,4.430822384898431,2.6854789225283335,12.588182449351564,10.698996655518394,150.0,0.1,0.029817664229104125,0.2838117603109057,True
207.0,0.6745184565036051,0.4549751481640058,3.203702321007802,7.209002949700321,7.132788085553464,10.412705270708123,3.203702321007802,converged,15.5deg,4.430822384898431,2.701965700655033,12.665464221820466,10.698996655518394,150.0,0.1,0.028710181982268965,0.28675422416920393,True
208.0,0.6687727940050027,0.44725705000125776,3.188299906002957,7.164877982402959,7.148635698377404,10.353177888405916,3.188299906002957,converged,15.5deg,4.430822384898431,2.717813313478973,12.739749906932685,10.698996655518394,150.0,0.1,0.02769199875526641,0.28952256474083543,True
209.0,0.6630148454859406,0.43958868533474565,3.173044882529259,7.121184984314705,7.163837521563531,10.294229866843963,3.173044882529259,converged,15.5deg,4.430822384898431,2.7330151366650997,12.811008453117656,10.698996655518394,150.0,0.1,0.02675554635966369,0.2921253851093719,True
210.0,0.657246084014522,0.4319724149524241,3.1579351449934054,7.07791785915338,7.178387733693409,10.235853004146785,3.1579351449934054,converged,15.5deg,4.430822384898431,2.7475653487949776,12.879212572476456,10.698996655518394,150.0,0.1,0.025894143715654225,0.29457040849363836,True
211.0,0.6514679699711952,0.42441051589839,3.142968627718555,7.035070625401183,7.192281299611613,10.178039253119739,3.142968627718555,converged,15.5deg,4.430822384898431,2.761458914713182,12.94433866271804,10.698996655518394,150.0,0.1,0.025101870732701422,0.2968646010509622,True
212.0,0.6456819501449462,0.41690518074298083,3.1281433040029016,6.992637413594172,7.205513952812464,10.120780717597073,3.1281433040029016,converged,15.5deg,4.430822384898431,2.774691567914033,13.00636672459703,10.698996655518394,150.0,0.1,0.024373464795432467,0.29901427247317286,True
213.0,0.6398894569176259,0.40945851707433417,3.1134571852047657,6.950612463688452,7.21808217675296,10.064069648893216,3.1134571852047657,converged,15.5deg,4.430822384898431,2.7872597918545283,13.065280274318102,10.698996655518394,150.0,0.1,0.023704235025212277,0.30102515894803633,True
214.0,0.6340919074567948,0.4020725471021964,3.098908319853342,6.908990122500556,7.229983185896183,10.007898442353898,3.098908319853342,converged,15.5deg,4.430822384898431,2.7991608009977513,13.121066254676961,10.698996655518394,150.0,0.1,0.02308999068543898,0.30290249229399924,True
215.0,0.6282907028983081,0.3947492073484501,3.0844947927842563,6.867764841219585,7.241214906676856,9.952259634003841,3.0844947927842563,converged,15.5deg,4.430822384898431,2.8103925217784242,13.173714945836362,10.698996655518394,150.0,0.1,0.02252698096186394,0.30465105803452436,True
216.0,0.6224872275970742,0.38749034852149167,3.0702147242991438,6.826931172988796,7.251775957734274,9.89714589728794,3.0702147242991438,converged,15.5deg,4.430822384898431,2.820953572835843,13.223219872668013,10.698996655518394,150.0,0.1,0.02201184400136422,0.30627524436667986,True
217.0,0.6166828484626815,0.3802977355880466,3.056066269348457,6.786483770554345,7.2616656293559565,9.842550039902802,3.056066269348457,converged,15.5deg,4.430822384898431,2.830843244457525,13.269577708394648,10.698996655518394,150.0,0.1,0.021541563554824127,0.30777908372541074,True
218.0,0.6108789143024113,0.37317304793929273,3.0420476167367663,6.746417383979076,7.270883862865741,9.788465000715842,3.0420476167367663,converged,15.5deg,4.430822384898431,2.8400614779673097,13.312788177971763,10.698996655518394,150.0,0.1,0.021113431860817666,0.3091662883185976,True
219.0,0.6050767551535574,0.3661178796271581,3.0281569883498407,6.706726858419228,7.279431230126111,9.734883846769069,3.0281569883498407,converged,15.5deg,4.430822384898431,2.8486088452276794,13.352853962004746,10.698996655518394,150.0,0.1,0.020725017720772905,0.31044028069356383,True
220.0,0.5992776816796592,0.359133739759347,3.014392638402796,6.667407131962057,7.287308912565177,9.681799770364853,3.014392638402796,converged,15.5deg,4.430822384898431,2.8564865276667453,13.389780598437866,10.698996655518394,150.0,0.1,0.02037413895572939,0.3116042200730263,True
221.0,0.5934829846507601,0.35222205306997434,3.0007528527086658,6.628453233522458,7.294518679641533,9.629206086231124,3.0007528527086658,converged,15.5deg,4.430822384898431,2.863696294743102,13.42357638160829,10.698996655518394,150.0,0.1,0.02005883855518031,0.31266102505969773,True
222.0,0.5876939344350327,0.3453841605717285,2.9872359479667345,6.589860280796684,7.301062867395481,9.57709622876342,2.9872359479667345,converged,15.5deg,4.430822384898431,2.8702404824970493,13.454252261704918,10.698996655518394,150.0,0.1,0.01977736396801008,0.31361339347029404,True
223.0,0.5819117804758971,0.33862132025662867,2.973840271070023,6.551623478271398,7.306944357304834,9.525463749341421,2.973840271070023,converged,15.5deg,4.430822384898431,2.876121972406403,13.481821745655015,10.698996655518394,150.0,0.1,0.019528149033966595,0.31446381959310044,True
224.0,0.576137750822298,0.33193470792257634,2.9605641984313174,6.513738115286292,7.312166554935901,9.474302313717608,2.9605641984313174,converged,15.5deg,4.430822384898431,2.88134417003747,13.50630079705064,10.698996655518394,150.0,0.1,0.019309798237658198,0.3152146092767768,True
225.0,0.5703730517431448,0.3253254181547881,2.9474061353271783,6.476199564148609,7.316733368215285,9.423605699475788,2.9474061353271783,converged,15.5deg,4.430822384898431,2.8859109833168537,13.52770773429775,10.698996655518394,150.0,0.1,0.01912107297153445,0.31586789307153307,True
226.0,0.5646188673623757,0.31879446538157197,2.9343645152593587,6.439003278297972,7.320649185862139,9.37336779355733,2.9343645152593587,converged,15.5deg,4.430822384898431,2.889826800963708,13.546063129517382,10.698996655518394,150.0,0.1,0.01896087953080299,0.3164256377503728,True
227.0,0.5588763592751023,0.3123427849565932,2.921437799333106,6.402144790519926,7.323918856286694,9.323582589853032,2.921437799333106,converged,15.5deg,4.430822384898431,2.8930964713882625,13.561389709632481,10.698996655518394,150.0,0.1,0.018828258615354528,0.316889656453307,True
228.0,0.5531466661998681,0.30597123432802825,2.9086244756518207,6.365619711206716,7.326547666557791,9.274244186858537,2.9086244756518207,converged,15.5deg,4.430822384898431,2.8957252816593595,13.573712257778247,10.698996655518394,150.0,0.1,0.018722376177227478,0.31726161756373494,True
229.0,0.5474309037128464,0.2996805943398637,2.895923058727577,6.329423726663843,7.328541321155964,9.22534678539142,2.895923058727577,converged,15.5deg,4.430822384898431,2.897718936257532,13.58305751370718,10.698996655518394,150.0,0.1,0.018642515475152083,0.3175430524160899,True
230.0,0.5417301640169478,0.29347157060582924,2.883332088907022,6.293552597461013,7.329905920900755,9.176884686368036,2.883332088907022,converged,15.5deg,4.430822384898431,2.8990835360023235,13.589454075010892,10.698996655518394,150.0,0.1,0.018588070194825793,0.3177353620053538,True
231.0,0.536045515691428,0.287344794892889,2.8708501318121864,6.258002156826085,7.3306479424458235,9.12885228863827,2.8708501318121864,converged,15.5deg,4.430822384898431,2.899825557547392,13.592932301003401,10.698996655518394,150.0,0.1,0.01855853851449653,0.31783982284879525,True
232.0,0.530378003455743,0.2813008265497002,2.8584757777957543,6.222768309080757,7.330774218104814,9.081244086876511,2.8584757777957543,converged,15.5deg,4.430822384898431,2.8999518332063827,13.593524218154917,10.698996655518394,150.0,0.1,0.018553518037787816,0.3178575920448427,True
233.0,0.5247286480061835,0.2753401540383972,2.846207641410365,6.187847028116731,7.330291915639396,9.034054669527096,2.846207641410365,converged,15.5deg,4.430822384898431,2.899469530740965,13.59126342534827,10.698996655518394,150.0,0.1,0.018572701535288685,0.3177897115419818,True
234.0,0.5190984459041625,0.26946319654011675,2.834044360891517,6.153234355911091,7.329208518198339,8.987278716802608,2.834044360891517,converged,15.5deg,4.430822384898431,2.8983861332999075,13.586184999843315,10.698996655518394,150.0,0.1,0.018615873427264566,0.31763711169654213,True
235.0,0.5134883694531153,0.263670305563619,2.8219845976536813,6.11892640107978,7.327531804839461,8.940910998733461,2.8219845976536813,converged,15.5deg,4.430822384898431,2.89670941994103,13.57832540597358,10.698996655518394,150.0,0.1,0.018682906941784948,0.31740061422149474,True
236.0,0.5078993665676181,0.25796176655978775,2.8100270357992163,6.084919337468004,7.32526983160016,8.89494637326722,2.8100270357992163,converged,15.5deg,4.430822384898431,2.8944474467017285,13.567722406414351,10.698996655518394,150.0,0.1,0.018773761911027784,0.3170809345536009,True
237.0,0.5023323606953759,0.25233780060178923,2.798170381639726,6.051209402776469,7.322430912738715,8.849379784416195,2.798170381639726,converged,15.5deg,4.430822384898431,2.891608527840283,13.554414974251328,10.698996655518394,150.0,0.1,0.01888848319059417,0.31667868360579404,True
238.0,0.4967882508036804,0.24679856613658044,2.786413363229475,6.017792897222413,7.319023602110498,8.804206260451888,2.786413363229475,converged,15.5deg,4.430822384898431,2.8882012172120666,13.53844320568156,10.698996655518394,150.0,0.1,0.01902719968612872,0.3161943689289379,True
239.0,0.49126791137360254,0.24134416074538179,2.7747547299105233,5.984666182234382,7.315056675052281,8.759420912144906,2.7747547299105233,converged,15.5deg,4.430822384898431,2.8842342901538496,13.519848235096172,10.698996655518394,150.0,0.1,0.019190123953162923,0.3156283953137671,True
240.0,0.4857721923726246,0.2359746228825062,2.7631932518692297,5.951825679179778,7.310539110942143,8.715018931049007,2.7631932518692297,converged,15.5deg,4.430822384898431,2.8797167260437115,13.498672153329899,10.698996655518394,150.0,0.1,0.019377552366027822,0.31498106488949534,True
241.0,0.48030191925023985,0.23068993363546392,2.7517277197037973,5.919267868124213,7.305480076159901,8.67099558782801,2.7517277197037973,converged,15.5deg,4.430822384898431,2.8746576912614694,13.47495792778814,10.698996655518394,150.0,0.1,0.019589865865051213,0.31425257665200135,True
242.0,0.4748578929977133,0.22549001854222775,2.7403569440025417,5.886989286621755,7.299888907226061,8.627346230624296,2.7403569440025417,converged,15.5deg,4.430822384898431,2.8690665223276293,13.448749323410762,10.698996655518394,150.0,0.1,0.019827531304515363,0.31344302538153324,True
243.0,0.46944089024130264,0.22037474943054675,2.7290797549325725,5.854986528535153,7.293775094322564,8.584066283467726,2.7290797549325725,converged,15.5deg,4.430822384898431,2.8629527094241327,13.420090825425623,10.698996655518394,150.0,0.1,0.020091103413082557,0.31255239995359896,True
244.0,0.46405166331741604,0.21534394622766045,2.7178950018385866,5.8232562428852,7.287148265486027,8.541151244723785,2.7178950018385866,converged,15.5deg,4.430822384898431,2.8563258805875957,13.389027565254354,10.698996655518394,150.0,0.1,0.020381227384147306,0.3115805810564984,True
245.0,0.45869094033986,0.21039737874986503,2.7068015528514904,5.791795132728363,7.28001817139758,8.498596685579853,2.7068015528514904,converged,15.5deg,4.430822384898431,2.8491957864991484,13.355605249214758,10.698996655518394,150.0,0.1,0.020698642138093703,0.31052733826571777,True
246.0,0.4533594253113254,0.20553476851861524,2.6957982945065653,5.760599954061923,7.272394670482026,8.456398248568489,2.6957982945065653,converged,15.5deg,4.430822384898431,2.8415722855835943,13.319870088673097,10.698996655518394,150.0,0.1,0.021044184306052476,0.3093923263291244,True
247.0,0.4480577982876759,0.20075579060639964,2.684884131370911,5.729667514755776,7.264287714290085,8.414551646126686,2.684884131370911,converged,15.5deg,4.430822384898431,2.833465329391654,13.281868731523376,10.698996655518394,150.0,0.1,0.021418793031678235,0.3081750807224849,True
248.0,0.442786715546915,0.19606007546482462,2.6740579856798994,5.698994673510202,7.255707333428058,8.373052659190101,2.6740579856798994,converged,15.5deg,4.430822384898431,2.8248849485296263,13.241648196232624,10.698996655518394,150.0,0.1,0.02182351562360978,0.30687501229637176,True
249.0,0.43754680973426224,0.1914472107086307,2.6633187969823897,5.668578338838812,7.246663624167148,8.331897135821201,2.6633187969823897,converged,15.5deg,4.430822384898431,2.8158412392687167,13.199255809072108,10.698996655518394,150.0,0.1,0.022259514157136,0.30549140098618854,True
250.0,0.43233869001686315,0.18691674288549728,2.6526655217944604,5.638415468076016,7.237166735542502,8.291080989870476,2.6526655217944604,converged,15.5deg,4.430822384898431,2.8063443506440704,13.154739143644079,10.698996655518394,150.0,0.1,0.02272807315703473,0.30402338847648724,True
251.0,0.4271629422885145,0.18246817926458075,2.6420971332614145,5.608503066408265,7.2272268567423446,8.25060019966968,2.6420971332614145,converged,15.5deg,4.430822384898431,2.796404471843913,13.108145961768342,10.698996655518394,150.0,0.1,0.023230608511641028,0.3024699696515652,True
252.0,0.4220201294084066,0.17810098962588827,2.6316126208278376,5.578838185928485,7.216854204879764,8.210450806756324,2.6316126208278376,converged,15.5deg,4.430822384898431,2.786031819981333,13.0595241561625,10.698996655518394,150.0,0.1,0.023768677735532654,0.3008299825003342,True
253.0,0.41691079142693094,0.1738146080082299,2.6212109899154745,5.549417924712945,7.206059013370595,8.17062891462842,2.6212109899154745,converged,15.5deg,4.430822384898431,2.7752366284721637,13.008921695963265,10.698996655518394,150.0,0.1,0.024343991872004794,0.29910209667736015,True
254.0,0.4118354457917414,0.16960843441048237,2.610891261608721,5.520239425920065,7.194851520927464,8.131130687528785,2.610891261608721,converged,15.5deg,4.430822384898431,2.7640291360290323,12.956386575136088,10.698996655518394,150.0,0.1,0.02495842917089084,0.29728480006619046,True
255.0,0.40679458757499387,0.16548183648030937,2.6006524723475097,5.491299876910442,7.183241960962715,8.091952349257951,2.6006524723475097,converged,15.5deg,4.430822384898431,2.752419576064284,12.901966762801331,10.698996655518394,150.0,0.1,0.025614050921199193,0.29537638327379545,True
256.0,0.4017886897465793,0.16143415120827292,2.5904936736274027,5.462596508387599,7.171240551290175,8.053090182015001,2.5904936736274027,converged,15.5deg,4.430822384898431,2.740418166391744,12.845710154961298,10.698996655518394,150.0,0.1,0.02631311979248151,0.2933749215960896,True
257.0,0.3968182034649922,0.15746468660118393,2.5804139317066737,5.434126593558827,7.158857484259601,8.0145405252655,2.5804139317066737,converged,15.5deg,4.430822384898431,2.7280350993611693,12.787664528255481,10.698996655518394,150.0,0.1,0.02705812111375888,0.29127825397616847,True
258.0,0.3918835583471918,0.15357272330285687,2.5704123273202133,5.405887447315618,7.1461029174828425,7.976299774635832,2.5704123273202133,converged,15.5deg,4.430822384898431,2.715280532584411,12.727877496489425,10.698996655518394,150.0,0.1,0.027851787667763687,0.2890839585375168,True
259.0,0.38698516272437816,0.14975751616881344,2.5604879554000584,5.377876425433123,7.1329869650974995,7.938364380833182,2.5604879554000584,converged,15.5deg,4.430822384898431,2.702164580199068,12.666396469683132,10.698996655518394,150.0,0.1,0.02869712865949926,0.2867893238863736,True
260.0,0.3821234039233839,0.1460182958259936,2.5506399248023657,5.350090923788124,7.119519689384832,7.90073084859049,2.5506399248023657,converged,15.5deg,4.430822384898431,2.688697304486401,12.603268614780005,10.698996655518394,150.0,0.1,0.029597463747189894,0.28439131534395723,True
261.0,0.3772986485868119,0.14235427022543456,2.540867358040671,5.322528377595064,7.105711092689024,7.863395735635734,2.540867358040671,converged,15.5deg,4.430822384898431,2.6748887077905925,12.5385408177684,10.698996655518394,150.0,0.1,0.030556463230486733,0.28188653502220073,True
262.0,0.37251124299998223,0.13876462616139182,2.5311693910252484,5.295186260659567,7.091571109769452,7.826355651684816,2.5311693910252484,converged,15.5deg,4.430822384898431,2.660748724871021,12.47225964783291,10.698996655518394,150.0,0.1,0.03157819575455652,0.27927117433962506,True
263.0,0.36776151339410973,0.13524853073392595,2.5215451728084224,5.268062084649071,7.077109600693603,7.789607257457494,2.5215451728084224,converged,15.5deg,4.430822384898431,2.646287215795172,12.404471324039868,10.698996655518394,150.0,0.1,0.032667185308246804,0.2765409572808258,True
264.0,0.3630497662387395,0.13180513276600342,2.511993865335663,5.241153398380042,7.062336344195233,7.753147263715705,2.511993865335663,converged,15.5deg,4.430822384898431,2.631513959296802,12.33522168420376,10.698996655518394,150.0,0.1,0.03382847979658282,0.2736910720524818,True
265.0,0.3583762885592226,0.1284335642014832,2.5025146432023213,5.214457787121376,7.047261031345521,7.716972430323698,2.5025146432023213,converged,15.5deg,4.430822384898431,2.6164386464470892,12.264556155220731,10.698996655518394,150.0,0.1,0.03506773420748823,0.2707160881390103,True
266.0,0.3537413482862857,0.12513294148739926,2.493106693415846,5.187972871913552,7.031893259510024,7.681079565329398,2.493106693415846,converged,15.5deg,4.430822384898431,2.601070874611593,12.192519724741842,10.698996655518394,150.0,0.1,0.03639131234803119,0.2676098547755998,True
267.0,0.34914519460684074,0.12190236691704869,2.4837692151633526,5.16169630890309,7.016242526704162,7.645465524066442,2.4837692151633526,converged,15.5deg,4.430822384898431,2.5854201418057308,12.119156914714363,10.698996655518394,150.0,0.1,0.03780641245746728,0.26436537549533684,True
268.0,0.34458805829056377,0.11874092991646097,2.4745014195843846,5.135625788691956,7.000318226424099,7.6101272082763405,2.4745014195843846,converged,15.5deg,4.430822384898431,2.5694958415256677,12.044511757151566,10.698996655518394,150.0,0.1,0.039321223965444865,0.26097465158848493,True
269.0,0.3400701520059912,0.11564770828537797,2.465302529548755,5.1097590357015035,6.984129642880877,7.575061565250259,2.465302529548755,converged,15.5deg,4.430822384898431,2.5533072579824454,11.968627771792713,10.698996655518394,150.0,0.1,0.04094512539335569,0.2574284843720864,True
270.0,0.33559167065810613,0.11262176941509877,2.456171779439315,5.084093807550551,6.9676859465111765,7.540265586989866,2.456171779439315,converged,15.5deg,4.430822384898431,2.536863561612745,11.891547945059742,10.698996655518394,150.0,0.1,0.042688937516447784,0.2537162221950353,True
271.0,0.33115279175322254,0.10966217148595317,2.4471084149395392,5.058627894447269,6.950996189742305,7.505736309386808,2.4471084149395392,converged,15.5deg,4.430822384898431,2.520173804843874,11.81331471020566,10.698996655518394,150.0,0.1,0.04456525198892066,0.2498254319568439,True
272.0,0.3267536757636308,0.10676796462504395,2.4381116928257907,5.033359118594489,6.934069303101041,7.4714708114202795,2.4381116928257907,converged,15.5deg,4.430822384898431,2.50324691820261,11.733969929074734,10.698996655518394,150.0,0.1,0.046588865024349356,0.24574146556138574,True
273.0,0.3223944664686411,0.10393819200959976,2.4291808807641577,5.008285333608101,6.916914091728838,7.437466214372259,2.4291808807641577,converged,15.5deg,4.430822384898431,2.4860917068304067,11.653554875767531,10.698996655518394,150.0,0.1,0.048777360565594424,0.24144687688067074,True
274.0,0.31807529128288325,0.10117189092469103,2.4203152571117337,4.983404423948202,6.899539232246626,7.403719681059936,2.4203152571117337,converged,15.5deg,4.430822384898431,2.468716847348195,11.572110221944664,10.698996655518394,150.0,0.1,0.05115191156622531,0.2369206206016183,True
275.0,0.31379626160068047,0.09846809379456269,2.4115141107222366,4.958714304362661,6.881953269862475,7.370228415084897,2.4115141107222366,converged,15.5deg,4.430822384898431,2.4511308849640434,11.489676023268954,10.698996655518394,150.0,0.1,0.053738408799566754,0.23213692352406395,True
276.0,0.3095574731644352,0.09582582919195003,2.4027767407558516,4.93421291934279,6.864164615692986,7.3369896600986415,2.4027767407558516,converged,15.5deg,4.430822384898431,2.4333422307945547,11.406291706849474,10.698996655518394,150.0,0.1,0.05656909828331389,0.22706364723814584,True
277.0,0.3053590064343634,0.0932441228105816,2.3941024564931954,4.90989824259083,6.846181544364428,7.304000699084026,2.3941024564931954,converged,15.5deg,4.430822384898431,2.4153591594659964,11.321996059996858,10.698996655518394,150.0,0.1,nan,nan,False
278.0,0.30120092693637146,0.09072199838732938,2.3854905771532913,4.8857682764989105,6.828012191950802,7.271258853652202,2.3854905771532913,converged,15.5deg,4.430822384898431,2.3971898070523707,11.236827220557988,10.698996655518394,150.0,0.1,nan,nan,False
279.0,0.2970832855935643,0.08825847857906728,2.3769404317154663,4.861821051639244,6.80966455421335,7.23876148335471,2.3769404317154663,converged,15.5deg,4.430822384898431,2.378842169314918,11.150822668663679,10.698996655518394,150.0,0.1,nan,nan,False
280.0,0.29300611906683616,0.08585258581060896,2.3684513587450535,4.838054626265223,6.791146485052428,7.206505985010277,2.3684513587450535,converged,15.5deg,4.430822384898431,2.3603241001539965,11.064019219471858,10.698996655518394,150.0,0.1,nan,nan,False
281.0,0.28896945011659614,0.08350334310068794,2.3600227062228294,4.814467085823202,6.772465695131568,7.174489792046032,2.3600227062228294,converged,15.5deg,4.430822384898431,2.3416433102331364,10.976453016717826,10.698996655518394,150.0,0.1,nan,nan,False
282.0,0.28497328796945715,0.08120977485612314,2.3516538313780675,4.791056542474629,6.753629750715376,7.1427103738526965,2.3516538313780675,converged,15.5deg,4.430822384898431,2.322807365816945,10.888159527266929,10.698996655518394,150.0,0.1,nan,nan,False
283.0,0.2810176286666256,0.07897090762141348,2.3433441005251416,4.767821134628348,6.734646072775332,7.111165235153489,2.3433441005251416,converged,15.5deg,4.430822384898431,2.3038236878769007,10.799173536922972,10.698996655518394,150.0,0.1,nan,nan,False
284.0,0.2771024553923858,0.07678577078448917,2.335092888903574,4.744759026482744,6.715521936351177,7.0798519153863175,2.335092888903574,converged,15.5deg,4.430822384898431,2.2846995514527455,10.709529147434745,10.698996655518394,150.0,0.1,nan,nan,False
285.0,0.27322773880336104,0.07465339725159768,2.3268995805214563,4.721868407577557,6.696264470098358,7.048767988099014,2.3268995805214563,converged,15.5deg,4.430822384898431,2.2654420851999264,10.619259774374655,10.698996655518394,150.0,0.1,0.11744201697866982,0.14397794535583844,True
286.0,0.2693934373748999,0.07257282410066411,2.3187635680021503,4.699147492355059,6.676880655971448,7.017911060357209,2.3187635680021503,converged,15.5deg,4.430822384898431,2.246058271073017,10.528398145654768,10.698996655518394,150.0,0.1,nan,nan,False
287.0,0.2655994977567428,0.07054309320863403,2.310684252434199,4.676594519730425,6.657377329060293,6.987278772164624,2.310684252434199,converged,15.5deg,4.430822384898431,2.2265549441618617,10.436976300758726,10.698996655518394,150.0,0.1,nan,nan,False
288.0,0.2618458551162876,0.06856325184157988,2.3026610432243575,4.654207752671037,6.637761177625977,6.956868795895394,2.3026610432243575,converged,15.5deg,4.430822384898431,2.206938792727546,10.345025590910371,10.698996655518394,150.0,0.1,nan,nan,False
289.0,0.25813243346035447,0.06663235320416433,2.2946933579536855,4.631985477784521,6.618038743345908,6.9266788357382065,2.2946933579536855,converged,15.5deg,4.430822384898431,2.1872163584474764,10.252576680222546,10.698996655518394,150.0,0.1,nan,nan,False
290.0,0.2544591459488935,0.06474945695704029,2.286780622236604,4.609926004915278,6.598216421721479,6.8967066271518815,2.286780622236604,converged,15.5deg,4.430822384898431,2.1673940368230475,10.159659547608035,10.698996655518394,150.0,0.1,nan,nan,False
291.0,0.250825895219408,0.06291362971261745,2.2789222695828695,4.5880276667493485,6.578300462595105,6.866949936332218,2.2789222695828695,converged,15.5deg,4.430822384898431,2.1474780776966735,10.066303489203158,10.698996655518394,150.0,0.1,nan,nan,False
292.0,0.24723257372366228,0.061123945510026104,2.2711177412623806,4.5662888184273855,6.558296970769169,6.837406559689766,2.2711177412623806,converged,15.5deg,4.430822384898431,2.127474585870738,9.972537121269085,10.698996655518394,150.0,0.1,nan,nan,False
293.0,0.24367906405988488,0.059379486261101476,2.263366486172748,4.544707837165499,6.538211906760559,6.808074323338247,2.263366486172748,converged,15.5deg,4.430822384898431,2.1073895218621272,9.878388383728721,10.698996655518394,150.0,0.1,nan,nan,False
294.0,0.24016523928556652,0.057679342161093425,2.2556679607095753,4.523283121883893,6.518051087714829,6.778951082593469,2.2556679607095753,converged,15.5deg,4.430822384898431,2.0872287028163976,9.783884544451864,10.698996655518394,150.0,0.1,nan,nan,False
295.0,0.23669096321475894,0.05602261206753037,2.248021628639373,4.5020130928429785,6.497820188459067,6.7500347214823515,2.248021628639373,converged,15.5deg,4.430822384898431,2.0669978035606356,9.68905220419048,10.698996655518394,150.0,0.1,nan,nan,False
296.0,0.23325609071703118,0.05440840385659188,2.240426960975051,4.480896191286889,6.4775247426469384,6.72132315226194,2.240426960975051,converged,15.5deg,4.430822384898431,2.046702357748507,9.593917301946126,10.698996655518394,150.0,0.1,nan,nan,False
297.0,0.22986046802810142,0.052835834762097834,2.232883435853923,4.459930879094162,6.457170143969888,6.692814314948085,2.232883435853923,converged,15.5deg,4.430822384898431,2.0263477590714567,9.498505120647453,10.698996655518394,150.0,0.1,nan,nan,False
298.0,0.22650393306394545,0.05130403169343628,2.2253905384181714,4.439115638435454,6.436761647448504,6.664506176853625,2.2253905384181714,converged,15.5deg,4.430822384898431,2.005939262550073,9.402840293203466,10.698996655518394,150.0,0.1,nan,nan,False
299.0,0.22318631572198572,0.04981213152555389,2.2179477606977094,4.418448971438083,6.41630437083157,6.6363967321357915,2.2179477606977094,converged,15.5deg,4.430822384898431,1.9854819859331387,9.306946809061587,10.698996655518394,150.0,0.1,nan,nan,False
300.0,0.2199074381634611,0.048359281359616466,2.210554601495384,4.397929399857298,6.395803296105253,6.608484001352682,2.210554601495384,converged,15.5deg,4.430822384898431,1.9649809112068217,9.210848021281977,10.698996655518394,150.0,0.1,nan,nan,False
