channel,temperature_K,size_cv,window_s,blocked_fraction,weight_both_free,weight_half_frozen,weight_both_frozen,kBT_J,U_pair_J,U_pair_equilibrium_J,U_pair_both_frozen_J,U_pair_half_frozen_J,vdW_pair_J,repulsive_weight,U_lattice_per_NC_J,U_lattice_per_NC_equilibrium_J,U_pair_excess_J,U_pair_kBT,U_pair_equilibrium_kBT,U_pair_both_frozen_kBT,U_pair_half_frozen_kBT,vdW_pair_kBT,U_lattice_per_NC_kBT,U_lattice_per_NC_equilibrium_kBT,U_pair_excess_kBT
face,200.0,0.0,20.0,0.9996461984947883,1.2517550509005944e-07,0.0007073526594132053,0.9992925221650817,2.7612980000000003e-21,-4.902023604052227e-21,-3.115503813924983e-20,-4.883437028578612e-21,-3.1155038139249816e-20,-4.8834370285786125e-21,0.37473469659857894,-1.4706070812156682e-20,-9.346511441774948e-20,2.62530145351976e-20,-1.7752606216541014,-11.282751133434285,-1.768529520746624,-11.282751133434282,-1.7685295207466243,-5.325781864962304,-33.84825340030286,9.507490511780183
face,201.0,0.0,20.0,0.9995858009663848,1.7156083944774088e-07,0.0008280549455514449,0.9991717734936091,2.7751044900000003e-21,-4.905191488980549e-21,-3.1149754556540226e-20,-4.883437028578612e-21,-3.1149754556540214e-20,-4.8834370285786125e-21,0.37468941604909584,-1.4715574466941648e-20,-9.344926366962068e-20,2.624456306755968e-20,-1.76757001642866,-11.224714121139353,-1.7597308664145512,-11.22471412113935,-1.7597308664145515,-5.302710049285981,-33.674142363418056,9.457144104710693
face,202.0,0.0,20.0,0.9995158515298188,2.34399741178786e-07,0.0009678281408800211,0.9990319374593788,2.7889109800000003e-21,-4.908859280718076e-21,-3.11443975272158e-20,-4.883437028578612e-21,-3.114439752721581e-20,-4.8834370285786125e-21,0.37463697778777594,-1.4726577842154228e-20,-9.343319258164739e-20,2.623553824649772e-20,-1.7601348038430669,-11.167225397497555,-1.7510193274719048,-11.167225397497559,-1.7510193274719053,-5.280404411529201,-33.50167619249266,9.407090593654488
face,203.0,0.0,20.0,0.9994349617612599,3.192682112385153e-07,0.0011294379410577249,0.998870242790731,2.8027174700000003e-21,-4.913099402885953e-21,-3.113896703447531e-20,-4.883437028578612e-21,-3.113896703447533e-20,-4.8834370285786125e-21,0.37457634259901507,-1.473929820865786e-20,-9.341690110342593e-20,2.622586763158936e-20,-1.7529770501219848,-11.11027685372629,-1.742393616499137,-11.110276853726297,-1.7423936164991372,-5.258931150365955,-33.33083056117887,9.357299803604306
face,204.0,0.0,20.0,0.9993415597257129,4.335435948032391e-07,0.0013160134613845443,0.9986835529950207,2.8165239600000003e-21,-4.917993796744408e-21,-3.1133463072229955e-20,-4.883437028578612e-21,-3.113346307222995e-20,-4.8834370285786125e-21,0.37450633431175945,-1.4753981390233225e-20,-9.340038921668987e-20,2.6215469275485548e-20,-1.7461217680336747,-11.053860543842116,-1.7338524713202195,-11.053860543842115,-1.73385247132022,-5.238365304101025,-33.16158163152635,9.307738775808442
face,205.0,0.0,20.0,0.9992338682699536,5.869578277838285e-07,0.0015310895444371523,0.9984683234977351,2.8303304500000003e-21,-4.923635033839174e-21,-3.112788564492808e-20,-4.883437028578612e-21,-3.112788564492806e-20,-4.8834370285786125e-21,0.37442562372715843,-1.4770905101517524e-20,-9.338365693478425e-20,2.620425061108891e-20,-1.7395972381384561,-10.997968680628114,-1.72539465438695,-10.997968680628107,-1.7253946543869505,-5.218791714415369,-32.993906041884344,9.25837144248966
face,206.0,0.0,20.0,0.9991098810808999,7.923116901398754e-07,0.0017786532148198586,0.99822055447349,2.8441369400000004e-21,-4.930127539835922e-21,-3.112223476737947e-20,-4.883437028578612e-21,-3.112223476737947e-20,-4.8834370285786125e-21,0.3743327109307617,-1.4790382619507768e-20,-9.336670430213841e-20,2.6192107227543548e-20,-1.7334353597741752,-10.942593631718543,-1.7170189521811883,-10.942593631718543,-1.7170189521811885,-5.200306079322526,-32.827780895155634,9.20915827194437
face,207.0,0.0,20.0,0.9989673363219334,1.0663942719981368e-06,0.002063194567589299,0.9979357390381387,2.8579434300000004e-21,-4.937588937982188e-21,-3.111651046457906e-20,-4.883437028578612e-21,-3.111651046457905e-20,-4.8834370285786125e-21,0.3742259058652381,-1.4812766813946563e-20,-9.334953139373718e-20,2.617892152659687e-20,-1.7276720337260796,-10.887727915796798,-1.7087241746344193,-10.887727915796797,-1.7087241746344195,-5.1830161011782385,-32.6631837473904,9.160055882070719
face,208.0,0.0,20.0,0.9988036876498362,1.4311632391544811e-06,0.00238976237384933,0.9976088064629115,2.8717499200000004e-21,-4.946151520830595e-21,-3.1110712771529886e-20,-4.883437028578612e-21,-3.1110712771529886e-20,-4.8834370285786125e-21,0.3741033070364774,-1.4838454562491785e-20,-9.333213831458965e-20,2.6164561250699292e-20,-1.7223475785212503,-10.833364198902766,-1.7005091545640614,-10.833364198902766,-1.7005091545640616,-5.167042735563751,-32.50009259670829,9.111016620381516
face,209.0,0.0,20.0,0.9986160724056881,1.9152555862980338e-06,0.0027640246774512838,0.9972340600669625,2.88555641e-21,-4.955963858951095e-21,-3.110484173306643e-20,-4.883437028578612e-21,-3.1104841733066415e-20,-4.8834370285786125e-21,0.37396277822423674,-1.4867891576853288e-20,-9.331452519919928e-20,2.6148877874115333e-20,-1.7175071822460388,-10.779495290846326,-1.6923727471259562,-10.77949529084632,-1.6923727471259564,-5.152521546738117,-32.338485872538975,9.061988108600287
face,210.0,0.0,20.0,0.9984012767645617,2.555915983530319e-06,0.0031923346389095475,0.9968051094451069,2.8993629e-21,-4.9671925553231895e-21,-3.109889740367725e-20,-4.883437028578612e-21,-3.1098897403677254e-20,-4.8834370285786125e-21,0.3738019230686472,-1.4901577665969567e-20,-9.329669221103175e-20,2.6131704848354057e-20,-1.7132013916999453,-10.726114141723082,-1.684313829282499,-10.726114141723084,-1.6843138292824995,-5.139604175099835,-32.17834242516925,9.012912750023137
face,211.0,0.0,20.0,0.9981556976215247,3.4014512632497467e-06,0.0036818018544241536,0.9963147966943126,2.91316939e-21,-4.980024153894493e-21,-3.1092879847328224e-20,-4.883437028578612e-21,-3.1092879847328206e-20,-4.8834370285786125e-21,0.3736180574064427,-1.4940072461683478e-20,-9.327863954198467e-20,2.611285569343373e-20,-1.709486640560401,-10.67321383852939,-1.6763312992858996,-10.673213838529385,-1.6763312992858999,-5.128459921681203,-32.01964151558817,8.96372719796899
face,212.0,0.0,20.0,0.9978753009857226,4.514345901271205e-06,0.004240369336752187,0.9957551163173466,2.92697588e-21,-4.994667210375683e-21,-3.1086789137285275e-20,-4.883437028578612e-21,-3.108678913728531e-20,-4.8834370285786125e-21,0.37340817923634206,-1.498400163112705e-20,-9.326036741185582e-20,2.6092121926909593e-20,-1.7064258180274732,-10.620787601872987,-1.6684240761760605,-10.620787601873,-1.6684240761760607,-5.11927745408242,-31.86236280561896,8.914361783845514
face,213.0,0.0,20.0,0.9975555766507136,5.975205510536573e-06,0.00487689628755174,0.9951171285069377,2.94078237e-21,-5.0113545326606594e-21,-3.1080625355938186e-20,-4.883437028578612e-21,-3.10806253559382e-20,-4.8834370285786125e-21,0.3731689362023749,-1.5034063597981977e-20,-9.324187606781456e-20,2.6069270823277525e-20,-1.7040888791307123,-10.568828782776668,-1.6605910992926047,-10.568828782776672,-1.660591099292605,-5.112266637392136,-31.706486348330003,8.864739903645955
face,214.0,0.0,20.0,0.9971914889083688,7.887734551815254e-06,0.00560124671415869,0.9943908655512895,2.95458886e-21,-5.030345597252227e-21,-3.107438859462386e-20,-4.883437028578612e-21,-3.1074388594623864e-20,-4.8834370285786125e-21,0.37289659049800383,-1.509103679175668e-20,-9.322316578387158e-20,2.6044042997371632e-20,-1.7025534974948178,-10.517330859571391,-1.6528313278005833,-10.517330859571393,-1.6528313278005835,-5.107660492484453,-31.551992578714174,8.814777362076574
face,215.0,0.0,20.0,0.996777423076313,1.0385002029079922e-05,0.006424383843315826,0.9935652311546551,2.96839535e-21,-5.0519291466632905e-21,-3.106807895345077e-20,-4.883437028578612e-21,-3.106807895345076e-20,-4.8834370285786125e-21,0.3725869811137248,-1.515578743998987e-20,-9.320423686035232e-20,2.601614980678748e-20,-1.701905760856043,-10.46628743487648,-1.6451437402294178,-10.466287434876476,-1.645143740229418,-5.105717282568129,-31.39886230462944,8.764381674020436
face,216.0,0.0,20.0,0.9963071276159364,1.3637306444979372e-05,0.007358470155237186,0.9926278925383178,2.98220184e-21,-5.076425970864898e-21,-3.1061696541123714e-20,-4.883437028578612e-21,-3.10616965411237e-20,-4.8834370285786125e-21,0.37223548337769646,-1.5229277912594694e-20,-9.318508962337115e-20,2.5985270570258816e-20,-1.7022409089737862,-10.415692232663806,-1.637527334024652,-10.415692232663803,-1.6375273340246521,-5.106722726921358,-31.24707669799142,8.713451323690022
face,217.0,0.0,20.0,0.9957736516305509,1.786202053994531e-05,0.008416972697818367,0.9915651652816417,2.99600833e-21,-5.1041918733634246e-21,-3.1055241474769174e-20,-4.883437028578612e-21,-3.10552414747692e-20,-4.8834370285786125e-21,0.371836965774323,-1.5312575620090274e-20,-9.316572442430752e-20,2.595104960140575e-20,-1.7036641127641405,-10.365539095403374,-1.629981125112096,-10.365539095403381,-1.6299811251120961,-5.110992338292422,-31.09661728621012,8.661874982639233
face,218.0,0.0,20.0,0.9951692775525274,2.33358793645159e-05,0.009614773136216215,0.9903618909844193,3.00981482e-21,-5.135620819293167e-21,-3.104871387976177e-20,-4.883437028578612e-21,-3.1048713879761736e-20,-4.8834370285786125e-21,0.37138574407130814,-1.54068624578795e-20,-9.314614163928532e-20,2.5913093060468605e-20,-1.706291292463357,-10.315821981287796,-1.622504147473967,-10.315821981287783,-1.6225041474739672,-5.1188738773900715,-30.94746594386339,8.609530688824439
face,219.0,0.0,20.0,0.9944854488557383,3.041027432267794e-05,0.010968281739878028,0.9890013079857993,3.02362131e-21,-5.171148258871445e-21,-3.1042113889550934e-20,-4.883437028578612e-21,-3.10421138895509e-20,-4.8834370285786125e-21,0.3708755328434733,-1.5513444776614335e-20,-9.312634166865281e-20,2.587096563067949e-20,-1.710249971373381,-10.266534961532908,-1.615095452736643,-10.266534961532896,-1.6150954527366432,-5.130749914120143,-30.79960488459873,8.556284990159527
face,220.0,0.0,20.0,0.9937126926670424,3.9530233499062034e-05,0.012495554198917016,0.9874649155675839,3.0374278e-21,-5.211254614528521e-21,-3.103544164548923e-20,-4.883437028578612e-21,-3.103544164548922e-20,-4.8834370285786125e-21,0.37029939455382616,-1.5633763843585562e-20,-9.310632493646769e-20,2.582418703096071e-20,-1.7156801602094116,-10.217672217752543,-1.6077541097696582,-10.21767221775254,-1.6077541097696584,-5.147040480628235,-30.65301665325763,8.50199205754313
face,221.0,0.0,20.0,0.9928405371999179,5.1257907585758874e-05,0.014216409784992605,0.9857323323074216,3.05123429e-21,-5.256468913819589e-21,-3.10286972966613e-20,-4.883437028578612e-21,-3.1028697296661293e-20,-4.8834370285786125e-21,0.3696496864415268,-1.5769406741458766e-20,-9.30860918899839e-20,2.577222838284171e-20,-1.7227352652160934,-10.169228039404768,-1.6004792042955873,-10.169228039404766,-1.6004792042955875,-5.16820579564828,-30.507684118214303,8.446492774188673
face,222.0,0.0,20.0,0.9918574239969756,6.630154396502834e-05,0.016152548918118684,0.9837811495379163,3.06504078e-21,-5.307372542658007e-21,-3.1021880999713866e-20,-4.883437028578612e-21,-3.102188099971388e-20,-4.8834370285786125e-21,0.36891800557533366,-1.5922117627974022e-20,-9.30656429991416e-20,2.5714508457055858e-20,-1.7315830109960257,-10.121196821307501,-1.593269838510472,-10.121196821307505,-1.5932698385104724,-5.194749032988077,-30.363590463922502,8.389613810311475
face,223.0,0.0,20.0,0.9907506150486258,8.555112197870702e-05,0.018327667658790934,0.9815867812192304,3.0788472700000002e-21,-5.3646030842650894e-21,-3.10149929186871e-20,-4.883437028578612e-21,-3.101499291868711e-20,-4.8834370285786125e-21,0.36809513256295257,-1.6093809252795268e-20,-9.30449787560613e-20,2.5650389834422013e-20,-1.7424063663492764,-10.073573061221417,-1.586125130714461,-10.073573061221419,-1.5861251307144613,-5.227219099047828,-30.220719183664247,8.33116669487214
face,224.0,0.0,20.0,0.9895060949556731,0.00011012204307934958,0.020767566002495103,0.9791223119544256,3.0926537600000002e-21,-5.428858198280906e-21,-3.1008033224846973e-20,-4.883437028578612e-21,-3.1008033224846973e-20,-4.8834370285786125e-21,0.36717097456483805,-1.6286574594842716e-20,-9.302409967454092e-20,2.5579175026566066e-20,-1.7554044582995627,-10.026351357497896,-1.579044214952343,-10.026351357497896,-1.5790442149523432,-5.266213374898688,-30.079054072493687,8.270946899198332
face,225.0,0.0,20.0,0.9881084684274708,0.00014140852314045883,0.023500246098777485,0.9763583453780821,3.1064602500000002e-21,-5.50089948148033e-21,-3.100100209651909e-20,-4.883437028578612e-21,-3.1001002096519056e-20,-4.8834370285786125e-21,0.3661345084489831,-1.650269844444099e-20,-9.300300628955728e-20,2.550010261503876e-20,-1.7707934558249472,-9.979526406790201,-1.5720262406636658,-9.979526406790189,-1.572026240663666,-5.312380367474841,-29.938579220370602,8.208732950965253
face,226.0,0.0,20.0,0.9865408535583418,0.00018114862293800175,0.02655599563744048,0.9732628557396216,3.1202667400000002e-21,-5.5815562362355985e-21,-3.099389971892367e-20,-4.883437028578612e-21,-3.099389971892366e-20,-4.8834370285786125e-21,0.3649737251448151,-1.6744668708706795e-20,-9.2981699156771e-20,2.541234348268807e-20,-1.7888074005607604,-9.933093001825757,-1.565070372342145,-9.933093001825753,-1.5650703723421453,-5.366422201682281,-29.799279005477267,8.144285601264995
face,227.0,0.0,20.0,0.9847847715074995,0.00023150317807899766,0.029967450628842915,0.969801046193078,3.1340732300000002e-21,-5.671729055012173e-21,-3.098672628401225e-20,-4.883437028578612e-21,-3.098672628401224e-20,-4.8834370285786125e-21,0.36367557651317783,-1.701518716503652e-20,-9.296017885203675e-20,2.5314997229000077e-20,-1.8096989568467017,-9.887046029237883,-1.558175789204074,-9.88704602923788,-1.5581757892040742,-5.429096870540105,-29.66113808771365,8.077347072391182
face,228.0,0.0,20.0,0.9828200334263483,0.0002951512514717907,0.03376963064435987,0.9659352181041684,3.1478797200000003e-21,-5.772393108543653e-21,-3.09794819903054e-20,-4.883437028578612e-21,-3.097948199030541e-20,-4.8834370285786125e-21,0.3622259263490397,-1.731717932563096e-20,-9.29384459709162e-20,2.5207088881761748e-20,-1.8337400479023551,-9.841380467454899,-1.5513416848654595,-9.841380467454902,-1.55134168486546,-5.501220143707066,-29.524141402364698,8.007640419552544
face,229.0,0.0,20.0,0.9806246257368295,0.00037540512783792925,0.03799993827066511,0.961624656601497,3.1616862100000003e-21,-5.8846010017025915e-21,-3.0972167042732294e-20,-4.883437028578612e-21,-3.097216704273226e-20,-4.8834370285786125e-21,0.36060950747704285,-1.7653803005107774e-20,-9.291650112819688e-20,2.5087566041029703e-20,-1.8612223386022204,-9.796091384645123,-1.5445672670276192,-9.796091384645111,-1.5445672670276194,-5.583667015806661,-29.38827415393537,7.934869046042903
face,230.0,0.0,20.0,0.9781745951707598,0.0004763482959602225,0.04269811306656,0.9568255386374798,3.1754927000000003e-21,-6.009485034325448e-21,-3.096478165247145e-20,-4.883437028578612e-21,-3.096478165247147e-20,-4.8834370285786125e-21,0.3588098872895228,-1.8028455102976343e-20,-9.289434495741435e-20,2.4955296618146e-20,-1.8924575182696681,-9.751173936715851,-1.5378517571709773,-9.751173936715857,-1.5378517571709776,-5.677372554809004,-29.253521810147554,7.858716418446182
face,231.0,0.0,20.0,0.9754439353383829,0.0006030003116655193,0.04790612869990313,0.9514908709884313,3.1892991900000003e-21,-6.148258674311438e-21,-3.095732603679369e-20,-4.883437028578612e-21,-3.0957326036793656e-20,-4.8834370285786125e-21,0.3568094445130433,-1.8444776022934316e-20,-9.287197811038108e-20,2.4809067362482254e-20,-1.9277773291352567,-9.706623365365006,-1.5311943902568173,-9.706623365364996,-1.5311943902568175,-5.783331987405771,-29.11987009609502,7.77884603622975
face,232.0,0.0,20.0,0.9724044770102171,0.0007615128890796338,0.05366802020140643,0.945570466909514,3.2031056800000003e-21,-6.3022170172810586e-21,-3.09498004189058e-20,-4.883437028578612e-21,-3.094980041890577e-20,-4.8834370285786125e-21,0.35458936047179834,-1.8906651051843176e-20,-9.284940125671739e-20,2.464758340162474e-20,-1.9675332776660237,-9.66243499618339,-1.5245944144367447,-9.66243499618338,-1.524594414436745,-5.902599832998072,-28.987304988550168,7.694901718517366
face,233.0,0.0,20.0,0.9690257847750583,0.0009594020088010104,0.06002962643228139,0.9390109715589176,3.2169121700000003e-21,-6.472735971222493e-21,-3.0942205027796704e-20,-4.883437028578612e-21,-3.0942205027796716e-20,-4.8834370285786125e-21,0.3521296286406833,-1.941820791366748e-20,-9.282661508339011e-20,2.4469469056574212e-20,-2.0120959569817822,-9.618604236806597,-1.5180510907696343,-9.6186042368066,-1.5180510907696345,-6.036287870945348,-28.855812710419787,7.606508279824814
face,234.0,0.0,20.0,0.9652750632835293,0.001205821229962895,0.06703823097301562,0.9317559477970215,3.2307186600000003e-21,-6.661269866399177e-21,-3.093454009808494e-20,-4.883437028578612e-21,-3.093454009808493e-20,-4.8834370285786125e-21,0.3494090868400419,-1.998380959919753e-20,-9.280362029425481e-20,2.4273270231685764e-20,-2.0618538992185647,-9.575126575114695,-1.5115636929458325,-9.575126575114691,-1.5115636929458327,-6.185561697655694,-28.725379725344084,7.513272675896131
face,235.0,0.0,20.0,0.9611170769047015,0.0015118817084348978,0.07474208277372721,0.9237460355178378,3.2445251500000003e-21,-6.869347151198118e-21,-3.0926805869867713e-20,-4.883437028578612e-21,-3.092680586986772e-20,-4.8834370285786125e-21,0.34640547700584046,-2.0608041453594354e-20,-9.278041760960313e-20,2.4057458718669595e-20,-2.117211867258331,-9.53199757747839,-1.5051315070184033,-9.531997577478391,-1.5051315070184035,-6.351635601774994,-28.595992732435167,7.414785710220059
face,236.0,0.0,20.0,0.956514087315371,0.0018910246020151756,0.0831897761652276,0.9149191992327572,3.2583316400000004e-21,-7.0985637948509e-21,-3.0919002588572053e-20,-4.883437028578612e-21,-3.091900258857203e-20,-4.8834370285786125e-21,0.3430955380549476,-2.12956913845527e-20,-9.275700776571616e-20,2.3820438793721154e-20,-2.1785884861158267,-9.489212887050396,-1.4987538311412067,-9.489212887050389,-1.498753831141207,-6.5357654583474805,-28.467638661151188,7.310624400934569
face,237.0,0.0,20.0,0.9514258143076085,0.002359451515678928,0.09242946835342508,0.905211080130896,3.2721381300000004e-21,-7.350573979874462e-21,-3.091113050480739e-20,-4.883437028578612e-21,-3.091113050480738e-20,-4.8834370285786125e-21,0.3394551379291756,-2.2051721939623387e-20,-9.273339151442217e-20,2.356055652493293e-20,-2.2464131060000394,-9.446768222100511,-1.4924299753136068,-9.446768222100507,-1.492429975313607,-6.739239318000119,-28.34030466630153,7.200355116100471
face,238.0,0.0,20.0,0.9458094259370786,0.0029366183172689674,0.10250791149130482,0.8945554701914262,3.2859446200000004e-21,-7.627077633122602e-21,-3.090318987422034e-20,-4.883437028578612e-21,-3.0903189874220303e-20,-4.8834370285786125e-21,0.3354594514082574,-2.2881232899367806e-20,-9.270956962266102e-20,2.3276112241097737e-20,-2.3211217823636363,-9.404659374393333,-1.4861592611316168,-9.40465937439332,-1.486159261131617,-6.9633653470909085,-28.213978123179995,7.083537592029696
face,239.0,0.0,20.0,0.939619565034898,0.0036457969265749164,0.11346927607705425,0.8828849269963709,3.2997511100000004e-21,-7.929804317748471e-21,-3.089518095735076e-20,-4.883437028578612e-21,-3.089518095735076e-20,-4.8834370285786125e-21,0.33108319068417796,-2.3789412953245412e-20,-9.268554287205228e-20,2.2965376639602288e-20,-2.4031522540342354,-9.362882207607093,-1.479941021545292,-9.362882207607093,-1.4799410215452922,-7.209456762102706,-28.08864662282128,6.959729953572857
face,240.0,0.0,20.0,0.9328084200563688,0.004514708415321387,0.1253537430566197,0.870131548528059,3.3135576e-21,-8.260492993280341e-21,-3.0887104019490313e-20,-4.883437028578612e-21,-3.088710401949028e-20,-4.8834370285786125e-21,0.3263008959274856,-2.4781478979841023e-20,-9.266131205847094e-20,2.2626611026209972e-20,-2.492937799928494,-9.32143265579277,-1.4737746006221868,-9.32143265579276,-1.473774600622187,-7.478813399785482,-27.964297967378307,6.828494855864275
face,241.0,0.0,20.0,0.9253258492203361,0.005576228794663976,0.13819584396999982,0.8562279272353363,3.32736409e-21,-8.620867152531945e-21,-3.08789593305421e-20,-4.883437028578612e-21,-3.0878959330542086e-20,-4.8834370285786125e-21,0.32108729307596173,-2.5862601457595835e-20,-9.263687799162629e-20,2.2258092178010153e-20,-2.5908998592732737,-9.280306721871876,-1.4676593533167006,-9.280306721871872,-1.4676593533167008,-7.772699577819822,-27.84092016561563,6.689406862598602
face,242.0,0.0,20.0,0.9171195678736578,0.0068691660294492194,0.152022532193786,0.8411083017767648,3.34117058e-21,-9.012604868389904e-21,-3.087074716488294e-20,-4.883437028578612e-21,-3.087074716488295e-20,-4.8834370285786125e-21,0.31541772574735605,-2.7037814605169713e-20,-9.261224149464882e-20,2.1858142296493036e-20,-2.697439311341567,-9.239500476172317,-1.4615946452451438,-9.23950047617232,-1.461594645245144,-8.0923179340247,-27.718501428516955,6.542061164830751
face,243.0,0.0,20.0,0.9081354099554643,0.008439102904050614,0.16685097428097023,0.8247099228149791,3.35497707e-21,-9.437303337908187e-21,-3.086246780122704e-20,-4.883437028578612e-21,-3.086246780122704e-20,-4.8834370285786125e-21,0.309268667414887,-2.831191001372456e-20,-9.258740340368113e-20,2.1425164463318855e-20,-2.8129263303454373,-9.199010055000775,-1.4555798524663572,-9.199010055000775,-1.4555798524663575,-8.43877899103631,-27.597030165002327,6.386083724655339
face,244.0,0.0,20.0,0.8983176752812073,0.010339295160217997,0.18268605911714936,0.8069746457226327,3.36878356e-21,-9.896437603841897e-21,-3.085412152249161e-20,-4.883437028578612e-21,-3.08541215224916e-20,-4.8834370285786125e-21,0.3026183186663262,-2.968931281152569e-20,-9.256236456747483e-20,2.0957683918649713e-20,-2.937688761412115,-9.158831659250797,-1.4496143612677246,-9.158831659250794,-1.4496143612677248,-8.813066284236346,-27.47649497775239,6.221142897838682
face,245.0,0.0,20.0,0.8876095750466144,0.012631607621202596,0.19951763466436598,0.7878507577144315,3.38259005e-21,-1.0391313273791018e-20,-3.0845708615664473e-20,-4.883437028578612e-21,-3.084570861566445e-20,-4.8834370285786125e-21,0.2954472923625482,-3.117393982137305e-20,-9.253712584699342e-20,2.0454395341873455e-20,-3.0719990067348,-9.118961553045564,-1.443697567956428,-9.118961553045557,-1.4436975679564281,-9.2159970202044,-27.356884659136693,6.046962546310764
face,246.0,0.0,20.0,0.8759537883780721,0.015387462617752111,0.2173174980083515,0.7672950393738964,3.39639654e-21,-1.0923013253876611e-20,-3.083722937167365e-20,-4.883437028578612e-21,-3.0837229371673624e-20,-4.8834370285786125e-21,0.2877393866815604,-3.276903976162983e-20,-9.251168811502094e-20,1.9914216117797037e-20,-3.216059469274047,-9.079396062414327,-1.437828878655792,-9.07939606241432,-1.4378288786557922,-9.648178407822142,-27.238188187242983,5.86333659314028
face,247.0,0.0,20.0,0.8632931428197991,0.018688764800087854,0.23603618476022614,0.745275050439686,3.4102030300000005e-21,-1.1492338776421335e-20,-3.082868408525868e-20,-4.883437028578612e-21,-3.082868408525871e-20,-4.8834370285786125e-21,0.27948244224499674,-3.4477016329264003e-20,-9.248605225577605e-20,1.9336345308837345e-20,-3.3699866768405675,-9.040131574001526,-1.432007709106578,-9.040131574001535,-1.4320077091065782,-10.109960030521702,-27.120394722004583,5.670144897160959
face,248.0,0.0,20.0,0.8495714312188665,0.022628754305540223,0.2555996289511866,0.7217716167432732,3.42400952e-21,-1.209974533728464e-20,-3.082007305484414e-20,-4.883437028578612e-21,-3.082007305484412e-20,-4.8834370285786125e-21,0.27066927465917034,-3.6299236011853916e-20,-9.246021916453242e-20,1.87203277175595e-20,-3.5337943036106507,-9.001164533807762,-1.426233484473084,-9.001164533807755,-1.4262334844730842,-10.601382910831951,-27.003493601423287,5.467370230197111
face,249.0,0.0,20.0,0.8347343763938557,0.02731272634592775,0.27590579452043307,0.6967814791336392,3.4378160100000005e-21,-1.2745274573575537e-20,-3.081139658241446e-20,-4.883437028578612e-21,-3.081139658241442e-20,-4.8834370285786125e-21,0.26129866778187616,-3.8235823720726615e-20,-9.243418974724337e-20,1.806612200883892e-20,-3.7073754198891917,-8.962491445961488,-1.4205056391539148,-8.962491445961478,-1.420505639153915,-11.122126259667576,-26.887474337884463,5.255116026072296
face,250.0,0.0,20.0,0.8187307530779822,0.03285853987967548,0.29682141408468476,0.6703200460356398,3.4516225e-21,-1.3428483607416738e-20,-3.080265497339148e-20,-4.883437028578612e-21,-3.0802654973391477e-20,-4.8834370285786125e-21,0.25137640583059473,-4.028545082225021e-20,-9.240796492017445e-20,1.7374171365974745e-20,-3.890484433745793,-8.924108871520996,-1.4148236165972992,-8.924108871520994,-1.4148236165972994,-11.671453301237378,-26.772326614562992,5.033624437775204
face,251.0,0.0,20.0,0.8015136737213157,0.03939682171960834,0.318179009118152,0.6424241691622397,3.4654289900000005e-21,-1.414837395087669e-20,-3.0793848536513506e-20,-4.883437028578612e-21,-3.079384853651348e-20,-4.8834370285786125e-21,0.2409163141509025,-4.2445121852630074e-20,-9.238154560954052e-20,1.6645474585636815e-20,-4.08271933769351,-8.886013427305432,-1.4091868691208158,-8.886013427305425,-1.409186869120816,-12.24815801308053,-26.658040281916296,4.803294089611922
face,252.0,0.0,20.0,0.7830420406169414,0.04707075613966091,0.3397744064867954,0.6131548373735437,3.47923548e-21,-1.4903322696906504e-20,-3.0784977583716075e-20,-4.883437028578612e-21,-3.078497758371604e-20,-4.8834370285786125e-21,0.22994126926703778,-4.470996809071951e-20,-9.235493275114822e-20,1.588165488680957e-20,-4.28350503510803,-8.848201784754181,-1.4035948577354158,-8.848201784754172,-1.403594857735416,-12.85051510532409,-26.544605354262547,4.564696749646152
face,253.0,0.0,20.0,0.7632821612794433,0.056035335168531514,0.36136500710405045,0.5825996577274181,3.4930419700000006e-21,-1.5691019385467082e-20,-3.077604243001506e-20,-4.883437028578612e-21,-3.0776042430015046e-20,-4.8834370285786125e-21,0.21848412910722087,-4.7073058156401247e-20,-9.232812729004517e-20,1.5085023044547976e-20,-4.492078686780588,-8.810670668813938,-1.3980470519736157,-8.810670668813934,-1.398047051973616,-13.476236060341765,-26.432012006441813,4.3185919820333485
face,254.0,0.0,20.0,0.7422095168634275,0.06645593319578746,0.38266909988157005,0.5508749669226425,3.50684846e-21,-1.6508412593336508e-20,-3.076704339339153e-20,-4.883437028578612e-21,-3.0767043393391506e-20,-4.8834370285786125e-21,0.20658852460644322,-4.9525237780009524e-20,-9.230113018017459e-20,1.4258630800055022e-20,-4.707478176384191,-8.773416856852585,-1.3925429297217513,-8.773416856852577,-1.3925429297217513,-14.12243452915257,-26.320250570557754,4.065938680468395
face,255.0,0.0,20.0,0.719810664513988,0.07850606372009297,0.40336654353183804,0.518127392748069,3.5206549500000006e-21,-1.7351670894603286e-20,-3.075798079467836e-20,-4.883437028578612e-21,-3.0757980794678334e-20,-4.8834370285786125e-21,0.19430944504606518,-5.205501268380986e-20,-9.227394238403507e-20,1.3406309900075072e-20,-4.928534929162337,-8.736437177599115,-1.3870819770561755,-8.736437177599107,-1.3870819770561758,-14.785604787487012,-26.209311532797344,3.8079022484367773
face,256.0,0.0,20.0,0.696085243805224,0.09236417903293016,0.4231011543236918,0.4845346666433781,3.53446144e-21,-1.8216163303692093e-20,-3.074885495744893e-20,-4.883437028578612e-21,-3.074885495744893e-20,-4.8834370285786125e-21,0.1817135425513541,-5.464848991107627e-20,-9.224656487234678e-20,1.2532691653756835e-20,-5.153872411094147,-8.699728510109004,-1.3816636880833,-8.699728510109004,-1.3816636880833002,-15.46161723328244,-26.099185530327013,3.545856099014857
face,257.0,0.0,20.0,0.6710480448630793,0.10820938878840267,0.441485132697036,0.4503054785145613,3.54826793e-21,-1.9096464554727782e-20,-3.0739666207907753e-20,-4.883437028578612e-21,-3.0739666207907753e-20,-4.8834370285786125e-21,0.1688790774346615,-5.728939366418335e-20,-9.221899862372326e-20,1.1643201653179971e-20,-5.381911662665165,-8.663287782754262,-1.3762875647833652,-8.663287782754262,-1.3762875647833654,-16.145734987995496,-25.989863348262787,3.2813761200890967
face,258.0,0.0,20.0,0.6447310815457411,0.12621600441965886,0.4581058280692001,0.41567816751114106,3.56207442e-21,-1.9986390487971566e-20,-3.073041487478277e-20,-4.883437028578612e-21,-3.073041487478278e-20,-4.8834370285786125e-21,0.15589542703597237,-5.99591714639147e-20,-9.21912446243483e-20,1.07440243868112e-20,-5.610885156063518,-8.627111972237449,-1.3709531168578482,-8.627111972237453,-1.3709531168578484,-16.832655468190552,-25.881335916712345,3.0162268161739303
face,259.0,0.0,20.0,0.617185597521152,0.14654686674523743,0.4725350714672212,0.3809180617875414,3.57588091e-21,-2.0879068297939084e-20,-3.0721101289219723e-20,-4.883437028578612e-21,-3.0721101289219723e-20,-4.8834370285786125e-21,0.1428620879582735,-6.263720489381725e-20,-9.216330386765917e-20,9.842032991280639e-21,-5.8388600804770885,-8.591198102629129,-1.3656598615804048,-8.591198102629129,-1.365659861580405,-17.516580241431264,-25.77359430788739,2.7523380221520406
face,260.0,0.0,20.0,0.5884839168331683,0.1693454867049708,0.4843411929237219,0.3463133203713073,3.5896874e-21,-2.1767045346044513e-20,-3.071172578467832e-20,-4.883437028578612e-21,-3.07117257846783e-20,-4.8834370285786125e-21,0.12988711663479144,-6.530113603813354e-20,-9.213517735403496e-20,8.944680438633809e-21,-6.063771833180937,-8.555543244428002,-1.3604073236512493,-8.555543244427996,-1.3604073236512495,-18.19131549954281,-25.666629733284005,2.4917714112470652
face,261.0,0.0,20.0,0.5587210344731254,0.1947271254164686,0.493103680220812,0.31216919436271934,3.60349389e-21,-2.2642438572181555e-20,-3.0702288696830234e-20,-4.883437028578612e-21,-3.070228869683019e-20,-4.8834370285786125e-21,0.11708497720452274,-6.792731571654466e-20,-9.21068660904907e-20,8.059850124648679e-21,-6.283468007262683,-8.520144513643183,-1.3551950350548845,-8.520144513643173,-1.3551950350548847,-18.850404021788048,-25.560433540929548,2.2366765063805003
face,262.0,0.0,20.0,0.5280158277897424,0.22276905881700207,0.498430226786511,0.27880071439648696,3.61730038e-21,-2.349712421558298e-20,-3.0692790363458986e-20,-4.883437028578612e-21,-3.0692790363458974e-20,-4.8834370285786125e-21,0.10457379931221866,-7.049137264674895e-20,-9.207837109037696e-20,7.195666147876005e-21,-6.495762515465464,-8.484999070898,-1.350022534921087,-8.484999070897997,-1.3500225349210873,-19.487287546396395,-25.454997212694,1.9892365554325362
face,263.0,0.0,20.0,0.4965117578440525,0.25350040998928597,0.4999756643333229,0.246523925677391,3.63110687e-21,-2.432296460220093e-20,-3.0683231124361774e-20,-4.883437028578612e-21,-3.068323112436178e-20,-4.8834370285786125e-21,0.09247209134020315,-7.296889380660279e-20,-9.204969337308532e-20,6.360266522160844e-21,-6.698498687316501,-8.450104120554782,-1.3448893693890678,-8.450104120554784,-1.344889369389068,-20.095496061949504,-25.350312361664344,1.7516054332382798
face,264.0,0.0,20.0,0.4643769229482653,0.2868920806703686,0.4974619927627324,0.21564592656689915,3.64491336e-21,-2.5112065289587306e-20,-3.067361132125286e-20,-4.883437028578612e-21,-3.067361132125286e-20,-4.8834370285786125e-21,0.08089500507507488,-7.533619586876192e-20,-9.202083396375859e-20,5.5615460316655565e-21,-6.88961926096024,-8.415456909859953,-1.3397950914747152,-8.415456909859953,-1.3397950914747154,-20.66885778288072,-25.24637072957986,1.5258376488997138
face,265.0,0.0,20.0,0.43180332679269484,0.3228474594438491,0.49069842752691206,0.1864541130292388,3.65871985e-21,-2.5857052105270333e-20,-3.0663931297668934e-20,-4.883437028578612e-21,-3.0663931297668946e-20,-4.8834370285786125e-21,0.06995030268062682,-7.7571156315811e-20,-9.19917938930068e-20,4.8068791923986014e-21,-7.067240227553999,-8.38105472810905,-1.3347392609408484,-8.381054728109053,-1.3347392609408486,-21.201720682661996,-25.14316418432715,1.313814500555051
face,266.0,0.0,20.0,0.399005233085685,0.3611947098583918,0.47960011411184633,0.1592051760297618,3.67252634e-21,-2.655135391293335e-20,-3.065419139887637e-20,-4.883437028578612e-21,-3.0654191398876355e-20,-4.8834370285786125e-21,0.05973423113420259,-7.965406173880005e-20,-9.19625741966291e-20,4.1028374859430174e-21,-7.229724569635993,-8.346894905831054,-1.329721444170394,-8.34689490583105,-1.3297214441703942,-21.689173708907976,-25.04068471749316,1.1171703361950611
face,267.0,0.0,20.0,0.36621649977913107,0.40168152515221617,0.46420395013730553,0.1341145247104783,3.68633283e-21,-2.7189473743484416e-20,-3.0644391971779916e-20,-4.883437028578612e-21,-3.0644391971779904e-20,-4.8834370285786125e-21,0.05032755642311379,-8.156842123045325e-20,-9.193317591533975e-20,3.4549182282955e-21,-7.375751186168509,-8.312974813991474,-1.324741214042415,-8.312974813991472,-1.3247412140424153,-22.127253558505526,-24.938924441974425,0.9372236278229658
face,268.0,0.0,20.0,0.33368682065948085,0.4439732529628708,0.44467985275529665,0.11134689428183255,3.7001393200000004e-21,-2.776722876343933e-20,-3.0634533364833596e-20,-4.883437028578612e-21,-3.0634533364833614e-20,-4.8834370285786125e-21,0.041792042079361935,-8.330168629031799e-20,-9.190360009450078e-20,2.8673046013942665e-21,-7.5043738524524874,-8.27929186321384,-1.3197981498109135,-8.279291863213846,-1.3197981498109137,-22.51312155735746,-24.83787558964152,0.7749180107613532
face,269.0,0.0,20.0,0.3016768515789011,0.4876552196207561,0.4213358576006856,0.09100892277855833,3.71394581e-21,-2.828193896527092e-20,-3.0624615927953155e-20,-4.883437028578612e-21,-3.0624615927953155e-20,-4.8834370285786125e-21,0.03416766607311228,-8.484581689581276e-20,-9.187384778385947e-20,2.342676962682234e-21,-7.615065058063117,-8.245843503019005,-1.3148918369863376,-8.245843503019005,-1.3148918369863378,-22.845195174189353,-24.737530509057013,0.6307784449558875
face,270.0,0.0,20.0,0.27045226297173314,0.5322399006030651,0.3946156728504033,0.0731444265465315,3.7277523000000004e-21,-2.873254592582376e-20,-3.061464001242997e-20,-4.883437028578612e-21,-3.061464001242998e-20,-4.8834370285786125e-21,0.027470849720634804,-8.619763777747128e-20,-9.184392003728992e-20,1.8820940866062112e-21,-7.707740110796459,-8.212627221081714,-1.3100218672197215,-8.212627221081716,-1.3100218672197217,-23.12322033238938,-24.637881663245146,0.5048871102852545
face,271.0,0.0,20.0,0.24027683803849664,0.5771792828207847,0.3650877582814374,0.05773295889777795,3.74155879e-21,-2.911964678150042e-20,-3.060460597084721e-20,-4.883437028578612e-21,-3.060460597084722e-20,-4.8834370285786125e-21,0.021693917720362308,-8.735894034450126e-20,-9.181381791254162e-20,1.4849591893467877e-21,-7.78275804708134,-8.179640542504266,-1.3051878381893904,-8.17964054250427,-1.3051878381893907,-23.34827414124402,-24.5389216275128,0.3968824954229271
face,272.0,0.0,20.0,0.21140482355504264,0.6218823523122534,0.3334256482654079,0.044691999422338716,3.7553652800000004e-21,-2.94454347128263e-20,-3.059451415699729e-20,-4.883437028578612e-21,-3.0594514156997297e-20,-4.8834370285786125e-21,0.01680591957432228,-8.833630413847891e-20,-9.178354247099187e-20,1.1490794441709884e-21,-7.840897627094827,-8.146881029106519,-1.3003893534901647,-8.14688102910652,-1.300389353490165,-23.52269288128448,-24.440643087319554,0.30598340201169144
face,273.0,0.0,20.0,0.18407283184034887,0.6657371437410277,0.30038004883724706,0.03388280742172535,3.76917177e-21,-2.971354533529987e-20,-3.05843649258011e-20,-4.883437028578612e-21,-3.05843649258011e-20,-4.8834370285786125e-21,0.012754824898933837,-8.91406360058996e-20,-9.17530947774033e-20,8.708195905012307e-22,-7.883308893428295,-8.114346278731972,-1.2956260225249994,-8.114346278731972,-1.2956260225249996,-23.649926680284885,-24.343038836195916,0.23103738530367657
face,274.0,0.0,20.0,0.1584916797918323,0.7081362529795721,0.2667441344571912,0.0251196125632367,3.7829782600000005e-21,-2.9928817660050276e-20,-3.0574158633229076e-20,-4.883437028578612e-21,-3.057415863322905e-20,-4.8834370285786125e-21,0.009470970004696908,-8.978645298015082e-20,-9.172247589968723e-20,6.453409731788004e-22,-7.911443207725511,-8.082033924569545,-1.2908974603989956,-8.08203392456954,-1.2908974603989958,-23.73432962317653,-24.246101773708638,0.17059071684403504
face,275.0,0.0,20.0,0.1348386238168515,0.7485042068391193,0.2333143386880582,0.018181454472822392,3.79678475e-21,-3.009698754720753e-20,-3.0563895636223636e-20,-4.883437028578612e-21,-3.056389563622361e-20,-4.8834370285786125e-21,0.006871497624898254,-9.02909626416226e-20,-9.169168690867091e-20,4.669080890161032e-22,-7.926967033674356,-8.049941634490509,-1.2862032878157266,-8.049941634490501,-1.2862032878157268,-23.78090110102307,-24.149824903471526,0.12297460081615194
face,276.0,0.0,20.0,0.11325049640875963,0.7863246821193113,0.20084964294385832,0.012825674936830478,3.8105912400000005e-21,-3.022433943083967e-20,-3.0553576292623477e-20,-4.883437028578612e-21,-3.0553576292623464e-20,-4.8834370285786125e-21,0.004865416178429099,-9.0673018292519e-20,-9.166072887787043e-20,3.2923686178380915e-22,-7.9316666436360315,-8.018067110400294,-1.2815431309758145,-8.01806711040029,-1.2815431309758145,-23.794999930908094,-24.054201331200883,0.08640046676426232
face,277.0,0.0,20.0,0.09381825948546457,0.8211653468419527,0.17003278734516522,0.008801865812881964,3.82439773e-21,-3.031734716216522e-20,-3.054320096108942e-20,-4.883437028578612e-21,-3.054320096108939e-20,-4.8834370285786125e-21,0.003358829761527431,-9.095204148649566e-20,-9.162960288326827e-20,2.258537989242002e-22,-7.927352044047265,-7.986408087604795,-1.276916621477707,-7.986408087604787,-1.276916621477707,-23.782056132141793,-23.959224262814388,0.059056043557530344
face,278.0,0.0,20.0,0.07658345163113965,0.8526981218014598,0.1414368531348011,0.005865025063739106,3.8382042200000005e-21,-3.038233602028005e-20,-3.0532770001031674e-20,-4.883437028578612e-21,-3.053277000103166e-20,-4.8834370285786125e-21,0.00225987107619349,-9.114700806084014e-20,-9.159831000309502e-20,1.5043398075162717e-22,-7.915768489327554,-7.954962334190667,-1.2723233962205927,-7.954962334190665,-1.2723233962205929,-23.747305467982663,-23.864887002572,0.03919384486311339
face,279.0,0.0,20.0,0.06153691509978639,0.8807129617204255,0.11550024635957615,0.0037867919199983183,3.85201071e-21,-3.0425194794850945e-20,-3.0522283772539045e-20,-4.883437028578612e-21,-3.052228377253906e-20,-4.8834370285786125e-21,0.001482913988290359,-9.127558438455283e-20,-9.156685131761714e-20,9.708897768810032e-23,-7.898522897629987,-7.923727650419498,-1.2677630973094078,-7.923727650419502,-1.267763097309408,-23.69556869288996,-23.771182951258496,0.025204752789511408
face,280.0,0.0,20.0,0.04862004383708075,0.9051238209885581,0.09251227034872218,0.0023639086627196535,3.8658172000000005e-21,-3.0451159662672414e-20,-3.051174263630936e-20,-4.883437028578612e-21,-3.0511742636309354e-20,-4.8834370285786125e-21,0.0009517460936951173,-9.135347898801724e-20,-9.153522790892808e-20,6.05829736369459e-23,-7.877030414855728,-7.892701868135243,-1.2632353719618743,-7.892701868135242,-1.2632353719618743,-23.631091244567184,-23.67810560440573,0.015671453279515104
face,281.0,0.0,20.0,0.03772860347225022,0.9259662405754657,0.07261031190456785,0.0014234475199662912,3.87962369e-21,-3.046468148792146e-20,-3.050114695358143e-20,-4.883437028578612e-21,-3.0501146953581457e-20,-4.8834370285786125e-21,0.0006015282894091794,-9.139404446376438e-20,-9.15034408607443e-20,3.646546565997181e-23,-7.85248362268905,-7.861882850184738,-1.258739872417526,-7.861882850184744,-1.2587398724175263,-23.557450868067146,-23.585648550554215,0.009399227495688327
face,282.0,0.0,20.0,0.02871895423322556,0.943386869865799,0.05578835180195091,0.0008247783322501042,3.8934301800000006e-21,-3.046937693778088e-20,-3.0490497086068926e-20,-4.883437028578612e-21,-3.049049708606895e-20,-4.8834370285786125e-21,0.0003795322647965057,-9.140813081334264e-20,-9.147149125820678e-20,2.1120148288046296e-23,-7.825843929165021,-7.831268489851004,-1.2542762558486693,-7.83126848985101,-1.2542762558486695,-23.477531787495064,-23.49380546955301,0.0054245606859826346
face,283.0,0.0,20.0,0.021416281781183568,0.9576260935629639,0.041915249311705025,0.0004586571253310552,3.90723667e-21,-3.046805344466489e-20,-3.047979339589528e-20,-4.883437028578612e-21,-3.047979339589525e-20,-4.8834370285786125e-21,0.0002447984861715124,-9.140416033399467e-20,-9.143938018768585e-20,1.1739951230390032e-23,-7.797852041725665,-7.800856710298862,-1.2498441842732326,-7.800856710298854,-1.2498441842732326,-23.393556125176996,-23.40257013089659,0.0030046685731965226
face,284.0,0.0,20.0,0.015624238097917489,0.9689956406203055,0.030760242563554144,0.0002441168161404163,3.9210431600000006e-21,-3.0462790370510233e-20,-3.0469036245530115e-20,-4.883437028578612e-21,-3.0469036245530127e-20,-4.8834370285786125e-21,0.00016697013120011556,-9.13883711115307e-20,-9.140710873659034e-20,6.245875019881381e-24,-7.769052552461633,-7.770645464032615,-1.2454433244694534,-7.770645464032618,-1.2454433244694536,-23.307157657384902,-23.311936392097845,0.0015929115709813764
face,285.0,0.0,20.0,0.011135245028137036,0.9778535036255627,0.02202250269260077,0.0001239936818366506,3.93484965e-21,-3.045505488548128e-20,-3.045822599772777e-20,-4.883437028578612e-21,-3.045822599772773e-20,-4.8834370285786125e-21,0.0001246155603853899,-9.136516465644384e-20,-9.13746779931833e-20,3.1711122464878147e-24,-7.739826828067314,-7.740632732365713,-1.2410733478923677,-7.740632732365702,-1.241073347892368,-23.21948048420194,-23.221898197097136,0.0008059042983987494
face,286.0,0.0,20.0,0.007740642915657383,0.984578631721433,0.015361450725819334,5.9917552747716836e-05,3.9486561400000006e-21,-3.0445831287582383e-20,-3.0447363015466136e-20,-4.883437028578612e-21,-3.044736301546611e-20,-4.8834370285786125e-21,0.00010334977366629577,-9.133749386274715e-20,-9.134208904639841e-20,1.5317278837523449e-24,-7.710428613716255,-7.710816524901591,-1.2367339305920446,-7.710816524901585,-1.2367339305920448,-23.131285841148767,-23.132449574704772,0.00038791118533616976
face,287.0,0.0,20.0,0.005239892149737374,0.9895476721702661,0.010424871359992989,2.745646974087936e-05,3.96246263e-21,-3.0435746066424805e-20,-3.043644766188806e-20,-4.883437028578612e-21,-3.0436447661888034e-20,-4.8834370285786125e-21,9.401383843890695e-05,-9.130723819927441e-20,-9.130934298566417e-20,7.015954632533199e-25,-7.68101781856421,-7.68119487902604,-1.232424753133536,-7.681194879026035,-1.2324247531335362,-23.04305345569263,-23.043584637078123,0.0001770604618303542
face,288.0,0.0,20.0,0.003448158048082134,0.9931155736977602,0.00687253650831516,1.1889793924553592e-05,3.976269120000001e-21,-3.042517661061241e-20,-3.042548030024332e-20,-4.883437028578612e-21,-3.0425480300243304e-20,-4.8834370285786125e-21,9.108999726816506e-05,-9.127552983183723e-20,-9.127644090072997e-20,3.036896309136411e-25,-7.651689483887953,-7.65176585941027,-1.2281455005184887,-7.651765859410266,-1.228145500518489,-22.95506845166386,-22.95529757823081,7.63755223171718e-05
face,289.0,0.0,20.0,0.002201814394000617,0.9956012191986244,0.004393932814749978,4.8479866256283046e-06,3.99007561e-21,-3.041433751976826e-20,-3.041446129383243e-20,-4.883437028578612e-21,-3.0414461293832445e-20,-4.8834370285786125e-21,9.144175965937594e-05,-9.124301255930479e-20,-9.12433838814973e-20,1.2377406417087068e-25,-7.622496537043883,-7.622527557524763,-1.2238958621083904,-7.622527557524767,-1.2238958621083904,-22.86748961113165,-22.86758267257429,3.102048088027853e-05
face,290.0,0.0,20.0,0.0013616578465485399,0.997278538418994,0.0027196074689149453,1.854112091067207e-06,4.0038821e-21,-3.040334368909642e-20,-3.0403391005951655e-20,-4.883437028578612e-21,-3.0403391005951655e-20,-4.8834370285786125e-21,9.33921071402229e-05,-9.121003106728927e-20,-9.121017301785497e-20,4.7316855232845325e-26,-7.593466273419096,-7.593478091163488,-1.219675531549396,-7.593478091163488,-1.2196755315493961,-22.78039882025729,-22.780434273490464,1.1817744391835445e-05
face,291.0,0.0,20.0,0.0008138938377005622,0.9983728747477779,0.0016264628290430306,6.624231790469491e-07,4.01768859e-21,-3.039225290219717e-20,-3.0392269799839274e-20,-4.883437028578612e-21,-3.039226979983927e-20,-4.8834370285786125e-21,9.610056718368227e-05,-9.117675870659152e-20,-9.117680939951782e-20,1.68976421014491e-26,-7.564611398166419,-7.564615603978225,-1.2154842066987106,-7.564615603978223,-1.2154842066987108,-22.693834194499257,-22.693846811934673,4.205811805202428e-06
face,292.0,0.0,20.0,0.0004691917001533972,0.9990618367405448,0.0009379431186038087,2.201408514928354e-07,4.03149508e-21,-3.038109242554649e-20,-3.038109803862329e-20,-4.883437028578612e-21,-3.03810980386233e-20,-4.8834370285786125e-21,9.9173950688009e-05,-9.114327727663947e-20,-9.114329411586986e-20,5.613076799209459e-27,-7.535936872716334,-7.535938265022834,-1.2113215895524823,-7.535938265022836,-1.2113215895524825,-22.607810618149006,-22.6078147950685,1.392306498662392e-06
face,293.0,0.0,20.0,0.00026027672925948086,0.9994795142854569,0.0005204179705673737,6.77439757940131e-08,4.04530157e-21,-3.0369874358717854e-20,-3.036987608527057e-20,-4.883437028578612e-21,-3.036987608527056e-20,-4.8834370285786125e-21,0.0001024415038934817,-9.110962307615356e-20,-9.110962825581171e-20,1.7265527172746624e-27,-7.507443841502736,-7.507444268307188,-1.2071873861751699,-7.507444268307185,-1.20718738617517,-22.52233152450821,-22.522332804921565,4.2680445138597225e-07
face,294.0,0.0,20.0,0.00013860839507398503,0.9997228024221393,0.0002771783655736001,1.9212287184985917e-08,4.05910806e-21,-3.0358603813100564e-20,-3.035860430253679e-20,-4.883437028578612e-21,-3.0358604302536804e-20,-4.8834370285786125e-21,0.00010583502389168025,-9.107581143930169e-20,-9.107581290761038e-20,4.894362276923258e-28,-7.479131711783146,-7.47913183236043,-1.2030813066303565,-7.479131832360434,-1.2030813066303567,-22.437395135349437,-22.43739549708129,1.2057728458018086e-07
face,295.0,0.0,20.0,7.06845156437224e-05,0.9998586359650132,0.00014135903868594122,4.996300751787636e-09,4.07291455e-21,-3.03472829256933e-20,-3.0347283052918325e-20,-4.883437028578612e-21,-3.0347283052918325e-20,-4.8834370285786125e-21,0.00010932998490669035,-9.10418487770799e-20,-9.104184915875498e-20,1.2722502425186964e-28,-7.45099916856672,-7.450999199803571,-1.1990030649129655,-7.450999199803571,-1.1990030649129655,-22.35299750570016,-22.352997599410713,3.123685083250019e-08
face,296.0,0.0,20.0,3.442652415358477e-05,0.9999311481368786,6.885067793603895e-05,1.1851855652973556e-09,4.08672104e-21,-3.0335912668438805e-20,-3.0335912698604706e-20,-4.883437028578612e-21,-3.033591269860467e-20,-4.8834370285786125e-21,0.00011291898210302948,-9.100773800531642e-20,-9.100773809581412e-20,3.016590090424804e-29,-7.423044629549465,-7.423044636930909,-1.1949523788828542,-7.4230446369309,-1.1949523788828544,-22.269133888648394,-22.269133910792725,7.381443609434139e-09
face,297.0,0.0,20.0,1.59694307136613e-05,0.9999680613935953,3.193835138188796e-05,2.5502271731842886e-10,4.1005275300000004e-21,-3.032449359494455e-20,-3.03244936014326e-20,-4.883437028578612e-21,-3.032449360143263e-20,-4.8834370285786125e-21,0.00011660076459681945,-9.097348078483365e-20,-9.097348080429779e-20,6.488048722527415e-30,-7.395266431718006,-7.395266433300253,-1.1909289701997468,-7.395266433300261,-1.190928970199747,-22.185799295154016,-22.185799299900758,1.582247326730523e-09
face,298.0,0.0,20.0,7.0346629728331345e-06,0.9999859307235409,1.4069226972699987e-05,4.9486483141349516e-11,4.11433402e-21,-3.0313026121582984e-20,-3.0313026122841405e-20,-4.883437028578612e-21,-3.03130261228414e-20,-4.8834370285786125e-21,0.00012037610402906122,-9.093907836474895e-20,-9.093907836852421e-20,1.2584206812558485e-30,-7.367662901025956,-7.367662901331819,-1.1869325642594792,-7.367662901331817,-1.1869325642594795,-22.10298870307787,-22.102988703995454,3.0586254668157653e-10
face,299.0,0.0,20.0,2.933724137274181e-06,0.9999941325603322,5.867431061073735e-06,8.606737313625137e-12,4.1281405100000004e-21,-3.0301510623610216e-20,-3.0301510623828984e-20,-4.883437028578612e-21,-3.0301510623828996e-20,-4.8834370285786125e-21,0.00012424638049949688,-9.090453187083065e-20,-9.090453187148695e-20,2.1876758608916136e-31,-7.340232375862181,-7.340232375915175,-1.182962890131521,-7.3402323759151775,-1.1829628901315212,-22.020697127586544,-22.020697127745525,5.299421993006758e-11
face,300.0,0.0,20.0,1.1545515895518858e-06,0.9999976908981539,2.3091005131250256e-06,1.3329893729367862e-12,4.141947e-21,-3.028994746487583e-20,-3.028994746490969e-20,-4.883437028578612e-21,-3.0289947464909687e-20,-4.8834370285786125e-21,0.00012821314467191617,-9.08698423946275e-20,-9.086984239472908e-20,3.386025583475809e-32,-7.312973214016459,-7.312973214024634,-1.1790196804977493,-7.312973214024633,-1.1790196804977495,-21.938919642049378,-21.938919642073902,8.174961155890717e-12
face,200.0,0.05,20.0,0.9502187143746056,0.0024781763985171003,0.09460621845375462,0.9029156051477283,2.7612980000000003e-21,-7.433999524208396e-21,-3.115503813924983e-20,-4.883437028578612e-21,-3.1155038139249816e-20,-4.8834370285786125e-21,0.33859345988247447,-2.2301998572625187e-20,-9.346511441774948e-20,2.3721038615041433e-20,-2.69221196850481,-11.282751133434285,-1.768529520746624,-11.282751133434282,-1.7685295207466243,-8.07663590551443,-33.84825340030286,8.590539164929476
face,201.0,0.05,20.0,0.9469656831593751,0.002812638762751787,0.10044335615574618,0.8967440050815021,2.7751044900000003e-21,-7.595591777773467e-21,-3.1149754556540226e-20,-4.883437028578612e-21,-3.1149754556540214e-20,-4.8834370285786125e-21,0.3362791252044392,-2.2786775333320402e-20,-9.344926366962068e-20,2.355416277876676e-20,-2.7370471292680825,-11.224714121139353,-1.7597308664145512,-11.22471412113935,-1.7597308664145515,-8.211141387804247,-33.674142363418056,8.48766699187127
face,202.0,0.05,20.0,0.9435618351061241,0.003185266456588323,0.1065057968745751,0.8903089366688366,2.7889109800000003e-21,-7.764029709771806e-21,-3.11443975272158e-20,-4.883437028578612e-21,-3.114439752721581e-20,-4.8834370285786125e-21,0.3338659918127399,-2.329208912931542e-20,-9.343319258164739e-20,2.338036781744399e-20,-2.7838929838383746,-11.167225397497555,-1.7510193274719048,-11.167225397497559,-1.7510193274719053,-8.351678951515124,-33.50167619249266,8.38333241365918
face,203.0,0.05,20.0,0.9400042563840265,0.003599489252033623,0.11279250872787973,0.8836080020200866,2.8027174700000003e-21,-7.939370623986498e-21,-3.113896703447531e-20,-4.883437028578612e-21,-3.113896703447533e-20,-4.8834370285786125e-21,0.3313531607012111,-2.3818111871959496e-20,-9.341690110342593e-20,2.3199596410488815e-20,-2.832740263322545,-11.11027685372629,-1.742393616499137,-11.110276853726297,-1.7423936164991372,-8.498220789967636,-33.33083056117887,8.277536590403745
face,204.0,0.05,20.0,0.9362902090836425,0.004058937458605993,0.11930170691550308,0.8766393556258909,2.8165239600000003e-21,-8.121657156160587e-21,-3.1133463072229955e-20,-4.883437028578612e-21,-3.113346307222995e-20,-4.8834370285786125e-21,0.3287399400231104,-2.436497146848176e-20,-9.340038921668987e-20,2.3011805916069368e-20,-2.883574672718419,-11.053860543842116,-1.7338524713202195,-11.053860543842115,-1.73385247132022,-8.650724018155257,-33.16158163152635,8.170285871123697
face,205.0,0.05,20.0,0.9324171426291363,0.004567442610410502,0.12603082952090633,0.8694017278686832,2.8303304500000003e-21,-8.310916670912979e-21,-3.112788564492808e-20,-4.883437028578612e-21,-3.112788564492806e-20,-4.8834370285786125e-21,0.32602585390883065,-2.4932750012738936e-20,-9.338365693478425e-20,2.2816968974015103e-20,-2.936376800423773,-10.997968680628114,-1.72539465438695,-10.997968680628107,-1.7253946543869505,-8.80913040127132,-32.993906041884344,8.061591880204341
face,206.0,0.05,20.0,0.9283827047240301,0.005129036982645466,0.13297651658664894,0.8618944464307056,2.8441369400000004e-21,-8.507160715288458e-21,-3.112223476737947e-20,-4.883437028578612e-21,-3.112223476737947e-20,-4.8834370285786125e-21,0.3232106504947982,-2.5521482145865373e-20,-9.336670430213841e-20,2.2615074052091012e-20,-2.9911220502935616,-10.942593631718543,-1.7170189521811883,-10.942593631718543,-1.7170189521811885,-8.973366150880684,-32.827780895155634,7.951471581424982
face,207.0,0.05,20.0,0.9241847517778415,0.005747951862987501,0.14013459271834192,0.8541174554186706,2.8579434300000004e-21,-8.710384533611236e-21,-3.111651046457906e-20,-4.883437028578612e-21,-3.111651046457905e-20,-4.8834370285786125e-21,0.32029430909610823,-2.6131153600833707e-20,-9.334953139373718e-20,2.2406125930967823e-20,-3.0477805971167298,-10.887727915796798,-1.7087241746344193,-10.887727915796797,-1.7087241746344195,-9.143341791350188,-32.6631837473904,7.839947318680069
face,208.0,0.05,20.0,0.9198213587635905,0.006428614510516866,0.14750005345178527,0.8460713320376979,2.8717499200000004e-21,-8.920566647971101e-21,-3.1110712771529886e-20,-4.883437028578612e-21,-3.1110712771529886e-20,-4.8834370285786125e-21,0.3172770464601262,-2.6761699943913304e-20,-9.333213831458965e-20,2.2190146123558785e-20,-3.106317366231911,-10.833364198902766,-1.7005091545640614,-10.833364198902766,-1.7005091545640616,-9.318952098695732,-32.50009259670829,7.7270468326708555
face,209.0,0.05,20.0,0.9152908284590878,0.0071756437431476855,0.15506705559552897,0.8377573006613234,2.88555641e-21,-9.137668508286587e-21,-3.110484173306643e-20,-4.883437028578612e-21,-3.1104841733066415e-20,-4.8834370285786125e-21,0.3141593220435987,-2.741300552485976e-20,-9.331452519919928e-20,2.1967173224779842e-20,-3.1666920378404897,-10.779495290846326,-1.6923727471259562,-10.77949529084632,-1.6923727471259564,-9.50007611352147,-32.338485872538975,7.612803253005836
face,210.0,0.05,20.0,0.9105917000281346,0.007993844103859065,0.16282891173601266,0.8291772441601283,2.8993629e-21,-9.36163421546392e-21,-3.109889740367725e-20,-4.883437028578612e-21,-3.1098897403677254e-20,-4.8834370285786125e-21,0.31094184226172383,-2.808490264639176e-20,-9.329669221103175e-20,2.1737263188213328e-20,-3.2288590764074137,-10.726114141723082,-1.684313829282499,-10.726114141723084,-1.6843138292824995,-9.686577229222241,-32.17834242516925,7.497255065315669
face,211.0,0.05,20.0,0.9057227569012151,0.008888198566307392,0.1707780890649551,0.8203337123687375,2.91316939e-21,-9.592390320707202e-21,-3.1092879847328224e-20,-4.883437028578612e-21,-3.1092879847328206e-20,-4.8834370285786125e-21,0.30762556366408106,-2.877717096212161e-20,-9.327863954198467e-20,2.1500489526621022e-20,-3.292767785366302,-10.67321383852939,-1.6763312992858996,-10.673213838529385,-1.6763312992858999,-9.878303356098908,-32.01964151558817,7.380446053163088
face,212.0,0.05,20.0,0.9006830339189345,0.009863859751547525,0.17890621265903606,0.8112299275894165,2.92697588e-21,-9.829845703539193e-21,-3.1086789137285275e-20,-4.883437028578612e-21,-3.108678913728531e-20,-4.8834370285786125e-21,0.30421169499924966,-2.948953711061758e-20,-9.326036741185582e-20,2.1256943433746082e-20,-3.358362387167739,-10.620787601872987,-1.6684240761760605,-10.620787601873,-1.6684240761760607,-10.075087161503216,-31.86236280561896,7.262425214705248
face,213.0,0.05,20.0,0.895471823705331,0.01092613963948941,0.18720407331035926,0.8018697870501513,2.94078237e-21,-1.0073891530565658e-20,-3.1080625355938186e-20,-4.883437028578612e-21,-3.10806253559382e-20,-4.8834370285786125e-21,0.3007016981373185,-3.022167459169697e-20,-9.324187606781456e-20,2.1006733825372528e-20,-3.4255821285291703,-10.568828782776668,-1.6605910992926047,-10.568828782776672,-1.660591099292605,-10.27674638558751,-31.706486348330003,7.1432466542474975
face,214.0,0.05,20.0,0.8900886822422066,0.012080497771254629,0.19566163997307753,0.7922578622556679,2.95458886e-21,-1.032440129646712e-20,-3.107438859462386e-20,-4.883437028578612e-21,-3.1074388594623864e-20,-4.8834370285786125e-21,0.2970972878271995,-3.097320388940136e-20,-9.322316578387158e-20,2.074998729815674e-20,-3.4943614105642835,-10.517330859571391,-1.6528313278005833,-10.517330859571393,-1.6528313278005835,-10.483084231692851,-31.551992578714174,7.022969449007108
face,215.0,0.05,20.0,0.8845334336197891,0.013332527951635652,0.2042680768571505,0.7823993951912138,2.96839535e-21,-1.0581230948132291e-20,-3.106807895345077e-20,-4.883437028578612e-21,-3.106807895345076e-20,-4.8834370285786125e-21,0.29340043027367513,-3.1743692844396874e-20,-9.320423686035232e-20,2.0486848005318482e-20,-3.5646299432898285,-10.46628743487648,-1.6451437402294178,-10.466287434876476,-1.645143740229418,-10.693889829869486,-31.39886230462944,6.9016574915866515
face,216.0,0.05,20.0,0.8788061739432862,0.014687943474265002,0.21301176516489762,0.7723002913608374,2.98220184e-21,-1.0844219092265518e-20,-3.1061696541123714e-20,-4.883437028578612e-21,-3.10616965411237e-20,-4.8834370285786125e-21,0.28961334052732296,-3.253265727679655e-20,-9.318508962337115e-20,2.0217477448858195e-20,-3.6363129238313117,-10.415692232663806,-1.637527334024652,-10.415692232663803,-1.6375273340246521,-10.908938771493935,-31.24707669799142,6.779379308832494
face,217.0,0.05,20.0,0.8729072743792324,0.016152560905715707,0.22188032943010372,0.7619671096641806,2.99600833e-21,-1.1113187286209207e-20,-3.1055241474769174e-20,-4.883437028578612e-21,-3.10552414747692e-20,-4.8834370285786125e-21,0.28573847868881874,-3.333956185862762e-20,-9.316572442430752e-20,1.9942054188559967e-20,-3.709331237476635,-10.365539095403374,-1.629981125112096,-10.365539095403381,-1.6299811251120961,-11.127993712429905,-31.09661728621012,6.656207857926739
face,218.0,0.05,20.0,0.8668373833298789,0.017732282478433607,0.23086066838337493,0.7514070491381915,3.00981482e-21,-1.1387940411130398e-20,-3.104871387976177e-20,-4.883437028578612e-21,-3.1048713879761736e-20,-4.8834370285786125e-21,0.28177854493751486,-3.416382123339119e-20,-9.314614163928532e-20,1.9660773468631373e-20,-3.7836016805613304,-10.315821981287796,-1.622504147473967,-10.315821981287783,-1.6225041474739672,-11.35080504168399,-30.94746594386339,6.532220300726466
face,219.0,0.05,20.0,0.8605974277282686,0.019433077155975285,0.23993899023151216,0.7406279326125126,3.02362131e-21,-1.1668267126130226e-20,-3.1042113889550934e-20,-4.883437028578612e-21,-3.10421138895509e-20,-4.8834370285786125e-21,0.27773647340257257,-3.5004801378390674e-20,-9.312634166865281e-20,1.937384676342071e-20,-3.859037204010917,-10.266534961532908,-1.615095452736643,-10.266534961532896,-1.6150954527366432,-11.577111612032748,-30.79960488459873,6.407497757521992
face,220.0,0.05,20.0,0.8541886134509805,0.02126096044734758,0.2491008522033438,0.7296381873493086,3.0374278e-21,-1.1953940401255812e-20,-3.103544164548923e-20,-4.883437028578612e-21,-3.103544164548922e-20,-4.8834370285786125e-21,0.27361542490317997,-3.586182120376743e-20,-9.310632493646769e-20,1.9081501244233417e-20,-3.935547176217921,-10.217672217752543,-1.6077541097696582,-10.21767221775254,-1.6077541097696584,-11.806641528653762,-30.65301665325763,6.282125041534623
face,221.0,0.05,20.0,0.8476124248498392,0.023221973060145895,0.25833120418002975,0.7184468227598244,3.05123429e-21,-1.2244718126828617e-20,-3.10286972966613e-20,-4.883437028578612e-21,-3.1028697296661293e-20,-4.8834370285786125e-21,0.26941877859246044,-3.673415438048585e-20,-9.30860918899839e-20,1.8783979169832682e-20,-4.0130376637936305,-10.169228039404768,-1.6004792042955873,-10.169228039404766,-1.6004792042955875,-12.039112991380891,-30.507684118214303,6.156190375611137
face,222.0,0.05,20.0,0.8408706234081141,0.025322158494522233,0.26761443619472725,0.7070634053107505,3.06504078e-21,-1.2540343795958722e-20,-3.1021880999713866e-20,-4.883437028578612e-21,-3.102188099971388e-20,-4.8834370285786125e-21,0.2651501225474727,-3.7621031387876166e-20,-9.30656429991416e-20,1.8481537203755144e-20,-4.091411728609602,-10.121196821307501,-1.593269838510472,-10.121196821307505,-1.5932698385104724,-12.274235185828804,-30.363590463922502,6.0297850926978995
face,223.0,0.05,20.0,0.8339652455308587,0.027567539691628035,0.2769344295550265,0.6954980307533455,3.0788472700000002e-21,-1.2840547256595662e-20,-3.10149929186871e-20,-4.883437028578612e-21,-3.101499291868711e-20,-4.8834370285786125e-21,0.2608132433551545,-3.8521641769786987e-20,-9.30449787560613e-20,1.817444566209144e-20,-4.170569739432271,-10.073573061221417,-1.586125130714461,-10.073573061221419,-1.5861251307144613,-12.511709218296815,-30.220719183664247,5.903003321789145
face,224.0,0.05,20.0,0.8268985994830463,0.029964094860930806,0.28627461131204573,0.6837612938270234,3.0926537600000002e-21,-1.3145045528977985e-20,-3.1008033224846973e-20,-4.883437028578612e-21,-3.1008033224846973e-20,-4.8834370285786125e-21,0.25641211475109865,-3.943513658693395e-20,-9.302409967454092e-20,1.786298769586899e-20,-4.250409696356693,-10.026351357497896,-1.579044214952343,-10.026351357497896,-1.5790442149523432,-12.751229089070078,-30.079054072493687,5.775941661141203
face,225.0,0.05,20.0,0.8196732614930075,0.03251773262056927,0.2956180117728466,0.6718642556065841,3.1064602500000002e-21,-1.3453543683890723e-20,-3.100100209651909e-20,-4.883437028578612e-21,-3.1001002096519056e-20,-4.8834370285786125e-21,0.25195088537460164,-4.036063105167217e-20,-9.300300628955728e-20,1.754745841262837e-20,-4.33082756616336,-9.979526406790201,-1.5720262406636658,-9.979526406790189,-1.572026240663666,-12.992482698490079,-29.938579220370602,5.6486988406268415
face,226.0,0.05,20.0,0.8122920710423571,0.03523426659356751,0.3049473247281507,0.6598184086782818,3.1202667400000002e-21,-1.3765735776726544e-20,-3.099389971892367e-20,-4.883437028578612e-21,-3.099389971892366e-20,-4.8834370285786125e-21,0.2474338657094315,-4.129720733017963e-20,-9.2981699156771e-20,1.7228163942197125e-20,-4.411717626656029,-9.933093001825757,-1.565070372342145,-9.933093001825753,-1.5650703723421453,-13.235152879968085,-29.799279005477267,5.521375375169728
face,227.0,0.05,20.0,0.8047581253670971,0.03811938961017017,0.3142449700454654,0.6476356403443644,3.1340732300000002e-21,-1.4081305831975316e-20,-3.098672628401225e-20,-4.883437028578612e-21,-3.098672628401224e-20,-4.8834370285786125e-21,0.2428655142851768,-4.224391749592595e-20,-9.296017885203675e-20,1.6905420452036934e-20,-4.492972817988466,-9.887046029237883,-1.558175789204074,-9.88704602923788,-1.5581757892040742,-13.478918453965399,-29.66113808771365,5.394073211249417
face,228.0,0.05,20.0,0.79707477319787,0.0411786476726959,0.3234931582588682,0.6353281940684359,3.1478797200000003e-21,-1.4399928872442816e-20,-3.09794819903054e-20,-4.883437028578612e-21,-3.097948199030541e-20,-4.8834370285786125e-21,0.23825042321881026,-4.3199786617328445e-20,-9.29384459709162e-20,1.6579553117862584e-20,-4.574485098955057,-9.841380467454899,-1.5513416848654595,-9.841380467454902,-1.55134168486546,-13.723455296865168,-29.524141402364698,5.266895368499843
face,229.0,0.05,20.0,0.7892456077703947,0.04441741384407034,0.33267395677107003,0.6229086293848597,3.1616862100000003e-21,-1.4721271987224163e-20,-3.0972167042732294e-20,-4.883437028578612e-21,-3.097216704273226e-20,-4.8834370285786125e-21,0.23359330318017346,-4.416381596167249e-20,-9.291650112819688e-20,1.625089505550813e-20,-4.656145806203887,-9.796091384645123,-1.5445672670276192,-9.796091384645111,-1.5445672670276194,-13.96843741861166,-29.38827415393537,5.139945578441236
face,230.0,0.05,20.0,0.7812744591399648,0.047840862224514905,0.34176935727104046,0.6103897805044446,3.1754927000000003e-21,-1.5044995432232732e-20,-3.096478165247145e-20,-4.883437028578612e-21,-3.096478165247147e-20,-4.8834370285786125e-21,0.22889896786847636,-4.5134986296698195e-20,-9.289434495741435e-20,1.5919786220238718e-20,-4.737846014331171,-9.751173936715851,-1.5378517571709773,-9.751173936715857,-1.5378517571709776,-14.213538042993514,-29.253521810147554,5.013327922384679
face,231.0,0.05,20.0,0.7731653858364707,0.051453942182717226,0.35076134396162423,0.5977847138556586,3.1892991900000003e-21,-1.5370753756913628e-20,-3.095732603679369e-20,-4.883437028578612e-21,-3.0957326036793656e-20,-4.8834370285786125e-21,0.2241723180895309,-4.6112261270740885e-20,-9.287197811038108e-20,1.5586572279880064e-20,-4.819476894832694,-9.706623365365006,-1.5311943902568173,-9.706623365364996,-1.5311943902568175,-14.458430684498083,-29.11987009609502,4.887146470532312
face,232.0,0.05,20.0,0.7649226658987351,0.0552613530081577,0.3596319621862143,0.585106684805628,3.2031056800000003e-21,-1.569819695065266e-20,-3.09498004189058e-20,-4.883437028578612e-21,-3.094980041890577e-20,-4.8834370285786125e-21,0.21941832552531879,-4.709459085195798e-20,-9.284940125671739e-20,1.525160346825314e-20,-4.900930071920905,-9.66243499618339,-1.5245944144367447,-9.66243499618338,-1.524594414436745,-14.702790215762713,-28.987304988550168,4.761504924262486
face,233.0,0.05,20.0,0.7565507873290414,0.05926751915010965,0.36836338704169796,0.5723690938081923,3.2169121700000003e-21,-1.6026971602326323e-20,-3.0942205027796704e-20,-4.883437028578612e-21,-3.0942205027796716e-20,-4.8834370285786125e-21,0.21464201628862395,-4.8080914806978966e-20,-9.282661508339011e-20,1.491523342547038e-20,-4.9820979732643185,-9.618604236806597,-1.5180510907696343,-9.6186042368066,-1.5180510907696345,-14.946293919792955,-28.855812710419787,4.636506263542278
face,234.0,0.05,20.0,0.7480544380105285,0.06347656620619062,0.3769379915665617,0.5595854422272476,3.2307186600000003e-21,-1.635672206642763e-20,-3.093454009808494e-20,-4.883437028578612e-21,-3.093454009808493e-20,-4.8834370285786125e-21,0.20984845435582222,-4.907016619928289e-20,-9.280362029425481e-20,1.457781803165731e-20,-5.062874173769012,-9.575126575114695,-1.5115636929458325,-9.575126575114691,-1.5115636929458327,-15.188622521307035,-28.725379725344084,4.512252401345683
face,235.0,0.05,20.0,0.7394384951316759,0.06789229781924568,0.38533841409815683,0.5467692880825975,3.2445251500000003e-21,-1.668709162924357e-20,-3.0926805869867713e-20,-4.883437028578612e-21,-3.092680586986772e-20,-4.8834370285786125e-21,0.20504272497054063,-5.006127488773071e-20,-9.278041760960313e-20,1.4239714240624144e-20,-5.143153730598626,-9.53199757747839,-1.5051315070184033,-9.531997577478391,-1.5051315070184035,-15.42946119179588,-28.595992732435167,4.388843846879763
face,236.0,0.05,20.0,0.7307080141633704,0.07251817363583553,0.3935476244015882,0.5339342019625763,3.2583316400000004e-21,-1.7017723668652614e-20,-3.0919002588572053e-20,-4.883437028578612e-21,-3.091900258857203e-20,-4.8834370285786125e-21,0.20022991810979224,-5.105317100595784e-20,-9.275700776571616e-20,1.390127891991944e-20,-5.222833507718881,-9.489212887050396,-1.4987538311412067,-9.489212887050389,-1.498753831141207,-15.668500523156641,-28.467638661151188,4.266379379331515
face,237.0,0.05,20.0,0.7218682174350565,0.07735728847275303,0.401548988184381,0.521093723342866,3.2721381300000004e-21,-1.7348262801252507e-20,-3.091113050480739e-20,-4.883437028578612e-21,-3.091113050480738e-20,-4.8834370285786125e-21,0.195415112102376,-5.204478840375752e-20,-9.273339151442217e-20,1.3562867703554885e-20,-5.301812488353756,-9.446768222100511,-1.4924299753136068,-9.446768222100507,-1.492429975313607,-15.905437465061267,-28.34030466630153,4.144955733746754
face,238.0,0.05,20.0,0.7129244823572054,0.08241235282987847,0.40932632962583226,0.5082613175442893,3.2859446200000004e-21,-1.7678356010717696e-20,-3.090318987422034e-20,-4.883437028578612e-21,-3.0903189874220303e-20,-4.8834370285786125e-21,0.19060335748684273,-5.303506803215309e-20,-9.270956962266102e-20,1.3224833863502643e-20,-5.379992073852327,-9.404659374393333,-1.4861592611316168,-9.40465937439332,-1.486159261131617,-16.139976221556978,-28.213978123179995,4.024667300541006
face,239.0,0.05,20.0,0.7038823293378197,0.08768567487839549,0.41686399156756965,0.49545033355403484,3.2997511100000004e-21,-1.8007653751518457e-20,-3.089518095735076e-20,-4.883437028578612e-21,-3.089518095735076e-20,-4.8834370285786125e-21,0.18579966119320573,-5.402296125455537e-20,-9.268554287205228e-20,1.2887527205832302e-20,-5.457276367585934,-9.362882207607093,-1.479941021545292,-9.362882207607093,-1.4799410215452922,-16.371829102757804,-28.08864662282128,3.905605840021159
face,240.0,0.05,20.0,0.6947474094409211,0.09317914404302868,0.4241468930321005,0.4826739629248708,3.3135576e-21,-1.83358110224083e-20,-3.0887104019490313e-20,-4.883437028578612e-21,-3.088710401949028e-20,-4.8834370285786125e-21,0.1810089711288631,-5.50074330672249e-20,-9.266131205847094e-20,1.2551292997082014e-20,-5.533572442624296,-9.32143265579277,-1.4737746006221868,-9.32143265579276,-1.473774600622187,-16.600717327872886,-27.964297967378307,3.7878602131684733
face,241.0,0.05,20.0,0.6855254918349344,0.09889421628565992,0.4311605837588114,0.4699451999555287,3.32736409e-21,-1.8662488404397457e-20,-3.08789593305421e-20,-4.883437028578612e-21,-3.0878959330542086e-20,-4.8834370285786125e-21,0.17623616124493374,-5.598746521319237e-20,-9.263687799162629e-20,1.2216470926144641e-20,-5.608790592074177,-9.280306721871876,-1.4676593533167006,-9.280306721871872,-1.4676593533167008,-16.826371776222533,-27.84092016561563,3.6715161297976984
face,242.0,0.05,20.0,0.6762224510786373,0.1048319011855254,0.43789129547167455,0.4572768033428,3.34117058e-21,-1.8987353058275756e-20,-3.087074716488294e-20,-4.883437028578612e-21,-3.087074716488295e-20,-4.8834370285786125e-21,0.17148601715446826,-5.696205917482726e-20,-9.261224149464882e-20,1.1883394106607184e-20,-5.682844561104616,-9.239500476172317,-1.4615946452451438,-9.23950047617232,-1.461594645245144,-17.04853368331385,-27.718501428516955,3.5566559150677017
face,243.0,0.05,20.0,0.6668442542918368,0.1109927508983623,0.4443259896196018,0.4446812594820359,3.35497707e-21,-1.9310079677123174e-20,-3.086246780122704e-20,-4.883437028578612e-21,-3.086246780122704e-20,-4.8834370285786125e-21,0.1667632223688042,-5.793023903136952e-20,-9.258740340368113e-20,1.1552388124103868e-20,-5.755651759826535,-9.199010055000775,-1.4555798524663572,-9.199010055000775,-1.4555798524663575,-17.266955279479607,-27.597030165002327,3.44335829517424
face,244.0,0.05,20.0,0.6573969482572471,0.11737685106344739,0.4504524013586109,0.43217074757794166,3.36878356e-21,-1.9630351389646362e-20,-3.085412152249161e-20,-4.883437028578612e-21,-3.08541215224916e-20,-4.8834370285786125e-21,0.16207234521278246,-5.889105416893908e-20,-9.256236456747483e-20,1.1223770132845248e-20,-5.8271334563406505,-9.158831659250797,-1.4496143612677246,-9.158831659250794,-1.4496143612677248,-17.48140036902195,-27.47649497775239,3.331698202910147
face,245.0,0.05,20.0,0.6478866464991185,0.12398381371363672,0.4562590795744895,0.4197571067118738,3.38259005e-21,-1.994786061060142e-20,-3.0845708615664473e-20,-4.883437028578612e-21,-3.084570861566445e-20,-4.8834370285786125e-21,0.1574178264736631,-5.984358183180426e-20,-9.253712584699342e-20,1.0897848005063055e-20,-5.897214949414701,-9.118961553045564,-1.443697567956428,-9.118961553045557,-1.4436975679564281,-17.6916448482441,-27.356884659136693,3.221746603630864
face,246.0,0.05,20.0,0.6383195163830695,0.13081277222937673,0.46173542277510754,0.40745180499551575,3.39639654e-21,-2.026230983500077e-20,-3.083722937167365e-20,-4.883437028578612e-21,-3.0837229371673624e-20,-4.8834370285786125e-21,0.1528039678324521,-6.078692950500231e-20,-9.251168811502094e-20,1.0574919536672877e-20,-5.96582572039741,-9.079396062414327,-1.437828878655792,-9.07939606241432,-1.4378288786557922,-17.897477161192228,-27.238188187242983,3.113570342016918
face,247.0,0.05,20.0,0.6287017662802856,0.13786237836337964,0.4668717107126695,0.3952659109239509,3.4102030300000005e-21,-2.0573412373253094e-20,-3.082868408525868e-20,-4.883437028578612e-21,-3.082868408525871e-20,-4.8834370285786125e-21,0.14823492112003062,-6.172023711975928e-20,-9.248605225577605e-20,1.0255271712005586e-20,-6.03289956412158,-9.040131574001526,-1.432007709106578,-9.040131574001535,-1.4320077091065782,-18.09869869236474,-27.120394722004583,3.0072320098799468
face,248.0,0.05,20.0,0.6190396328378136,0.14513080134834785,0.4716591316276771,0.3832100670239751,3.42400952e-21,-2.088089302484247e-20,-3.082007305484414e-20,-4.883437028578612e-21,-3.082007305484412e-20,-4.8834370285786125e-21,0.1437146784340358,-6.26426790745274e-20,-9.246021916453242e-20,9.939180030001673e-21,-6.098374698690226,-9.001164533807762,-1.426233484473084,-9.001164533807755,-1.4262334844730842,-18.29512409607068,-27.003493601423287,2.902789835117536
face,249.0,0.05,20.0,0.6093393683950544,0.152615729085975,0.4760898050379411,0.37129446587608383,3.4378160100000005e-21,-2.1184488688616257e-20,-3.081139658241446e-20,-4.883437028578612e-21,-3.081139658241442e-20,-4.8834370285786125e-21,0.13924706314591445,-6.355346606584878e-20,-9.243418974724337e-20,9.6269078937982e-21,-6.16219385417786,-8.962491445961488,-1.4205056391539148,-8.962491445961478,-1.420505639153915,-18.486581562533583,-26.887474337884463,2.8002975917836275
face,250.0,0.05,20.0,0.5996072285848572,0.16031437140149882,0.48015680002728806,0.35952882857121315,3.4516225e-21,-2.1483948908210947e-20,-3.080265497339148e-20,-4.883437028578612e-21,-3.0802654973391477e-20,-4.8834370285786125e-21,0.1348357218210624,-6.445184672463284e-20,-9.240796492017445e-20,9.318706065180536e-21,-6.224304340411197,-8.924108871520996,-1.4148236165972992,-8.924108871520994,-1.4148236165972994,-18.67291302123359,-26.772326614562992,2.6998045311098
face,251.0,0.05,20.0,0.5898494601557265,0.168223465334549,0.48385414901944906,0.347922385646002,3.4654289900000005e-21,-2.1779036351603164e-20,-3.0793848536513506e-20,-4.883437028578612e-21,-3.079384853651348e-20,-4.8834370285786125e-21,0.13048411706846985,-6.533710905480949e-20,-9.238154560954052e-20,9.014812184910342e-21,-6.284658094120451,-8.886013427305432,-1.4091868691208158,-8.886013427305425,-1.409186869120816,-18.853974282361353,-26.658040281916296,2.6013553331849804
face,252.0,0.05,20.0,0.58007228904972,0.17633928242394192,0.4871768570526762,0.33648386052338186,3.47923548e-21,-2.206952722422046e-20,-3.0784977583716075e-20,-4.883437028578612e-21,-3.078497758371604e-20,-4.8834370285786125e-21,0.12619552132993148,-6.620858167266138e-20,-9.235493275114822e-20,8.715450359495614e-21,-6.3432117058717905,-8.848201784754181,-1.4035948577354158,-8.848201784754172,-1.403594857735416,-19.029635117615374,-26.544605354262547,2.504990078882391
face,253.0,0.05,20.0,0.5702819087685298,0.18465763793161816,0.4901209065997041,0.32522145546867776,3.4930419700000006e-21,-2.2355211615483744e-20,-3.077604243001506e-20,-4.883437028578612e-21,-3.0776042430015046e-20,-4.8834370285786125e-21,0.12197301161264681,-6.706563484645124e-20,-9.232812729004517e-20,8.420830814531315e-21,-6.399926427303632,-8.810670668813938,-1.3980470519736157,-8.810670668813934,-1.398047051973616,-19.199779281910896,-26.432012006441813,2.4107442415103053
face,254.0,0.05,20.0,0.5604844690581496,0.19317390193909661,0.4926832580055075,0.3141428400553959,3.50684846e-21,-2.2635893779073273e-20,-3.076704339339153e-20,-4.883437028578612e-21,-3.0767043393391506e-20,-4.8834370285786125e-21,0.11781946516303274,-6.790768133721982e-20,-9.230113018017459e-20,8.131149614318257e-21,-6.45476815929288,-8.773416856852585,-1.3925429297217513,-8.773416856852577,-1.3925429297217513,-19.36430447787864,-26.320250570557754,2.3186486975597047
face,255.0,0.05,20.0,0.5506860649402828,0.20188301223884775,0.49486184564173885,0.3032551421194134,3.5206549500000006e-21,-2.2911392347614786e-20,-3.075798079467836e-20,-4.883437028578612e-21,-3.0757980794678334e-20,-4.8834370285786125e-21,0.11373755607377056,-6.873417704284436e-20,-9.227394238403507e-20,7.846588447063573e-21,-6.5077074217724125,-8.736437177599115,-1.3870819770561755,-8.736437177599107,-1.3870819770561758,-19.523122265317237,-26.209311532797344,2.2287297558267025
face,256.0,0.05,20.0,0.5408927261164657,0.21077948893277063,0.4966555699015274,0.2925649411657019,3.53446144e-21,-2.3181540482862693e-20,-3.074885495744893e-20,-4.883437028578612e-21,-3.074885495744893e-20,-4.8834370285786125e-21,0.1097297528106421,-6.954462144858808e-20,-9.224656487234678e-20,7.567314474586234e-21,-6.558719306006261,-8.699728510109004,-1.3816636880833,-8.699728510109004,-1.3816636880833002,-19.676157918018784,-26.099185530327013,2.1410092041027426
face,257.0,0.05,20.0,0.5311104067685453,0.2198574506407591,0.4980642851813913,0.2820782641778496,3.54826793e-21,-2.3446185962817923e-20,-3.0739666207907753e-20,-4.883437028578612e-21,-3.0739666207907753e-20,-4.8834370285786125e-21,0.10579831664050737,-7.033855788845377e-20,-9.221899862372326e-20,7.29348024508983e-21,-6.607783410205419,-8.663287782754262,-1.3762875647833652,-8.663287782754262,-1.3762875647833654,-19.823350230616256,-25.989863348262787,2.0555043725488424
face,258.0,0.05,20.0,0.5213449757769041,0.22911063221401254,0.49908878401816675,0.2718005837678207,3.56207442e-21,-2.3705191207550554e-20,-3.073041487478277e-20,-4.883437028578612e-21,-3.073041487478278e-20,-4.8834370285786125e-21,0.10194530093696612,-7.111557362265167e-20,-9.21912446243483e-20,7.025223667232214e-21,-6.654883759433233,-8.627111972237449,-1.3709531168578482,-8.627111972237453,-1.3709531168578484,-19.9646512782997,-25.881335916712345,1.9722282128042157
face,259.0,0.05,20.0,0.5116022073754886,0.2385324038404953,0.4997307775680323,0.2617368185914724,3.57588091e-21,-2.3958433245804936e-20,-3.0721101289219723e-20,-4.883437028578612e-21,-3.0721101289219723e-20,-4.8834370285786125e-21,0.09817255133577554,-7.18752997374148e-20,-9.216330386765917e-20,6.762668043414787e-21,-6.7000087108060145,-8.591198102629129,-1.3656598615804048,-8.591198102629129,-1.365659861580405,-20.10002613241804,-25.77359430788739,1.891189391823115
face,260.0,0.05,20.0,0.5018877722604063,0.2481157914237009,0.49999287263178566,0.2518913359445134,3.5896874e-21,-2.42058036247437e-20,-3.071172578467832e-20,-4.883437028578612e-21,-3.07117257846783e-20,-4.8834370285786125e-21,0.09448170670803177,-7.26174108742311e-20,-9.213517735403496e-20,6.5059221599346216e-21,-6.743150845041186,-8.555543244428002,-1.3604073236512493,-8.555543244427996,-1.3604073236512495,-20.22945253512356,-25.666629733284005,1.812392399386816
face,261.0,0.05,20.0,0.49220722916658194,0.2578534981106802,0.4998785454454756,0.2422679564438441,3.60349389e-21,-2.444720826543616e-20,-3.0702288696830234e-20,-4.883437028578612e-21,-3.070228869683019e-20,-4.8834370285786125e-21,0.0908742009154684,-7.334162479630847e-20,-9.21068660904907e-20,6.255080431394074e-21,-6.784306845442205,-8.520144513643183,-1.3551950350548845,-8.520144513643173,-1.3551950350548847,-20.352920536326614,-25.560433540929548,1.7358376682009788
face,262.0,0.05,20.0,0.4825660169246886,0.26773792684118164,0.4993921124682595,0.23286996069055885,3.61730038e-21,-2.4682567266916647e-20,-3.0692790363458986e-20,-4.883437028578612e-21,-3.0692790363458974e-20,-4.8834370285786125e-21,0.08735126530897662,-7.404770180074994e-20,-9.207837109037696e-20,6.010223096542339e-21,-6.823477365436997,-8.484999070898,-1.350022534921087,-8.484999070897997,-1.3500225349210873,-20.47043209631099,-25.454997212694,1.661521705461004
face,263.0,0.05,20.0,0.47296944700836746,0.2777612037866661,0.49853869840993315,0.22370009780340092,3.63110687e-21,-2.491181466182748e-20,-3.0683231124361774e-20,-4.883437028578612e-21,-3.068323112436178e-20,-4.8834370285786125e-21,0.08391393192864277,-7.473544398548244e-20,-9.204969337308532e-20,5.7714164625342935e-21,-6.860666885804846,-8.450104120554782,-1.3448893693890678,-8.450104120554784,-1.344889369389068,-20.582000657414536,-25.350312361664344,1.5894372347499355
face,264.0,0.05,20.0,0.4634226965795563,0.28791520254595493,0.4973242017489776,0.2147605957050675,3.64491336e-21,-2.5134898126820625e-20,-3.067361132125286e-20,-4.883437028578612e-21,-3.067361132125286e-20,-4.8834370285786125e-21,0.08056303736120021,-7.540469438046188e-20,-9.202083396375859e-20,5.5387131944322374e-21,-6.895883562735939,-8.415456909859953,-1.3397950914747152,-8.415456909859953,-1.3397950914747154,-20.68765068820782,-25.24637072957986,1.5195733471240143
face,265.0,0.05,20.0,0.45393080203765307,0.2981915689632408,0.49575525799821213,0.20605317303854698,3.65871985e-21,-2.53517786510208e-20,-3.0663931297668934e-20,-4.883437028578612e-21,-3.0663931297668946e-20,-4.8834370285786125e-21,0.0772992272088367,-7.60553359530624e-20,-9.19917938930068e-20,5.312152646648134e-21,-6.9291390678684515,-8.38105472810905,-1.3347392609408484,-8.381054728109053,-1.3347392609408486,-20.787417203605354,-25.14316418432715,1.4519156602405987
face,266.0,0.05,20.0,0.4444986530761552,0.3085817464342058,0.493839200979278,0.1975790525865162,3.67252634e-21,-2.5562430165953105e-20,-3.065419139887637e-20,-4.883437028578612e-21,-3.0654191398876355e-20,-4.8834370285786125e-21,0.0741229611217395,-7.668729049785931e-20,-9.19625741966291e-20,5.091761232923262e-21,-6.960448421440893,-8.346894905831054,-1.329721444170394,-8.34689490583105,-1.3297214441703942,-20.88134526432268,-25.04068471749316,1.38644648439016
face,267.0,0.05,20.0,0.4351309872484649,0.31907700156689395,0.49158402236928234,0.18933897606382372,3.68633283e-21,-2.5766839140407878e-20,-3.0644391971779916e-20,-4.883437028578612e-21,-3.0644391971779904e-20,-4.8834370285786125e-21,0.07103451834563412,-7.730051742122363e-20,-9.193317591533975e-20,4.877552831372038e-21,-6.98982981968231,-8.312974813991474,-1.324741214042415,-8.312974813991472,-1.3247412140424153,-20.96948945904693,-24.938924441974425,1.323144994309165
face,268.0,0.05,20.0,0.42583238504260934,0.32966845006585843,0.48899832978306446,0.1813332201510771,3.7001393200000004e-21,-2.5965004143759885e-20,-3.0634533364833596e-20,-4.883437028578612e-21,-3.0634533364833614e-20,-4.8834370285786125e-21,0.06803400373481938,-7.789501243127965e-20,-9.190360009450078e-20,4.669529221073711e-21,-7.017304457541313,-8.27929186321384,-1.3197981498109135,-8.279291863213846,-1.3197981498109137,-21.05191337262394,-24.83787558964152,1.2619874056725275
face,269.0,0.05,20.0,0.41660726546283305,0.3403470827107534,0.48609130365282727,0.17356161363641945,3.71394581e-21,-2.6156935381273957e-20,-3.0624615927953155e-20,-4.883437028578612e-21,-3.0624615927953155e-20,-4.8834370285786125e-21,0.06512135418085067,-7.847080614382187e-20,-9.187384778385947e-20,4.467680546679198e-21,-7.042896347826345,-8.245843503019005,-1.3148918369863376,-8.245843503019005,-1.3148918369863378,-21.128689043479035,-24.737530509057013,1.2029471551926596
face,270.0,0.05,20.0,0.4074598821142423,0.3511037913040676,0.4828726531633801,0.1660235555325522,3.7277523000000004e-21,-2.6342654204921154e-20,-3.061464001242997e-20,-4.883437028578612e-21,-3.061464001242998e-20,-4.8834370285786125e-21,0.06229634540701298,-7.902796261476346e-20,-9.184392003728992e-20,4.271985807508818e-21,-7.066632137795516,-8.212627221081714,-1.3100218672197215,-8.212627221081716,-1.3100218672197217,-21.199896413386547,-24.637881663245146,1.1459950832861985
face,271.0,0.05,20.0,0.39839431978508855,0.3619293944668463,0.4793525714961303,0.1587180340370234,3.74155879e-21,-2.6522192603196202e-20,-3.060460597084721e-20,-4.883437028578612e-21,-3.060460597084722e-20,-4.8834370285786125e-21,0.05955859907908453,-7.956657780958861e-20,-9.181381791254162e-20,4.082413367651006e-21,-7.0885409241949136,-8.179640542504266,-1.3051878381893904,-8.17964054250427,-1.3051878381893907,-21.26562277258474,-24.5389216275128,1.0910996183093533
face,272.0,0.05,20.0,0.389414491519665,0.3728146631661892,0.4755416906282915,0.15164364620551926,3.7553652800000004e-21,-2.669559267337255e-20,-3.059451415699729e-20,-4.883437028578612e-21,-3.0594514156997297e-20,-4.8834370285786125e-21,0.05690759018353739,-8.008677802011766e-20,-9.178354247099187e-20,3.89892148362474e-21,-7.108654067700319,-8.146881029106519,-1.3003893534901647,-8.14688102910652,-1.300389353490165,-21.32596220310096,-24.440643087319554,1.038226961406199
face,273.0,0.05,20.0,0.38052413617340114,0.38375034586371093,0.47145103592577603,0.14479861821051312,3.76917177e-21,-2.686290607955526e-20,-3.05843649258011e-20,-4.883437028578612e-21,-3.05843649258011e-20,-4.8834370285786125e-21,0.05434265462530099,-8.058871823866579e-20,-9.17530947774033e-20,3.7214588462458375e-21,-7.127005007669168,-8.114346278731972,-1.2956260225249994,-8.114346278731972,-1.2956260225249996,-21.381015023007507,-24.343038836195916,0.9873412710628037
face,274.0,0.05,20.0,0.371726816440327,0.39472719318020655,0.4670919807589329,0.13818082606086057,3.7829782600000005e-21,-2.702419349979887e-20,-3.0574158633229076e-20,-4.883437028578612e-21,-3.057415863322905e-20,-4.8834370285786125e-21,0.05186299699842803,-8.107258049939661e-20,-9.172247589968723e-20,3.549965133430206e-21,-7.143629078058425,-8.082033924569545,-1.2908974603989956,-8.08203392456954,-1.2908974603989958,-21.430887234175277,-24.246101773708638,0.9384048465111204
face,275.0,0.05,20.0,0.3630259173418858,0.4057359819781462,0.4624762013599362,0.1317878166619177,3.79678475e-21,-2.7179524065445336e-20,-3.0563895636223636e-20,-4.883437028578612e-21,-3.056389563622361e-20,-4.8834370285786125e-21,0.04946769848449729,-8.153857219633601e-20,-9.169168690867091e-20,3.3843715707783006e-21,-7.158563325309746,-8.049941634490509,-1.2862032878157266,-8.049941634490501,-1.2862032878157268,-21.47568997592924,-24.149824903471526,0.8913783091807616
face,276.0,0.05,20.0,0.35442464516486805,0.41676753877050654,0.4576156321292508,0.12561682910024263,3.8105912400000005e-21,-2.732897479571252e-20,-3.0553576292623477e-20,-4.883437028578612e-21,-3.0553576292623464e-20,-4.8834370285786125e-21,0.04715572483526916,-8.198692438713755e-20,-9.166072887787043e-20,3.2246014969109578e-21,-7.171846328947241,-8.018067110400294,-1.2815431309758145,-8.01806711040029,-1.2815431309758145,-21.515538986841722,-24.054201331200883,0.8462207814530528
face,277.0,0.05,20.0,0.34592602683524676,0.4278127623715263,0.4525224215864538,0.11966481604201987,3.82439773e-21,-2.747263003042384e-20,-3.054320096108942e-20,-4.883437028578612e-21,-3.054320096108939e-20,-4.8834370285786125e-21,0.044925934398014164,-8.241789009127153e-20,-9.162960288326827e-20,3.0705709306655794e-21,-7.18351802557519,-7.986408087604795,-1.276916621477707,-7.986408087604787,-1.276916621477707,-21.550554076725575,-23.959224262814388,0.8028900620296047
face,278.0,0.05,20.0,0.3375329097136979,0.4388626457123996,0.44720888914780516,0.11392846513979536,3.8382042200000005e-21,-2.761058086362055e-20,-3.0532770001031674e-20,-4.883437028578612e-21,-3.053277000103166e-20,-4.8834370285786125e-21,0.0427770861439782,-8.283174259086165e-20,-9.159831000309502e-20,2.9221891374111236e-21,-7.193619536904304,-7.954962334190667,-1.2723233962205927,-7.954962334190665,-1.2723233962205929,-21.580858610712912,-23.864887002572,0.761342797286363
face,279.0,0.05,20.0,0.32924796179779525,0.44990829675241195,0.44168748289958565,0.10840422034800244,3.85201071e-21,-2.7742924580638103e-20,-3.0522283772539045e-20,-4.883437028578612e-21,-3.052228377253906e-20,-4.8834370285786125e-21,0.040707847662657615,-8.322877374191431e-20,-9.156685131761714e-20,2.7793591919009416e-21,-7.202193002375661,-7.923727650419498,-1.2677630973094078,-7.923727650419502,-1.267763097309408,-21.606579007126985,-23.771182951258496,0.7215346480438373
face,280.0,0.05,20.0,0.32107367231507894,0.4609409584237329,0.43597073852237656,0.10308830305389069,3.8658172000000005e-21,-2.7869764101061886e-20,-3.051174263630936e-20,-4.883437028578612e-21,-3.0511742636309354e-20,-4.8834370285786125e-21,0.03871680308685689,-8.360929230318565e-20,-9.153522790892808e-20,2.6419785352474743e-21,-7.209281416892108,-7.892701868135243,-1.2632353719618743,-7.892701868135242,-1.2632353719618743,-21.627844250676322,-23.67810560440573,0.6834204512431353
face,281.0,0.05,20.0,0.31301235269059063,0.4719520275557175,0.4300712395073839,0.09797673293689871,3.87962369e-21,-2.7991207429804505e-20,-3.050114695358143e-20,-4.883437028578612e-21,-3.0501146953581457e-20,-4.8834370285786125e-21,0.03680246091591281,-8.397362228941352e-20,-9.15034408607443e-20,2.509939523776928e-21,-7.214928474107885,-7.861882850184738,-1.258739872417526,-7.861882850184744,-1.2587398724175263,-21.644785422323658,-23.585648550554215,0.6469543760768529
face,282.0,0.05,20.0,0.30506613787188686,0.48293307273229535,0.4240015787916355,0.09306534847606908,3.8934301800000006e-21,-2.810736711837097e-20,-3.0490497086068926e-20,-4.883437028578612e-21,-3.049049708606895e-20,-4.8834370285786125e-21,0.03496326170692809,-8.43221013551129e-20,-9.147149125820678e-20,2.383129967697958e-21,-7.2191784156691785,-7.831268489851004,-1.2542762558486693,-7.83126848985101,-1.2542762558486695,-21.657535247007534,-23.49380546955301,0.6120900741818254
face,283.0,0.05,20.0,0.2972369879941089,0.4938758510435922,0.41777432192459774,0.08834982703181005,3.90723667e-21,-2.8218359738198275e-20,-3.047979339589528e-20,-4.883437028578612e-21,-3.047979339589525e-20,-4.8834370285786125e-21,0.033197585606372385,-8.465507921459482e-20,-9.143938018768585e-20,2.261433657697007e-21,-7.222075886741274,-7.800856710298862,-1.2498441842732326,-7.800856710298854,-1.2498441842732326,-21.66622766022382,-23.40257013089659,0.5787808235575878
face,284.0,0.05,20.0,0.28952669036729894,0.5047723237004439,0.41140197186451427,0.0838257044350418,3.9210431600000006e-21,-2.832430536777651e-20,-3.0469036245530115e-20,-4.883437028578612e-21,-3.0469036245530127e-20,-4.8834370285786125e-21,0.031503759696934336,-8.497291610332953e-20,-9.140710873659034e-20,2.144730877753605e-21,-7.223665798102693,-7.770645464032615,-1.2454433244694534,-7.770645464032618,-1.2454433244694536,-21.670997394308078,-23.311936392097845,0.5469796659299218
face,285.0,0.05,20.0,0.2819368617678966,0.5156146704877369,0.4048969354887332,0.07948839402353004,3.93484965e-21,-2.84253270950794e-20,-3.045822599772777e-20,-4.883437028578612e-21,-3.045822599772773e-20,-4.8834370285786125e-21,0.029880065137044897,-8.52759812852382e-20,-9.13746779931833e-20,2.0328989026483703e-21,-7.22399319503336,-7.740632732365713,-1.2410733478923677,-7.740632732365702,-1.241073347892368,-21.67197958510008,-23.221898197097136,0.5166395373323528
face,286.0,0.05,20.0,0.27446895101612917,0.5263953030396361,0.3982714918884697,0.07533320507189431,3.9486561400000006e-21,-2.85215505366532e-20,-3.0447363015466136e-20,-4.883437028578612e-21,-3.044736301546611e-20,-4.8834370285786125e-21,0.02832474407299959,-8.556465160995961e-20,-9.134208904639841e-20,1.9258124788129332e-21,-7.223103133172087,-7.710816524901591,-1.2367339305920446,-7.710816524901585,-1.2367339305920448,-21.66930939951626,-23.132449574704772,0.48771339172950445
face,287.0,0.05,20.0,0.2671242418209126,0.5371068769265722,0.3915377625050305,0.07135536056839739,3.96246263e-21,-2.8613103374540156e-20,-3.043644766188806e-20,-4.883437028578612e-21,-3.0436447661888034e-20,-4.8834370285786125e-21,0.02683600630608998,-8.583931012362047e-20,-9.130934298566417e-20,1.8233442873479024e-21,-7.221040561470268,-7.68119487902604,-1.232424753133536,-7.681194879026035,-1.2324247531335362,-21.663121684410804,-23.043584637078123,0.4601543175557727
face,288.0,0.05,20.0,0.25990385587382797,0.5477423025504276,0.38470768315148884,0.06755001429808355,3.976269120000001e-21,-2.870011491204009e-20,-3.042548030024332e-20,-4.883437028578612e-21,-3.0425480300243304e-20,-4.8834370285786125e-21,0.025412035699577583,-8.610034473612027e-20,-9.127644090072997e-20,1.725365388203234e-21,-7.217850212321666,-7.65176585941027,-1.2281455005184887,-7.651765859410266,-1.228145500518489,-21.653550636964997,-22.95529757823081,0.4339156470886039
face,289.0,0.05,20.0,0.2528087561737809,0.5582947548505724,0.3777929779512934,0.0639122671981342,3.99007561e-21,-2.8782715649149485e-20,-3.041446129383243e-20,-4.883437028578612e-21,-3.0414461293832445e-20,-4.8834370285786125e-21,0.02405099631270713,-8.634814694744845e-20,-9.12433838814973e-20,1.6317456446829477e-21,-7.213576498904862,-7.622527557524763,-1.2238958621083904,-7.622527557524767,-1.2238958621083904,-21.640729496714584,-22.86758267257429,0.40895105861990105
face,290.0,0.05,20.0,0.2458397505640355,0.5687576818293162,0.3708051352132966,0.060437182957387196,4.0038821e-21,-2.8861036878357063e-20,-3.0403391005951655e-20,-4.883437028578612e-21,-3.0403391005951655e-20,-4.8834370285786125e-21,0.022751038251235367,-8.658311063507119e-20,-9.121017301785497e-20,1.542354127594592e-21,-7.208263419733829,-7.593478091163488,-1.219675531549396,-7.593478091163488,-1.2196755315493961,-21.624790259201486,-22.780434273490464,0.38521467142965876
face,291.0,0.05,20.0,0.23899749546350216,0.5791248119108224,0.36375538525135087,0.057119802837826736,4.01768859e-21,-2.893521030132177e-20,-3.0392269799839274e-20,-4.883437028578612e-21,-3.039226979983927e-20,-4.8834370285786125e-21,0.021510303226149878,-8.680563090396532e-20,-9.117680939951782e-20,1.4570594985175007e-21,-7.201954470374163,-7.564615603978225,-1.2154842066987106,-7.564615603978223,-1.2154842066987108,-21.605863411122492,-22.693846811934673,0.36266113360406077
face,292.0,0.05,20.0,0.23228249977436094,0.5893901601527042,0.35665468014586993,0.05395515970142599,4.03149508e-21,-2.9005367666813513e-20,-3.038109803862329e-20,-4.883437028578612e-21,-3.03810980386233e-20,-4.8834370285786125e-21,0.02032692981434349,-8.701610300044053e-20,-9.114329411586986e-20,1.3757303718097747e-21,-7.194692562247531,-7.535938265022834,-1.2113215895524823,-7.535938265022836,-1.2113215895524825,-21.584077686742592,-22.6078147950685,0.3412457027753026
face,293.0,0.05,20.0,0.2256951289483864,0.599548033334256,0.3495136754347153,0.05093829123102876,4.04530157e-21,-2.907164043015892e-20,-3.036987608527057e-20,-4.883437028578612e-21,-3.036987608527056e-20,-4.8834370285786125e-21,0.019199058416999423,-8.721492129047676e-20,-9.110962825581171e-20,1.2982356551116501e-21,-7.186519948414852,-7.507444268307188,-1.2071873861751699,-7.507444268307185,-1.20718738617517,-21.559559845244554,-22.522332804921565,0.3209243198923362
face,294.0,0.05,20.0,0.2192356091946871,0.6095930339495914,0.34234271371144304,0.04806425233896557,4.05910806e-21,-2.913415943430391e-20,-3.035860430253679e-20,-4.883437028578612e-21,-3.0358604302536804e-20,-4.8834370285786125e-21,0.018124835913320998,-8.740247830291173e-20,-9.107581290761038e-20,1.2244448682328826e-21,-7.177478156199643,-7.47913183236043,-1.2030813066303565,-7.479131832360434,-1.2030813066303567,-21.53243446859893,-22.43739549708129,0.3016536761607876
face,295.0,0.05,20.0,0.21290403181191547,0.6195200631379381,0.3351518101002927,0.045328126761769116,4.07291455e-21,-2.9193054612484887e-20,-3.0347283052918325e-20,-4.883437028578612e-21,-3.0347283052918325e-20,-4.8834370285786125e-21,0.017102420008991447,-8.757916383745466e-20,-9.104184915875498e-20,1.154228440433438e-21,-7.16760792648716,-7.450999199803571,-1.1990030649129655,-7.450999199803571,-1.1990030649129655,-21.50282377946148,-22.352997599410713,0.28339127331641123
face,296.0,0.05,20.0,0.2067003576284644,0.6293243225868063,0.32795063956945864,0.042725037843735075,4.08672104e-21,-2.9248454712386084e-20,-3.0335912698604706e-20,-4.883437028578612e-21,-3.033591269860467e-20,-4.8834370285786125e-21,0.016129983280392494,-8.774536413715825e-20,-9.100773809581412e-20,1.0874579862186223e-21,-7.156949159511529,-7.423044636930909,-1.1949523788828542,-7.4230446369309,-1.1949523788828544,-21.470847478534587,-22.269133910792725,0.2660954774193793
face,297.0,0.05,20.0,0.200624421534581,0.6390013154469234,0.3207485260369915,0.040250158516085245,4.1005275300000004e-21,-2.930048704155855e-20,-3.03244936014326e-20,-4.883437028578612e-21,-3.032449360143263e-20,-4.8834370285786125e-21,0.015205716917114953,-8.790146112467564e-20,-9.097348080429779e-20,1.0240065598740516e-21,-7.145540866923175,-7.395266433300253,-1.1909289701997468,-7.395266433300261,-1.190928970199747,-21.436622600769525,-22.185799299900758,0.24972556637707818
face,298.0,0.05,20.0,0.19467593709086287,0.6485468463004799,0.3135544332173146,0.0378987204822056,4.11433402e-21,-2.9349277233780595e-20,-3.0313026122841405e-20,-4.883437028578612e-21,-3.03130261228414e-20,-4.8834370285786125e-21,0.01432783416668843,-8.804783170134178e-20,-9.093907836852421e-20,9.637488890608102e-22,-7.133421129911225,-7.367662901331819,-1.1869325642594792,-7.367662901331817,-1.1869325642594795,-21.400263389733674,-22.102988703995454,0.23424177142059316
face,299.0,0.05,20.0,0.18885450119808284,0.657957020226611,0.3063769571506123,0.03566602262277667,4.1281405100000004e-21,-2.9394949035953386e-20,-3.0301510623828984e-20,-4.883437028578612e-21,-3.0301510623828996e-20,-4.8834370285786125e-21,0.013494573486711674,-8.818484710786016e-20,-9.090453187148695e-20,9.06561587875598e-22,-7.120627063140684,-7.340232375915175,-1.182962890131521,-7.3402323759151775,-1.1829628901315212,-21.36188118942205,-22.020697127745525,0.21960531277449127
face,300.0,0.05,20.0,0.1831595988138691,0.6672282410099193,0.29922432035242325,0.033547438637657474,4.141947e-21,-2.943762411504987e-20,-3.028994746490969e-20,-4.883437028578612e-21,-3.0289947464909687e-20,-4.8834370285786125e-21,0.01270420141070711,-8.831287234514962e-20,-9.086984239472908e-20,8.523233498598214e-22,-7.107194784252399,-7.312973214024634,-1.1790196804977493,-7.312973214024633,-1.1790196804977495,-21.3215843527572,-21.938919642073902,0.20577842977223545
face,200.0,0.1,20.0,0.7959971215703584,0.04161717440757913,0.32477140804412497,0.633611417548296,2.7612980000000003e-21,-1.4509051718254052e-20,-3.115503813924983e-20,-4.883437028578612e-21,-3.1155038139249816e-20,-4.8834370285786125e-21,0.23760468898293646,-4.3527155154762154e-20,-9.346511441774948e-20,1.6645986420995776e-20,-5.254431690550621,-11.282751133434285,-1.768529520746624,-11.282751133434282,-1.7685295207466243,-15.763295071651864,-33.84825340030286,6.028319442883664
face,201.0,0.1,20.0,0.7913175460973925,0.04354836656681392,0.33026817467158726,0.6261834587615989,2.7751044900000003e-21,-1.470222099795081e-20,-3.1149754556540226e-20,-4.883437028578612e-21,-3.1149754556540214e-20,-4.8834370285786125e-21,0.23481924341316202,-4.410666299385243e-20,-9.344926366962068e-20,1.6447533558589417e-20,-5.29789816957516,-11.224714121139353,-1.7597308664145512,-11.22471412113935,-1.7597308664145515,-15.893694508725481,-33.674142363418056,5.926815951564193
face,202.0,0.1,20.0,0.7865988454258281,0.04554005277358959,0.33572220360116456,0.6187377436252459,2.7889109800000003e-21,-1.489575008285732e-20,-3.11443975272158e-20,-4.883437028578612e-21,-3.114439752721581e-20,-4.8834370285786125e-21,0.23202714242212236,-4.4687250248571964e-20,-9.343319258164739e-20,1.6248647444358476e-20,-5.341063300219543,-11.167225397497555,-1.7510193274719048,-11.167225397497559,-1.7510193274719053,-16.02318990065863,-33.50167619249266,5.8261620972780115
face,203.0,0.1,20.0,0.7818421520861144,0.047592846606418035,0.3411300026149351,0.6112771507786469,2.8027174700000003e-21,-1.5089561460287517e-20,-3.113896703447531e-20,-4.883437028578612e-21,-3.113896703447533e-20,-4.8834370285786125e-21,0.22922946571756778,-4.526868438086255e-20,-9.341690110342593e-20,1.6049405574187795e-20,-5.383903879647033,-11.11027685372629,-1.742393616499137,-11.110276853726297,-1.7423936164991372,-16.151711638941098,-33.33083056117887,5.726372974079258
face,204.0,0.1,20.0,0.7770486104934193,0.04970732208291505,0.34648813484733126,0.6038045430697537,2.8165239600000003e-21,-1.5283578091373922e-20,-3.1133463072229955e-20,-4.883437028578612e-21,-3.113346307222995e-20,-4.8834370285786125e-21,0.22642728709666943,-4.5850734274121766e-20,-9.340038921668987e-20,1.5849884980856033e-20,-5.426397328206617,-11.053860543842116,-1.7338524713202195,-11.053860543842115,-1.73385247132022,-16.27919198461985,-33.16158163152635,5.627463215635499
face,205.0,0.1,20.0,0.7722193758817902,0.051884012723681164,0.3517932227890572,0.5963227644872616,2.8303304500000003e-21,-1.547772349358267e-20,-3.112788564492808e-20,-4.883437028578612e-21,-3.112788564492806e-20,-4.8834370285786125e-21,0.22362167329593982,-4.6433170480748013e-20,-9.338365693478425e-20,1.565016215134541e-20,-5.468521703387204,-10.997968680628114,-1.72539465438695,-10.997968680628107,-1.7253946543869505,-16.40556511016161,-32.993906041884344,5.529446977240911
face,206.0,0.1,20.0,0.7673556132464248,0.05412341068794709,0.3570419521312563,0.5888346371807966,2.8441369400000004e-21,-1.5671921820792364e-20,-3.112223476737947e-20,-4.883437028578612e-21,-3.112223476737947e-20,-4.8834370285786125e-21,0.2208136828741461,-4.701576546237709e-20,-9.336670430213841e-20,1.5450312946587105e-20,-5.5102557125088225,-10.942593631718543,-1.7170189521811883,-10.942593631718543,-1.7170189521811885,-16.530767137526468,-32.827780895155634,5.432337919209721
face,207.0,0.1,20.0,0.7624584962960096,0.05642596598195289,0.362231075444075,0.5813429585739721,2.8579434300000004e-21,-1.586609794080628e-20,-3.111651046457906e-20,-4.883437028578612e-21,-3.111651046457905e-20,-4.8834370285786125e-21,0.21800436513004662,-4.759829382241884e-20,-9.334953139373718e-20,1.525041252377278e-20,-5.551578724147902,-10.887727915796798,-1.7087241746344193,-10.887727915796797,-1.7087241746344195,-16.654736172443705,-32.6631837473904,5.3361491916488974
face,208.0,0.1,20.0,0.7575292064218191,0.058792085738432816,0.3673574156794962,0.573850498582071,2.8717499200000004e-21,-1.6060177509987842e-20,-3.1110712771529886e-20,-4.883437028578612e-21,-3.1110712771529886e-20,-4.8834370285786125e-21,0.2151947590593598,-4.8180532529963526e-20,-9.333213831458965e-20,1.5050535261542044e-20,-5.592470778231219,-10.833364198902766,-1.7005091545640614,-10.833364198902766,-1.7005091545640616,-16.777412334693658,-32.50009259670829,5.240893420671547
face,209.0,0.1,20.0,0.7525689316828811,0.06122213356855077,0.3724178694971363,0.5663599969343129,2.88555641e-21,-1.6254087045019323e-20,-3.110484173306643e-20,-4.883437028578612e-21,-3.1104841733066415e-20,-4.8834370285786125e-21,0.21238589235094799,-4.876226113505797e-20,-9.331452519919928e-20,1.4850754688047104e-20,-5.632912594843129,-10.779495290846326,-1.6923727471259562,-10.77949529084632,-1.6923727471259564,-16.898737784529384,-32.338485872538975,5.146582696003196
face,210.0,0.1,20.0,0.7475788658028198,0.06371642898939082,0.37740941041557863,0.5588741605950305,2.8993629e-21,-1.6447753991931716e-20,-3.109889740367725e-20,-4.883437028578612e-21,-3.1098897403677254e-20,-4.8834370285786125e-21,0.20957878042008865,-4.934326197579515e-20,-9.329669221103175e-20,1.4651143411745532e-20,-5.672885581839967,-10.726114141723082,-1.684313829282499,-10.726114141723084,-1.6843138292824995,-17.018656745519902,-32.17834242516925,5.053228559883115
face,211.0,0.1,20.0,0.7425602071816972,0.06627524692633065,0.3823290917839442,0.5513956612897252,2.91316939e-21,-1.6641106792248536e-20,-3.1092879847328224e-20,-4.883437028578612e-21,-3.1092879847328206e-20,-4.8834370285786125e-21,0.2067744254810701,-4.992332037674561e-20,-9.327863954198467e-20,1.4451773055079688e-20,-5.712371841257242,-10.67321383852939,-1.6763312992858996,-10.673213838529385,-1.6763312992858999,-17.137115523771726,-32.01964151558817,4.960841997272149
face,212.0,0.1,20.0,0.7375141579287925,0.06889881728783089,0.3871740495667532,0.5439271331454159,2.92697588e-21,-1.6834074945996583e-20,-3.1086789137285275e-20,-4.883437028578612e-21,-3.108678913728531e-20,-4.8834370285786125e-21,0.20397381566264186,-5.050222483798975e-20,-9.326036741185582e-20,1.4252714191288692e-20,-5.751354174465074,-10.620787601872987,-1.6684240761760605,-10.620787601873,-1.6684240761760607,-17.25406252339522,-31.86236280561896,4.8694334274079125
face,213.0,0.1,20.0,0.7324419229142113,0.07158732461384486,0.39194150494388774,0.5364711704422674,2.94078237e-21,-1.70265890716631e-20,-3.1080625355938186e-20,-4.883437028578612e-21,-3.10806253559382e-20,-4.8834370285786125e-21,0.20117792416518893,-5.1079767214989293e-20,-9.324187606781456e-20,1.4054036284275087e-20,-5.789816086140063,-10.568828782776668,-1.6605910992926047,-10.568828782776672,-1.660591099292605,-17.36944825842019,-31.706486348330003,4.779012696636605
face,214.0,0.1,20.0,0.7273447088352005,0.07434090780016157,0.3966287667292758,0.5290303254705626,2.95458886e-21,-1.72185809632552e-20,-3.107438859462386e-20,-4.883437028578612e-21,-3.1074388594623864e-20,-4.8834370285786125e-21,0.1983877084574032,-5.16557428897656e-20,-9.322316578387158e-20,1.3855807631368658e-20,-5.827741787145031,-10.517330859571391,-1.6528313278005833,-10.517330859571393,-1.6528313278005835,-17.483225361435093,-31.551992578714174,4.689589072426361
face,215.0,0.1,20.0,0.7222237233010333,0.07715965989674088,0.4012332336044515,0.5216071064988076,2.96839535e-21,-1.7409983644310834e-20,-3.106807895345077e-20,-4.883437028578612e-21,-3.106807895345076e-20,-4.8834370285786125e-21,0.19560410951462276,-5.2229950932932503e-20,-9.320423686035232e-20,1.3658095309139937e-20,-5.865116196301424,-10.46628743487648,-1.6451437402294178,-10.466287434876476,-1.645143740229418,-17.595348588904272,-31.39886230462944,4.601171238575056
face,216.0,0.1,20.0,0.7170801739417754,0.08004362797681608,0.4057523961628171,0.5142039758603668,2.98220184e-21,-1.7600731418668547e-20,-3.1061696541123714e-20,-4.883437028578612e-21,-3.10616965411237e-20,-4.8834370285786125e-21,0.19282805110161244,-5.280219425600564e-20,-9.318508962337115e-20,1.3460965122455167e-20,-5.901924941025637,-10.415692232663806,-1.637527334024652,-10.415692232663803,-1.6375273340246521,-17.70577482307691,-31.24707669799142,4.51376729163817
face,217.0,0.1,20.0,0.7119152675381741,0.08299281307760178,0.41018383876844816,0.50682334815395,2.99600833e-21,-1.7790759918120447e-20,-3.1055241474769174e-20,-4.883437028578612e-21,-3.10552414747692e-20,-4.8834370285786125e-21,0.19006043909802997,-5.337227975436134e-20,-9.316572442430752e-20,1.3264481556648727e-20,-5.938154356907428,-10.365539095403374,-1.629981125112096,-10.365539095403381,-1.6299811251120961,-17.814463070722283,-31.09661728621012,4.427384738495946
face,218.0,0.1,20.0,0.7067302091685556,0.08600717021431918,0.41452524123425055,0.4994675885514303,3.00981482e-21,-1.7980006147120746e-20,-3.104871387976177e-20,-4.883437028578612e-21,-3.1048713879761736e-20,-4.8834370285786125e-21,0.1873021608641332,-5.3940018441362237e-20,-9.314614163928532e-20,1.3068707732641027e-20,-5.973791486321655,-10.315821981287796,-1.622504147473967,-10.315821981287783,-1.6225041474739672,-17.921374458964966,-30.94746594386339,4.342030494966141
face,219.0,0.1,20.0,0.7015262013764935,0.08908660846474553,0.418774380317522,0.49213901121773246,3.02362131e-21,-1.8168408524427823e-20,-3.1042113889550934e-20,-4.883437028578612e-21,-3.10421138895509e-20,-4.8834370285786125e-21,0.18455408464850429,-5.450522557328346e-20,-9.312634166865281e-20,1.2873705365123111e-20,-6.008824076063885,-10.266534961532908,-1.615095452736643,-10.266534961532896,-1.6150954527366432,-18.02647222819165,-30.79960488459873,4.257710885469024
face,220.0,0.1,20.0,0.6963044433642956,0.0922309911202703,0.4229291310308681,0.4848398778488616,3.0374278e-21,-1.8355906921523417e-20,-3.103544164548923e-20,-4.883437028578612e-21,-3.103544164548922e-20,-4.8834370285786125e-21,0.18181705904006662,-5.506772076457025e-20,-9.310632493646769e-20,1.2679534723965813e-20,-6.043240573989418,-10.217672217752543,-1.6077541097696582,-10.21767221775254,-1.6077541097696584,-18.129721721968252,-30.65301665325763,4.174431643763125
face,221.0,0.1,20.0,0.6910661302095344,0.09544013590371232,0.42698746777350643,0.4775723963227812,3.05123429e-21,-1.8542442697950242e-20,-3.10286972966613e-20,-4.883437028578612e-21,-3.1028697296661293e-20,-4.8834370285786125e-21,0.17909191246241052,-5.562732809385072e-20,-9.30860918899839e-20,1.2486254598711058e-20,-6.077030124733634,-10.169228039404768,-1.6004792042955873,-10.169228039404766,-1.6004792042955875,-18.2310903742009,-30.507684118214303,4.092197914671133
face,222.0,0.1,20.0,0.685812452100182,0.0987138152553004,0.4309474652890351,0.47033871945566447,3.06504078e-21,-1.8727958733766482e-20,-3.1021880999713866e-20,-4.883437028578612e-21,-3.102188099971388e-20,-4.8834370285786125e-21,0.17637945270762312,-5.618387620129944e-20,-9.30656429991416e-20,1.2293922265947383e-20,-6.1101825646073396,-10.121196821307501,-1.593269838510472,-10.121196821307505,-1.5932698385104724,-18.330547693822016,-30.363590463922502,4.011014256700161
face,223.0,0.1,20.0,0.6805445935914314,0.10205175668366374,0.4348072994498097,0.4631409438665265,3.0788472700000002e-21,-1.891239945904137e-20,-3.10149929186871e-20,-4.883437028578612e-21,-3.101499291868711e-20,-4.8834370285786125e-21,0.17368046651075017,-5.673719837712412e-20,-9.30449787560613e-20,1.2102593459645732e-20,-6.142688415668429,-10.073573061221417,-1.586125130714461,-10.073573061221419,-1.5861251307144613,-18.42806524700529,-30.220719183664247,3.930884645552987
face,224.0,0.1,20.0,0.6752637328893333,0.10545364317697029,0.43856524786739287,0.4559811089556368,3.0926537600000002e-21,-1.909571088025431e-20,-3.1008033224846973e-20,-4.883437028578612e-21,-3.1008033224846973e-20,-4.8834370285786125e-21,0.17099571916691458,-5.728713264076294e-20,-9.302409967454092e-20,1.1912322344592663e-20,-6.174538878951101,-10.026351357497896,-1.579044214952343,-10.026351357497896,-1.5790442149523432,-18.523616636853305,-30.079054072493687,3.8518124785467944
face,225.0,0.1,20.0,0.6699710411590868,0.10891911367361719,0.4422196903345921,0.44886119599179075,3.1064602500000002e-21,-1.9277840603729894e-20,-3.100100209651909e-20,-4.883437028578612e-21,-3.1001002096519056e-20,-4.8834370285786125e-21,0.16832595418924484,-5.783352181118968e-20,-9.300300628955728e-20,1.1723161492789198e-20,-6.2057258269214595,-9.979526406790201,-1.5720262406636658,-9.979526406790189,-1.572026240663666,-18.61717748076438,-29.938579220370602,3.773800579868742
face,226.0,0.1,20.0,0.6646676818530093,0.1124477635938346,0.44576910910631223,0.44178312729985314,3.1202667400000002e-21,-1.9458737856336888e-20,-3.099389971892367e-20,-4.883437028578612e-21,-3.099389971892366e-20,-4.8834370285786125e-21,0.16567189300439406,-5.837621356901066e-20,-9.2981699156771e-20,1.1535161862586781e-20,-6.236241795256545,-9.933093001825757,-1.565070372342145,-9.933093001825753,-1.5650703723421453,-18.708725385769636,-29.799279005477267,3.6968512065692116
face,227.0,0.1,20.0,0.6593548100599936,0.11603914542926301,0.4492120890214867,0.4347487655492503,3.1340732300000002e-21,-1.9638353503437466e-20,-3.098672628401225e-20,-4.883437028578612e-21,-3.098672628401224e-20,-4.8834370285786125e-21,0.16303423468590234,-5.89150605103124e-20,-9.296017885203675e-20,1.1348372780574783e-20,-6.266079973963296,-9.887046029237883,-1.558175789204074,-9.88704602923788,-1.5581757892040742,-18.79823992188989,-29.66113808771365,3.620966055274587
face,228.0,0.1,20.0,0.6540335718817707,0.11969276938488593,0.45254731746668675,0.4277599131484273,3.1478797200000003e-21,-1.9816640063959695e-20,-3.09794819903054e-20,-4.883437028578612e-21,-3.097948199030541e-20,-4.8834370285786125e-21,0.16041365572728367,-5.944992019187909e-20,-9.29384459709162e-20,1.1162841926345706e-20,-6.295234197817346,-9.841380467454899,-1.5513416848654595,-9.841380467454902,-1.55134168486546,-18.88570259345204,-29.524141402364698,3.546146269637553
face,229.0,0.1,20.0,0.6487051038350841,0.12340810407151907,0.45577358418679376,0.4208183117416872,3.1616862100000003e-21,-1.9993551722691444e-20,-3.0972167042732294e-20,-4.883437028578612e-21,-3.097216704273226e-20,-4.8834370285786125e-21,0.15781080985349333,-5.998065516807433e-20,-9.291650112819688e-20,1.097861532004085e-20,-6.323698936173505,-9.796091384645123,-1.5445672670276192,-9.796091384645111,-1.5445672670276194,-18.971096808520517,-29.38827415393537,3.4723924484716178
face,230.0,0.1,20.0,0.6433705322744206,0.12718457725023005,0.4588897809506986,0.4139256417990713,3.1754927000000003e-21,-2.0169044340043853e-20,-3.096478165247145e-20,-4.883437028578612e-21,-3.096478165247147e-20,-4.8834370285786125e-21,0.15522632786727303,-6.050713302013155e-20,-9.289434495741435e-20,1.0795737312427596e-20,-6.351469282245193,-9.751173936715851,-1.5378517571709773,-9.751173936715857,-1.5378517571709776,-19.05440784673558,-29.253521810147554,3.3997046544706575
face,231.0,0.1,20.0,0.6380309728352258,0.13102157662661304,0.4618949010763223,0.4070835222970646,3.1892991900000003e-21,-2.034307545934676e-20,-3.095732603679369e-20,-4.883437028578612e-21,-3.0957326036793656e-20,-4.8834370285786125e-21,0.1526608175295423,-6.102922637804028e-20,-9.287197811038108e-20,1.0614250577446932e-20,-6.3785409418884775,-9.706623365365006,-1.5311943902568173,-9.706623365364996,-1.5311943902568175,-19.135622825665433,-29.11987009609502,3.328082423476529
face,232.0,0.1,20.0,0.632687529902764,0.13491845068893288,0.46478803881660624,0.4002935104944609,3.2031056800000003e-21,-2.0515604311567417e-20,-3.09498004189058e-20,-4.883437028578612e-21,-3.094980041890577e-20,-4.8834370285786125e-21,0.1501148634754618,-6.154681293470225e-20,-9.284940125671739e-20,1.0434196107338382e-20,-6.404910221871735,-9.66243499618339,-1.5245944144367447,-9.66243499618338,-1.524594414436745,-19.214730665615207,-28.987304988550168,3.2575247743116553
face,233.0,0.1,20.0,0.6273412961075959,0.1388745095867665,0.46756838861127514,0.39355710180195835,3.2169121700000003e-21,-2.0686591817494817e-20,-3.0942205027796704e-20,-4.883437028578612e-21,-3.0942205027796716e-20,-4.8834370285786125e-21,0.14758902716563221,-6.205977545248445e-20,-9.282661508339011e-20,1.0255613210301887e-20,-6.430574017659555,-9.618604236806597,-1.5180510907696343,-9.6186042368066,-1.5180510907696345,-19.291722052978663,-28.855812710419787,3.1880302191470418
face,234.0,0.1,20.0,0.6219933518425996,0.1428890260511927,0.47023524421241536,0.38687572973639195,3.2307186600000003e-21,-2.0856000587631718e-20,-3.093454009808494e-20,-4.883437028578612e-21,-3.093454009808493e-20,-4.8834370285786125e-21,0.14508384686901887,-6.256800176289515e-20,-9.280362029425481e-20,1.0078539510453222e-20,-6.455529800800332,-9.575126575114695,-1.5115636929458325,-9.575126575114691,-1.5115636929458327,-19.366589402400997,-28.725379725344084,3.119596774314363
face,235.0,0.1,20.0,0.6166447647991872,0.14696123635587052,0.4727879976898846,0.38025076595424484,3.2445251500000003e-21,-2.1023794919938617e-20,-3.0926805869867713e-20,-4.883437028578612e-21,-3.092680586986772e-20,-4.8834370285786125e-21,0.1425998376755923,-6.307138475981585e-20,-9.278041760960313e-20,9.903010949929096e-21,-6.47977560597384,-9.53199757747839,-1.5051315070184033,-9.531997577478391,-1.5051315070184035,-19.439326817921522,-28.595992732435167,3.0522219715045495
face,236.0,0.1,20.0,0.6112965895268446,0.15109034131346233,0.4752261383193861,0.3736835203671516,3.2583316400000004e-21,-2.118994079536393e-20,-3.0919002588572053e-20,-4.883437028578612e-21,-3.091900258857203e-20,-4.8834370285786125e-21,0.14013749153970284,-6.356982238609179e-20,-9.275700776571616e-20,9.729061793208122e-21,-6.503310017688662,-9.489212887050396,-1.4987538311412067,-9.489212887050389,-1.498753831141207,-19.509930053065986,-28.467638661151188,2.985902869361733
face,237.0,0.1,20.0,0.6059498670189992,0.1552755073023444,0.47754925135731274,0.36717524134034285,3.2721381300000004e-21,-2.135440587114062e-20,-3.091113050480739e-20,-4.883437028578612e-21,-3.091113050480738e-20,-4.8834370285786125e-21,0.13769727735454484,-6.406321761342186e-20,-9.273339151442217e-20,9.55672463366677e-21,-6.526132156633809,-9.446768222100511,-1.4924299753136068,-9.446768222100507,-1.492429975313607,-19.578396469901428,-28.34030466630153,2.9206360654667014
face,238.0,0.1,20.0,0.6006056243215913,0.1595158673235459,0.4797570167097257,0.3607271159667284,3.2859446200000004e-21,-2.1517159472044908e-20,-3.090318987422034e-20,-4.883437028578612e-21,-3.0903189874220303e-20,-4.8834370285786125e-21,0.13527964105497178,-6.455147841613472e-20,-9.270956962266102e-20,9.386030402175431e-21,-6.548241665754216,-9.404659374393333,-1.4861592611316168,-9.40465937439332,-1.486159261131617,-19.64472499726265,-28.213978123179995,2.856417708639116
face,239.0,0.1,20.0,0.5952648741599842,0.16381052208873342,0.48184920750256477,0.3543402704087018,3.2997511100000004e-21,-2.1678172579827732e-20,-3.089518095735076e-20,-4.883437028578612e-21,-3.089518095735076e-20,-4.8834370285786125e-21,0.13288500574569412,-6.50345177394832e-20,-9.268554287205228e-20,9.217008377523027e-21,-6.5696386961220625,-9.362882207607093,-1.479941021545292,-9.362882207607093,-1.4799410215452922,-19.708916088366188,-28.08864662282128,2.79324351148503
face,240.0,0.1,20.0,0.5899286145860602,0.16815854113530798,0.4838256885572637,0.3480157703074283,3.3135576e-21,-2.1837417820830317e-20,-3.0887104019490313e-20,-4.883437028578612e-21,-3.088710401949028e-20,-4.8834370285786125e-21,0.13051377185477026,-6.551225346249095e-20,-9.266131205847094e-20,9.049686198659996e-21,-6.59032389261328,-9.32143265579277,-1.4737746006221868,-9.32143265579276,-1.473774600622187,-19.77097167783984,-27.964297967378307,2.731108763179489
face,241.0,0.1,20.0,0.5845978286498459,0.1725589639624228,0.48568641477546265,0.3417546212621146,3.32736409e-21,-2.1994869451723708e-20,-3.08789593305421e-20,-4.883437028578612e-21,-3.0878959330542086e-20,-4.8834370285786125e-21,0.12816631731332767,-6.598460835517113e-20,-9.263687799162629e-20,8.88408987881839e-21,-6.610298379376844,-9.280306721871876,-1.4676593533167006,-9.280306721871872,-1.4676593533167008,-19.830895138130533,-27.84092016561563,2.6700083424950316
face,242.0,0.1,20.0,0.5792734840947322,0.17701080118578555,0.48743142943896445,0.33555776937525,3.34117058e-21,-2.2150503343481843e-20,-3.087074716488294e-20,-4.883437028578612e-21,-3.087074716488295e-20,-4.8834370285786125e-21,0.12584299776001054,-6.645151003044552e-20,-9.261224149464882e-20,8.720243821401097e-21,-6.6295637451356475,-9.239500476172317,-1.4615946452451438,-9.23950047617232,-1.461594645245144,-19.888691235406938,-27.718501428516955,2.6099367310366706
face,243.0,0.1,20.0,0.5739565330711924,0.18151303571271796,0.4890608624321792,0.3294261018551028,3.35497707e-21,-2.2304296963819712e-20,-3.086246780122704e-20,-4.883437028578612e-21,-3.086246780122704e-20,-4.8834370285786125e-21,0.1235441467668856,-6.691289089145913e-20,-9.258740340368113e-20,8.55817083740733e-21,-6.648122028392794,-9.199010055000775,-1.4555798524663572,-9.199010055000775,-1.4555798524663575,-19.94436608517838,-27.597030165002327,2.550888026607982
face,244.0,0.1,20.0,0.5686479118676568,0.18606462393613274,0.49057492839242084,0.32336044767144645,3.36878356e-21,-2.2456229358206002e-20,-3.085412152249161e-20,-4.883437028578612e-21,-3.08541215224916e-20,-4.8834370285786125e-21,0.12127007608529679,-6.7368688074618e-20,-9.256236456747483e-20,8.397892164285608e-21,-6.66597570257853,-9.158831659250797,-1.4496143612677246,-9.158831659250794,-1.4496143612677248,-19.99792710773559,-27.47649497775239,2.4928559566722677
face,245.0,0.1,20.0,0.5633485406624673,0.19066449694159696,0.49197392479187146,0.3173615782665316,3.38259005e-21,-2.2606281129402565e-20,-3.0845708615664473e-20,-4.883437028578612e-21,-3.084570861566445e-20,-4.8834370285786125e-21,0.11902107591242476,-6.781884338820769e-20,-9.253712584699342e-20,8.239427486261908e-21,-6.683127661125404,-9.118961553045564,-1.443697567956428,-9.118961553045557,-1.4436975679564281,-20.049382983376212,-27.356884659136693,2.43583389192016
face,246.0,0.1,20.0,0.5580593232990542,0.19531156172288994,0.4932582299561118,0.31143020832099827,3.39639654e-21,-2.275443441554362e-20,-3.083722937167365e-20,-4.883437028578612e-21,-3.0837229371673624e-20,-4.8834370285786125e-21,0.11679741517843727,-6.826330324663087e-20,-9.251168811502094e-20,8.082794956130028e-21,-6.6995812024775,-9.079396062414327,-1.437828878655792,-9.07939606241432,-1.4378288786557922,-20.0987436074325,-27.238188187242983,2.379814859936828
face,247.0,0.1,20.0,0.552781147080696,0.20000470240645804,0.49442830102569185,0.3055669965678501,3.4102030300000005e-21,-2.2900672866938113e-20,-3.082868408525868e-20,-4.883437028578612e-21,-3.082868408525871e-20,-4.8834370285786125e-21,0.11459934185165095,-6.870201860081435e-20,-9.248605225577605e-20,7.928011218320567e-21,-6.715340015089398,-9.040131574001526,-1.432007709106578,-9.040131574001535,-1.4320077091065782,-20.146020045268195,-27.120394722004583,2.324791558912129
face,248.0,0.1,20.0,0.5475148825807575,0.20474278148590563,0.49548467186667366,0.2997725466474207,3.42400952e-21,-2.3044981621783267e-20,-3.082007305484414e-20,-4.883437028578612e-21,-3.082007305484412e-20,-4.8834370285786125e-21,0.11242708325905391,-6.91349448653498e-20,-9.246021916453242e-20,7.775091433060875e-21,-6.730408162470082,-9.001164533807762,-1.426233484473084,-9.001164533807755,-1.4262334844730842,-20.191224487410242,-27.003493601423287,2.270756371337681
face,249.0,0.1,20.0,0.5422613834697007,0.20952464106307245,0.4964279509344538,0.29404740800247375,3.4378160100000005e-21,-2.318734728081603e-20,-3.081139658241446e-20,-4.883437028578612e-21,-3.081139658241442e-20,-4.8834370285786125e-21,0.11028084642186742,-6.95620418424481e-20,-9.243418974724337e-20,7.624049301598426e-21,-6.744790068278269,-8.962491445961488,-1.4205056391539148,-8.962491445961478,-1.420505639153915,-20.23437020483481,-26.887474337884463,2.2177013776832184
face,250.0,0.1,20.0,0.5370214863627601,0.2143491040897479,0.49725881909498393,0.2883920768152682,3.4516225e-21,-2.332775788085933e-20,-3.080265497339148e-20,-4.883437028578612e-21,-3.0802654973391477e-20,-4.8834370285786125e-21,0.10816081840683373,-6.998327364257799e-20,-9.240796492017445e-20,7.474897092532153e-21,-6.758490501455281,-8.924108871520996,-1.4148236165972992,-8.924108871520994,-1.4148236165972994,-20.27547150436584,-26.772326614562992,2.165618370065716
face,251.0,0.1,20.0,0.5317960106879782,0.21921497560769182,0.49797802740865993,0.28280699698364825,3.4654289900000005e-21,-2.3466202867343868e-20,-3.0793848536513506e-20,-4.883437028578612e-21,-3.079384853651348e-20,-4.8834370285786125e-21,0.10606716669212768,-7.039860860203161e-20,-9.238154560954052e-20,7.327645669169638e-21,-6.771514561417652,-8.886013427305432,-1.4091868691208158,-8.886013427305425,-1.409186869120816,-20.314543684252957,-26.658040281916296,2.1144988658877804
face,252.0,0.1,20.0,0.5265857585700402,0.22412104398870428,0.49858639488251105,0.27729256112878464,3.47923548e-21,-2.3602673066000906e-20,-3.0784977583716075e-20,-4.883437028578612e-21,-3.078497758371604e-20,-4.8834370285786125e-21,0.10400003954512753,-7.080801919800271e-20,-9.235493275114822e-20,7.182304517715168e-21,-6.783867663364052,-8.848201784754181,-1.4035948577354158,-8.848201784754172,-1.403594857735416,-20.351602990092154,-26.544605354262547,2.06433412139013
face,253.0,0.1,20.0,0.5213915147275393,0.22906608217479923,0.4990848061953229,0.27184911162987785,3.4930419700000006e-21,-2.373716065385158e-20,-3.077604243001506e-20,-4.883437028578612e-21,-3.0776042430015046e-20,-4.8834370285786125e-21,0.10195956641028683,-7.121148196155475e-20,-9.232812729004517e-20,7.038881776163477e-21,-6.795555523729243,-8.810670668813938,-1.3980470519736157,-8.810670668813934,-1.398047051973616,-20.38666657118773,-26.432012006441813,2.0151151450846942
face,254.0,0.1,20.0,0.5162140463863865,0.23404884891383343,0.4994742093995602,0.26647694168660635,3.50684846e-21,-2.3869659129476193e-20,-3.076704339339153e-20,-4.883437028578612e-21,-3.0767043393391506e-20,-4.8834370285786125e-21,0.09994585830740124,-7.160897738842859e-20,-9.230113018017459e-20,6.897384263915337e-21,-6.806584145776346,-8.773416856852585,-1.3925429297217513,-8.773416856852577,-1.3925429297217513,-20.419752437329038,-26.320250570557754,1.9668327110762396
face,255.0,0.1,20.0,0.5110541032122348,0.23906808998559198,0.4997556136043465,0.2611762964100615,3.5206549500000006e-21,-2.4000163282548375e-20,-3.075798079467836e-20,-4.883437028578612e-21,-3.0757980794678334e-20,-4.8834370285786125e-21,0.09795900824054896,-7.200048984764512e-20,-9.227394238403507e-20,6.757817512129983e-21,-6.816959805319283,-8.736437177599115,-1.3870819770561755,-8.736437177599107,-1.3870819770561758,-20.450879415957846,-26.209311532797344,1.9194773722798317
face,256.0,0.1,20.0,0.5059124172599841,0.24412253941787201,0.4999300866442877,0.2559473739378403,3.53446144e-21,-2.412866916274984e-20,-3.074885495744893e-20,-4.883437028578612e-21,-3.074885495744893e-20,-4.8834370285786125e-21,0.09599909161608151,-7.238600748824952e-20,-9.224656487234678e-20,6.6201857946990885e-21,-6.826689036604637,-8.699728510109004,-1.3816636880833,-8.699728510109004,-1.3816636880833002,-20.480067109813913,-26.099185530327013,1.8730394735043674
face,257.0,0.1,20.0,0.5007897029359559,0.24921092069477113,0.4999987527385459,0.250790326566683,3.54826793e-21,-2.4255174048240807e-20,-3.0739666207907753e-20,-4.883437028578612e-21,-3.0739666207907753e-20,-4.8834370285786125e-21,0.09406616666718579,-7.276552214472241e-20,-9.221899862372326e-20,6.4844921596669465e-21,-6.835778618397852,-8.663287782754262,-1.3762875647833652,-8.663287782754262,-1.3762875647833654,-20.507335855193556,-25.989863348262787,1.8275091643564094
face,258.0,0.1,20.0,0.4956866569718242,0.2543319479562546,0.49996279014384265,0.24570526189990288,3.56207442e-21,-2.4379676413760194e-20,-3.073041487478277e-20,-4.883437028578612e-21,-3.073041487478278e-20,-4.8834370285786125e-21,0.09216027488398529,-7.313902924128058e-20,-9.21912446243483e-20,6.350738461022573e-21,-6.844235560289106,-8.627111972237449,-1.3709531168578482,-8.627111972237453,-1.3709531168578484,-20.532706680867317,-25.881335916712345,1.7828764119483425
face,259.0,0.1,20.0,0.49060395841343774,0.25948432718405867,0.4998234288050072,0.24069224401093414,3.57588091e-21,-2.4502175898324902e-20,-3.0721101289219723e-20,-4.883437028578612e-21,-3.0721101289219723e-20,-4.8834370285786125e-21,0.09028144144967834,-7.350652769497471e-20,-9.216330386765917e-20,6.2189253908948214e-21,-6.8520670892042945,-8.591198102629129,-1.3656598615804048,-8.591198102629129,-1.365659861580405,-20.556201267612884,-25.77359430788739,1.7391310134248352
face,260.0,0.1,20.0,0.4855422686263759,0.26466675737009593,0.4995819480070562,0.23575129462284777,3.5896874e-21,-2.4622673272535053e-20,-3.071172578467832e-20,-4.883437028578612e-21,-3.07117257846783e-20,-4.8834370285786125e-21,0.08842967568265699,-7.386801981760515e-20,-9.213517735403496e-20,6.0890525121432686e-21,-6.859280636117521,-8.555543244428002,-1.3604073236512493,-8.555543244427996,-1.3604073236512495,-20.57784190835256,-25.666629733284005,1.6962626083104808
face,261.0,0.1,20.0,0.480502231315499,0.26987793166817536,0.49923967403265146,0.23088239429917332,3.60349389e-21,-2.474117040560908e-20,-3.0702288696830234e-20,-4.883437028578612e-21,-3.070228869683019e-20,-4.8834370285786125e-21,0.08660497148285903,-7.422351121682724e-20,-9.21068660904907e-20,5.961118291221153e-21,-6.8658838229941,-8.520144513643183,-1.3551950350548845,-8.520144513643173,-1.3551950350548847,-20.5976514689823,-25.560433540929548,1.6542606906490838
face,262.0,0.1,20.0,0.47548447255461174,0.2751165385313139,0.4987979778281489,0.22608548364053732,3.61730038e-21,-2.485767023229304e-20,-3.0692790363458986e-20,-4.883437028578612e-21,-3.0692790363458974e-20,-4.8834370285786125e-21,0.08480730778029513,-7.457301069687911e-20,-9.207837109037696e-20,5.835120131165948e-21,-6.871884449997773,-8.484999070898,-1.350022534921087,-8.484999070897997,-1.3500225349210873,-20.61565334999332,-25.454997212694,1.613114620900227
face,263.0,0.1,20.0,0.47048960082616664,0.28038126283323234,0.49825827268120204,0.22136046448556562,3.63110687e-21,-2.4972176719687257e-20,-3.0683231124361774e-20,-4.883437028578612e-21,-3.068323112436178e-20,-4.8834370285786125e-21,0.08303664898516902,-7.491653015906178e-20,-9.204969337308532e-20,5.711054404674517e-21,-6.877290482967045,-8.450104120554782,-1.3448893693890678,-8.450104120554784,-1.344889369389068,-20.631871448901137,-25.350312361664344,1.5728136375877355
face,264.0,0.1,20.0,0.46551820707408337,0.2856707869693025,0.49762201191322847,0.21670720111746916,3.64491336e-21,-2.5084694833955727e-20,-3.067361132125286e-20,-4.883437028578612e-21,-3.067361132125286e-20,-4.8834370285786125e-21,0.0812929454401235,-7.525408450186718e-20,-9.202083396375859e-20,5.588916487297136e-21,-6.882110041143948,-8.415456909859953,-1.3397950914747152,-8.415456909859953,-1.3397950914747154,-20.646330123431845,-25.24637072957986,1.5333468687160057
face,265.0,0.1,20.0,0.46057086477086195,0.2909837919340557,0.49689068659016467,0.21212552147577962,3.65871985e-21,-2.5195230506934804e-20,-3.0663931297668934e-20,-4.883437028578612e-21,-3.0663931297668946e-20,-4.8834370285786125e-21,0.07957613387441259,-7.558569152080441e-20,-9.19917938930068e-20,5.46870079073413e-21,-6.886351385153144,-8.38105472810905,-1.3347392609408484,-8.381054728109053,-1.3347392609408486,-20.659054155459433,-25.14316418432715,1.4947033429559058
face,266.0,0.1,20.0,0.455648129996046,0.29631895837680167,0.4960658232543047,0.20761521836889363,3.67252634e-21,-2.5303790602755866e-20,-3.065419139887637e-20,-4.883437028578612e-21,-3.0654191398876355e-20,-4.8834370285786125e-21,0.07788613785837199,-7.59113718082676e-20,-9.19625741966291e-20,5.350400796120501e-21,-6.890022905255967,-8.346894905831054,-1.329721444170394,-8.34689490583105,-1.3297214441703942,-20.6700687157679,-25.04068471749316,1.4568720005750866
face,267.0,0.1,20.0,0.45075054152261784,0.3016749676376975,0.4951489816793692,0.20317605068293323,3.68633283e-21,-2.541038288459928e-20,-3.0644391971779916e-20,-4.883437028578612e-21,-3.0644391971779904e-20,-4.8834370285786125e-21,0.0762228682565041,-7.623114865379784e-20,-9.193317591533975e-20,5.234009087180635e-21,-6.893133109904046,-8.312974813991474,-1.324741214042415,-8.312974813991472,-1.3247412140424153,-20.679399329712137,-24.938924441974425,1.419841704087429
face,268.0,0.1,20.0,0.44587862091155117,0.3070505027628844,0.4941417526511288,0.19880774458598677,3.7001393200000004e-21,-2.5515015981606288e-20,-3.0634533364833596e-20,-4.883437028578612e-21,-3.0634533364833614e-20,-4.8834370285786125e-21,0.07458622367882659,-7.654504794481886e-20,-9.190360009450078e-20,5.119517383227308e-21,-6.895690614591854,-8.27929186321384,-1.3197981498109135,-8.279291863213846,-1.3197981498109137,-20.687071843775563,-24.83787558964152,1.3836012486219864
face,269.0,0.1,20.0,0.4410328726173905,0.31244424949436644,0.49304575577648624,0.1945099947291474,3.71394581e-21,-2.5617699355913774e-20,-3.0624615927953155e-20,-4.883437028578612e-21,-3.0624615927953155e-20,-4.8834370285786125e-21,0.07297609093101681,-7.685309806774132e-20,-9.187384778385947e-20,5.006916572039381e-21,-6.897704130991015,-8.245843503019005,-1.3148918369863376,-8.245843503019005,-1.3148918369863378,-20.69311239297305,-24.737530509057013,1.348139372027989
face,270.0,0.1,20.0,0.4362137841057788,0.31785489723232535,0.4918626373237916,0.19028246544388303,3.7277523000000004e-21,-2.571844326982574e-20,-3.061464001242997e-20,-4.883437028578612e-21,-3.061464001242998e-20,-4.8834370285786125e-21,0.07139234546317677,-7.715532980947722e-20,-9.184392003728992e-20,4.896196742604231e-21,-6.899182456362709,-8.212627221081714,-1.3100218672197215,-8.212627221081716,-1.3100218672197217,-20.697547369088127,-24.637881663245146,1.3134447647190053
face,271.0,0.1,20.0,0.43142182598018186,0.3232811399717106,0.4905940680962151,0.18612479193207432,3.74155879e-21,-2.5817258753217746e-20,-3.060460597084721e-20,-4.883437028578612e-21,-3.060460597084722e-20,-4.8834370285786125e-21,0.06983485181584613,-7.745177625965324e-20,-9.181381791254162e-20,4.7873472176294626e-21,-6.900134463266778,-8.179640542504266,-1.3051878381893904,-8.17964054250427,-1.3051878381893907,-20.700403389800336,-24.5389216275128,1.2795060792374888
face,272.0,0.1,20.0,0.42665745211463457,0.3287216772156826,0.48924174133936577,0.1820365814449517,3.7553652800000004e-21,-2.591415757127247e-20,-3.059451415699729e-20,-4.883437028578612e-21,-3.0594514156997297e-20,-4.8834370285786125e-21,0.06830346406184963,-7.774247271381741e-20,-9.178354247099187e-20,4.680356585724821e-21,-6.900569089585998,-8.146881029106519,-1.3003893534901647,-8.14688102910652,-1.300389353490165,-20.701707268757993,-24.440643087319554,1.24631193952052
face,273.0,0.1,20.0,0.4219210997926497,0.3341752148649397,0.4878073706848213,0.17801741445023905,3.76917177e-21,-2.6009152192565535e-20,-3.05843649258011e-20,-4.883437028578612e-21,-3.05843649258011e-20,-4.8834370285786125e-21,0.06679802624372005,-7.80274565776966e-20,-9.17530947774033e-20,4.575212733235564e-21,-6.900495328862536,-8.114346278731972,-1.2956260225249994,-8.114346278731972,-1.2956260225249996,-20.701485986587606,-24.343038836195916,1.2138509498694363
face,274.0,0.1,20.0,0.41721318985488015,0.339640466079124,0.48629268813199183,0.17406684578888426,3.7829782600000005e-21,-2.6102255757467222e-20,-3.0574158633229076e-20,-4.883437028578612e-21,-3.057415863322905e-20,-4.8834370285786125e-21,0.06531837280721431,-7.830676727240166e-20,-9.172247589968723e-20,4.471902875761855e-21,-6.899922220929501,-8.082033924569545,-1.2908974603989956,-8.08203392456954,-1.2908974603989958,-20.6997666627885,-24.246101773708638,1.1821117036400453
face,275.0,0.1,20.0,0.41253412685659235,0.3451161521081464,0.4846994420705227,0.17018440582133104,3.79678475e-21,-2.6193482046862277e-20,-3.0563895636223636e-20,-4.883437028578612e-21,-3.056389563622361e-20,-4.8834370285786125e-21,0.06386432903090576,-7.858044614058684e-20,-9.169168690867091e-20,4.370413589361359e-21,-6.898858842830707,-8.049941634490509,-1.2862032878157266,-8.049941634490501,-1.2862032878157268,-20.696576528492123,-24.149824903471526,1.151082791659801
face,276.0,0.1,20.0,0.4078842992326052,0.35060100309526293,0.48302939534426353,0.16636960156047342,3.8105912400000005e-21,-2.6282845451262457e-20,-3.0553576292623477e-20,-4.883437028578612e-21,-3.0553576292623464e-20,-4.8834370285786125e-21,0.06243571145078154,-7.884853635378737e-20,-9.166072887787043e-20,4.27073084136102e-21,-6.897314300040866,-8.018067110400294,-1.2815431309758145,-8.01806711040029,-1.2815431309758145,-20.691942900122598,-24.054201331200883,1.1207528103594284
face,277.0,0.1,20.0,0.403264079466662,0.3560937588547703,0.48128432335713545,0.16262191778809426,3.82439773e-21,-2.6370360940394724e-20,-3.054320096108942e-20,-4.883437028578612e-21,-3.054320096108939e-20,-4.8834370285786125e-21,0.06103232827864512,-7.911108282118417e-20,-9.162960288326827e-20,4.172840020694698e-21,-6.895297718000351,-7.986408087604795,-1.276916621477707,-7.986408087604787,-1.276916621477707,-20.685893154001054,-23.959224262814388,1.0911103696044442
face,278.0,0.1,20.0,0.3986738242649394,0.3615931696241529,0.4794660122218152,0.1589408181540318,3.8382042200000005e-21,-2.645604403328479e-20,-3.0532770001031674e-20,-4.883437028578612e-21,-3.053277000103166e-20,-4.8834370285786125e-21,0.059653979814041566,-7.936813209985437e-20,-9.159831000309502e-20,4.076725967746884e-21,-6.8928182339617114,-7.954962334190667,-1.2723233962205927,-7.954962334190665,-1.2723233962205929,-20.678454701885133,-23.864887002572,1.0621441002289564
face,279.0,0.1,20.0,0.39411387473597875,0.3670979967874493,0.47757625695314404,0.15532574625940676,3.85201071e-21,-2.653991076880284e-20,-3.0522283772539045e-20,-4.883437028578612e-21,-3.052228377253906e-20,-4.8834370285786125e-21,0.05830045885020496,-7.961973230640852e-20,-9.156685131761714e-20,3.982373003736206e-21,-6.8898849891315175,-7.923727650419498,-1.2677630973094078,-7.923727650419502,-1.267763097309408,-20.669654967394553,-23.771182951258496,1.0338426612879812
face,280.0,0.1,20.0,0.38958455657841023,0.37260701356757614,0.4756168597080275,0.15177612672439653,3.8658172000000005e-21,-2.6621977676658854e-20,-3.051174263630936e-20,-4.883437028578612e-21,-3.0511742636309354e-20,-4.8834370285786125e-21,0.05697155107421073,-7.986593302997657e-20,-9.153522790892808e-20,3.889764959650506e-21,-6.8865071210968924,-7.892701868135243,-1.2632353719618743,-7.892701868135242,-1.2632353719618743,-20.65952136329068,-23.67810560440573,1.0061947470383508
face,281.0,0.1,20.0,0.3850861802748106,0.3781190056890226,0.4735896280723333,0.14829136623864395,3.87962369e-21,-2.6702261748897495e-20,-3.050114695358143e-20,-4.883437028578612e-21,-3.0501146953581457e-20,-4.8834370285786125e-21,0.05566703546061591,-8.010678524669249e-20,-9.15034408607443e-20,3.7988852046839374e-21,-6.882693756542531,-7.861882850184738,-1.258739872417526,-7.861882850184744,-1.2587398724175263,-20.648081269627593,-23.585648550554215,0.9791890936422076
face,282.0,0.1,20.0,0.3806190412887541,0.3836327720140621,0.4714963733943676,0.1448708545915703,3.8934301800000006e-21,-2.678078041196265e-20,-3.0490497086068926e-20,-4.883437028578612e-21,-3.049049708606895e-20,-4.8834370285786125e-21,0.054386684657563925,-8.034234123588795e-20,-9.147149125820678e-20,3.709716674106275e-21,-6.878454004268968,-7.831268489851004,-1.2542762558486693,-7.83126848985101,-1.2542762558486695,-20.6353620128069,-23.49380546955301,0.9528144855820362
face,283.0,0.1,20.0,0.3761834202641577,0.38914712515332456,0.4693389091650356,0.14151396568163987,3.90723667e-21,-2.6857551499355794e-20,-3.047979339589528e-20,-4.883437028578612e-21,-3.047979339589525e-20,-4.8834370285786125e-21,0.053130265364996716,-8.057265449806738e-20,-9.143938018768585e-20,3.622241896539488e-21,-6.873796948510875,-7.800856710298862,-1.2498441842732326,-7.800856710298854,-1.2498441842732326,-20.621390845532623,-23.40257013089659,0.927059761787987
face,284.0,0.1,20.0,0.37177958322867893,0.39466089204833227,0.46711904944597743,0.13822005850569022,3.9210431600000006e-21,-2.693259322485994e-20,-3.0469036245530115e-20,-4.883437028578612e-21,-3.0469036245530127e-20,-4.8834370285786125e-21,0.05189753870539239,-8.079777967457983e-20,-9.140710873659034e-20,3.536443020670173e-21,-6.868731642540741,-7.770645464032615,-1.2454433244694534,-7.770645464032618,-1.2454433244694536,-20.606194927622223,-23.311936392097845,0.9019138214918737
face,285.0,0.1,20.0,0.36740778180293543,0.4001729145234825,0.46483860734716403,0.1349884781293534,3.93484965e-21,-2.7005924156302932e-20,-3.045822599772777e-20,-4.883437028578612e-21,-3.045822599772773e-20,-4.8834370285786125e-21,0.050688260587412645,-8.10177724689088e-20,-9.13746779931833e-20,3.452301841424838e-21,-6.863267102544294,-7.740632732365713,-1.2410733478923677,-7.740632732365702,-1.241073347892368,-20.589801307632886,-23.221898197097136,0.8773656298214184
face,286.0,0.1,20.0,0.3630682534147547,0.40568204980813116,0.4624993935542283,0.13181855663764053,3.9486561400000006e-21,-2.7077563189883143e-20,-3.0447363015466136e-20,-4.883437028578612e-21,-3.044736301546611e-20,-4.8834370285786125e-21,0.04950218206211241,-8.123268956964944e-20,-9.134208904639841e-20,3.3697998255829924e-21,-6.857412301766833,-7.710816524901591,-1.2367339305920446,-7.710816524901585,-1.2367339305920448,-20.5722369053005,-23.132449574704772,0.8534042231347579
face,287.0,0.1,20.0,0.35876122151582507,0.4111871710318767,0.46010321490459627,0.1287096140635269,3.96246263e-21,-2.714752952511358e-20,-3.043644766188806e-20,-4.883437028578612e-21,-3.0436447661888034e-20,-4.8834370285786125e-21,0.048339049670901156,-8.144258857534073e-20,-9.130934298566417e-20,3.2889181367744786e-21,-6.851176164938009,-7.68119487902604,-1.232424753133536,-7.681194879026035,-1.2324247531335362,-20.553528494814024,-23.043584637078123,0.8300187140880313
face,288.0,0.1,20.0,0.3544868957991515,0.4166871676950155,0.457651873011666,0.1256609592933185,3.976269120000001e-21,-2.7215842640414474e-20,-3.042548030024332e-20,-4.883437028578612e-21,-3.0425480300243304e-20,-4.8834370285786125e-21,0.04719860578479846,-8.164752792124343e-20,-9.127644090072997e-20,3.2096376598288486e-21,-6.844567562975835,-7.65176585941027,-1.2281455005184887,-7.651765859410266,-1.228145500518489,-20.53370268892751,-22.95529757823081,0.8071982964344345
face,289.0,0.1,20.0,0.3502454724183098,0.4221809461129055,0.4551471629375696,0.12267189094952499,3.99007561e-21,-2.728252226933555e-20,-3.041446129383243e-20,-4.883437028578612e-21,-3.0414461293832445e-20,-4.8834370285786125e-21,0.04608058893525633,-8.184756680800664e-20,-9.12433838814973e-20,3.1319390244968858e-21,-6.837595307958474,-7.622527557524763,-1.2238958621083904,-7.622527557524767,-1.2238958621083904,-20.51278592387542,-22.86758267257429,0.7849322495662897
face,290.0,0.1,20.0,0.3460371342104385,0.4276674298316961,0.452590871915731,0.11974169825257304,4.0038821e-21,-2.73475883773735e-20,-3.0403391005951655e-20,-4.883437028578612e-21,-3.0403391005951655e-20,-4.8834370285786125e-21,0.04498473413704808,-8.204276513212051e-20,-9.121017301785497e-20,3.055802628578153e-21,-6.8302681483487,-7.593478091163488,-1.219675531549396,-7.593478091163488,-1.2196755315493961,-20.4908044450461,-22.780434273490464,0.7632099428147879
face,291.0,0.1,20.0,0.3418620509232128,0.43314556001499965,0.4499847781235749,0.11686966186142535,4.01768859e-21,-2.7411061139382385e-20,-3.0392269799839274e-20,-4.883437028578612e-21,-3.039226979983927e-20,-4.8834370285786125e-21,0.04391077320324858,-8.223318341814715e-20,-9.117680939951782e-20,2.9812086604568887e-21,-6.822594764464406,-7.564615603978225,-1.2154842066987106,-7.564615603978223,-1.2154842066987108,-20.46778429339322,-22.693846811934673,0.7420208395138181
face,292.0,0.1,20.0,0.33772037944380506,0.43861429580405753,0.4473306495042748,0.11405505469166767,4.03149508e-21,-2.7472960917613046e-20,-3.038109803862329e-20,-4.883437028578612e-21,-3.03810980386233e-20,-4.8834370285786125e-21,0.04285843505176675,-8.241888275283914e-20,-9.114329411586986e-20,2.9081371210102425e-21,-6.814583764198231,-7.535938265022834,-1.2113215895524823,-7.535938265022836,-1.2113215895524825,-20.44375129259469,-22.6078147950685,0.721354500824603
face,293.0,0.1,20.0,0.3336122640277384,0.4440726146542367,0.44463024263605,0.11129714270971344,4.04530157e-21,-2.753330824041551e-20,-3.036987608527057e-20,-4.883437028578612e-21,-3.036987608527056e-20,-4.8834370285786125e-21,0.04182744600292436,-8.259992472124653e-20,-9.110962825581171e-20,2.8365678448550618e-21,-6.806243678988686,-7.507444268307188,-1.2071873861751699,-7.507444268307185,-1.20718738617517,-20.418731036966058,-22.522332804921565,0.701200589318502
face,294.0,0.1,20.0,0.3295378365276006,0.4495195126480904,0.44188530164861795,0.10859518570329162,4.05910806e-21,-2.7592123781598885e-20,-3.035860430253679e-20,-4.883437028578612e-21,-3.0358604302536804e-20,-4.8834370285786125e-21,0.040817530068143024,-8.277637134479666e-20,-9.107581290761038e-20,2.766480520937907e-21,-6.797582960035532,-7.47913183236043,-1.2030813066303565,-7.479131832360434,-1.2030813066303567,-20.392748880106595,-22.43739549708129,0.6815488723248986
face,295.0,0.1,20.0,0.3254972166233063,0.45495400478290693,0.4390975571875734,0.10594843802951957,4.07291455e-21,-2.7649428340415347e-20,-3.0347283052918325e-20,-4.883437028578612e-21,-3.0347283052918325e-20,-4.8834370285786125e-21,0.039828409230227804,-8.294828502124604e-20,-9.104184915875498e-20,2.697854712502978e-21,-6.788609974745319,-7.450999199803571,-1.1990030649129655,-7.450999199803571,-1.1990030649129655,-20.365829924235957,-22.352997599410713,0.6623892250582517
face,296.0,0.1,20.0,0.32149051205506535,0.4603751252312975,0.4362687254272745,0.10335614934142812,4.08672104e-21,-2.770524282214441e-20,-3.0335912698604706e-20,-4.883437028578612e-21,-3.033591269860467e-20,-4.8834370285786125e-21,0.038859803715572336,-8.311572846643323e-20,-9.100773809581412e-20,2.6306698764602964e-21,-6.779333003395898,-7.423044636930909,-1.1949523788828542,-7.4230446369309,-1.1949523788828544,-20.337999010187694,-22.269133910792725,0.6437116335350104
face,297.0,0.1,20.0,0.31751781885809655,0.46578192757621,0.4334005071313871,0.10081756529240302,4.1005275300000004e-21,-2.775958821929119e-20,-3.03244936014326e-20,-4.883437028578612e-21,-3.032449360143263e-20,-4.8834370285786125e-21,0.037911432258084826,-8.327876465787357e-20,-9.097348080429779e-20,2.5649053821414084e-21,-6.76976023601802,-7.395266433300253,-1.1909289701997468,-7.395266433300261,-1.190928970199747,-20.30928070805406,-22.185799299900758,0.6255061972822331
face,298.0,0.1,20.0,0.31357922159698126,0.47117348502340617,0.43049458675922514,0.09833192821736868,4.11433402e-21,-2.7812485593427173e-20,-3.0313026122841405e-20,-4.883437028578612e-21,-3.03130261228414e-20,-4.8834370285786125e-21,0.03698301235439457,-8.343745678028152e-20,-9.093907836852421e-20,2.500540529414232e-21,-6.759899769495908,-7.367662901331819,-1.1869325642594792,-7.367662901331817,-1.1869325642594795,-20.279699308487725,-22.102988703995454,0.6077631318359106
face,299.0,0.1,20.0,0.30967479359856,0.4765488905931908,0.42755263161649854,0.09589847779031073,4.1281405100000004e-21,-2.786395605768239e-20,-3.0301510623828984e-20,-4.883437028578612e-21,-3.0301510623828996e-20,-4.8834370285786125e-21,0.03607426051018811,-8.359186817304717e-20,-9.090453187148695e-20,2.4375545661465945e-21,-6.749759604883795,-7.340232375915175,-1.182962890131521,-7.3402323759151775,-1.1829628901315212,-20.249278814651383,-22.020697127745525,0.59047277103138
face,300.0,0.1,20.0,0.30580459718428227,0.4819072572904767,0.4245762910504823,0.09351645165904114,4.141947e-21,-2.7914020759865614e-20,-3.028994746490969e-20,-4.883437028578612e-21,-3.0289947464909687e-20,-4.8834370285786125e-21,0.03518489247801361,-8.374206227959684e-20,-9.086984239472908e-20,2.375926705044079e-21,-6.739347644927763,-7.312973214024634,-1.1790196804977493,-7.312973214024633,-1.1790196804977495,-20.218042934783288,-21.938919642073902,0.5736255690968713
face,200.0,0.15,20.0,0.6973341122844614,0.09160663958663502,0.4221184962578072,0.4862748641555578,2.7612980000000003e-21,-1.8379818878009177e-20,-3.115503813924983e-20,-4.883437028578612e-21,-3.1155038139249816e-20,-4.8834370285786125e-21,0.1823536452901493,-5.513945663402753e-20,-9.346511441774948e-20,1.2775219261240651e-20,-6.656224311178719,-11.282751133434285,-1.768529520746624,-11.282751133434282,-1.7685295207466243,-19.96867293353616,-33.84825340030286,4.626526822255566
face,201.0,0.15,20.0,0.6934587500643418,0.09396753791211569,0.4251474240470851,0.48088503804079924,2.7751044900000003e-21,-1.851867545291469e-20,-3.1149754556540226e-20,-4.883437028578612e-21,-3.1149754556540214e-20,-4.8834370285786125e-21,0.18033250914496202,-5.555602635874406e-20,-9.344926366962068e-20,1.2631079103625537e-20,-6.673145288635488,-11.224714121139353,-1.7597308664145512,-11.22471412113935,-1.7597308664145515,-20.01943586590646,-33.674142363418056,4.5515688325038655
face,202.0,0.15,20.0,0.6895810058239631,0.09635995194526244,0.4281180844615489,0.4755219635931886,2.7889109800000003e-21,-1.8656734025060687e-20,-3.11443975272158e-20,-4.883437028578612e-21,-3.114439752721581e-20,-4.8834370285786125e-21,0.17832140843175975,-5.597020207518206e-20,-9.343319258164739e-20,1.248766350215511e-20,-6.689612597480858,-11.167225397497555,-1.7510193274719048,-11.167225397497559,-1.7510193274719053,-20.068837792442576,-33.50167619249266,4.477612800016696
face,203.0,0.15,20.0,0.685701356159308,0.09878363752009812,0.4310300126411876,0.4701863498387142,2.8027174700000003e-21,-1.879397521792192e-20,-3.113896703447531e-20,-4.883437028578612e-21,-3.113896703447533e-20,-4.8834370285786125e-21,0.17632060924939874,-5.638192565376576e-20,-9.341690110342593e-20,1.2344991816553391e-20,-6.705626028699182,-11.11027685372629,-1.742393616499137,-11.110276853726297,-1.7423936164991372,-20.116878086097547,-33.33083056117887,4.404650825027108
face,204.0,0.15,20.0,0.6818202753228235,0.10123833719564383,0.4338827749630653,0.4648788878412909,2.8165239600000003e-21,-1.8930380159252397e-20,-3.1133463072229955e-20,-4.883437028578612e-21,-3.113346307222995e-20,-4.8834370285786125e-21,0.17433037097074966,-5.679114047775719e-20,-9.340038921668987e-20,1.2203082912977558e-20,-6.721185556416284,-11.053860543842116,-1.7338524713202195,-11.053860543842115,-1.73385247132022,-20.16355666924885,-33.16158163152635,4.332674987425833
face,205.0,0.15,20.0,0.6779382343285242,0.1037237809074286,0.43667596952809445,0.459600249564477,2.8303304500000003e-21,-1.9065930511171764e-20,-3.112788564492808e-20,-4.883437028578612e-21,-3.112788564492806e-20,-4.8834370285786125e-21,0.1723509458161166,-5.719779153351528e-20,-9.338365693478425e-20,1.2061955133756318e-20,-6.736291344062585,-10.997968680628114,-1.72539465438695,-10.997968680628107,-1.7253946543869505,-20.208874032187754,-32.993906041884344,4.26167733656553
face,206.0,0.15,20.0,0.6740556966252071,0.10623968890247901,0.4394092289446277,0.45435108215289327,2.8441369400000004e-21,-1.9200608620364413e-20,-3.112223476737947e-20,-4.883437028578612e-21,-3.112223476737947e-20,-4.8834370285786125e-21,0.17038257670905232,-5.760182586109324e-20,-9.336670430213841e-20,1.1921626147015056e-20,-6.750943792588416,-10.942593631718543,-1.7170189521811883,-10.942593631718543,-1.7170189521811885,-20.252831377765247,-32.827780895155634,4.191649839130128
face,207.0,0.15,20.0,0.6701731150586019,0.10878577403014628,0.4420822218225037,0.44913200414735005,2.8579434300000004e-21,-1.933439761732356e-20,-3.111651046457906e-20,-4.883437028578612e-21,-3.111651046457905e-20,-4.8834370285786125e-21,0.1684254958573141,-5.800319285197068e-20,-9.334953139373718e-20,1.17821128472555e-20,-6.765143569452513,-10.887727915796798,-1.7087241746344193,-10.887727915796797,-1.7087241746344195,-20.29543070835754,-32.6631837473904,4.122584346344286
face,208.0,0.15,20.0,0.6662909332980381,0.11136174119909444,0.44469465100573485,0.44394360779517067,2.8717499200000004e-21,-1.9467281355565333e-20,-3.1110712771529886e-20,-4.883437028578612e-21,-3.1110712771529886e-20,-4.8834370285786125e-21,0.16647992561950858,-5.8401844066696e-20,-9.333213831458965e-20,1.1643431415964553e-20,-6.778891581048718,-10.833364198902766,-1.7005091545640614,-10.833364198902766,-1.7005091545640616,-20.336674743146155,-32.50009259670829,4.0544726178540476
face,209.0,0.15,20.0,0.6624095900436244,0.11396728489451372,0.4472462501237237,0.4387864649817626,2.88555641e-21,-1.9599244255928054e-20,-3.110484173306643e-20,-4.883437028578612e-21,-3.1104841733066415e-20,-4.8834370285786125e-21,0.16454608072969557,-5.879773276778416e-20,-9.331452519919928e-20,1.1505597477138373e-20,-6.79218891303118,-10.779495290846326,-1.6923727471259562,-10.77949529084632,-1.6923727471259564,-20.37656673909354,-32.338485872538975,3.9873063778151447
face,210.0,0.15,20.0,0.6585295214619813,0.1166020877129835,0.4497367816500704,0.43366113063694606,2.8993629e-21,-1.9730271217243917e-20,-3.109889740367725e-20,-4.883437028578612e-21,-3.1098897403677254e-20,-4.8834370285786125e-21,0.16262416957502518,-5.919081365173174e-20,-9.329669221103175e-20,1.1368626186433331e-20,-6.8050367952366075,-10.726114141723082,-1.684313829282499,-10.726114141723084,-1.6843138292824995,-20.41511038570982,-32.17834242516925,3.921077346486475
face,211.0,0.15,20.0,0.6546511593185795,0.11926582176000114,0.45216603784283865,0.4285681403971602,2.91316939e-21,-1.986034767765099e-20,-3.1092879847328224e-20,-4.883437028578612e-21,-3.1092879847328206e-20,-4.8834370285786125e-21,0.16071439331933846,-5.958104303295297e-20,-9.327863954198467e-20,1.1232532169677235e-20,-6.817436619314124,-10.67321383852939,-1.6763312992858996,-10.673213838529385,-1.6763312992858999,-20.45230985794237,-32.01964151558817,3.8557772192152666
face,212.0,0.15,20.0,0.6507749268294684,0.12195815173096318,0.45453384287913695,0.4235080053898999,2.92697588e-21,-1.9989459751197705e-20,-3.1086789137285275e-20,-4.883437028578612e-21,-3.108678913728531e-20,-4.8834370285786125e-21,0.15881694394761114,-5.996837925359311e-20,-9.326036741185582e-20,1.109732938608757e-20,-6.829389981579795,-10.620787601872987,-1.6684240761760605,-10.620787601873,-1.6684240761760607,-20.488169944739383,-31.86236280561896,3.7913976202931914
face,213.0,0.15,20.0,0.6469012365286773,0.12467873676497712,0.45684005341269124,0.41848120982233167,2.94078237e-21,-2.0117594290761296e-20,-3.1080625355938186e-20,-4.883437028578612e-21,-3.10806253559382e-20,-4.8834370285786125e-21,0.15693200336195998,-6.035278287228389e-20,-9.324187606781456e-20,1.096303106517689e-20,-6.840898699607376,-10.568828782776668,-1.6605910992926047,-10.568828782776672,-1.660591099292605,-20.522696098822127,-31.706486348330003,3.7279300831692925
face,214.0,0.15,20.0,0.6430304922445983,0.1274272294671338,0.4590845565765358,0.4134882139563304,2.95458886e-21,-2.024473880976306e-20,-3.107438859462386e-20,-4.883437028578612e-21,-3.1074388594623864e-20,-4.8834370285786125e-21,0.15505974449754242,-6.073421642928918e-20,-9.322316578387158e-20,1.0829649784860798e-20,-6.851964780562755,-10.517330859571391,-1.6528313278005833,-10.517330859571393,-1.6528313278005835,-20.555894341688262,-31.551992578714174,3.6653660790086366
face,215.0,0.15,20.0,0.6391630930615619,0.130203273408899,0.4612672670590781,0.4085294595320229,2.96839535e-21,-2.0370881339843195e-20,-3.106807895345077e-20,-4.883437028578612e-21,-3.106807895345076e-20,-4.8834370285786125e-21,0.1532003333566333,-6.111264401952959e-20,-9.320423686035232e-20,1.0697197613607577e-20,-6.862590368848002,-10.46628743487648,-1.6451437402294178,-10.466287434876476,-1.645143740229418,-20.587771106544007,-31.39886230462944,3.6036970660284777
face,216.0,0.15,20.0,0.6352994352397624,0.13300650193643626,0.4633881256476027,0.40360537241596106,2.98220184e-21,-2.0496010361361265e-20,-3.1061696541123714e-20,-4.883437028578612e-21,-3.10616965411237e-20,-4.8834370285786125e-21,0.15135393000193842,-6.14880310840838e-20,-9.318508962337115e-20,1.0565686179762449e-20,-6.872777719619831,-10.415692232663806,-1.637527334024652,-10.415692232663803,-1.6375273340246521,-20.618333158859492,-31.24707669799142,3.542914513043976
face,217.0,0.15,20.0,0.631439910242427,0.1358365397621103,0.4654470999909255,0.3987163602469642,2.99600833e-21,-2.0620114864888768e-20,-3.1055241474769174e-20,-4.883437028578612e-21,-3.10552414747692e-20,-4.8834370285786125e-21,0.14952068767404397,-6.18603445946663e-20,-9.316572442430752e-20,1.0435126609880406e-20,-6.882529216762481,-10.365539095403374,-1.629981125112096,-10.365539095403381,-1.6299811251120961,-20.64758765028744,-31.09661728621012,3.4830098786408934
face,218.0,0.15,20.0,0.6275849009160028,0.13869300602574344,0.46744418611650745,0.3938628078577491,3.00981482e-21,-2.0743184470779396e-20,-3.104871387976177e-20,-4.883437028578612e-21,-3.1048713879761736e-20,-4.8834370285786125e-21,0.14770075107479375,-6.22295534123382e-20,-9.314614163928532e-20,1.0305529408982376e-20,-6.891847409662033,-10.315821981287796,-1.622504147473967,-10.315821981287783,-1.6225041474739672,-20.6755422289861,-30.94746594386339,3.423974571625764
face,219.0,0.15,20.0,0.6237347795958171,0.14157551608580832,0.4693794086367491,0.3890450752774426,3.02362131e-21,-2.0865209481015643e-20,-3.1042113889550934e-20,-4.883437028578612e-21,-3.10421138895509e-20,-4.8834370285786125e-21,0.145894255618489,-6.259562844304693e-20,-9.312634166865281e-20,1.0176904408535291e-20,-6.900735026575019,-10.266534961532908,-1.615095452736643,-10.266534961532896,-1.6150954527366432,-20.702205079725054,-30.79960488459873,3.36579993495789
face,220.0,0.15,20.0,0.6198899099134854,0.14448368058557828,0.4712528190018727,0.384263500412549,3.0374278e-21,-2.0986180808590007e-20,-3.103544164548923e-20,-4.883437028578612e-21,-3.103544164548922e-20,-4.8834370285786125e-21,0.1441013284374893,-6.295854242577003e-20,-9.310632493646769e-20,1.0049260836899223e-20,-6.9091949473136465,-10.217672217752543,-1.6077541097696582,-10.21767221775254,-1.6077541097696584,-20.727584841940942,-30.65301665325763,3.3084772704388965
face,221.0,0.15,20.0,0.616050650475776,0.1474171030000747,0.47306449304829856,0.3795184039516267,3.05123429e-21,-2.110608984881867e-20,-3.10286972966613e-20,-4.883437028578612e-21,-3.1028697296661293e-20,-4.8834370285786125e-21,0.14232209022168746,-6.331826954645601e-20,-9.30860918899839e-20,9.922607447842628e-21,-6.917230157641769,-10.169228039404768,-1.6004792042955873,-10.169228039404766,-1.6004792042955875,-20.751690472925304,-30.507684118214303,3.251997881762999
face,222.0,0.15,20.0,0.6122173568803839,0.15037537830483552,0.4748145296295611,0.3748100920656034,3.06504078e-21,-2.1224928408441046e-20,-3.1021880999713866e-20,-4.883437028578612e-21,-3.102188099971388e-20,-4.8834370285786125e-21,0.14055665623134705,-6.367478522532314e-20,-9.30656429991416e-20,9.79695259127282e-21,-6.924843723756603,-10.121196821307501,-1.593269838510472,-10.121196821307505,-1.5932698385104724,-20.77453117126981,-30.363590463922502,3.1963530975508974
face,223.0,0.15,20.0,0.608390380235058,0.15335809429244246,0.4765030509449991,0.3701388547625584,3.0788472700000002e-21,-2.134268874835856e-20,-3.10149929186871e-20,-4.883437028578612e-21,-3.101499291868711e-20,-4.8834370285786125e-21,0.1388051356803775,-6.402806624507568e-20,-9.30449787560613e-20,9.672304170328542e-21,-6.9320388043667265,-10.073573061221417,-1.586125130714461,-10.073573061221419,-1.5861251307144613,-20.79611641310018,-30.220719183664247,3.1415342568546905
face,224.0,0.15,20.0,0.6045700636808375,0.15636483453737687,0.47813020356357117,0.36550496189905196,3.0926537600000002e-21,-2.1459363687501785e-20,-3.1008033224846973e-20,-4.883437028578612e-21,-3.1008033224846973e-20,-4.8834370285786125e-21,0.13706763024082264,-6.437809106250536e-20,-9.302409967454092e-20,9.548669537345188e-21,-6.938818682212193,-10.026351357497896,-1.579044214952343,-10.026351357497896,-1.5790442149523432,-20.816456046636578,-30.079054072493687,3.0875326752857024
face,225.0,0.15,20.0,0.6007567402122719,0.15939518048593138,0.4796961586035935,0.36090866091047513,3.1064602500000002e-21,-2.1574946661606472e-20,-3.100100209651909e-20,-4.883437028578612e-21,-3.1001002096519056e-20,-4.8834370285786125e-21,0.13534423319197475,-6.472483998481942e-20,-9.300300628955728e-20,9.42605543491262e-21,-6.94518678022887,-9.979526406790201,-1.5720262406636658,-9.979526406790189,-1.572026240663666,-20.83556034068661,-29.938579220370602,3.0343396265613314
face,226.0,0.15,20.0,0.5969507337752145,0.16244871100433805,0.481201110440895,0.35635017855476697,3.1202667400000002e-21,-2.1689431677071626e-20,-3.099389971892367e-20,-4.883437028578612e-21,-3.099389971892366e-20,-4.8834370285786125e-21,0.13363503007447708,-6.506829503121488e-20,-9.2981699156771e-20,9.304468041852043e-21,-6.951146643658941,-9.933093001825757,-1.565070372342145,-9.933093001825753,-1.5650703723421453,-20.853439930976823,-29.799279005477267,2.9819463581668155
face,227.0,0.15,20.0,0.5931523625686261,0.16552500008349064,0.48264527469576646,0.3518297252207429,3.1340732300000002e-21,-2.1802813197915455e-20,-3.098672628401225e-20,-4.883437028578612e-21,-3.098672628401224e-20,-4.8834370285786125e-21,0.13194010030613212,-6.540843959374636e-20,-9.296017885203675e-20,9.183913086096795e-21,-6.956701901287563,-9.887046029237883,-1.558175789204074,-9.88704602923788,-1.5581757892040742,-20.870105703862688,-29.66113808771365,2.9303441279503204
face,228.0,0.15,20.0,0.589361941532432,0.16862361506201376,0.4840288868111084,0.3473474981268779,3.1478797200000003e-21,-2.1915086061843087e-20,-3.09794819903054e-20,-4.883437028578612e-21,-3.097948199030541e-20,-4.8834370285786125e-21,0.13025951838162364,-6.574525818552926e-20,-9.29384459709162e-20,9.064395928462313e-21,-6.96185623694767,-9.841380467454899,-1.5513416848654595,-9.841380467454902,-1.55134168486546,-20.88556871084301,-29.524141402364698,2.8795242305072293
face,229.0,0.15,20.0,0.585579781849595,0.17174411721182925,0.48535220187715145,0.3429036809110193,3.1616862100000003e-21,-2.202624549058519e-20,-3.0972167042732294e-20,-4.883437028578612e-21,-3.097216704273226e-20,-4.8834370285786125e-21,0.12859335371884847,-6.607873647175557e-20,-9.291650112819688e-20,8.945921552147105e-21,-6.966613391588025,-9.796091384645123,-1.5445672670276192,-9.796091384645111,-1.5445672670276194,-20.899840174764076,-29.38827415393537,2.8294779930570986
face,230.0,0.15,20.0,0.5818061880246933,0.17488606437443818,0.486615495201737,0.33849844042382476,3.1754927000000003e-21,-2.2136287173127422e-20,-3.096478165247145e-20,-4.883437028578612e-21,-3.096478165247147e-20,-4.8834370285786125e-21,0.12694166945665986,-6.640886151938227e-20,-9.289434495741435e-20,8.828494479344027e-21,-6.970977188241504,-9.751173936715851,-1.5378517571709773,-9.751173936715857,-1.5378517571709776,-20.91293156472451,-29.253521810147554,2.7801967484743475
face,231.0,0.15,20.0,0.5780414552134466,0.17804901351838576,0.4878190625363352,0.334131923945279,3.1892991900000003e-21,-2.2245207337743108e-20,-3.095732603679369e-20,-4.883437028578612e-21,-3.0957326036793656e-20,-4.8834370285786125e-21,0.12530452141126208,-6.673562201322932e-20,-9.287197811038108e-20,8.712118699050584e-21,-6.9749515528341215,-9.706623365365006,-1.5311943902568173,-9.706623365364996,-1.5311943902568175,-20.924854658502365,-29.11987009609502,2.7316718125308848
face,232.0,0.15,20.0,0.5742858691570433,0.18123252119937408,0.4889632192871653,0.32980425951346065,3.2031056800000003e-21,-2.2353002742750146e-20,-3.09498004189058e-20,-4.883437028578612e-21,-3.094980041890577e-20,-4.8834370285786125e-21,0.12368195819967479,-6.705900822825043e-20,-9.284940125671739e-20,8.596797676155652e-21,-6.978540509081843,-9.66243499618339,-1.5245944144367447,-9.66243499618338,-1.524594414436745,-20.935621527245527,-28.987304988550168,2.6838944871015467
face,233.0,0.15,20.0,0.5705397087316635,0.18443614177628442,0.4900482989841042,0.3255155592396114,3.2169121700000003e-21,-2.2459670589435938e-20,-3.0942205027796704e-20,-4.883437028578612e-21,-3.0942205027796716e-20,-4.8834370285786125e-21,0.12207402248302926,-6.737901176830782e-20,-9.282661508339011e-20,8.482534438360766e-21,-6.981748149324181,-9.618604236806597,-1.5180510907696343,-9.6186042368066,-1.5180510907696345,-20.945244447972545,-28.855812710419787,2.636856087482415
face,234.0,0.15,20.0,0.5668032488805003,0.18765942518048978,0.4910746518780199,0.3212659229414903,3.2307186600000003e-21,-2.2565208426816098e-20,-3.093454009808494e-20,-4.883437028578612e-21,-3.093454009808493e-20,-4.8834370285786125e-21,0.12048075232920379,-6.769562528044829e-20,-9.280362029425481e-20,8.369331671268843e-21,-6.984578603577972,-9.575126575114695,-1.5115636929458325,-9.575126575114691,-1.5115636929458327,-20.953735810733914,-28.725379725344084,2.5905479715367234
face,235.0,0.15,20.0,0.5630767614587415,0.19090191637738146,0.492042644327754,0.3170554392948645,3.2445251500000003e-21,-2.2669614121174615e-20,-3.0926805869867713e-20,-4.883437028578612e-21,-3.092680586986772e-20,-4.8834370285786125e-21,0.11890218164476665,-6.800884236352384e-20,-9.278041760960313e-20,8.257191748693098e-21,-6.987036029347657,-9.53199757747839,-1.5051315070184033,-9.531997577478391,-1.5051315070184035,-20.96110808804297,-28.595992732435167,2.5449615481307326
face,236.0,0.15,20.0,0.5593605133822881,0.19416315716672072,0.49295265890198237,0.3128841839312969,3.2583316400000004e-21,-2.2772885905143718e-20,-3.0919002588572053e-20,-4.883437028578612e-21,-3.091900258857203e-20,-4.8834370285786125e-21,0.11733833946179949,-6.831865771543116e-20,-9.275700776571616e-20,8.146116683428335e-21,-6.989124626105805,-9.489212887050396,-1.4987538311412067,-9.489212887050389,-1.498753831141207,-20.967373878317417,-28.467638661151188,2.5000882609445902
face,237.0,0.15,20.0,0.5556547637545026,0.1974426889740669,0.493805094542861,0.3087522164830721,3.2721381300000004e-21,-2.2875022454079758e-20,-3.091113050480739e-20,-4.883437028578612e-21,-3.091113050480738e-20,-4.8834370285786125e-21,0.11578924882990602,-6.862506736223927e-20,-9.273339151442217e-20,8.036108050727634e-21,-6.9908486577489795,-9.446768222100511,-1.4924299753136068,-9.446768222100507,-1.492429975313607,-20.972545973246937,-28.34030466630153,2.455919564351531
face,238.0,0.15,20.0,0.5519597624298688,0.20074005448189963,0.4946003661764632,0.3046595793416372,3.2859446200000004e-21,-2.2976022917693745e-20,-3.090318987422034e-20,-4.883437028578612e-21,-3.0903189874220303e-20,-4.8834370285786125e-21,0.11425492635077222,-6.892806875308124e-20,-9.270956962266102e-20,7.927166956526594e-21,-6.992212460870306,-9.404659374393333,-1.4861592611316168,-9.40465937439332,-1.486159261131617,-20.976637382610917,-28.213978123179995,2.412446913523026
face,239.0,0.15,20.0,0.5482757511935694,0.204054796959734,0.4953389036933932,0.30060629934687283,3.2997511100000004e-21,-2.307588687536408e-20,-3.089518095735076e-20,-4.883437028578612e-21,-3.089518095735076e-20,-4.8834370285786125e-21,0.1127353828117519,-6.922766062609223e-20,-9.268554287205228e-20,7.81929408198668e-21,-6.993220429696007,-9.362882207607093,-1.479941021545292,-9.362882207607093,-1.4799410215452922,-20.97966128908802,-28.08864662282128,2.369661777911086
face,240.0,0.15,20.0,0.5446029665518756,0.20738645807335215,0.49602115074954456,0.2965923911771033,3.3135576e-21,-2.317461424728269e-20,-3.0887104019490313e-20,-4.883437028578612e-21,-3.088710401949028e-20,-4.8834370285786125e-21,0.11123062445719675,-6.952384274184807e-20,-9.266131205847094e-20,7.712489772207622e-21,-6.9938769880694664,-9.32143265579277,-1.4737746006221868,-9.32143265579276,-1.473774600622187,-20.9816309642084,-27.964297967378307,2.327555667723302
face,241.0,0.15,20.0,0.5409416418625872,0.21073457617581715,0.4966475639231913,0.29261785990099154,3.32736409e-21,-2.327220522753304e-20,-3.08789593305421e-20,-4.883437028578612e-21,-3.0878959330542086e-20,-4.8834370285786125e-21,0.1097406539454853,-6.981661568259911e-20,-9.263687799162629e-20,7.606754103009058e-21,-6.994186568724145,-9.280306721871876,-1.4676593533167006,-9.280306721871872,-1.4676593533167008,-20.982559706172434,-27.84092016561563,2.2861201531477304
face,242.0,0.15,20.0,0.5372920071569017,0.21409868664088869,0.49721861240441917,0.2886827009546921,3.34117058e-21,-2.3368660284187367e-20,-3.087074716488294e-20,-4.883437028578612e-21,-3.087074716488295e-20,-4.8834370285786125e-21,0.10826547034054017,-7.010598085256211e-20,-9.261224149464882e-20,7.502086880695573e-21,-6.994153613129015,-9.239500476172317,-1.4615946452451438,-9.23950047617232,-1.461594645245144,-20.982460839387045,-27.718501428516955,2.245346863043303
face,243.0,0.15,20.0,0.5336542869135942,0.21747832411406834,0.49773477794467497,0.28478689794125667,3.35497707e-21,-2.3463980215964053e-20,-3.086246780122704e-20,-4.883437028578612e-21,-3.086246780122704e-20,-4.8834370285786125e-21,0.10680506828671232,-7.039194064789216e-20,-9.258740340368113e-20,7.398487585262988e-21,-6.993782588196364,-9.199010055000775,-1.4555798524663572,-9.199010055000775,-1.4555798524663575,-20.981347764589092,-27.597030165002327,2.205227466804412
face,244.0,0.15,20.0,0.5300286976588443,0.22087302502424197,0.49819655463382745,0.2809304203419306,3.36878356e-21,-2.355816621104896e-20,-3.085412152249161e-20,-4.883437028578612e-21,-3.08541215224916e-20,-4.8834370285786125e-21,0.1053594371506261,-7.067449863314688e-20,-9.256236456747483e-20,7.295955311442649e-21,-6.993078003221127,-9.158831659250797,-1.4496143612677246,-9.158831659250794,-1.4496143612677248,-20.97923400966338,-27.47649497775239,2.1657536560296706
face,245.0,0.15,20.0,0.5264154473281695,0.22428232852937782,0.4986044482849054,0.2771132231857168,3.38259005e-21,-2.3651219854944146e-20,-3.0845708615664473e-20,-4.883437028578612e-21,-3.084570861566445e-20,-4.8834370285786125e-21,0.10392856089734655,-7.095365956483244e-20,-9.253712584699342e-20,7.194488760720327e-21,-6.992044411336262,-9.118961553045564,-1.443697567956428,-9.118961553045557,-1.4436975679564281,-20.976133234008785,-27.356884659136693,2.1269171417093027
face,246.0,0.15,20.0,0.5228147368762501,0.2277057753424824,0.49895897556253493,0.27333524909498264,3.39639654e-21,-2.3743143076614307e-20,-3.083722937167365e-20,-4.883437028578612e-21,-3.0837229371673624e-20,-4.8834370285786125e-21,0.10251241885752005,-7.122942922984293e-20,-9.251168811502094e-20,7.094086295059342e-21,-6.9906863927656415,-9.079396062414327,-1.437828878655792,-9.07939606241432,-1.4378288786557922,-20.972059178296927,-27.238188187242983,2.0887096696486864
face,247.0,0.15,20.0,0.5192267628624163,0.23114290554775127,0.49926066317966483,0.2695964312725839,3.4102030300000005e-21,-2.3833938070292234e-20,-3.082868408525868e-20,-4.883437028578612e-21,-3.082868408525871e-20,-4.8834370285786125e-21,0.10111098684755204,-7.15018142108767e-20,-9.248605225577605e-20,6.994746014966446e-21,-6.989008531346074,-9.040131574001526,-1.432007709106578,-9.040131574001535,-1.4320077091065782,-20.967025594038223,-27.120394722004583,2.051123042655453
face,248.0,0.15,20.0,0.5156517190421788,0.23459325726679653,0.4995100473820494,0.26589669535115407,3.42400952e-21,-2.3923607246934435e-20,-3.082007305484414e-20,-4.883437028578612e-21,-3.082007305484412e-20,-4.8834370285786125e-21,0.09972423786309581,-7.177082174080331e-20,-9.246021916453242e-20,6.896465807909707e-21,-6.9870154002768174,-9.001164533807762,-1.426233484473084,-9.001164533807755,-1.4262334844730842,-20.961046200830452,-27.003493601423287,2.0141491335309447
face,249.0,0.15,20.0,0.5120897958321458,0.2380563673311172,0.4997076736734741,0.26223595899540875,3.4378160100000005e-21,-2.4012153244020124e-20,-3.081139658241446e-20,-4.883437028578612e-21,-3.081139658241442e-20,-4.8834370285786125e-21,0.09835214192994642,-7.203645973206037e-20,-9.243418974724337e-20,6.799243338394333e-21,-6.984711565183536,-8.962491445961488,-1.4205056391539148,-8.962491445961478,-1.420505639153915,-20.95413469555061,-26.887474337884463,1.9777798807779512
face,250.0,0.15,20.0,0.5085411781695407,0.24153177355498315,0.4998540965509523,0.2586141298940645,3.4516225e-21,-2.4099578977059076e-20,-3.080265497339148e-20,-4.883437028578612e-21,-3.0802654973391477e-20,-4.8834370285786125e-21,0.09699466535106457,-7.229873693117723e-20,-9.240796492017445e-20,6.7030759963324074e-21,-6.982101599192575,-8.924108871520996,-1.4148236165972992,-8.924108871520994,-1.4148236165972994,-20.946304797577724,-26.772326614562992,1.9420072723284214
face,251.0,0.15,20.0,0.5050060434714528,0.24501901699978523,0.49994987905752386,0.2550311039426909,3.4654289900000005e-21,-2.4185887686035455e-20,-3.0793848536513506e-20,-4.883437028578612e-21,-3.079384853651348e-20,-4.8834370285786125e-21,0.095651770025199,-7.255766305810636e-20,-9.238154560954052e-20,6.607960850478051e-21,-6.979190096183576,-8.886013427305432,-1.4091868691208158,-8.886013427305425,-1.409186869120816,-20.937570288550727,-26.658040281916296,1.9068233311218563
face,252.0,0.15,20.0,0.5014845612563152,0.2485176426658085,0.4999955921557525,0.251486765178439,3.47923548e-21,-2.427108293636639e-20,-3.0784977583716075e-20,-4.883437028578612e-21,-3.078497758371604e-20,-4.8834370285786125e-21,0.09432341342242842,-7.281324880909917e-20,-9.235493275114822e-20,6.513894647349684e-21,-6.975981670653229,-8.848201784754181,-1.4035948577354158,-8.848201784754172,-1.403594857735416,-20.927945011959686,-26.544605354262547,1.872220114100953
face,253.0,0.15,20.0,0.49797689469912393,0.25202719825593456,0.4999918140898832,0.24798098765418236,3.4930419700000006e-21,-2.435516856962683e-20,-3.077604243001506e-20,-4.883437028578612e-21,-3.0776042430015046e-20,-4.8834370285786125e-21,0.09300954928693433,-7.306550570888049e-20,-9.232812729004517e-20,6.420873860388228e-21,-6.972480943201156,-8.810670668813938,-1.3980470519736157,-8.810670668813934,-1.398047051973616,-20.91744282960347,-26.432012006441813,1.8381897256127806
face,254.0,0.15,20.0,0.49448320296323933,0.2555472320863055,0.4999391299009104,0.24451363801278414,3.50684846e-21,-2.443814863624026e-20,-3.076704339339153e-20,-4.883437028578612e-21,-3.0767043393391506e-20,-4.8834370285786125e-21,0.09171012860228808,-7.331444590872078e-20,-9.230113018017459e-20,6.32889475715127e-21,-6.968692521216117,-8.773416856852585,-1.3925429297217513,-8.773416856852577,-1.3925429297217513,-20.906077563648353,-26.320250570557754,1.8047243356364675
face,255.0,0.15,20.0,0.4910036426336311,0.2590772918122324,0.49983813110827324,0.24108457707949452,3.5206549500000006e-21,-2.452002735370332e-20,-3.075798079467836e-20,-4.883437028578612e-21,-3.0757980794678334e-20,-4.8834370285786125e-21,0.090425100188538,-7.356008206110996e-20,-9.227394238403507e-20,6.237953440975037e-21,-6.964620987269234,-8.736437177599115,-1.3870819770561755,-8.736437177599107,-1.3870819770561758,-20.893862961807702,-26.209311532797344,1.7718161903298806
face,256.0,0.15,20.0,0.4875383672938066,0.26261692499589745,0.49968941542059186,0.23769365958351069,3.53446144e-21,-2.4600809113278793e-20,-3.074885495744893e-20,-4.883437028578612e-21,-3.074885495744893e-20,-4.8834370285786125e-21,0.08915441059776189,-7.380242733983638e-20,-9.224656487234678e-20,6.148045844170134e-21,-6.960270901492362,-8.699728510109004,-1.3816636880833,-8.699728510109004,-1.3816636880833002,-20.880812704477087,-26.099185530327013,1.739457608616642
face,257.0,0.15,20.0,0.4840875256587285,0.26616568118093314,0.49949358632067675,0.2343407324983901,3.54826793e-21,-2.468049852237752e-20,-3.0739666207907753e-20,-4.883437028578612e-21,-3.0739666207907753e-20,-4.8834370285786125e-21,0.08789800349171985,-7.404149556713256e-20,-9.221899862372326e-20,6.059167685530234e-21,-6.955646813959035,-8.663287782754262,-1.3762875647833652,-8.663287782754262,-1.3762875647833654,-20.866940441877105,-25.989863348262787,1.7076409687952268
face,258.0,0.15,20.0,0.48065125968706485,0.2697231140646325,0.4992512524966051,0.23102563343876226,3.56207442e-21,-2.4759100445385802e-20,-3.073041487478277e-20,-4.883437028578612e-21,-3.073041487478278e-20,-4.8834370285786125e-21,0.08665581904062071,-7.427730133615741e-20,-9.21912446243483e-20,5.971314429396965e-21,-6.950753276341094,-8.627111972237449,-1.3709531168578482,-8.627111972237453,-1.3709531168578484,-20.852259829023282,-25.881335916712345,1.6763586958963548
face,259.0,0.15,20.0,0.4772297040528611,0.27328878232465925,0.49896302724495945,0.22774819043038136,3.57588091e-21,-2.483662000891098e-20,-3.0721101289219723e-20,-4.883437028578612e-21,-3.0721101289219723e-20,-4.8834370285786125e-21,0.08542779383685692,-7.450986002673293e-20,-9.216330386765917e-20,5.884481280308744e-21,-6.945594843344764,-8.591198102629129,-1.3656598615804048,-8.591198102629129,-1.365659861580405,-20.83678453003429,-25.77359430788739,1.645603259284366
face,260.0,0.15,20.0,0.47382298734738587,0.2768622486440293,0.4986295280171698,0.224508223338801,3.5896874e-21,-2.4913062564164834e-20,-3.071172578467832e-20,-4.883437028578612e-21,-3.07117257846783e-20,-4.8834370285786125e-21,0.0842138614306691,-7.47391876924945e-20,-9.213517735403496e-20,5.798663220513487e-21,-6.940176062173222,-8.555543244428002,-1.3604073236512493,-8.555543244427996,-1.3604073236512495,-20.820528186519667,-25.666629733284005,1.6153671822547797
face,261.0,0.15,20.0,0.47043123416266996,0.2804430777504729,0.4982513761737143,0.22130554607581282,3.60349389e-21,-2.4988433629337376e-20,-3.0702288696830234e-20,-4.883437028578612e-21,-3.070228869683019e-20,-4.8834370285786125e-21,0.0830139531574318,-7.496530088801213e-20,-9.21068660904907e-20,5.713855067492857e-21,-6.934501456678584,-8.520144513643183,-1.3551950350548845,-8.520144513643173,-1.3551950350548847,-20.803504370035753,-25.560433540929548,1.5856430569645998
face,262.0,0.15,20.0,0.46705456663386663,0.28403083494581577,0.49782919684063537,0.21813996821354897,3.61730038e-21,-2.5062738847375927e-20,-3.0692790363458986e-20,-4.883437028578612e-21,-3.0692790363458974e-20,-4.8834370285786125e-21,0.08182799874280966,-7.518821654212778e-20,-9.207837109037696e-20,5.630051516083059e-21,-6.928575516135579,-8.484999070898,-1.350022534921087,-8.484999070897997,-1.3500225349210873,-20.785726548406736,-25.454997212694,1.5564235547624217
face,263.0,0.15,20.0,0.463693104447059,0.28762508621763316,0.4973636186706157,0.21501129511175118,3.63110687e-21,-2.5135983982210925e-20,-3.0683231124361774e-20,-4.883437028578612e-21,-3.068323112436178e-20,-4.8834370285786125e-21,0.08065592635038157,-7.540795194663278e-20,-9.204969337308532e-20,5.5472471421508495e-21,-6.922402694859522,-8.450104120554782,-1.3448893693890678,-8.450104120554784,-1.344889369389068,-20.76720808457857,-25.350312361664344,1.527701425695259
face,264.0,0.15,20.0,0.4603469634047017,0.29122539990652635,0.49685527337754387,0.21191932671592978,3.64491336e-21,-2.5208174949262852e-20,-3.067361132125286e-20,-4.883437028578612e-21,-3.067361132125286e-20,-4.8834370285786125e-21,0.07949766213088724,-7.562452484778855e-20,-9.202083396375859e-20,5.465436371990011e-21,-6.915987421238142,-8.415456909859953,-1.3397950914747152,-8.415456909859953,-1.3397950914747154,-20.747962263714424,-25.24637072957986,1.4994694886218118
face,265.0,0.15,20.0,0.45701625361206333,0.29483134884147916,0.4963047950929151,0.20886385606560579,3.65871985e-21,-2.527931785334949e-20,-3.0663931297668934e-20,-4.883437028578612e-21,-3.0663931297668946e-20,-4.8834370285786125e-21,0.07835312966276896,-7.583795356004847e-20,-9.19917938930068e-20,5.3846134443194446e-21,-6.909334108581582,-8.38105472810905,-1.3347392609408484,-8.381054728109053,-1.3347392609408486,-20.728002325744747,-25.14316418432715,1.471720619527468
face,266.0,0.15,20.0,0.45370107855865655,0.2984425115679751,0.4957128197467366,0.20584466868528825,3.67252634e-21,-2.5349419003752474e-20,-3.065419139887637e-20,-4.883437028578612e-21,-3.0654191398876355e-20,-4.8834370285786125e-21,0.07722224972371253,-7.604825701125743e-20,-9.19625741966291e-20,5.304772395123893e-21,-6.902447159508316,-8.346894905831054,-1.329721444170394,-8.34689490583105,-1.3297214441703942,-20.70734147852495,-25.04068471749316,1.4444477463227376
face,267.0,0.15,20.0,0.4504015357199504,0.3020584719389889,0.4950799846821212,0.20286154337888976,3.68633283e-21,-2.541848489308805e-20,-3.0644391971779916e-20,-4.883437028578612e-21,-3.0644391971779904e-20,-4.8834370285786125e-21,0.07610494058842256,-7.625545467926415e-20,-9.193317591533975e-20,5.225907078691865e-21,-6.895330960413591,-8.312974813991474,-1.324741214042415,-8.312974813991472,-1.3247412140424153,-20.68599288124077,-24.938924441974425,1.4176438535778835
face,268.0,0.15,20.0,0.4471177182732259,0.30567881744740405,0.4944069285587402,0.1999142539938558,3.7001393200000004e-21,-2.5486522151247277e-20,-3.0634533364833596e-20,-4.883437028578612e-21,-3.0634533364833614e-20,-4.8834370285786125e-21,0.07500111868998852,-7.645956645374184e-20,-9.190360009450078e-20,5.1480112135863195e-21,-6.887989869323968,-8.27929186321384,-1.3197981498109135,-8.279291863213846,-1.3197981498109137,-20.663969607971904,-24.83787558964152,1.391301993889873
face,269.0,0.15,20.0,0.4438497168063761,0.3093031374963481,0.4936942913945517,0.19700257110910024,3.71394581e-21,-2.555353750139705e-20,-3.0624615927953155e-20,-4.883437028578612e-21,-3.0624615927953155e-20,-4.8834370285786125e-21,0.07391069925265976,-7.666061250419115e-20,-9.187384778385947e-20,5.071078426556105e-21,-6.880428204577667,-8.245843503019005,-1.3148918369863376,-8.245843503019005,-1.3148918369863378,-20.641284613733003,-24.737530509057013,1.3654152984413375
face,270.0,0.15,20.0,0.4405976199491534,0.3129310228065517,0.4929427144885895,0.19412626270485864,3.7277523000000004e-21,-2.56195377422748e-20,-3.061464001242997e-20,-4.883437028578612e-21,-3.061464001242998e-20,-4.8834370285786125e-21,0.07283359654286299,-7.68586132268244e-20,-9.184392003728992e-20,4.995102270155173e-21,-6.872650240809937,-8.212627221081714,-1.3100218672197215,-8.212627221081716,-1.3100218672197217,-20.61795072242981,-24.637881663245146,1.3399769802717774
face,271.0,0.15,20.0,0.4373615135980898,0.31656206638063256,0.49215284004255544,0.19128509357681206,3.74155879e-21,-2.5684529762820384e-20,-3.060460597084721e-20,-4.883437028578612e-21,-3.060460597084722e-20,-4.8834370285786125e-21,0.0717697236493667,-7.705358928846115e-20,-9.181381791254162e-20,4.920076208026824e-21,-6.864660213670032,-8.179640542504266,-1.3051878381893904,-8.17964054250427,-1.3051878381893907,-20.593980641010095,-24.5389216275128,1.3149803288342354
face,272.0,0.15,20.0,0.434141479323841,0.3201958654218111,0.49132531050869593,0.18847882406949307,3.7553652800000004e-21,-2.5748520574272902e-20,-3.059451415699729e-20,-4.883437028578612e-21,-3.0594514156997297e-20,-4.8834370285786125e-21,0.0707189920082097,-7.72455617228187e-20,-9.178354247099187e-20,4.845993582724389e-21,-6.856462329084775,-8.146881029106519,-1.3003893534901647,-8.14688102910652,-1.300389353490165,-20.569386987254326,-24.440643087319554,1.290418700021743
face,273.0,0.15,20.0,0.43093759304714274,0.32383202300697933,0.49046076789175586,0.18570720910126481,3.76917177e-21,-2.5811517334695072e-20,-3.05843649258011e-20,-4.883437028578612e-21,-3.05843649258011e-20,-4.8834370285786125e-21,0.0696813110369636,-7.743455200408521e-20,-9.17530947774033e-20,4.772847591106027e-21,-6.848060770309513,-8.114346278731972,-1.2956260225249994,-8.114346278731972,-1.2956260225249996,-20.544182310928537,-24.343038836195916,1.2662855084224582
face,274.0,0.15,20.0,0.42774992485418817,0.32747014850438727,0.48955985328284907,0.18296999821276363,3.7829782600000005e-21,-2.5873527347141564e-20,-3.0574158633229076e-20,-4.883437028578612e-21,-3.057415863322905e-20,-4.8834370285786125e-21,0.06865658815274771,-7.762058204142469e-20,-9.172247589968723e-20,4.700631286087513e-21,-6.839459697857624,-8.082033924569545,-1.2908974603989956,-8.08203392456954,-1.2908974603989958,-20.51837909357287,-24.246101773708638,1.242574226711922
face,275.0,0.15,20.0,0.4245785400687983,0.3311098565493556,0.4886232067636923,0.18026693668695218,3.79678475e-21,-2.5934558030307384e-20,-3.0563895636223636e-20,-4.883437028578612e-21,-3.056389563622361e-20,-4.8834370285786125e-21,0.06764472919203626,-7.780367409092215e-20,-9.169168690867091e-20,4.629337605916252e-21,-6.830663242183372,-8.049941634490509,-1.2862032878157266,-8.049941634490501,-1.2862032878157268,-20.491989726550116,-24.149824903471526,1.2192783923071362
face,276.0,0.15,20.0,0.4214235009080794,0.33475076530146325,0.4876514675809148,0.17759776711762199,3.8105912400000005e-21,-2.599461687773071e-20,-3.0553576292623477e-20,-4.883437028578612e-21,-3.0553576292623464e-20,-4.8834370285786125e-21,0.06664563899859224,-7.798385063319213e-20,-9.166072887787043e-20,4.558959414892766e-21,-6.821675493520188,-8.018067110400294,-1.2815431309758145,-8.01806711040029,-1.2815431309758145,-20.465026480560567,-24.054201331200883,1.1963916168801052
face,277.0,0.15,20.0,0.41828486771376616,0.33839249513079056,0.4866452743108866,0.17496223055832286,3.82439773e-21,-2.6053711427857308e-20,-3.054320096108942e-20,-4.883437028578612e-21,-3.054320096108939e-20,-4.8834370285786125e-21,0.06565922185406296,-7.816113428357192e-20,-9.162960288326827e-20,4.489489533232114e-21,-6.8125004947791625,-7.986408087604795,-1.276916621477707,-7.986408087604787,-1.276916621477707,-20.43750148433749,-23.959224262814388,1.1739075928256326
face,278.0,0.15,20.0,0.41516269905458186,0.34203466857712167,0.48560526473659316,0.1723600666862853,3.8382042200000005e-21,-2.6111849259440922e-20,-3.0532770001031674e-20,-4.883437028578612e-21,-3.053277000103166e-20,-4.8834370285786125e-21,0.06468538153923836,-7.833554777832276e-20,-9.159831000309502e-20,4.4209207415907526e-21,-6.803142241201777,-7.954962334190667,-1.2723233962205927,-7.954962334190665,-1.2723233962205929,-20.409426723605332,-23.864887002572,1.1518200929888904
face,279.0,0.15,20.0,0.4120570507151437,0.34567691161377506,0.48453207534216236,0.16979101304406252,3.85201071e-21,-2.616903801060054e-20,-3.0522283772539045e-20,-4.883437028578612e-21,-3.052228377253906e-20,-4.8834370285786125e-21,0.06372402104950547,-7.850711403180161e-20,-9.156685131761714e-20,4.3532457619385065e-21,-6.793604686161565,-7.923727650419498,-1.2677630973094078,-7.923727650419502,-1.267763097309408,-20.380814058484695,-23.771182951258496,1.1301229642579333
face,280.0,0.15,20.0,0.4089679742630409,0.3493188554467335,0.4834263405804512,0.16725480397281528,3.8658172000000005e-21,-2.6225285405732946e-20,-3.051174263630936e-20,-4.883437028578612e-21,-3.0511742636309354e-20,-4.8834370285786125e-21,0.06277504219469474,-7.867585621719884e-20,-9.153522790892808e-20,4.286457230576414e-21,-6.783891748873419,-7.892701868135243,-1.2632353719618743,-7.892701868135242,-1.2632353719618743,-20.351675246620257,-23.67810560440573,1.1088101192618247
face,281.0,0.15,20.0,0.405895516111464,0.35296013777646373,0.48228869222414456,0.16475116999939174,3.87962369e-21,-2.628059927073219e-20,-3.050114695358143e-20,-4.883437028578612e-21,-3.0501146953581457e-20,-4.8834370285786125e-21,0.06183834536908027,-7.884179781219657e-20,-9.15034408607443e-20,4.2205476828492415e-21,-6.7740073189243235,-7.861882850184738,-1.258739872417526,-7.861882850184744,-1.2587398724175263,-20.32202195677297,-23.585648550554215,1.087875531260415
face,282.0,0.15,20.0,0.40283971765915433,0.35660040280539856,0.4811197590708943,0.16227983812370717,3.8934301800000006e-21,-2.6334987525115363e-20,-3.0490497086068926e-20,-4.883437028578612e-21,-3.049049708606895e-20,-4.8834370285786125e-21,0.06091382965893606,-7.900496257534609e-20,-9.147149125820678e-20,4.155509560953563e-21,-6.763955254776229,-7.831268489851004,-1.2542762558486693,-7.83126848985101,-1.2542762558486695,-20.291865764328687,-23.49380546955301,1.0673132350747747
face,283.0,0.15,20.0,0.3998006164232557,0.3602393000459038,0.47992016706168095,0.15984053289241523,3.90723667e-21,-2.63884581540392e-20,-3.047979339589528e-20,-4.883437028578612e-21,-3.047979339589525e-20,-4.8834370285786125e-21,0.06000139324488873,-7.91653744621176e-20,-9.143938018768585e-20,4.0913352418560805e-21,-6.753739377154034,-7.800856710298862,-1.2498441842732326,-7.800856710298854,-1.2498441842732326,-20.2612181314621,-23.40257013089659,1.0471173331448285
face,284.0,0.15,20.0,0.39677824749642565,0.3638764826934835,0.4786905396201817,0.1574329776863348,3.9210431600000006e-21,-2.6441019174916285e-20,-3.0469036245530115e-20,-4.883437028578612e-21,-3.0469036245530127e-20,-4.8834370285786125e-21,0.059100933884394274,-7.932305752474885e-20,-9.140710873659034e-20,4.028017070613829e-21,-6.743363461195944,-7.770645464032615,-1.2454433244694534,-7.770645464032618,-1.2454433244694536,-20.23009038358783,-23.311936392097845,1.0272820028366707
face,285.0,0.15,20.0,0.39377264449657773,0.3675116065606728,0.4774314978854991,0.15505689555382818,3.93484965e-21,-2.6492678615727196e-20,-3.045822599772777e-20,-4.883437028578612e-21,-3.045822599772773e-20,-4.8834370285786125e-21,0.05821234922395979,-7.947803584718159e-20,-9.13746779931833e-20,3.965547382000575e-21,-6.732831231741521,-7.740632732365713,-1.2410733478923677,-7.740632732365702,-1.241073347892368,-20.198493695224563,-23.221898197097136,1.0078015006241914
face,286.0,0.15,20.0,0.39078383950811535,0.37114433020447374,0.47614366057482177,0.15271200922070446,3.9486561400000006e-21,-2.654344451443915e-20,-3.0447363015466136e-20,-4.883437028578612e-21,-3.044736301546611e-20,-4.8834370285786125e-21,0.05733553680261168,-7.963033354331746e-20,-9.134208904639841e-20,3.903918501026985e-21,-6.722146364063787,-7.710816524901591,-1.2367339305920446,-7.710816524901585,-1.2367339305920448,-20.16643909219136,-23.132449574704772,0.9886701608378045
face,287.0,0.15,20.0,0.3878118621188534,0.3747743161623859,0.4748276434375217,0.15039804040009255,3.96246263e-21,-2.6593324936315574e-20,-3.043644766188806e-20,-4.883437028578612e-21,-3.0436447661888034e-20,-4.8834370285786125e-21,0.05647039379290751,-7.977997480894672e-20,-9.130934298566417e-20,3.843122725572484e-21,-6.711312489101146,-7.68119487902604,-1.232424753133536,-7.681194879026035,-1.2324247531335362,-20.133937467303436,-23.043584637078123,0.9698823899248946
face,288.0,0.15,20.0,0.3848567381730002,0.3784012325711609,0.47348405851167796,0.14811470891716122,3.976269120000001e-21,-2.664232799591116e-20,-3.042548030024332e-20,-4.883437028578612e-21,-3.0425480300243304e-20,-4.8834370285786125e-21,0.05561681667254025,-7.992698398773348e-20,-9.127644090072997e-20,3.783152304332164e-21,-6.700333199758661,-7.65176585941027,-1.2281455005184887,-7.651765859410266,-1.228145500518489,-20.100999599275983,-22.95529757823081,0.9514326596516091
face,289.0,0.15,20.0,0.3819184889968507,0.38202475424393606,0.47211351351842623,0.14586173223763757,3.99007561e-21,-2.669046186870135e-20,-3.041446129383243e-20,-4.883437028578612e-21,-3.0414461293832445e-20,-4.8834370285786125e-21,0.05477470104734417,-8.007138560610405e-20,-9.12433838814973e-20,3.723999425131083e-21,-6.689212054480679,-7.622527557524763,-1.2238958621083904,-7.622527557524767,-1.2238958621083904,-20.067636163442035,-22.86758267257429,0.9333155030440845
face,290.0,0.15,20.0,0.37899713155331616,0.3856445626190093,0.47071661165534906,0.14363882572564163,4.0038821e-21,-2.673773478406937e-20,-3.0403391005951655e-20,-4.883437028578612e-21,-3.0403391005951655e-20,-4.8834370285786125e-21,0.053943941747734654,-8.021320435220812e-20,-9.121017301785497e-20,3.6656562218822846e-21,-6.67795257609343,-7.593478091163488,-1.219675531549396,-7.593478091163488,-1.2196755315493961,-20.033857728280292,-22.780434273490464,0.9155255150700577
face,291.0,0.15,20.0,0.3760926794376915,0.38926034465123915,0.46929395182213857,0.14144570352662217,4.01768859e-21,-2.6784155002365345e-20,-3.0392269799839274e-20,-4.883437028578612e-21,-3.039226979983927e-20,-4.8834370285786125e-21,0.05312443315949615,-8.035246500709603e-20,-9.117680939951782e-20,3.608114797473929e-21,-6.666558246707056,-7.564615603978225,-1.2154842066987106,-7.564615603978223,-1.2154842066987108,-19.999674740121165,-22.693846811934673,0.8980573572711689
face,292.0,0.15,20.0,0.37320514415858513,0.3928717913092601,0.46784612906430967,0.1392820796264303,4.03149508e-21,-2.6829730787534527e-20,-3.038109803862329e-20,-4.883437028578612e-21,-3.03810980386233e-20,-4.8834370285786125e-21,0.05231606962058758,-8.048919236260358e-20,-9.114329411586986e-20,3.551367251088761e-21,-6.655032501623325,-7.535938265022834,-1.2113215895524823,-7.535938265022836,-1.2113215895524825,-19.965097504869973,-22.6078147950685,0.8809057633995081
face,293.0,0.15,20.0,0.3703345360119637,0.3964785965392691,0.4663737348975346,0.13714766856319643,4.04530157e-21,-2.6874470388667276e-20,-3.036987608527057e-20,-4.883437028578612e-21,-3.036987608527056e-20,-4.8834370285786125e-21,0.05151874568776278,-8.062341116600182e-20,-9.110962825581171e-20,3.495405696603295e-21,-6.643378725573548,-7.507444268307188,-1.2071873861751699,-7.507444268307185,-1.20718738617517,-19.930136176720644,-22.522332804921565,0.8640655427336398
face,294.0,0.15,20.0,0.3674808641100788,0.40008045726693253,0.4648773572459772,0.1350421854870902,4.05910806e-21,-2.6918382038212286e-20,-3.035860430253679e-20,-4.883437028578612e-21,-3.0358604302536804e-20,-4.8834370285786125e-21,0.0507323561587,-8.075514611463686e-20,-9.107581290761038e-20,3.440222264324506e-21,-6.6316002531384415,-7.47913183236043,-1.2030813066303565,-7.479131832360434,-1.2030813066303567,-19.894800759415322,-22.43739549708129,0.8475315792219894
face,295.0,0.15,20.0,0.3646441356097752,0.4036770744150498,0.4633575799503502,0.13296534563460014,4.07291455e-21,-2.696147396510576e-20,-3.0347283052918325e-20,-4.883437028578612e-21,-3.0347283052918325e-20,-4.8834370285786125e-21,0.04995679587463679,-8.088442189531728e-20,-9.104184915875498e-20,3.3858090878125635e-21,-6.619700372821659,-7.450999199803571,-1.1990030649129655,-7.450999199803571,-1.1990030649129655,-19.859101118464977,-22.352997599410713,0.8312988269819123
face,296.0,0.15,20.0,0.3618243546199401,0.40726815435625596,0.46181498204760785,0.1309168635961362,4.08672104e-21,-2.700375441312791e-20,-3.0335912698604706e-20,-4.883437028578612e-21,-3.033591269860467e-20,-4.8834370285786125e-21,0.049191959445533714,-8.101126323938373e-20,-9.100773809581412e-20,3.3321582854767967e-21,-6.607682332319876,-7.423044636930909,-1.1949523788828542,-7.4230446369309,-1.1949523788828544,-19.82304699695963,-22.269133910792725,0.8153623046110328
face,297.0,0.15,20.0,0.3590215214216326,0.41085341000063863,0.4602501371554576,0.12889645284390377,4.1005275300000004e-21,-2.7045231652590655e-20,-3.03244936014326e-20,-4.883437028578612e-21,-3.032449360143263e-20,-4.8834370285786125e-21,0.048437741072824524,-8.113569495777197e-20,-9.097348080429779e-20,3.279261948841945e-21,-6.595549342060058,-7.395266433300253,-1.1909289701997468,-7.395266433300261,-1.190928970199747,-19.786648026180174,-22.185799299900758,0.7997170912401959
face,298.0,0.15,20.0,0.35623563243899703,0.4144325609412181,0.45866361323956967,0.1269038258192122,4.11433402e-21,-2.7085913977768935e-20,-3.0313026122841405e-20,-4.883437028578612e-21,-3.03130261228414e-20,-4.8834370285786125e-21,0.047694034581897915,-8.12577419333068e-20,-9.093907836852421e-20,3.22711214507247e-21,-6.583304575200469,-7.367662901331819,-1.1869325642594792,-7.367662901331817,-1.1869325642594795,-19.749913725601402,-22.102988703995454,0.7843583261313504
face,299.0,0.15,20.0,0.35346668097809897,0.41800533260547523,0.45705597283285154,0.1249386945616732,4.1281405100000004e-21,-2.712580969056587e-20,-3.0301510623828984e-20,-4.883437028578612e-21,-3.0301510623828996e-20,-4.8834370285786125e-21,0.04696073365771998,-8.137742907169761e-20,-9.090453187148695e-20,3.175700933263114e-21,-6.5709511642969405,-7.340232375915175,-1.182962890131521,-7.3402323759151775,-1.1829628901315212,-19.712853492890822,-22.020697127745525,0.7692812116182338
face,300.0,0.15,20.0,0.3507146583409226,0.4215714548933448,0.455427773531465,0.12300077157519006,4.141947e-21,-2.716492707820784e-20,-3.028994746490969e-20,-4.883437028578612e-21,-3.0289947464909687e-20,-4.8834370285786125e-21,0.04623773216920922,-8.149478123462352e-20,-9.086984239472908e-20,3.125020386701851e-21,-6.558492196594462,-7.312973214024634,-1.1790196804977493,-7.312973214024633,-1.1790196804977495,-19.675476589783386,-21.938919642073902,0.7544810174301725
