channel,temperature_K,size_cv,window_s,bound_at_freeze,twist_halfwidth_deg,volume_fraction,frozen_pair_weight,mean_pair_freeze_temperature_K,kBT_J,U_pair_J,U_pair_equilibrium_J,U_pair_frozen_component_J,vdW_pair_J,repulsive_weight,U_lattice_per_NC_J,U_pair_excess_J,U_pair_kBT,U_pair_equilibrium_kBT,U_pair_frozen_component_kBT,vdW_pair_kBT,U_lattice_per_NC_kBT,U_pair_excess_kBT
face,200.0,0.1,20.0,1.0,5.0,0.01,0.6855423684840727,256.6331691553846,2.7612980000000003e-21,-3.083474972659118e-20,-3.115503813924983e-20,-3.068783373674602e-20,-4.8834370285786125e-21,6.564606396866027e-05,-9.250424917977355e-20,3.2028841265864592e-22,-11.166759156958495,-11.282751133434285,-11.11355374781933,-1.7685295207466243,-33.50027747087549,0.11599197647578997
face,201.0,0.1,20.0,1.0,5.0,0.01,0.6784671821585939,258.9435505943604,2.7751044900000003e-21,-3.08330104943177e-20,-3.1149754556540226e-20,-3.0682902112454746e-20,-4.8834370285786125e-21,6.567303965198004e-05,-9.24990314829531e-20,3.167440622225283e-22,-11.110576414482214,-11.224714121139353,-11.05648534064919,-1.7597308664145515,-33.331729243446645,0.11413770665713863
face,202.0,0.1,20.0,1.0,5.0,0.01,0.6713309056414548,258.9435505943604,2.7889109800000003e-21,-3.083122791641472e-20,-3.11443975272158e-20,-3.0677906847032014e-20,-4.8834370285786125e-21,6.57020847704535e-05,-9.249368374924416e-20,3.131696108010757e-22,-11.05493439464845,-11.167225397497555,-10.999959147864953,-1.7510193274719053,-33.16480318394535,0.11229100284910337
face,203.0,0.1,20.0,1.0,5.0,0.01,0.6641946291243156,258.9435505943604,2.8027174700000003e-21,-3.082934421061693e-20,-3.113896703447531e-20,-3.067280424079751e-20,-4.8834370285786125e-21,6.573419647135408e-05,-9.248803263185079e-20,3.0962282385838265e-22,-10.999804489967705,-11.11027685372629,-10.943951564549783,-1.7423936164991372,-32.99941346990312,0.11047236375858556
face,204.0,0.1,20.0,1.0,5.0,0.01,0.6570583526071765,258.9435505943604,2.8165239600000003e-21,-3.0827357802070467e-20,-3.1133463072229955e-20,-3.066759079628235e-20,-4.8834370285786125e-21,6.576958423641501e-05,-9.24820734062114e-20,3.0610527015948766e-22,-10.945178610186744,-11.053860543842116,-10.888453722325993,-1.73385247132022,-32.835535830560225,0.10868193365537271
face,205.0,0.1,20.0,1.0,5.0,0.01,0.6498348274408761,261.37648168461754,2.8303304500000003e-21,-3.082538387992562e-20,-3.112788564492808e-20,-3.066238002376316e-20,-4.8834370285786125e-21,6.580648980622421e-05,-9.247615163977686e-20,3.0250176500246338e-22,-10.891090077459193,-10.997968680628114,-10.833498266523316,-1.7253946543869505,-32.67327023237758,0.10687860316892091
face,206.0,0.1,20.0,1.0,5.0,0.01,0.6425898445610949,261.37648168461754,2.8441369400000004e-21,-3.082333172464609e-20,-3.112223476737947e-20,-3.0657081069008254e-20,-4.8834370285786125e-21,6.584665975453512e-05,-9.246999517393827e-20,2.989030427333802e-22,-10.837499169307257,-10.942593631718543,-10.779045353916134,-1.7170189521811885,-32.51249750792177,0.10509446241128606
face,207.0,0.1,20.0,1.0,5.0,0.01,0.6353448616813137,261.37648168461754,2.8579434300000004e-21,-3.082117091344903e-20,-3.111651046457906e-20,-3.0651661263865494e-20,-4.8834370285786125e-21,6.589082993254251e-05,-9.24635127403471e-20,2.9533955113002815e-22,-10.784388028789298,-10.887727915796798,-10.725076270619356,-1.7087241746344195,-32.3531640863679,0.1033398870075004
face,208.0,0.1,20.0,1.0,5.0,0.01,0.6280998788015325,261.37648168461754,2.8717499200000004e-21,-3.081889986345798e-20,-3.1110712771529886e-20,-3.064611642639333e-20,-4.8834370285786125e-21,6.593926001414412e-05,-9.245669959037395e-20,2.9181290807190336e-22,-10.731749184991003,-10.833364198902766,-10.671582582091036,-1.7005091545640616,-32.19524755497301,0.10161501391176267
face,209.0,0.1,20.0,1.0,5.0,0.01,0.6207882523606715,263.9333103397496,2.88555641e-21,-3.081666791912788e-20,-3.110484173306643e-20,-3.064063543914461e-20,-4.8834370285786125e-21,6.598917918266276e-05,-9.245000375738364e-20,2.8817381393854844e-22,-10.679627614394091,-10.779495290846326,-10.618622922413985,-1.6923727471259564,-32.03888284318227,0.0998676764522335
face,210.0,0.1,20.0,1.0,5.0,0.01,0.6134732672297427,263.9333103397496,2.8993629e-21,-3.08143293786658e-20,-3.109889740367725e-20,-3.0635033629634624e-20,-4.8834370285786125e-21,6.604378342594642e-05,-9.24429881359974e-20,2.8456802501144888e-22,-10.627965674343766,-10.726114141723082,-10.566125968444524,-1.6843138292824995,-31.8838970230313,0.09814846737931594
face,211.0,0.1,20.0,1.0,5.0,0.01,0.6061582820988141,263.9333103397496,2.91316939e-21,-3.0811875033009865e-20,-3.1092879847328224e-20,-3.062929661730886e-20,-4.8834370285786125e-21,6.610352911513021e-05,-9.24356250990296e-20,2.8100481431835842e-22,-10.57675366862545,-10.67321383852939,-10.514080205033618,-1.6763312992858999,-31.73026100587635,0.09646016990394041
face,212.0,0.1,20.0,1.0,5.0,0.01,0.5988425361973811,266.61519929822856,2.92697588e-21,-3.0809307730674575e-20,-3.1086789137285275e-20,-3.06234262499849e-20,-4.8834370285786125e-21,6.616862770270983e-05,-9.242792319202373e-20,2.7748140661069995e-22,-10.525986203437581,-10.620787601872987,-10.462479878715262,-1.6684240761760607,-31.577958610312745,0.09480139843540492
face,213.0,0.1,20.0,1.0,5.0,0.01,0.5914980226274176,266.61519929822856,2.94078237e-21,-3.080678865455965e-20,-3.1080625355938186e-20,-3.061767080511457e-20,-4.8834370285786125e-21,6.623551870978502e-05,-9.242036596367895e-20,2.7383670137853606e-22,-10.475711827175994,-10.568828782776668,-10.411403141373759,-1.660591099292605,-31.42713548152798,0.0931169556006744
face,214.0,0.1,20.0,1.0,5.0,0.01,0.584153509057454,266.61519929822856,2.95458886e-21,-3.080414869002995e-20,-3.107438859462386e-20,-3.061177063478322e-20,-4.8834370285786125e-21,6.630855982682688e-05,-9.241244607008986e-20,2.702399045939056e-22,-10.425866389420406,-10.517330859571391,-10.360754773435117,-1.6528313278005835,-31.277599168261215,0.09146447015098594
face,215.0,0.1,20.0,1.0,5.0,0.01,0.5768089954874904,266.61519929822856,2.96839535e-21,-3.0801386271443396e-20,-3.106807895345077e-20,-3.0605720210619485e-20,-4.8834370285786125e-21,6.638811669798067e-05,-9.240415881433019e-20,2.666926820073758e-22,-10.376443377545176,-10.46628743487648,-10.310526935241118,-1.645143740229418,-31.129330132635527,0.08984405733130385
face,216.0,0.1,20.0,1.0,5.0,0.01,0.5694647535611272,269.4231419012354,2.98220184e-21,-3.07985039970552e-20,-3.1061696541123714e-20,-3.059952123980322e-20,-4.8834370285786125e-21,6.647445431256499e-05,-9.239551199116561e-20,2.63192544068511e-22,-10.32743779577817,-10.415692232663806,-10.260714358557038,-1.6375273340246521,-30.98231338733451,0.08825443688563715
face,217.0,0.1,20.0,1.0,5.0,0.01,0.562132288488869,269.4231419012354,2.99600833e-21,-3.0795676470930494e-20,-3.1055241474769174e-20,-3.0593490728274175e-20,-4.8834370285786125e-21,6.656299068670653e-05,-9.238702941279148e-20,2.5956500383867954e-22,-10.278902152094648,-10.365539095403374,-10.211417111872374,-1.6299811251120961,-30.836706456283945,0.08663694330872555
face,218.0,0.1,20.0,1.0,5.0,0.01,0.5547998234166107,269.4231419012354,3.00981482e-21,-3.0792721991939563e-20,-3.104871387976177e-20,-3.0587300813251155e-20,-4.8834370285786125e-21,6.665923824202706e-05,-9.237816597581868e-20,2.559918878222091e-22,-10.230769609918912,-10.315821981287796,-10.162519172276237,-1.6225041474739672,-30.692308829756737,0.08505237136888344
face,219.0,0.1,20.0,1.0,5.0,0.01,0.5474673583443526,269.4231419012354,3.02362131e-21,-3.078963902503118e-20,-3.1042113889550934e-20,-3.058094508985612e-20,-4.8834370285786125e-21,6.676363310728892e-05,-9.236891707509353e-20,2.5247486451975643e-22,-10.18303413962616,-10.266534961532908,-10.11401295152802,-1.6150954527366432,-30.549102418878483,0.08350082190674744
face,220.0,0.1,20.0,1.0,5.0,0.01,0.5401348932720943,269.4231419012354,3.0374278e-21,-3.078642604270256e-20,-3.103544164548923e-20,-3.057441680541983e-20,-4.8834370285786125e-21,6.687663047884508e-05,-9.235927812810768e-20,2.4901560278666844e-22,-10.135689823706281,-10.217672217752543,-10.06589088485324,-1.6077541097696584,-30.407069471118845,0.08198239404626126
face,221.0,0.1,20.0,1.0,5.0,0.01,0.5328532570039032,272.3579786564653,3.05123429e-21,-3.078326674167849e-20,-3.10286972966613e-20,-3.056810040294464e-20,-4.8834370285786125e-21,6.699253167518582e-05,-9.234980022503548e-20,2.454305549828069e-22,-10.088791556442063,-10.169228039404768,-10.018273753388055,-1.6004792042955875,-30.266374669326186,0.0804364829627052
face,222.0,0.1,20.0,1.0,5.0,0.01,0.525574804309212,272.3579786564653,3.06504078e-21,-3.077998670904538e-20,-3.1021880999713866e-20,-3.056163387849499e-20,-4.8834370285786125e-21,6.711759128584078e-05,-9.233996012713613e-20,2.4189429066848786e-22,-10.042276406203436,-10.121196821307501,-9.971036626303873,-1.5932698385104724,-30.126829218610307,0.07892041510406522
face,223.0,0.1,20.0,1.0,5.0,0.01,0.5182963516145208,272.3579786564653,3.0788472700000002e-21,-3.0776572873569576e-20,-3.10149929186871e-20,-3.0554985734814725e-20,-4.8834370285786125e-21,6.725270885465508e-05,-9.232971862070873e-20,2.384200451175273e-22,-9.99613497345374,-10.073573061221417,-9.924164161223471,-1.5861251307144613,-29.988404920361223,0.07743808776767523
face,224.0,0.1,20.0,1.0,5.0,0.01,0.5110178989198296,272.3579786564653,3.0926537600000002e-21,-3.077302375156601e-20,-3.1008033224846973e-20,-3.054814821146933e-20,-4.8834370285786125e-21,6.739841927121874e-05,-9.231907125469803e-20,2.350094732809606e-22,-9.95036177330307,-10.026351357497896,-9.877648964968301,-1.5790442149523432,-29.851085319909213,0.0759895841948245
face,225.0,0.1,20.0,1.0,5.0,0.01,0.5038140263502325,275.420414203295,3.1064602500000002e-21,-3.0769500378554115e-20,-3.100100209651909e-20,-3.054150373828155e-20,-4.8834370285786125e-21,6.754891570093402e-05,-9.230850113566234e-20,2.315017179649776e-22,-9.905003734895404,-9.979526406790201,-9.831609381862057,-1.572026240663666,-29.715011204686213,0.07452267189479651
face,226.0,0.1,20.0,1.0,5.0,0.01,0.49663119151762547,275.420414203295,3.1202667400000002e-21,-3.076588582750179e-20,-3.099389971892367e-20,-3.053477855352706e-20,-4.8834370285786125e-21,6.770929204728905e-05,-9.229765748250536e-20,2.2801389142187927e-22,-9.86001787382504,-9.933093001825757,-9.785951361814362,-1.5650703723421453,-29.580053621475116,0.07307512800071678
face,227.0,0.1,20.0,1.0,5.0,0.01,0.4894483566850184,275.420414203295,3.1340732300000002e-21,-3.076213296760964e-20,-3.098672628401225e-20,-3.052785597964806e-20,-4.8834370285786125e-21,6.788193472334267e-05,-9.228639890282892e-20,2.2459331640260943e-22,-9.81538423325534,-9.887046029237883,-9.740632633414267,-1.5581757892040742,-29.44615269976602,0.07166179598254295
face,228.0,0.1,20.0,1.0,5.0,0.01,0.4822655218524113,275.420414203295,3.1478797200000003e-21,-3.075824037047973e-20,-3.09794819903054e-20,-3.052072719693789e-20,-4.8834370285786125e-21,6.806746476522754e-05,-9.227472111143918e-20,2.212416198256733e-22,-9.77109772494094,-9.841380467454899,-9.695645930505213,-1.55134168486546,-29.31329317482282,0.07028274251395897
face,229.0,0.1,20.0,1.0,5.0,0.01,0.4751559130371732,278.6110343330985,3.1616862100000003e-21,-3.0754324305517507e-20,-3.0972167042732294e-20,-3.051370123974492e-20,-4.8834370285786125e-21,6.826113034525464e-05,-9.226297291655251e-20,2.1784273721478743e-22,-9.727190575790095,-9.796091384645123,-9.651084646931144,-1.5445672670276194,-29.181571727370283,0.06890080885502783
face,230.0,0.1,20.0,1.0,5.0,0.01,0.4681091910925307,278.6110343330985,3.1754927000000003e-21,-3.075036829159565e-20,-3.096478165247145e-20,-3.050674031306647e-20,-4.8834370285786125e-21,6.846428351957833e-05,-9.225110487478695e-20,2.1441336087580035e-22,-9.683652647538961,-9.751173936715851,-9.606931331653342,-1.5378517571709776,-29.050957942616886,0.0675212891768891
face,231.0,0.1,20.0,1.0,5.0,0.01,0.4610624691478882,278.6110343330985,3.1892991900000003e-21,-3.074627034497775e-20,-3.095732603679369e-20,-3.049956660951694e-20,-4.8834370285786125e-21,6.868222373456116e-05,-9.223881103493325e-20,2.110556918159424e-22,-9.640447168262613,-9.706623365365006,-9.563093580291204,-1.5311943902568175,-28.92134150478784,0.06617619710239302
face,232.0,0.1,20.0,1.0,5.0,0.01,0.45401574720324567,278.6110343330985,3.2031056800000003e-21,-3.0742029102954243e-20,-3.09498004189058e-20,-3.049217022164626e-20,-4.8834370285786125e-21,6.891566379592968e-05,-9.222608730886273e-20,2.0777131595155502e-22,-9.597569413618048,-9.66243499618339,-9.519564219200616,-1.524594414436745,-28.792708240854147,0.06486558256534171
face,233.0,0.1,20.0,1.0,5.0,0.01,0.44700637344637134,281.93032276182885,3.2169121700000003e-21,-3.0737691880597993e-20,-3.0942205027796704e-20,-3.048468773196503e-20,-4.8834370285786125e-21,6.916273710852385e-05,-9.221307564179398e-20,2.0451314719871092e-22,-9.555029872201326,-9.618604236806597,-9.476381735335044,-1.5180510907696345,-28.66508961660398,0.06357436460527019
face,234.0,0.1,20.0,1.0,5.0,0.01,0.44013441363957134,281.93032276182885,3.2307186600000003e-21,-3.073338935545276e-20,-3.093454009808494e-20,-3.0477518932734967e-20,-4.8834370285786125e-21,6.941713240820059e-05,-9.220016806635827e-20,2.0115074263218297e-22,-9.51286465638972,-9.575126575114695,-9.433665428711445,-1.5115636929458327,-28.538593969169156,0.06226191872497587
face,235.0,0.1,20.0,1.0,5.0,0.01,0.43326245383277134,281.93032276182885,3.2445251500000003e-21,-3.0728942210064775e-20,-3.0926805869867713e-20,-3.047012272538433e-20,-4.8834370285786125e-21,6.968915775920607e-05,-9.218682663019432e-20,1.9786365980293823e-22,-9.471013719855053,-9.53199757747839,-9.39124257532241,-1.5051315070184035,-28.413041159565154,0.06098385762333764
face,236.0,0.1,20.0,1.0,5.0,0.01,0.42639049402597134,281.93032276182885,3.2583316400000004e-21,-3.07243491565637e-20,-3.0919002588572053e-20,-3.046248811478433e-20,-4.8834370285786125e-21,6.99796223201367e-05,-9.21730474696911e-20,1.9465343200835417e-22,-9.42947267226724,-9.489212887050396,-9.34910607036438,-1.498753831141207,-28.288418016801717,0.05974021478315637
face,237.0,0.1,20.0,1.0,5.0,0.01,0.41951853421917135,281.93032276182885,3.2721381300000004e-21,-3.0719608916833717e-20,-3.091113050480739e-20,-3.0454603385379534e-20,-4.8834370285786125e-21,7.028936305398381e-05,-9.215882675050115e-20,1.9152158797367465e-22,-9.38823720037568,-9.446768222100511,-9.307248708776097,-1.492429975313607,-28.164711601127042,0.058531021724830004
face,238.0,0.1,20.0,1.0,5.0,0.01,0.41281649552987165,285.37867739786907,3.2859446200000004e-21,-3.0714910915333915e-20,-3.090318987422034e-20,-3.044710597029407e-20,-4.8834370285786125e-21,7.060735777161142e-05,-9.214473274600175e-20,1.8827895888642404e-22,-9.347361099267069,-9.404659374393333,-9.265860959730377,-1.486159261131617,-28.042083297801206,0.057298275126263086
face,239.0,0.1,20.0,1.0,5.0,0.01,0.40615540622685214,285.37867739786907,3.2997511100000004e-21,-3.071011220587988e-20,-3.089518095735076e-20,-3.043952100888387e-20,-4.8834370285786125e-21,7.094330996572267e-05,-9.213033661763964e-20,1.850687514708811e-22,-9.306796537718226,-9.362882207607093,-9.224793020490525,-1.4799410215452922,-27.920389613154683,0.05608566988886658
face,240.0,0.1,20.0,1.0,5.0,0.01,0.39949431692383264,285.37867739786907,3.3135576e-21,-3.070516595321329e-20,-3.0887104019490313e-20,-3.043168310717803e-20,-4.8834370285786125e-21,7.130097127058933e-05,-9.211549785963987e-20,1.8193806627702415e-22,-9.266525487051528,-9.32143265579277,-9.183990979115025,-1.473774600622187,-27.799576461154583,0.05490716874124178
face,241.0,0.1,20.0,1.0,5.0,0.01,0.39283322762081313,285.37867739786907,3.32736409e-21,-3.070007096192864e-20,-3.08789593305421e-20,-3.0423579398205703e-20,-4.8834370285786125e-21,7.168128003406925e-05,-9.210021288578593e-20,1.7888836861345497e-22,-9.22654393433952,-9.280306721871876,-9.143447658655745,-1.4676593533167008,-27.679631803018566,0.05376278753235417
face,242.0,0.1,20.0,1.0,5.0,0.01,0.386248426570601,288.9564258944769,3.34117058e-21,-3.069490184018691e-20,-3.087074716488294e-20,-3.0415482333755185e-20,-4.8834370285786125e-21,7.207972288243754e-05,-9.208470552056074e-20,1.758453246960272e-22,-9.186870620711293,-9.239500476172317,-9.1032413956414,-1.461594645245144,-27.560611862133882,0.05262985546102444
face,243.0,0.1,20.0,1.0,5.0,0.01,0.3798311427246744,288.9564258944769,3.35497707e-21,-3.0689750700152083e-20,-3.086246780122704e-20,-3.04077470539076e-20,-4.8834370285786125e-21,7.249053208809498e-05,-9.206925210045625e-20,1.7271710107495863e-22,-9.147529196124157,-9.199010055000775,-9.063473883565946,-1.4555798524663575,-27.442587588372472,0.05148085887661778
face,244.0,0.1,20.0,1.0,5.0,0.01,0.3734138588787478,288.9564258944769,3.36878356e-21,-3.06844513700025e-20,-3.085412152249161e-20,-3.0399745905586056e-20,-4.8834370285786125e-21,7.292664908408422e-05,-9.20533541100075e-20,1.6967015248911245e-22,-9.108466253024131,-9.158831659250797,-9.023953413494471,-1.4496143612677248,-27.3253987590724,0.05036540622666552
face,245.0,0.1,20.0,1.0,5.0,0.01,0.3669965750328212,288.9564258944769,3.38259005e-21,-3.0679002743163257e-20,-3.0845708615664473e-20,-3.039146494190183e-20,-4.8834370285786125e-21,7.338911537283228e-05,-9.203700822948977e-20,1.667058725012167e-22,-9.069678054295482,-9.118961553045564,-8.984672837283911,-1.4436975679564281,-27.209034162886446,0.04928349875008256
face,246.0,0.1,20.0,1.0,5.0,0.01,0.36057929118689463,288.9564258944769,3.39639654e-21,-3.067340372294563e-20,-3.083722937167365e-20,-3.038288922310671e-20,-4.8834370285786125e-21,7.387900388890052e-05,-9.202021116883689e-20,1.6382564872801573e-22,-9.031160926499362,-9.079396062414327,-8.945624830693859,-1.4378288786557922,-27.09348277949809,0.048235135914964665
face,247.0,0.1,20.0,1.0,5.0,0.01,0.3543622983751449,292.66384032120993,3.4102030300000005e-21,-3.066783509390983e-20,-3.082868408525868e-20,-3.03747729550781e-20,-4.8834370285786125e-21,7.438219302961847e-05,-9.20035052817295e-20,1.6084899134884913e-22,-8.99296459011997,-9.040131574001526,-8.907027730568316,-1.4320077091065782,-26.97889377035991,0.04716698388155766
face,248.0,0.1,20.0,1.0,5.0,0.01,0.3482180317927913,292.66384032120993,3.42400952e-21,-3.066218402159856e-20,-3.082007305484414e-20,-3.036665301673556e-20,-4.8834370285786125e-21,7.490913779021583e-05,-9.198655206479569e-20,1.578890332455798e-22,-8.9550522107189,-9.001164533807762,-8.868740825444773,-1.4262334844730842,-26.8651566321567,0.04611232308886215
face,249.0,0.1,20.0,1.0,5.0,0.01,0.3420737652104378,292.66384032120993,3.4378160100000005e-21,-3.065638407633584e-20,-3.081139658241446e-20,-3.035824138068988e-20,-4.8834370285786125e-21,7.546645569920409e-05,-9.196915222900752e-20,1.5501250607861913e-22,-8.917401043907477,-8.962491445961488,-8.830676595950193,-1.420505639153915,-26.75220313172243,0.045090402054011935
face,250.0,0.1,20.0,1.0,5.0,0.01,0.33592949862808424,292.66384032120993,3.4516225e-21,-3.065043425466374e-20,-3.080265497339148e-20,-3.034952204118576e-20,-4.8834370285786125e-21,7.605532425518751e-05,-9.195130276399122e-20,1.5222071872774207e-22,-8.880007664413979,-8.924108871520996,-8.792827732808487,-1.4148236165972994,-26.64002299324194,0.04410120710701766
face,251.0,0.1,20.0,1.0,5.0,0.01,0.32980506926950365,296.50115083114173,3.4654289900000005e-21,-3.064435014568687e-20,-3.0793848536513506e-20,-3.034055534985095e-20,-4.8834370285786125e-21,7.667535305145769e-05,-9.19330504370606e-20,1.4949839082663643e-22,-8.842873489578231,-8.886013427305432,-8.755209077260863,-1.409186869120816,-26.52862046873469,0.04313993772720082
face,252.0,0.1,20.0,1.0,5.0,0.01,0.3239588587628085,296.50115083114173,3.47923548e-21,-3.0638349578343433e-20,-3.0784977583716075e-20,-3.0332364539168964e-20,-4.8834370285786125e-21,7.730663694255024e-05,-9.191504873503029e-20,1.466280053726414e-22,-8.806058041907365,-8.848201784754181,-8.718111985673636,-1.403594857735416,-26.418174125722093,0.04214374284681685
face,253.0,0.1,20.0,1.0,5.0,0.01,0.31811264825611335,296.50115083114173,3.4930419700000006e-21,-3.0632201510300976e-20,-3.077604243001506e-20,-3.032387267033208e-20,-4.8834370285786125e-21,7.797262640325964e-05,-9.189660453090293e-20,1.4384091971408184e-22,-8.769491398438872,-8.810670668813938,-8.681221963769326,-1.398047051973616,-26.308474195316617,0.04117927037506561
face,254.0,0.1,20.0,1.0,5.0,0.01,0.31226643774941815,296.50115083114173,3.50684846e-21,-3.062590503424976e-20,-3.076704339339153e-20,-3.0315062834228695e-20,-4.8834370285786125e-21,7.8674601974069e-05,-9.187771510274928e-20,1.4113835914176805e-22,-8.733170361815338,-8.773416856852585,-8.644531744102993,-1.3925429297217513,-26.199511085446012,0.04024649503724721
face,255.0,0.1,20.0,1.0,5.0,0.01,0.306420227242723,296.50115083114173,3.5206549500000006e-21,-3.0619459252293937e-20,-3.075798079467836e-20,-3.0305916831307247e-20,-4.8834370285786125e-21,7.941387801093969e-05,-9.18583777568818e-20,1.385215423844216e-22,-8.69709178750787,-8.736437177599115,-8.608033806694758,-1.3870819770561758,-26.091275362523607,0.03934539009124469
face,256.0,0.1,20.0,1.0,5.0,0.01,0.3006728752225062,300.46855823949073,3.53446144e-21,-3.06129410972538e-20,-3.074885495744893e-20,-3.02968226279794e-20,-4.8834370285786125e-21,8.018315784132434e-05,-9.18388232917614e-20,1.3591386019512706e-22,-8.661274600651407,-8.699728510109004,-8.571835665005699,-1.3816636880833002,-25.983823801954223,0.03845390945759676
face,257.0,0.1,20.0,1.0,5.0,0.01,0.2951452498039302,300.46855823949073,3.54826793e-21,-3.060644867311304e-20,-3.0739666207907753e-20,-3.0288303582613225e-20,-4.8834370285786125e-21,8.097278819472277e-05,-9.181934601933913e-20,1.3321753479471326e-22,-8.625743398445405,-8.663287782754262,-8.536081316332059,-1.3762875647833654,-25.877230195336217,0.03754438430885721
face,258.0,0.1,20.0,1.0,5.0,0.01,0.28961762438535416,300.46855823949073,3.56207442e-21,-3.059981020676629e-20,-3.073041487478277e-20,-3.0279459349221585e-20,-4.8834370285786125e-21,8.180312797161317e-05,-9.179943062029887e-20,1.3060466801647698e-22,-8.590446632714173,-8.627111972237449,-8.500512841396947,-1.3709531168578484,-25.771339898142518,0.03666533952327615
face,259.0,0.1,20.0,1.0,5.0,0.01,0.2840899989667781,300.46855823949073,3.57588091e-21,-3.059302489746827e-20,-3.0721101289219723e-20,-3.027027094595785e-20,-4.8834370285786125e-21,8.267559199273545e-05,-9.17790746924048e-20,1.280763917514563e-22,-8.555381364047795,-8.591198102629129,-8.465122778923263,-1.365659861580405,-25.666144092143384,0.035816738581335
face,260.0,0.1,20.0,1.0,5.0,0.01,0.27856237354820207,300.46855823949073,3.5896874e-21,-3.058609195346487e-20,-3.071172578467832e-20,-3.026071788431768e-20,-4.8834370285786125e-21,8.359162973487448e-05,-9.17582758603946e-20,1.256338312134541e-22,-8.520544700762764,-8.555543244428002,-8.429903362704419,-1.3604073236512495,-25.56163410228829,0.03499854366523784
face,261.0,0.1,20.0,1.0,5.0,0.01,0.2731897213340763,304.566245463842,3.60349389e-21,-3.05791266116618e-20,-3.0702288696830234e-20,-3.025145883190343e-20,-4.8834370285786125e-21,8.453793744384676e-05,-9.17373798349854e-20,1.2316208516843352e-22,-8.485965994425982,-8.520144513643183,-8.395035417113869,-1.3551950350548847,-25.457897983277945,0.034178519217201594
face,262.0,0.1,20.0,1.0,5.0,0.01,0.26799648506733276,304.566245463842,3.61730038e-21,-3.0572151045281614e-20,-3.0692790363458986e-20,-3.024263774990116e-20,-4.8834370285786125e-21,8.551305284923977e-05,-9.171645313584483e-20,1.2063931817737279e-22,-8.451648421102815,-8.484999070898,-8.360554715641602,-1.3500225349210873,-25.35494526330844,0.03335064979518587
face,263.0,0.1,20.0,1.0,5.0,0.01,0.26280324880058914,304.566245463842,3.63110687e-21,-3.056503192521945e-20,-3.0683231124361774e-20,-3.023346804235355e-20,-4.8834370285786125e-21,8.65353769102188e-05,-9.169509577565835e-20,1.181991991423259e-22,-8.41755228350507,-8.450104120554782,-8.326240214007678,-1.344889369389068,-25.252656850515212,0.03255183704971093
face,264.0,0.1,20.0,1.0,5.0,0.01,0.2576100125338455,304.566245463842,3.64491336e-21,-3.0557768556267064e-20,-3.067361132125286e-20,-3.022392862512483e-20,-4.8834370285786125e-21,8.760645486612524e-05,-9.167330566880119e-20,1.1584276498579852e-22,-8.383674874583868,-8.415456909859953,-8.292084239040685,-1.3397950914747154,-25.1510246237516,0.031782035276086376
face,265.0,0.1,20.0,1.0,5.0,0.01,0.25241677626710196,304.566245463842,3.65871985e-21,-3.055036025167707e-20,-3.0663931297668934e-20,-3.021399667893469e-20,-4.8834370285786125e-21,8.872786700582626e-05,-9.165108075503121e-20,1.1357104599186258e-22,-8.350013530463961,-8.38105472810905,-8.258078759141586,-1.3347392609408486,-25.05004059139188,0.031041197645089603
face,266.0,0.1,20.0,1.0,5.0,0.01,0.24740471456304938,308.794387806091,3.67252634e-21,-3.054293628369689e-20,-3.065419139887637e-20,-3.020450265557181e-20,-4.8834370285786125e-21,8.988227888653751e-05,-9.162880885109066e-20,1.1125511517947987e-22,-8.31660101413919,-8.346894905831054,-8.224448202479552,-1.3297214441703942,-24.949803042417567,0.030293891691864586
face,267.0,0.1,20.0,1.0,5.0,0.01,0.2425568567836536,308.794387806091,3.68633283e-21,-3.0535488969869084e-20,-3.0644391971779916e-20,-3.0195412695931326e-20,-4.8834370285786125e-21,9.107229240615296e-05,-9.160646690960725e-20,1.0890300191083194e-22,-8.283432445753707,-8.312974813991474,-8.191179171396557,-1.3247412140424153,-24.85029733726112,0.029542368237767597
face,268.0,0.1,20.0,1.0,5.0,0.01,0.2377089990042578,308.794387806091,3.7001393200000004e-21,-3.052790153131652e-20,-3.0634533364833596e-20,-3.018595197345274e-20,-4.8834370285786125e-21,9.231646835335554e-05,-9.158370459394956e-20,1.066318335170777e-22,-8.250473533876695,-8.27929186321384,-8.158058214265493,-1.3197981498109137,-24.751420601630088,0.02881832933714444
face,269.0,0.1,20.0,1.0,5.0,0.01,0.23286114122486198,308.794387806091,3.71394581e-21,-3.052017337578667e-20,-3.0624615927953155e-20,-3.017609733177556e-20,-4.8834370285786125e-21,9.361647609511248e-05,-9.156052012736001e-20,1.0444255216648622e-22,-8.21772178086429,-8.245843503019005,-8.125077444728673,-1.3148918369863378,-24.65316534259287,0.028121722154714535
face,270.0,0.1,20.0,1.0,5.0,0.01,0.22801328344546617,308.794387806091,3.7277523000000004e-21,-3.0512303918874354e-20,-3.061464001242997e-20,-3.0165823645202446e-20,-4.8834370285786125e-21,9.497401998745133e-05,-9.153691175662306e-20,1.0233609355561818e-22,-8.185174728179861,-8.212627221081714,-8.092228564972636,-1.3100218672197217,-24.555524184539582,0.02745249290185353
face,271.0,0.1,20.0,1.0,5.0,0.01,0.22333848283028734,313.15316208150205,3.74155879e-21,-3.050441216741574e-20,-3.060460597084721e-20,-3.0155987344259645e-20,-4.8834370285786125e-21,9.637094667932082e-05,-9.151323650224722e-20,1.0019380343146948e-22,-8.152861916521092,-8.179640542504266,-8.05973901168065,-1.3051878381893907,-24.458585749563277,0.026778625983174643
face,272.0,0.1,20.0,1.0,5.0,0.01,0.21884221245986646,313.15316208150205,3.7553652800000004e-21,-3.0496506629146805e-20,-3.059451415699729e-20,-3.014666853000949e-20,-4.8834370285786125e-21,9.780744008015649e-05,-9.148951988744041e-20,9.800752785048613e-23,-8.120783027835524,-8.146881029106519,-8.02762615145909,-1.300389353490165,-24.362349083506572,0.026098001270993834
face,273.0,0.1,20.0,1.0,5.0,0.01,0.21434594208944557,313.15316208150205,3.76917177e-21,-3.0488465229659584e-20,-3.05843649258011e-20,-3.0136958759830874e-20,-4.8834370285786125e-21,9.930545564052481e-05,-9.146539568897876e-20,9.589969614151469e-23,-8.088903103946251,-8.114346278731972,-7.995644825661759,-1.2956260225249996,-24.266709311838753,0.025443174785720814
face,274.0,0.1,20.0,1.0,5.0,0.01,0.20984967171902472,313.15316208150205,3.7829782600000005e-21,-3.04802874757325e-20,-3.0574158633229076e-20,-3.0126832903683665e-20,-4.8834370285786125e-21,0.00010086677835530789,-9.14408624271975e-20,9.387115749657608e-23,-8.05721983602742,-8.082033924569545,-7.9637869512059165,-1.2908974603989958,-24.17165950808226,0.024814088542125554
face,275.0,0.1,20.0,1.0,5.0,0.01,0.20535340134860383,313.15316208150205,3.79678475e-21,-3.0471972881318505e-20,-3.0563895636223636e-20,-3.011626363061061e-20,-4.8834370285786125e-21,0.00010249322770230219,-9.141591864395552e-20,9.192275490513151e-23,-8.025730950725743,-8.049941634490509,-7.932043982901746,-1.2862032878157268,-24.07719285217723,0.02421068376476478
face,276.0,0.1,20.0,1.0,5.0,0.01,0.20098601956765128,317.6427546209331,3.8105912400000005e-21,-3.046360711474958e-20,-3.0553576292623477e-20,-3.010593730724811e-20,-4.8834370285786125e-21,0.00010417035656913274,-9.139082134424873e-20,8.996917787389647e-23,-7.994456816824461,-8.018067110400294,-7.900594792541461,-1.2815431309758145,-23.98337045047338,0.023610293575832726
face,277.0,0.1,20.0,1.0,5.0,0.01,0.19684291743929447,317.6427546209331,3.82439773e-21,-3.0455258463698216e-20,-3.054320096108942e-20,-3.009643610647725e-20,-4.8834370285786125e-21,0.0001058869609633914,-9.136577539109464e-20,8.794249739120529e-23,-7.963412964293914,-7.986408087604795,-7.869588424443826,-1.276916621477707,-23.89023889288174,0.022995123310881497
face,278.0,0.1,20.0,1.0,5.0,0.01,0.19269981531093763,317.6427546209331,3.8382042200000005e-21,-3.0446778931613086e-20,-3.0532770001031674e-20,-3.008652634854123e-20,-4.8834370285786125e-21,0.00010767279920963025,-9.134033679483926e-20,8.599106941858853e-23,-7.932558349282697,-7.954962334190667,-7.838698678868428,-1.2723233962205929,-23.79767504784809,0.022403984907970458
face,279.0,0.1,20.0,1.0,5.0,0.01,0.18855671318258083,317.6427546209331,3.85201071e-21,-3.043816811926186e-20,-3.0522283772539045e-20,-3.0076181102114726e-20,-4.8834370285786125e-21,0.00010952976152678646,-9.131450435778559e-20,8.411565327718236e-23,-7.901890833336198,-7.923727650419498,-7.807917310311613,-1.267763097309408,-23.705672500008596,0.021836817083299948
face,280.0,0.1,20.0,1.0,5.0,0.01,0.18441361105422402,317.6427546209331,3.8658172000000005e-21,-3.0429425633876473e-20,-3.051174263630936e-20,-3.00653710156773e-20,-4.8834370285786125e-21,0.00011145977168703544,-9.128827690162941e-20,8.231700243288668e-23,-7.871408310221308,-7.892701868135243,-7.777235565012567,-1.2632353719618743,-23.614224930663923,0.02129355791393516
face,281.0,0.1,20.0,1.0,5.0,0.01,0.1803200213694792,322.26336818862296,3.87962369e-21,-3.042058318901186e-20,-3.050114695358143e-20,-3.0054364816147596e-20,-4.8834370285786125e-21,0.00011345789733829031,-9.126174956703558e-20,8.0563764569575e-23,-7.841116979315037,-7.861882850184738,-7.7467216456108385,-1.2587398724175263,-23.52335093794511,0.020765870869701542
face,282.0,0.1,20.0,1.0,5.0,0.01,0.17652730011301718,322.26336818862296,3.8934301800000006e-21,-3.0411807622593583e-20,-3.0490497086068926e-20,-3.004473338025707e-20,-4.8834370285786125e-21,0.00011549016646737995,-9.123542286778075e-20,7.868946347534261e-23,-7.811057657798702,-7.831268489851004,-7.716777235300792,-1.2542762558486695,-23.433172973396108,0.020210832052301654
face,283.0,0.1,20.0,1.0,5.0,0.01,0.17273457885655516,322.26336818862296,3.90723667e-21,-3.040290674659109e-20,-3.047979339589528e-20,-3.003467899081696e-20,-4.8834370285786125e-21,0.00011759967615894079,-9.120872023977326e-20,7.688664930419439e-23,-7.781178698497188,-7.800856710298862,-7.686936197498616,-1.2498441842732326,-23.34353609549156,0.019678011801674247
face,284.0,0.1,20.0,1.0,5.0,0.01,0.16894185760009314,322.26336818862296,3.9210431600000006e-21,-3.039388024983465e-20,-3.0469036245530115e-20,-3.002417316208179e-20,-4.8834370285786125e-21,0.00011978840991577923,-9.118164074950395e-20,7.515599569546597e-23,-7.751478116816915,-7.770645464032615,-7.657190175402657,-1.2454433244694536,-23.254434350450744,0.019167347215700112
face,285.0,0.1,20.0,1.0,5.0,0.01,0.16514913634363115,322.26336818862296,3.93484965e-21,-3.0384727826891224e-20,-3.045822599772777e-20,-3.001318479155629e-20,-4.8834370285786125e-21,0.00012205838347485674,-9.115418348067367e-20,7.349817083654646e-23,-7.72195395747617,-7.740632732365713,-7.6275302644807,-1.241073347892368,-23.16586187242851,0.018678774889542844
face,286.0,0.1,20.0,1.0,5.0,0.01,0.16135641508716914,322.26336818862296,3.9486561400000006e-21,-3.0375449178018556e-20,-3.0447363015466136e-20,-3.000167985245876e-20,-4.8834370285786125e-21,0.0001244116448992704,-9.112634753405567e-20,7.191383744757925e-23,-7.692604293981028,-7.710816524901591,-7.597946944161807,-1.2367339305920448,-23.077812881943085,0.018212230920563077
face,287.0,0.1,20.0,1.0,5.0,0.01,0.15784537113417654,327.01522787029614,3.96246263e-21,-3.036622453546714e-20,-3.043644766188806e-20,-2.999156210131485e-20,-4.8834370285786125e-21,0.00012680639353721064,-9.109867360640143e-20,7.022312642091529e-23,-7.663472787241691,-7.68119487902604,-7.568919861665634,-1.2324247531335362,-22.990418361725073,0.017722091784349595
face,288.0,0.1,20.0,1.0,5.0,0.01,0.15439622846219733,327.01522787029614,3.976269120000001e-21,-3.035691961419152e-20,-3.042548030024332e-20,-2.998142355912549e-20,-4.8834370285786125e-21,0.000129277159187572,-9.107075884257456e-20,6.85606860518053e-23,-7.634523393173024,-7.65176585941027,-7.540089127348977,-1.228145500518489,-22.903570179519072,0.01724246623724636
face,289.0,0.1,20.0,1.0,5.0,0.01,0.1509470857902181,327.01522787029614,3.99007561e-21,-3.034749518778658e-20,-3.041446129383243e-20,-2.9970821685321434e-20,-4.8834370285786125e-21,0.00013183547341056188,-9.104248556335974e-20,6.696610604585201e-23,-7.605744390339154,-7.622527557524763,-7.511341792673806,-1.2238958621083904,-22.817233171017463,0.016783167185609297
face,290.0,0.1,20.0,1.0,5.0,0.01,0.14749794311823886,327.01522787029614,4.0038821e-21,-3.0337951031572666e-20,-3.0403391005951655e-20,-2.995972397578479e-20,-4.8834370285786125e-21,0.0001344834304932597,-9.1013853094718e-20,6.543997437898916e-23,-7.577133959956679,-7.593478091163488,-7.482668876734604,-1.2196755315493961,-22.731401879870038,0.0163441312068078
face,291.0,0.1,20.0,1.0,5.0,0.01,0.14404880044625962,327.01522787029614,4.01768859e-21,-3.032828692583268e-20,-3.0392269799839274e-20,-2.99480948132488e-20,-4.8834370285786125e-21,0.0001372231553267179,-9.098486077749804e-20,6.39828740065942e-23,-7.548690309477838,-7.564615603978225,-7.454060747214059,-1.2154842066987108,-22.646070928433513,0.015925294500386898
face,292.0,0.1,20.0,1.0,5.0,0.01,0.1407326163524931,331.89858599516793,4.03149508e-21,-3.0318585608579456e-20,-3.038109803862329e-20,-2.9936905131079687e-20,-4.8834370285786125e-21,0.00014003406034674202,-9.095575682573836e-20,6.251243004383232e-23,-7.5204322483210015,-7.535938265022834,-7.425757575544328,-1.2113215895524825,-22.561296744963002,0.0155060167018317
face,293.0,0.1,20.0,1.0,5.0,0.01,0.1376166647135802,331.89858599516793,4.04530157e-21,-3.030889407314218e-20,-3.036987608527057e-20,-2.9926746524942124e-20,-4.8834370285786125e-21,0.0001429052744654562,-9.092668221942654e-20,6.098201212839055e-23,-7.492369493022044,-7.507444268307188,-7.397902481950714,-1.20718738617517,-22.477108479066132,0.015074775285144079
face,294.0,0.1,20.0,1.0,5.0,0.01,0.13450071307466732,331.89858599516793,4.05910806e-21,-3.0299089476283234e-20,-3.035860430253679e-20,-2.9916117233932784e-20,-4.8834370285786125e-21,0.00014587252979523003,-9.08972684288497e-20,5.95148262535577e-23,-7.464469787060371,-7.47913183236043,-7.3701209210805745,-1.2030813066303567,-22.39340936118111,0.014662045300059764
face,295.0,0.1,20.0,1.0,5.0,0.01,0.13138476143575442,331.89858599516793,4.07291455e-21,-3.0289171667074686e-20,-3.0347283052918325e-20,-2.990498376943516e-20,-4.8834370285786125e-21,0.00014893798510332292,-9.086751500122406e-20,5.811138584363885e-23,-7.436731435250632,-7.450999199803571,-7.3424039228702105,-1.1990030649129655,-22.310194305751896,0.01426776455293884
face,296.0,0.1,20.0,1.0,5.0,0.01,0.12826880979684155,331.89858599516793,4.08672104e-21,-3.027914049883918e-20,-3.0335912698604706e-20,-2.989330938876308e-20,-4.8834370285786125e-21,0.00015210382774834304,-9.083742149651753e-20,5.677219976552676e-23,-7.409152766355488,-7.423044636930909,-7.314741842218592,-1.1949523788828544,-22.227458299066463,0.01389187057542023
face,297.0,0.1,20.0,1.0,5.0,0.01,0.12515285815792868,331.89858599516793,4.1005275300000004e-21,-3.026899582910492e-20,-3.03244936014326e-20,-2.988105369007519e-20,-4.8834370285786125e-21,0.0001553722736552851,-9.080698748731477e-20,5.549777232767876e-23,-7.3817321326714564,-7.395266433300253,-7.287124271562979,-1.190928970199747,-22.14519639801437,0.013534300628797083
face,298.0,0.1,20.0,1.0,5.0,0.01,0.12231743713388181,336.91372616117235,4.11433402e-21,-3.0258911147927284e-20,-3.0313026122841405e-20,-2.9870611891623533e-20,-4.8834370285786125e-21,0.00015869195076754125,-9.077673344378185e-20,5.411497491412096e-23,-7.3545101104667445,-7.367662901331819,-7.260132927083916,-1.1869325642594795,-22.063530331400234,0.01315279086507443
face,299.0,0.1,20.0,1.0,5.0,0.01,0.11952119077366351,336.91372616117235,4.1281405100000004e-21,-3.024874385107338e-20,-3.0301510623828984e-20,-2.98600259597787e-20,-4.8834370285786125e-21,0.00016210893819847093,-9.074623155322014e-20,5.276677275560279e-23,-7.3274501625608135,-7.340232375915175,-7.233287211868352,-1.1829628901315212,-21.98235048768244,0.012782213354361522
face,300.0,0.1,20.0,1.0,5.0,0.01,0.1167249444134452,336.91372616117235,4.141947e-21,-3.02384700570682e-20,-3.028994746490969e-20,-2.984893283774347e-20,-4.8834370285786125e-21,0.0001656327842606969,-9.07154101712046e-20,5.1477407841494164e-23,-7.300544902450031,-7.312973214024634,-7.206498015967725,-1.1790196804977495,-21.901634707350095,0.01242831157460348
face,200.0,0.1,20.0,computed,5.0,0.01,0.6855423684840727,256.6331691553846,2.7612980000000003e-21,-1.3498720384178313e-20,-3.115503813924983e-20,-5.399784245731024e-21,-4.8834370285786125e-21,0.25200053651243415,-4.049616115253494e-20,1.7656317755071516e-20,-4.888541687343529,-11.282751133434285,-1.9555239042403332,-1.7685295207466243,-14.665625062030585,6.394209446090756
face,201.0,0.1,20.0,computed,5.0,0.01,0.6784671821585939,258.9435505943604,2.7751044900000003e-21,-1.3666799422273008e-20,-3.1149754556540226e-20,-5.381440931341889e-21,-4.8834370285786125e-21,0.2495771082150345,-4.100039826681902e-20,1.748295513426722e-20,-4.924787326574866,-11.224714121139353,-1.9391849751004828,-1.7597308664145515,-14.774361979724596,6.299926794564487
face,202.0,0.1,20.0,computed,5.0,0.01,0.6713309056414548,258.9435505943604,2.7889109800000003e-21,-1.3837574114506558e-20,-3.11443975272158e-20,-5.3645276191372806e-21,-4.8834370285786125e-21,0.24711385997403956,-4.1512722343519674e-20,1.730682341270924e-20,-4.96164065964793,-11.167225397497555,-1.9235205632620371,-1.7510193274719053,-14.884921978943792,6.205584737849624
face,203.0,0.1,20.0,computed,5.0,0.01,0.6641946291243156,258.9435505943604,2.8027174700000003e-21,-1.40082476788453e-20,-3.113896703447531e-20,-5.347250865051573e-21,-4.8834370285786125e-21,0.2446506147996271,-4.202474303653589e-20,1.7130719355630013e-20,-4.998094823608923,-11.11027685372629,-1.9078808057850984,-1.7423936164991372,-14.994284470826768,6.112182030117367
face,204.0,0.1,20.0,computed,5.0,0.01,0.6570583526071765,258.9435505943604,2.8165239600000003e-21,-1.417881854043536e-20,-3.1133463072229955e-20,-5.329598827114789e-21,-4.8834370285786125e-21,0.24218737290127884,-4.2536455621306084e-20,1.6954644531794594e-20,-5.034155129443798,-11.053860543842116,-1.8922611356428114,-1.73385247132022,-15.102465388331396,6.019705414398318
face,205.0,0.1,20.0,computed,5.0,0.01,0.6498348274408761,261.37648168461754,2.8303304500000003e-21,-1.4353533355418028e-20,-3.112788564492808e-20,-5.314630366553155e-21,-4.8834370285786125e-21,0.2396635706665323,-4.306060006625409e-20,1.6774352289510054e-20,-5.071327750940894,-10.997968680628114,-1.8777420023704845,-1.7253946543869505,-15.21398325282268,5.926640929687221
face,206.0,0.1,20.0,computed,5.0,0.01,0.6425898445610949,261.37648168461754,2.8441369400000004e-21,-1.452918601987361e-20,-3.112223476737947e-20,-5.3000888247536046e-21,-4.8834370285786125e-21,0.23712487726595996,-4.3587558059620827e-20,1.659304874750586e-20,-5.108469221553589,-10.942593631718543,-1.8635139364117974,-1.7170189521811885,-15.325407664660768,5.8341244101649545
face,207.0,0.1,20.0,computed,5.0,0.01,0.6353448616813137,261.37648168461754,2.8579434300000004e-21,-1.4704730028411648e-20,-3.111651046457906e-20,-5.2852156418950425e-21,-4.8834370285786125e-21,0.23458618786561733,-4.411419008523494e-20,1.641178043616741e-20,-5.145213818459537,-10.887727915796798,-1.849307297833758,-1.7087241746344195,-15.43564145537861,5.742514097337262
face,208.0,0.1,20.0,computed,5.0,0.01,0.6280998788015325,261.37648168461754,2.8717499200000004e-21,-1.48801637981557e-20,-3.1110712771529886e-20,-5.269999341774989e-21,-4.8834370285786125e-21,0.2320475027251783,-4.4640491394467106e-20,1.6230548973374185e-20,-5.18156671460992,-10.833364198902766,-1.8351177813474053,-1.7005091545640616,-15.54470014382976,5.651797484292846
face,209.0,0.1,20.0,computed,5.0,0.01,0.6207882523606715,263.9333103397496,2.88555641e-21,-1.5059221660111555e-20,-3.110484173306643e-20,-5.257670798471267e-21,-4.8834370285786125e-21,0.22945554175909932,-4.517766498033466e-20,1.6045620072954872e-20,-5.218827678406591,-10.779495290846326,-1.8220648122665768,-1.6923727471259564,-15.65648303521977,5.560667612439735
face,210.0,0.1,20.0,computed,5.0,0.01,0.6134732672297427,263.9333103397496,2.8993629e-21,-1.5238353601435446e-20,-3.109889740367725e-20,-5.245213715285808e-21,-4.8834370285786125e-21,0.2268609004176796,-4.571506080430634e-20,1.5860543802241802e-20,-5.255759326104174,-10.726114141723082,-1.8090918233401578,-1.6843138292824995,-15.767277978312524,5.470354815618908
face,211.0,0.1,20.0,computed,5.0,0.01,0.6061582820988141,263.9333103397496,2.91316939e-21,-1.5417369737565482e-20,-3.1092879847328224e-20,-5.232455973407833e-21,-4.8834370285786125e-21,0.22426626421770574,-4.625210921269644e-20,1.5675510109762742e-20,-5.292301158486867,-10.67321383852939,-1.7961385944014168,-1.6763312992858999,-15.876903475460603,5.380912680042523
face,212.0,0.1,20.0,computed,5.0,0.01,0.5988425361973811,266.61519929822856,2.92697588e-21,-1.5596334152054844e-20,-3.1086789137285275e-20,-5.2194633397659266e-21,-4.8834370285786125e-21,0.2216706972220864,-4.678900245616453e-20,1.549045498523043e-20,-5.3284805859264015,-10.620787601872987,-1.783227315069616,-1.6684240761760607,-15.985441757779205,5.2923070159465855
face,213.0,0.1,20.0,computed,5.0,0.01,0.5914980226274176,266.61519929822856,2.94078237e-21,-1.5777662325879267e-20,-3.1080625355938186e-20,-5.20908826764229e-21,-4.8834370285786125e-21,0.21903973262990223,-4.73329869776378e-20,1.530296303005892e-20,-5.365124086308796,-10.568828782776668,-1.7713273585907312,-1.660591099292605,-16.09537225892639,5.203704696467872
face,214.0,0.1,20.0,computed,5.0,0.01,0.584153509057454,266.61519929822856,2.95458886e-21,-1.5958869611288915e-20,-3.107438859462386e-20,-5.1984523056778166e-21,-4.8834370285786125e-21,0.21640877418782806,-4.787660883386674e-20,1.5115518983334943e-20,-5.401384208593041,-10.517330859571391,-1.7594503167786995,-1.6528313278005835,-16.20415262577912,5.11594665097835
face,215.0,0.1,20.0,computed,5.0,0.01,0.5768089954874904,266.61519929822856,2.96839535e-21,-1.6139954442641712e-20,-3.106807895345077e-20,-5.187545488135192e-21,-4.8834370285786125e-21,0.21377782226150796,-4.8419863327925133e-20,1.492812451080906e-20,-5.437265774803788,-10.46628743487648,-1.7475925126129819,-1.645143740229418,-16.311797324411362,5.029021660072692
face,216.0,0.1,20.0,computed,5.0,0.01,0.5694647535611272,269.4231419012354,2.98220184e-21,-1.6320941942478497e-20,-3.1061696541123714e-20,-5.176416536585345e-21,-4.8834370285786125e-21,0.21114649768734,-4.896282582743549e-20,1.4740754598645217e-20,-5.472782466822734,-10.415692232663806,-1.7357700163532006,-1.6375273340246521,-16.418347400468203,4.9429097658410726
face,217.0,0.1,20.0,computed,5.0,0.01,0.562132288488869,269.4231419012354,2.99600833e-21,-1.6502960709905876e-20,-3.1055241474769174e-20,-5.167597119767043e-21,-4.8834370285786125e-21,0.20849872554039925,-4.950888212971763e-20,1.4552280764863298e-20,-5.5083160299176726,-10.365539095403374,-1.7248273537901153,-1.6299811251120961,-16.524948089753018,4.857223065485702
face,218.0,0.1,20.0,computed,5.0,0.01,0.5547998234166107,269.4231419012354,3.00981482e-21,-1.6684852524467024e-20,-3.104871387976177e-20,-5.158544580791709e-21,-4.8834370285786125e-21,0.20585096110463966,-5.0054557573401074e-20,1.436386135529475e-20,-5.543481417393985,-10.315821981287796,-1.7139076286399935,-1.6225041474739672,-16.630444252181956,4.772340563893811
face,219.0,0.1,20.0,computed,5.0,0.01,0.5474673583443526,269.4231419012354,3.02362131e-21,-1.686661585111072e-20,-3.1042113889550934e-20,-5.1492495527443216e-21,-4.8834370285786125e-21,0.20320320481619,-5.059984755333216e-20,1.4175498038440214e-20,-5.5782831650669635,-10.266534961532908,-1.7030074287789436,-1.6150954527366432,-16.73484949520089,4.688251796465945
face,220.0,0.1,20.0,computed,5.0,0.01,0.5401348932720943,269.4231419012354,3.0374278e-21,-1.7048249162334185e-20,-3.103544164548923e-20,-5.139702160077088e-21,-4.8834370285786125e-21,0.20055545713024664,-5.114474748700255e-20,1.3987192483155044e-20,-5.612725728767671,-10.217672217752543,-1.6921232366665928,-1.6077541097696584,-16.838177186303014,4.604946488984872
face,221.0,0.1,20.0,computed,5.0,0.01,0.5328532570039032,272.3579786564653,3.05123429e-21,-1.722960681940828e-20,-3.10286972966613e-20,-5.1320920007834905e-21,-4.8834370285786125e-21,0.19790988762249603,-5.168882045822484e-20,1.3799090477253018e-20,-5.646766253209707,-10.169228039404768,-1.6819724455782419,-1.6004792042955875,-16.94029875962912,4.522461786195061
face,222.0,0.1,20.0,computed,5.0,0.01,0.525574804309212,272.3579786564653,3.06504078e-21,-1.741082311752151e-20,-3.1021880999713866e-20,-5.124410705105622e-21,-4.8834370285786125e-21,0.19526446351767632,-5.2232469352564524e-20,1.3611057882192357e-20,-5.680453986495249,-10.121196821307501,-1.6718898941062772,-1.5932698385104724,-17.041361959485748,4.440742834812252
face,223.0,0.1,20.0,computed,5.0,0.01,0.5182963516145208,272.3579786564653,3.0788472700000002e-21,-1.7591905612792055e-20,-3.10149929186871e-20,-5.1165136720525956e-21,-4.8834370285786125e-21,0.1926190494708147,-5.277571683837617e-20,1.3423087305895048e-20,-5.713796128897311,-10.073573061221417,-1.6618276982776723,-1.5861251307144613,-17.141388386691933,4.359776932324105
face,224.0,0.1,20.0,computed,5.0,0.01,0.5110178989198296,272.3579786564653,3.0926537600000002e-21,-1.7772852821534838e-20,-3.1008033224846973e-20,-5.108391683350751e-21,-4.8834370285786125e-21,0.18997364601680083,-5.3318558464604514e-20,1.3235180403312135e-20,-5.746796829120256,-10.026351357497896,-1.6517826047720099,-1.5790442149523432,-17.240390487360767,4.2795545283776395
face,225.0,0.1,20.0,computed,5.0,0.01,0.5038140263502325,275.420414203295,3.1064602500000002e-21,-1.7952536416165675e-20,-3.100100209651909e-20,-5.101632492063864e-21,-4.8834370285786125e-21,0.18734450675013792,-5.3857609248497024e-20,1.3048465680353418e-20,-5.779097420018709,-9.979526406790201,-1.642265498830659,-1.572026240663666,-17.337292260056127,4.200428986771493
face,226.0,0.1,20.0,computed,5.0,0.01,0.49663119151762547,275.420414203295,3.1202667400000002e-21,-1.813176512618112e-20,-3.099389971892367e-20,-5.095134574032303e-21,-4.8834370285786125e-21,0.18471996385353937,-5.439529537854337e-20,1.2862134592742548e-20,-5.810966381092508,-9.933093001825757,-1.6329163493350258,-1.5650703723421453,-17.432899143277528,4.122126620733248
face,227.0,0.1,20.0,computed,5.0,0.01,0.4894483566850184,275.420414203295,3.1340732300000002e-21,-1.8310855527356743e-20,-3.098672628401225e-20,-5.08844593732189e-21,-4.8834370285786125e-21,0.18209543322327054,-5.493256658207023e-20,1.2675870756655507e-20,-5.84251042767011,-9.887046029237883,-1.6235887179068529,-1.5581757892040742,-17.52753128301033,4.044535601567774
face,228.0,0.1,20.0,computed,5.0,0.01,0.4822655218524113,275.420414203295,3.1478797200000003e-21,-1.8489806191294592e-20,-3.09794819903054e-20,-5.081558060273658e-21,-4.8834370285786125e-21,0.1794709154803675,-5.546941857388377e-20,1.2489675799010808e-20,-5.8737333811771535,-9.841380467454899,-1.6142796143029434,-1.55134168486546,-17.621200143531457,3.967647086277746
face,229.0,0.1,20.0,computed,5.0,0.01,0.4751559130371732,278.6110343330985,3.1616862100000003e-21,-1.86671767368808e-20,-3.0972167042732294e-20,-5.075424587821858e-21,-4.8834370285786125e-21,0.17686713855721561,-5.60015302106424e-20,1.2304990305851494e-20,-5.904183874363927,-9.796091384645123,-1.6052904212217372,-1.5445672670276194,-17.712551623091777,3.8919075102811966
face,230.0,0.1,20.0,computed,5.0,0.01,0.4681091910925307,278.6110343330985,3.1754927000000003e-21,-1.8843170474242174e-20,-3.096478165247145e-20,-5.0699447022753376e-21,-4.8834370285786125e-21,0.17428117645473568,-5.652951142272652e-20,1.2121611178229275e-20,-5.933936007550001,-9.751173936715851,-1.5965852172405677,-1.5378517571709776,-17.80180802265,3.81723792916585
face,231.0,0.1,20.0,computed,5.0,0.01,0.4610624691478882,278.6110343330985,3.1892991900000003e-21,-1.901902227890751e-20,-3.095732603679369e-20,-5.064297311315478e-21,-4.8834370285786125e-21,0.17169522913929636,-5.705706683672253e-20,1.1938303757886183e-20,-5.963386043724392,-9.706623365365006,-1.5879028619185387,-1.5311943902568175,-17.890158131173173,3.7432373216406147
face,232.0,0.1,20.0,computed,5.0,0.01,0.45401574720324567,278.6110343330985,3.2031056800000003e-21,-1.9194730788167238e-20,-3.09498004189058e-20,-5.0584746154502185e-21,-4.8834370285786125e-21,0.16910929732370344,-5.758419236450171e-20,1.175506963073856e-20,-5.9925374638801285,-9.66243499618339,-1.5792406248207889,-1.524594414436745,-17.977612391640385,3.669897532303261
face,233.0,0.1,20.0,computed,5.0,0.01,0.44700637344637134,281.93032276182885,3.2169121700000003e-21,-1.9369476686404564e-20,-3.0942205027796704e-20,-5.052801590061258e-21,-4.8834370285786125e-21,0.1665351673985628,-5.810843005921369e-20,1.157272834139214e-20,-6.021139422779007,-9.618604236806597,-1.570699267820314,-1.5180510907696345,-18.06341826833702,3.5974648140275893
face,234.0,0.1,20.0,computed,5.0,0.01,0.44013441363957134,281.93032276182885,3.2307186600000003e-21,-1.9541068716264088e-20,-3.093454009808494e-20,-5.0481948618520984e-21,-4.8834370285786125e-21,0.16400441693963594,-5.862320614879226e-20,1.1393471381820853e-20,-6.048520707855164,-9.575126575114695,-1.5625609634025197,-1.5115636929458327,-18.14556212356549,3.5266058672595313
face,235.0,0.1,20.0,computed,5.0,0.01,0.43326245383277134,281.93032276182885,3.2445251500000003e-21,-1.971251612588087e-20,-3.0926805869867713e-20,-5.043441999350368e-21,-4.8834370285786125e-21,0.16147368411076038,-5.913754837764261e-20,1.1214289743986843e-20,-6.075624387094324,-9.53199757747839,-1.5544468808788146,-1.5051315070184035,-18.22687316128297,3.4563731903840664
face,236.0,0.1,20.0,computed,5.0,0.01,0.42639049402597134,281.93032276182885,3.2583316400000004e-21,-1.9883817627384557e-20,-3.0919002588572053e-20,-5.0385359369976256e-21,-4.8834370285786125e-21,0.15894296972109476,-5.965145288215367e-20,1.1035184961187496e-20,-6.1024535941297104,-9.489212887050396,-1.5463545438848039,-1.498753831141207,-18.307360782389132,3.3867592929206847
face,237.0,0.1,20.0,computed,5.0,0.01,0.41951853421917135,281.93032276182885,3.2721381300000004e-21,-2.0054971942659338e-20,-3.091113050480739e-20,-5.0334691462834494e-21,-4.8834370285786125e-21,0.15641227460760207,-6.016491582797801e-20,1.0856158562148054e-20,-6.1290114126873165,-9.446768222100511,-1.5382813763682552,-1.492429975313607,-18.38703423806195,3.3177568094131935
face,238.0,0.1,20.0,computed,5.0,0.01,0.41281649552987165,285.37867739786907,3.2859446200000004e-21,-2.0222040241304734e-20,-3.090318987422034e-20,-5.0293458089395015e-21,-4.8834370285786125e-21,0.15393839681375343,-6.06661207239142e-20,1.0681149632915605e-20,-6.154102573190881,-9.404659374393333,-1.5305631684503256,-1.486159261131617,-18.462307719572642,3.250556801202451
face,239.0,0.1,20.0,computed,5.0,0.01,0.40615540622685214,285.37867739786907,3.2997511100000004e-21,-2.038801296152074e-20,-3.089518095735076e-20,-5.0253591237805e-21,-4.8834370285786125e-21,0.1514782274262682,-6.116403888456222e-20,1.050716799583002e-20,-6.1786517473194325,-9.362882207607093,-1.5229509609227767,-1.4799410215452922,-18.5359552419583,3.1842304602876603
face,240.0,0.1,20.0,computed,5.0,0.01,0.39949431692383264,285.37867739786907,3.3135576e-21,-2.0553838138524185e-20,-3.0887104019490313e-20,-5.0212394922203e-21,-4.8834370285786125e-21,0.14901807974789372,-6.166151441557256e-20,1.0333265880966128e-20,-6.202951817866146,-9.32143265579277,-1.5153620665052872,-1.473774600622187,-18.60885545359844,3.1184808379266227
face,241.0,0.1,20.0,computed,5.0,0.01,0.39283322762081313,285.37867739786907,3.32736409e-21,-2.0719514576909578e-20,-3.08789593305421e-20,-5.016980151329074e-21,-4.8834370285786125e-21,0.14655795471697786,-6.215854373072873e-20,1.015944475363252e-20,-6.227005526440474,-9.280306721871876,-1.507794162474439,-1.4676593533167008,-18.68101657932142,3.053301195431402
face,242.0,0.1,20.0,computed,5.0,0.01,0.386248426570601,288.9564258944769,3.34117058e-21,-2.0883213212476644e-20,-3.087074716488294e-20,-5.012948749798113e-21,-4.8834370285786125e-21,0.14412424531658183,-6.264963963742993e-20,9.987533952406296e-21,-6.2502684949646135,-9.239500476172317,-1.5003570245126823,-1.461594645245144,-18.75080548489384,2.9892319812077046
face,243.0,0.1,20.0,computed,5.0,0.01,0.3798311427246744,288.9564258944769,3.35497707e-21,-2.1042749659670747e-20,-3.086246780122704e-20,-5.009616265369044e-21,-4.8834370285786125e-21,0.14174851310202968,-6.312824897901224e-20,9.819718141556294e-21,-6.272099397588653,-9.199010055000775,-1.4931894200305351,-1.4555798524663575,-18.81629819276596,2.926910657412122
face,244.0,0.1,20.0,computed,5.0,0.01,0.3734138588787478,288.9564258944769,3.36878356e-21,-2.1202137916750092e-20,-3.085412152249161e-20,-5.0061692404751e-21,-4.8834370285786125e-21,0.13937280619526787,-6.360641375025028e-20,9.651983605741518e-21,-6.293707369181679,-9.158831659250797,-1.4860465658634063,-1.4496143612677248,-18.88112210754504,2.8651242900691187
face,245.0,0.1,20.0,computed,5.0,0.01,0.3669965750328212,288.9564258944769,3.38259005e-21,-2.136137687713978e-20,-3.0845708615664473e-20,-5.002601666569676e-21,-4.8834370285786125e-21,0.13699712563779884,-6.408413063141935e-20,9.484331738524693e-21,-6.315094812373075,-9.118961553045564,-1.4789263826308705,-1.4436975679564281,-18.945284437119227,2.8038667406724893
face,246.0,0.1,20.0,computed,5.0,0.01,0.36057929118689463,288.9564258944769,3.39639654e-21,-2.152046544415109e-20,-3.083722937167365e-20,-4.998907107366138e-21,-4.8834370285786125e-21,0.13462147250255707,-6.456139633245327e-20,9.316763927522559e-21,-6.336264093635865,-9.079396062414327,-1.4718266988242008,-1.4378288786557922,-19.008792280907596,2.7431319687784628
face,247.0,0.1,20.0,computed,5.0,0.01,0.3543622983751449,292.66384032120993,3.4102030300000005e-21,-2.1674503412506916e-20,-3.082868408525868e-20,-4.995855043550888e-21,-4.8834370285786125e-21,0.1323166878422063,-6.502351023752075e-20,9.154180672751764e-21,-6.355780937918794,-9.040131574001526,-1.4649729061881946,-1.4320077091065782,-19.067342813756383,2.684350636082733
face,248.0,0.1,20.0,computed,5.0,0.01,0.3482180317927913,292.66384032120993,3.42400952e-21,-2.1826614016100972e-20,-3.082007305484414e-20,-4.992981354737217e-21,-4.8834370285786125e-21,0.1300376546475487,-6.547984204830291e-20,8.99345903874317e-21,-6.374577491274315,-9.001164533807762,-1.4582264814313999,-1.4262334844730842,-19.123732473822944,2.6265870425334477
face,249.0,0.1,20.0,computed,5.0,0.01,0.3420737652104378,292.66384032120993,3.4378160100000005e-21,-2.1978575746743576e-20,-3.081139658241446e-20,-4.990004432574824e-21,-4.8834370285786125e-21,0.12775865182603957,-6.593572724023072e-20,8.832820835670882e-21,-6.393179763783685,-8.962491445961488,-1.451504216066183,-1.420505639153915,-19.179539291351055,2.569311682177802
face,250.0,0.1,20.0,computed,5.0,0.01,0.33592949862808424,292.66384032120993,3.4516225e-21,-2.2130387600976806e-20,-3.080265497339148e-20,-4.986918612542879e-21,-4.8834370285786125e-21,0.1254796805551774,-6.639116280293041e-20,8.672267372414677e-21,-6.4115897960964165,-8.924108871520996,-1.4448041790615511,-1.4148236165972994,-19.234769388289248,2.5125190754245796
face,251.0,0.1,20.0,computed,5.0,0.01,0.32980506926950365,296.50115083114173,3.4654289900000005e-21,-2.228155666270861e-20,-3.0793848536513506e-20,-4.983778689318435e-21,-4.8834370285786125e-21,0.12320786376065007,-6.684466998812583e-20,8.512291873804896e-21,-6.4296676477877,-8.886013427305432,-1.4381419165418923,-1.409186869120816,-19.2890029433631,2.4563457795177315
face,252.0,0.1,20.0,computed,5.0,0.01,0.3239588587628085,296.50115083114173,3.47923548e-21,-2.242567743484537e-20,-3.0784977583716075e-20,-4.9813919654845416e-21,-4.8834370285786125e-21,0.12103596337166315,-6.72770323045361e-20,8.359300148870705e-21,-6.445576208841538,-8.848201784754181,-1.431749013287408,-1.403594857735416,-19.336728626524614,2.402625575912644
face,253.0,0.1,20.0,computed,5.0,0.01,0.31811264825611335,296.50115083114173,3.4930419700000006e-21,-2.2569650706283106e-20,-3.077604243001506e-20,-4.978917516185906e-21,-4.8834370285786125e-21,0.11886409768824586,-6.770895211884932e-20,8.206391723731952e-21,-6.461316783514944,-8.810670668813938,-1.4253815324715107,-1.398047051973616,-19.383950350544833,2.3493538852989935
face,254.0,0.1,20.0,computed,5.0,0.01,0.31226643774941815,296.50115083114173,3.50684846e-21,-2.2713475569712084e-20,-3.076704339339153e-20,-4.976350414269255e-21,-4.8834370285786125e-21,0.11669226799093867,-6.814042670913625e-20,8.053567823679445e-21,-6.476891097173923,-8.773416856852585,-1.4190377688202858,-1.3925429297217513,-19.430673291521767,2.2965257596786617
face,255.0,0.1,20.0,computed,5.0,0.01,0.306420227242723,296.50115083114173,3.5206549500000006e-21,-2.285715112723646e-20,-3.075798079467836e-20,-4.973685356559463e-21,-4.8834370285786125e-21,0.11452047559409753,-6.857145338170938e-20,7.900829667441897e-21,-6.492300850793815,-8.736437177599115,-1.4127159370046936,-1.3870819770561758,-19.476902552381446,2.2441363268052994
face,256.0,0.1,20.0,computed,5.0,0.01,0.3006728752225062,300.46855823949073,3.53446144e-21,-2.299820332638675e-20,-3.074885495744893e-20,-4.9711667462110985e-21,-4.8834370285786125e-21,0.1123845858066586,-6.899460997916025e-20,7.750651631062178e-21,-6.506847992769939,-8.699728510109004,-1.4064849286376988,-1.3816636880833002,-19.520543978309817,2.192880517339065
face,257.0,0.1,20.0,computed,5.0,0.01,0.2951452498039302,300.46855823949073,3.54826793e-21,-2.3133611340291392e-20,-3.0739666207907753e-20,-4.969118070442604e-21,-4.8834370285786125e-21,0.1103284481763198,-6.940083402087418e-20,7.606054867616362e-21,-6.519691239971102,-8.663287782754262,-1.4004348511648623,-1.3762875647833654,-19.559073719913304,2.1435965427831607
face,258.0,0.1,20.0,computed,5.0,0.01,0.28961762438535416,300.46855823949073,3.56207442e-21,-2.326887331199004e-20,-3.073041487478277e-20,-4.9669911928569634e-21,-4.8834370285786125e-21,0.10827235125540449,-6.980661993597013e-20,7.461541562792726e-21,-6.532393927915195,-8.627111972237449,-1.3944097195074783,-1.3709531168578484,-19.597181783745587,2.0947180443222533
face,259.0,0.1,20.0,computed,5.0,0.01,0.2840899989667781,300.46855823949073,3.57588091e-21,-2.340398844073742e-20,-3.0721101289219723e-20,-4.964781548664632e-21,-4.8834370285786125e-21,0.1062162964587334,-7.021196532221226e-20,7.317112848482303e-21,-6.544957460772211,-8.591198102629129,-1.388407968168222,-1.365659861580405,-19.634872382316633,2.046240641856919
face,260.0,0.1,20.0,computed,5.0,0.01,0.27856237354820207,300.46855823949073,3.5896874e-21,-2.3538955934779427e-20,-3.071172578467832e-20,-4.962484210752234e-21,-4.8834370285786125e-21,0.10416028523578334,-7.061686780433828e-20,7.172769849898895e-21,-6.5573832236142415,-8.555543244428002,-1.3824279547996947,-1.3604073236512495,-19.672149670842725,1.9981600208137607
face,261.0,0.1,20.0,computed,5.0,0.01,0.2731897213340763,304.566245463842,3.60349389e-21,-2.3669875501713323e-20,-3.0702288696830234e-20,-4.960422711626628e-21,-4.8834370285786125e-21,0.10216096477707115,-7.100962650513997e-20,7.032413195116911e-21,-6.568590435909779,-8.520144513643183,-1.3765592125443087,-1.3551950350548847,-19.705771307729336,1.9515540777334053
face,262.0,0.1,20.0,computed,5.0,0.01,0.26799648506733276,304.566245463842,3.61730038e-21,-2.3796135975914666e-20,-3.0692790363458986e-20,-4.958667821472774e-21,-4.8834370285786125e-21,0.1002272702484408,-7.1388407927744e-20,6.896654387544321e-21,-6.578424094245295,-8.484999070898,-1.3708200316703512,-1.3500225349210873,-19.735272282735888,1.9065749766527047
face,263.0,0.1,20.0,computed,5.0,0.01,0.26280324880058914,304.566245463842,3.63110687e-21,-2.392225289643403e-20,-3.0683231124361774e-20,-4.95684357480044e-21,-4.8834370285786125e-21,0.09829362292846604,-7.176675868930208e-20,6.7609782279277445e-21,-6.588143437495143,-8.450104120554782,-1.365105394102719,-1.344889369389068,-19.764430312485427,1.861960683059638
face,264.0,0.1,20.0,computed,5.0,0.01,0.2576100125338455,304.566245463842,3.64491336e-21,-2.404822556806318e-20,-3.067361132125286e-20,-4.954945777074053e-21,-4.8834370285786125e-21,0.09636002436238619,-7.214467670418954e-20,6.625385753189682e-21,-6.597749573960567,-8.415456909859953,-1.3594138701486316,-1.3397950914747154,-19.7932487218817,1.8177073358993865
face,265.0,0.1,20.0,computed,5.0,0.01,0.25241677626710196,304.566245463842,3.65871985e-21,-2.4174053304054712e-20,-3.0663931297668934e-20,-4.952969888563642e-21,-4.8834370285786125e-21,0.09442647613049014,-7.252215991216414e-20,6.4898779936142225e-21,-6.607243597526253,-8.38105472810905,-1.3537439573471695,-1.3347392609408486,-19.82173079257876,1.7738111305827973
face,266.0,0.1,20.0,computed,5.0,0.01,0.24740471456304938,308.794387806091,3.67252634e-21,-2.429515961978513e-20,-3.065419139887637e-20,-4.951238282877111e-21,-4.8834370285786125e-21,0.09255956964095985,-7.28854788593554e-20,6.359031779091236e-21,-6.615380631901779,-8.346894905831054,-1.3481831917581593,-1.3297214441703942,-19.84614189570534,1.7315142739292744
face,267.0,0.1,20.0,computed,5.0,0.01,0.2425568567836536,308.794387806091,3.68633283e-21,-2.441197762147808e-20,-3.0644391971779916e-20,-4.949738631755875e-21,-4.8834370285786125e-21,0.09075306824861454,-7.323593286443424e-20,6.2324143503018375e-21,-6.622293413879853,-8.312974813991474,-1.3427270026933176,-1.3247412140424153,-19.86688024163956,1.690681400111622
face,268.0,0.1,20.0,computed,5.0,0.01,0.2377089990042578,308.794387806091,3.7001393200000004e-21,-2.4528655498446264e-20,-3.0634533364833596e-20,-4.94817781260663e-21,-4.8834370285786125e-21,0.08894662101869681,-7.358596649533879e-20,6.105877866387332e-21,-6.6291167378114455,-8.27929186321384,-1.3372950001803254,-1.3197981498109137,-19.88735021343434,1.6501751254023946
face,269.0,0.1,20.0,computed,5.0,0.01,0.23286114122486198,308.794387806091,3.71394581e-21,-2.4645192658437168e-20,-3.0624615927953155e-20,-4.946552005119571e-21,-4.8834370285786125e-21,0.08714022962057363,-7.393557797531151e-20,5.979423269515987e-21,-6.635851441902748,-8.245843503019005,-1.331885885841606,-1.3148918369863378,-19.907554325708244,1.609992061116257
face,270.0,0.1,20.0,computed,5.0,0.01,0.22801328344546617,308.794387806091,3.7277523000000004e-21,-2.476158851704561e-20,-3.061464001242997e-20,-4.94485706408595e-21,-4.8834370285786125e-21,0.08533389575860105,-7.428476555113683e-20,5.853051495384362e-21,-6.642498354047185,-8.212627221081714,-1.3264982933780096,-1.3100218672197217,-19.927495062141553,1.5701288670345295
face,271.0,0.1,20.0,computed,5.0,0.01,0.22333848283028734,313.15316208150205,3.74155879e-21,-2.4873461811423243e-20,-3.060460597084721e-20,-4.943358133952901e-21,-4.8834370285786125e-21,0.08359149079556845,-7.462038543426973e-20,5.7311441594239655e-21,-6.647887473504925,-8.179640542504266,-1.321202849241586,-1.3051878381893907,-19.943662420514777,1.5317530689993422
face,272.0,0.1,20.0,computed,5.0,0.01,0.21884221245986646,313.15316208150205,3.7553652800000004e-21,-2.498067872443583e-20,-3.059451415699729e-20,-4.942080060942882e-21,-4.8834370285786125e-21,0.08191503547586972,-7.494203617330749e-20,5.61383543256146e-21,-6.651997039402736,-8.146881029106519,-1.3160051532837522,-1.300389353490165,-19.955991118208207,1.4948839897037818
face,273.0,0.1,20.0,computed,5.0,0.01,0.21434594208944557,313.15316208150205,3.76917177e-21,-2.5087759776230126e-20,-3.05843649258011e-20,-4.9407483684264686e-21,-4.8834370285786125e-21,0.0802386416783305,-7.526327932869037e-20,5.496605149570973e-21,-6.656040453213445,-8.114346278731972,-1.3108313098785807,-1.2956260225249996,-19.968121359640335,1.4583058255185257
face,274.0,0.1,20.0,computed,5.0,0.01,0.20984967171902472,313.15316208150205,3.7829782600000005e-21,-2.5194704473584564e-20,-3.0574158633229076e-20,-4.939359609825035e-21,-4.8834370285786125e-21,0.07856231118794571,-7.558411342075369e-20,5.379454159644512e-21,-6.660018308850805,-8.082033924569545,-1.3056801467912835,-1.2908974603989958,-19.980054926552416,1.4220156157187411
face,275.0,0.1,20.0,computed,5.0,0.01,0.20535340134860383,313.15316208150205,3.79678475e-21,-2.5301512330452087e-20,-3.0563895636223636e-20,-4.9379100367047235e-21,-4.8834370285786125e-21,0.07688604582419312,-7.590453699135626e-20,5.262383305771549e-21,-6.663931193479453,-8.049941634490509,-1.300550429334906,-1.2862032878157268,-19.991793580438358,1.3860104410110552
face,276.0,0.1,20.0,computed,5.0,0.01,0.20098601956765128,317.6427546209331,3.8105912400000005e-21,-2.540491632738818e-20,-3.0553576292623477e-20,-4.9365708098004626e-21,-4.8834370285786125e-21,0.07525756517448293,-7.621474898216454e-20,5.148659965235297e-21,-6.666922460932382,-8.018067110400294,-1.2954868415118863,-1.2815431309758145,-20.000767382797147,1.351144649467912
face,277.0,0.1,20.0,computed,5.0,0.01,0.19684291743929447,317.6427546209331,3.82439773e-21,-2.5502503411764737e-20,-3.054320096108942e-20,-4.9354848446118595e-21,-4.8834370285786125e-21,0.07371218622267274,-7.650751023529421e-20,5.040697549324685e-21,-6.668371129841858,-7.986408087604795,-1.2905260365301647,-1.276916621477707,-20.005113389525572,1.3180369577629376
face,278.0,0.1,20.0,computed,5.0,0.01,0.19269981531093763,317.6427546209331,3.8382042200000005e-21,-2.5599959615107524e-20,-3.0532770001031674e-20,-4.93435218228785e-21,-4.8834370285786125e-21,0.07216687650471454,-7.679987884532257e-20,4.9328103859241505e-21,-6.6697752771236125,-7.954962334190667,-1.2855887543909401,-1.2723233962205929,-20.009325831370838,1.2851870570670547
face,279.0,0.1,20.0,computed,5.0,0.01,0.18855671318258083,317.6427546209331,3.85201071e-21,-2.569728453818422e-20,-3.0522283772539045e-20,-4.93316974464048e-21,-4.8834370285786125e-21,0.07062163791082726,-7.709185361455267e-20,4.824999234354824e-21,-6.671135277862252,-7.923727650419498,-1.2806739430484293,-1.267763097309408,-20.013405833586756,1.2525923725572465
face,280.0,0.1,20.0,computed,5.0,0.01,0.18441361105422402,317.6427546209331,3.8658172000000005e-21,-2.579447778822675e-20,-3.051174263630936e-20,-4.931934176859108e-21,-4.8834370285786125e-21,0.06907647236478308,-7.738343336468025e-20,4.7172648480826105e-21,-6.672451503456176,-7.892701868135243,-1.2757804939300046,-1.2632353719618743,-20.01735451036853,1.220250364679067
face,281.0,0.1,20.0,computed,5.0,0.01,0.1803200213694792,322.26336818862296,3.87962369e-21,-2.589028362482019e-20,-3.050114695358143e-20,-4.930701177549202e-21,-4.8834370285786125e-21,0.06754975665792586,-7.767085087446057e-20,4.6108633287612425e-21,-6.673400745426469,-7.861882850184738,-1.2709225356723197,-1.2587398724175263,-20.020202236279406,1.188482104758269
face,282.0,0.1,20.0,computed,5.0,0.01,0.17652730011301718,322.26336818862296,3.8934301800000006e-21,-2.597833296811458e-20,-3.0490497086068926e-20,-4.929781462675007e-21,-4.8834370285786125e-21,0.06613477389012336,-7.793499890434374e-20,4.512164117954346e-21,-6.672351054748996,-7.831268489851004,-1.266179495910469,-1.2542762558486695,-20.01705316424699,1.158917435102007
face,283.0,0.1,20.0,computed,5.0,0.01,0.17273457885655516,322.26336818862296,3.90723667e-21,-2.6066257001824748e-20,-3.047979339589528e-20,-4.928821359568458e-21,-4.8834370285786125e-21,0.06471986836288336,-7.819877100547424e-20,4.4135363940705336e-21,-6.671276711227413,-7.800856710298862,-1.261459639087708,-1.2498441842732326,-20.013830133682237,1.1295799990714495
face,284.0,0.1,20.0,computed,5.0,0.01,0.16894185760009314,322.26336818862296,3.9210431600000006e-21,-2.6154055414780973e-20,-3.0469036245530115e-20,-4.927818148098924e-21,-4.8834370285786125e-21,0.06330504205970863,-7.846216624434292e-20,4.314980830749141e-21,-6.670177895920169,-7.770645464032615,-1.2567620265875683,-1.2454433244694536,-20.010533687760507,1.100467568112446
face,285.0,0.1,20.0,computed,5.0,0.01,0.16514913634363115,322.26336818862296,3.93484965e-21,-2.624172790155021e-20,-3.045822599772777e-20,-4.926768858259866e-21,-4.8834370285786125e-21,0.06189029699633615,-7.872518370465063e-20,4.21649809617756e-21,-6.669054788802466,-7.740632732365713,-1.2520856694638551,-1.241073347892368,-20.007164366407398,1.0715779435632464
face,286.0,0.1,20.0,computed,5.0,0.01,0.16135641508716914,322.26336818862296,3.9486561400000006e-21,-2.6329274162390207e-20,-3.0447363015466136e-20,-4.925670240801891e-21,-4.8834370285786125e-21,0.06047563522082901,-7.898782248717062e-20,4.118088853075929e-21,-6.667907568773563,-7.710816524901591,-1.2474295218833338,-1.2367339305920448,-20.00372270632069,1.042908956128028
face,287.0,0.1,20.0,computed,5.0,0.01,0.15784537113417654,327.01522787029614,3.96246263e-21,-2.6409556586117637e-20,-3.043644766188806e-20,-4.924827987292964e-21,-4.8834370285786125e-21,0.05916578756227962,-7.922866975835291e-20,4.0268910757704206e-21,-6.66493518100829,-7.68119487902604,-1.2428705194610161,-1.2324247531335362,-19.99480554302487,1.0162596980177503
face,288.0,0.1,20.0,computed,5.0,0.01,0.15439622846219733,327.01522787029614,3.976269120000001e-21,-2.6488150565048433e-20,-3.042548030024332e-20,-4.924017120662389e-21,-4.8834370285786125e-21,0.05787904070803091,-7.94644516951453e-20,3.937329735194889e-21,-6.66155880441222,-7.65176585941027,-1.2383510703275509,-1.228145500518489,-19.98467641323666,0.9902070549980502
face,289.0,0.1,20.0,computed,5.0,0.01,0.1509470857902181,327.01522787029614,3.99007561e-21,-2.6566625038849925e-20,-3.041446129383243e-20,-4.923169197407872e-21,-4.8834370285786125e-21,0.05659238140235482,-7.969987511654978e-20,3.847836254982508e-21,-6.658175843151485,-7.622527557524763,-1.2338536104602469,-1.2238958621083904,-19.974527529454456,0.9643517143732793
face,290.0,0.1,20.0,computed,5.0,0.01,0.14749794311823886,327.01522787029614,4.0038821e-21,-2.6644979782842434e-20,-3.0403391005951655e-20,-4.9222816178948616e-21,-4.8834370285786125e-21,0.055305811739538434,-7.993493934852731e-20,3.758411223109221e-21,-6.654786309227846,-7.593478091163488,-1.22937726310544,-1.2196755315493961,-19.964358927683538,0.9386917819356422
face,291.0,0.1,20.0,computed,5.0,0.01,0.14404880044625962,327.01522787029614,4.01768859e-21,-2.6723214577308875e-20,-3.0392269799839274e-20,-4.921351533503455e-21,-4.8834370285786125e-21,0.054019333844472814,-8.016964373192662e-20,3.6690552225303984e-21,-6.651390215713278,-7.564615603978225,-1.2249211015887758,-1.2154842066987108,-19.954170647139833,0.9132253882649471
face,292.0,0.1,20.0,computed,5.0,0.01,0.1407326163524931,331.89858599516793,4.03149508e-21,-2.6797962446119563e-20,-3.038109803862329e-20,-4.920506987512286e-21,-4.8834370285786125e-21,0.05278245619640077,-8.039388733835869e-20,3.5831355925037254e-21,-6.647152461890035,-7.535938265022834,-1.22051667926438,-1.2113215895524825,-19.941457385670105,0.8887858031327984
face,293.0,0.1,20.0,computed,5.0,0.01,0.1376166647135802,331.89858599516793,4.04530157e-21,-2.6867524909338336e-20,-3.036987608527057e-20,-4.919824790816988e-21,-4.8834370285786125e-21,0.051620228453425586,-8.0602574728015e-20,3.502351175932235e-21,-6.641661800590637,-7.507444268307188,-1.2161824540603996,-1.20718738617517,-19.924985401771913,0.8657824677165502
face,294.0,0.1,20.0,computed,5.0,0.01,0.13450071307466732,331.89858599516793,4.05910806e-21,-2.6936974311135445e-20,-3.035860430253679e-20,-4.919110985487621e-21,-4.8834370285786125e-21,0.05045809675166147,-8.081092293340633e-20,3.4216299914013474e-21,-6.636180636968666,-7.47913183236043,-1.2118699262930244,-1.2030813066303567,-19.908541910905996,0.8429511953917649
face,295.0,0.1,20.0,computed,5.0,0.01,0.13138476143575442,331.89858599516793,4.07291455e-21,-2.7006310500582945e-20,-3.0347283052918325e-20,-4.918363322610979e-21,-4.8834370285786125e-21,0.04929606324987567,-8.101893150174884e-20,3.34097255233538e-21,-6.63070883738107,-7.450999199803571,-1.2075783231472357,-1.1990030649129655,-19.89212651214321,0.8202903624225015
face,296.0,0.1,20.0,computed,5.0,0.01,0.12826880979684155,331.89858599516793,4.08672104e-21,-2.707553333100349e-20,-3.0335912698604706e-20,-4.9175793347482445e-21,-4.8834370285786125e-21,0.04813413013542679,-8.122659999301047e-20,3.260379367601216e-21,-6.625246271030893,-7.423044636930909,-1.2033068287793494,-1.1949523788828544,-19.875738813092678,0.7977983659000165
face,297.0,0.1,20.0,computed,5.0,0.01,0.12515285815792868,331.89858599516793,4.1005275300000004e-21,-2.7144642659925286e-20,-3.03244936014326e-20,-4.916756308731661e-21,-4.8834370285786125e-21,0.04697229962423984,-8.143392797977586e-20,3.1798509415073134e-21,-6.619792809908359,-7.395266433300253,-1.199054578407296,-1.190928970199747,-19.85937842972508,0.775473623391894
face,298.0,0.1,20.0,computed,5.0,0.01,0.12231743713388181,336.91372616117235,4.11433402e-21,-2.7206545280716414e-20,-3.0313026122841405e-20,-4.9161496437763885e-21,-4.8834370285786125e-21,0.04591514575733605,-8.161963584214924e-20,3.1064808421249914e-21,-6.612624339313222,-7.367662901331819,-1.194883453768877,-1.1869325642594795,-19.837873017939668,0.7550385620185965
face,299.0,0.1,20.0,computed,5.0,0.01,0.11952119077366351,336.91372616117235,4.1281405100000004e-21,-2.7267350528850106e-20,-3.0301510623828984e-20,-4.915551235885403e-21,-4.8834370285786125e-21,0.04487269960392283,-8.180205158655032e-20,3.034160094978878e-21,-6.6052379910029035,-7.340232375915175,-1.19074222981945,-1.1829628901315212,-19.815713973008712,0.7349943849122708
face,300.0,0.1,20.0,computed,5.0,0.01,0.1167249444134452,336.91372616117235,4.141947e-21,-2.732804927983251e-20,-3.028994746490969e-20,-4.914924157243783e-21,-4.8834370285786125e-21,0.0438303603091409,-8.198414783949754e-20,2.96189818507718e-21,-6.597875173157095,-7.312973214024634,-1.186621691982969,-1.1790196804977495,-19.793625519471288,0.7150980408675389
face,200.0,0.1,20.0,0.0,5.0,0.01,0.6855423684840727,256.6331691553846,2.7612980000000003e-21,-1.3144742489971487e-20,-3.115503813924983e-20,-4.883437028578611e-21,-4.8834370285786125e-21,0.25707873783972207,-3.943422746991446e-20,1.801029564927834e-20,-4.760349114790032,-11.282751133434285,-1.7685295207466236,-1.7685295207466243,-14.281047344370096,6.522402018644254
face,201.0,0.1,20.0,0.0,5.0,0.01,0.6784671821585939,258.9435505943604,2.7751044900000003e-21,-1.3328920117661226e-20,-3.1149754556540226e-20,-4.883437028578612e-21,-4.8834370285786125e-21,0.2544255772545892,-3.9986760352983674e-20,1.7820834438879e-20,-4.80303360312794,-11.224714121139353,-1.7597308664145512,-1.7597308664145515,-14.409100809383819,6.421680518011414
face,202.0,0.1,20.0,0.0,5.0,0.01,0.6713309056414548,258.9435505943604,2.7889109800000003e-21,-1.3514603132651224e-20,-3.11443975272158e-20,-4.883437028578611e-21,-4.8834370285786125e-21,0.251749510783502,-4.0543809397953675e-20,1.7629794394564573e-20,-4.845835248800671,-11.167225397497555,-1.7510193274719046,-1.7510193274719053,-14.537505746402013,6.321390148696883
face,203.0,0.1,20.0,0.0,5.0,0.01,0.6641946291243156,258.9435505943604,2.8027174700000003e-21,-1.3700185019746416e-20,-3.113896703447531e-20,-4.883437028578612e-21,-4.8834370285786125e-21,0.2490734473789973,-4.1100555059239247e-20,1.7438782014728896e-20,-4.888179121296309,-11.11027685372629,-1.742393616499137,-1.7423936164991372,-14.664537363888927,6.222097732429981
face,204.0,0.1,20.0,0.0,5.0,0.01,0.6570583526071765,258.9435505943604,2.8165239600000003e-21,-1.3885664204092925e-20,-3.1133463072229955e-20,-4.883437028578611e-21,-4.8834370285786125e-21,0.2463973872505567,-4.165699261227878e-20,1.724779886813703e-20,-4.930071393425293,-11.053860543842116,-1.7338524713202192,-1.73385247132022,-14.79021418027588,6.123789150416823
face,205.0,0.1,20.0,0.0,5.0,0.01,0.6498348274408761,261.37648168461754,2.8303304500000003e-21,-1.4073328907041685e-20,-3.112788564492808e-20,-4.883437028578612e-21,-4.8834370285786125e-21,0.24368861251313742,-4.221998672112505e-20,1.7054556737886397e-20,-4.972327138352938,-10.997968680628114,-1.72539465438695,-1.7253946543869505,-14.916981415058814,6.025641542275177
face,206.0,0.1,20.0,0.0,5.0,0.01,0.6425898445610949,261.37648168461754,2.8441369400000004e-21,-1.4261449806933416e-20,-3.112223476737947e-20,-4.883437028578611e-21,-4.8834370285786125e-21,0.2409717949181054,-4.278434942080025e-20,1.6860784960446054e-20,-5.014333032407861,-10.942593631718543,-1.717018952181188,-1.7170189521811885,-15.042999097223582,5.928260599310683
face,207.0,0.1,20.0,0.0,5.0,0.01,0.6353448616813137,261.37648168461754,2.8579434300000004e-21,-1.444946205090761e-20,-3.111651046457906e-20,-4.883437028578611e-21,-4.8834370285786125e-21,0.2382549813233031,-4.334838615272283e-20,1.6667048413671448e-20,-5.0558950534957265,-10.887727915796798,-1.708724174634419,-1.7087241746344195,-15.167685160487178,5.831832862301073
face,208.0,0.1,20.0,0.0,5.0,0.01,0.6280998788015325,261.37648168461754,2.8717499200000004e-21,-1.4637364056087817e-20,-3.1110712771529886e-20,-4.883437028578611e-21,-4.8834370285786125e-21,0.2355381719884044,-4.391209216826345e-20,1.647334871544207e-20,-5.097019052441661,-10.833364198902766,-1.7005091545640612,-1.7005091545640616,-15.291057157324982,5.7363451464611055
face,209.0,0.1,20.0,0.0,5.0,0.01,0.6207882523606715,263.9333103397496,2.88555641e-21,-1.4826901732125545e-20,-3.110484173306643e-20,-4.883437028578611e-21,-4.8834370285786125e-21,0.23279637598825031,-4.4480705196376635e-20,1.6277940000940882e-20,-5.138316367942897,-10.779495290846326,-1.6923727471259558,-1.6923727471259564,-15.414949103828691,5.6411789229034275
face,210.0,0.1,20.0,0.0,5.0,0.01,0.6134732672297427,263.9333103397496,2.8993629e-21,-1.501641327543363e-20,-3.109889740367725e-20,-4.883437028578611e-21,-4.8834370285786125e-21,0.23005332532471426,-4.504923982630089e-20,1.6082484128243618e-20,-5.179211362411249,-10.726114141723082,-1.6843138292824988,-1.6843138292824995,-15.537634087233746,5.546902779311834
face,211.0,0.1,20.0,0.0,5.0,0.01,0.6061582820988141,263.9333103397496,2.91316939e-21,-1.520580901354786e-20,-3.1092879847328224e-20,-4.883437028578611e-21,-4.8834370285786125e-21,0.22731027980262408,-4.5617427040643583e-20,1.5887070833780363e-20,-5.21967897429674,-10.67321383852939,-1.6763312992858994,-1.6763312992858999,-15.659036922890222,5.45353486423265
face,212.0,0.1,20.0,0.0,5.0,0.01,0.5988425361973811,266.61519929822856,2.92697588e-21,-1.539510730363438e-20,-3.1086789137285275e-20,-4.883437028578611e-21,-4.8834370285786125e-21,0.22456695445228242,-4.618532191090314e-20,1.5691681833650894e-20,-5.25973152318371,-10.620787601872987,-1.6684240761760603,-1.6684240761760607,-15.77919456955113,5.361056078689276
face,213.0,0.1,20.0,0.0,5.0,0.01,0.5914980226274176,266.61519929822856,2.94078237e-21,-1.5585040261906932e-20,-3.1080625355938186e-20,-4.883437028578611e-21,-4.8834370285786125e-21,0.22181284709458737,-4.6755120785720794e-20,1.5495585094031253e-20,-5.299623807900797,-10.568828782776668,-1.6605910992926045,-1.660591099292605,-15.898871423702392,5.269204974875871
face,214.0,0.1,20.0,0.0,5.0,0.01,0.584153509057454,266.61519929822856,2.95458886e-21,-1.5774852331764707e-20,-3.107438859462386e-20,-4.883437028578611e-21,-4.8834370285786125e-21,0.21905874588700233,-4.732455699529412e-20,1.5299536262859152e-20,-5.3391023520493155,-10.517330859571391,-1.652831327800583,-1.6528313278005835,-16.017307056147946,5.178228507522076
face,215.0,0.1,20.0,0.0,5.0,0.01,0.5768089954874904,266.61519929822856,2.96839535e-21,-1.5964541947565633e-20,-3.106807895345077e-20,-4.883437028578612e-21,-4.8834370285786125e-21,0.2163046511951714,-4.78936258426969e-20,1.510353700588514e-20,-5.378172401316298,-10.46628743487648,-1.6451437402294178,-1.645143740229418,-16.134517203948896,5.088115033560182
face,216.0,0.1,20.0,0.0,5.0,0.01,0.5694647535611272,269.4231419012354,2.98220184e-21,-1.6154100439152982e-20,-3.1061696541123714e-20,-4.883437028578611e-21,-4.8834370285786125e-21,0.21355066526712996,-4.8462301317458944e-20,1.4907596101970732e-20,-5.416836721941323,-10.415692232663806,-1.6375273340246517,-1.6375273340246521,-16.250510165823968,4.998855510722484
face,217.0,0.1,20.0,0.0,5.0,0.01,0.562132288488869,269.4231419012354,2.99600833e-21,-1.6343225147548918e-20,-3.1055241474769174e-20,-4.883437028578612e-21,-4.8834370285786125e-21,0.21080110291738324,-4.9029675442646756e-20,1.4712016327220256e-20,-5.4549999023363585,-10.365539095403374,-1.629981125112096,-1.6299811251120961,-16.364999707009076,4.910539193067015
face,218.0,0.1,20.0,0.0,5.0,0.01,0.5547998234166107,269.4231419012354,3.00981482e-21,-1.6532222903078622e-20,-3.104871387976177e-20,-4.883437028578611e-21,-4.8834370285786125e-21,0.2080515482788177,-4.9596668709235866e-20,1.451649097668315e-20,-5.492770782183411,-10.315821981287796,-1.6225041474739668,-1.6225041474739672,-16.478312346550233,4.823051199104385
face,219.0,0.1,20.0,0.0,5.0,0.01,0.5474673583443526,269.4231419012354,3.02362131e-21,-1.6721092170690875e-20,-3.1042113889550934e-20,-4.883437028578611e-21,-4.8834370285786125e-21,0.20530200178756208,-5.0163276512072625e-20,1.432102171886006e-20,-5.530154227776253,-10.266534961532908,-1.6150954527366428,-1.6150954527366432,-16.59046268332876,4.736380733756655
face,220.0,0.1,20.0,0.0,5.0,0.01,0.5401348932720943,269.4231419012354,3.0374278e-21,-1.6909831422882896e-20,-3.103544164548923e-20,-4.883437028578611e-21,-4.8834370285786125e-21,0.2025524638988128,-5.072949426864869e-20,1.4125610222606333e-20,-5.567155019415735,-10.217672217752543,-1.607754109769658,-1.6077541097696584,-16.701465058247205,4.650517198336807
face,221.0,0.1,20.0,0.0,5.0,0.01,0.5328532570039032,272.3579786564653,3.05123429e-21,-1.7097110207598695e-20,-3.10286972966613e-20,-4.883437028578612e-21,-4.8834370285786125e-21,0.1998219956686605,-5.1291330622796084e-20,1.3931587089062604e-20,-5.603342314168439,-10.169228039404768,-1.6004792042955873,-1.6004792042955875,-16.810026942505317,4.5658857252363285
face,222.0,0.1,20.0,0.0,5.0,0.01,0.525574804309212,272.3579786564653,3.06504078e-21,-1.7284173424637153e-20,-3.1021880999713866e-20,-4.883437028578612e-21,-4.8834370285786125e-21,0.19709273080985631,-5.185252027391146e-20,1.3737707575076713e-20,-5.639133266160704,-10.121196821307501,-1.593269838510472,-1.5932698385104724,-16.917399798482112,4.482063555146797
face,223.0,0.1,20.0,0.0,5.0,0.01,0.5182963516145208,272.3579786564653,3.0788472700000002e-21,-1.747110283883293e-20,-3.10149929186871e-20,-4.8834370285786125e-21,-4.8834370285786125e-21,0.19436347600901024,-5.2413308516498786e-20,1.3543890079854174e-20,-5.6745597643214465,-10.073573061221417,-1.5861251307144613,-1.5861251307144613,-17.02367929296434,4.3990132968999704
face,224.0,0.1,20.0,0.0,5.0,0.01,0.5110178989198296,272.3579786564653,3.0926537600000002e-21,-1.765789696650094e-20,-3.1008033224846973e-20,-4.883437028578612e-21,-4.8834370285786125e-21,0.19163423180101197,-5.2973690899502824e-20,1.3350136258346032e-20,-5.7096262099837976,-10.026351357497896,-1.579044214952343,-1.5790442149523432,-17.12887862995139,4.316725147514099
face,225.0,0.1,20.0,0.0,5.0,0.01,0.5038140263502325,275.420414203295,3.1064602500000002e-21,-1.7842606481175813e-20,-3.100100209651909e-20,-4.8834370285786125e-21,-4.8834370285786125e-21,0.1889329658827312,-5.352781944352744e-20,1.315839561534328e-20,-5.743709896553742,-9.979526406790201,-1.572026240663666,-1.572026240663666,-17.231129689661227,4.235816510236459
face,226.0,0.1,20.0,0.0,5.0,0.01,0.49663119151762547,275.420414203295,3.1202667400000002e-21,-1.8026629521941097e-20,-3.099389971892367e-20,-4.8834370285786125e-21,-4.8834370285786125e-21,0.18623960067604484,-5.407988856582329e-20,1.2967270196982572e-20,-5.7772719526988565,-9.933093001825757,-1.5650703723421453,-1.5650703723421453,-17.33181585809657,4.155821049126899
face,227.0,0.1,20.0,0.0,5.0,0.01,0.4894483566850184,275.420414203295,3.1340732300000002e-21,-1.8210514253866555e-20,-3.098672628401225e-20,-4.883437028578611e-21,-4.8834370285786125e-21,0.18354624773568814,-5.463154276159967e-20,1.2776212030145694e-20,-5.81049417721058,-9.887046029237883,-1.5581757892040737,-1.5581757892040742,-17.43148253163174,4.076551852027303
face,228.0,0.1,20.0,0.0,5.0,0.01,0.4822655218524113,275.420414203295,3.1478797200000003e-21,-1.8394259248554242e-20,-3.09794819903054e-20,-4.883437028578612e-21,-4.8834370285786125e-21,0.1808529076826973,-5.518277774566273e-20,1.2585222741751158e-20,-5.843380587792675,-9.841380467454899,-1.5513416848654595,-1.55134168486546,-17.530141763378026,3.9979998796622245
face,229.0,0.1,20.0,0.0,5.0,0.01,0.4751559130371732,278.6110343330985,3.1616862100000003e-21,-1.8575952712876797e-20,-3.0972167042732294e-20,-4.883437028578612e-21,-4.8834370285786125e-21,0.17818704042003522,-5.57278581386304e-20,1.2396214329855497e-20,-5.875330908590323,-9.796091384645123,-1.5445672670276192,-1.5445672670276194,-17.62599272577097,3.9207604760547996
face,230.0,0.1,20.0,0.0,5.0,0.01,0.4681091910925307,278.6110343330985,3.1754927000000003e-21,-1.875586451797545e-20,-3.096478165247145e-20,-4.883437028578611e-21,-4.8834370285786125e-21,0.17554476942810587,-5.626759355392635e-20,1.2208917134496e-20,-5.906442335066759,-9.751173936715851,-1.537851757170977,-1.5378517571709776,-17.719327005200277,3.844731601649092
face,231.0,0.1,20.0,0.0,5.0,0.01,0.4610624691478882,278.6110343330985,3.1892991900000003e-21,-1.8935634390378066e-20,-3.095732603679369e-20,-4.883437028578611e-21,-4.8834370285786125e-21,0.17290251322321717,-5.68069031711342e-20,1.2021691646415626e-20,-5.937239895758436,-9.706623365365006,-1.531194390256817,-1.5311943902568175,-17.81171968727531,3.7693834696065704
face,232.0,0.1,20.0,0.0,5.0,0.01,0.45401574720324567,278.6110343330985,3.2031056800000003e-21,-1.9115260967375073e-20,-3.09498004189058e-20,-4.883437028578611e-21,-4.8834370285786125e-21,0.17026027251817488,-5.734578290212522e-20,1.1834539451530726e-20,-5.967727223840791,-9.66243499618339,-1.5245944144367445,-1.524594414436745,-17.903181671522375,3.6947077723425985
face,233.0,0.1,20.0,0.0,5.0,0.01,0.44700637344637134,281.93032276182885,3.2169121700000003e-21,-1.929376964798587e-20,-3.0942205027796704e-20,-4.883437028578611e-21,-4.8834370285786125e-21,0.16763205330718825,-5.788130894395761e-20,1.1648435379810834e-20,-5.997605352087019,-9.618604236806597,-1.518051090769634,-1.5180510907696345,-17.99281605626106,3.6209988847195764
face,234.0,0.1,20.0,0.0,5.0,0.01,0.44013441363957134,281.93032276182885,3.2307186600000003e-21,-1.9468553123923734e-20,-3.093454009808494e-20,-4.883437028578611e-21,-4.8834370285786125e-21,0.16505538007642762,-5.84056593717712e-20,1.1465986974161206e-20,-6.02607505412549,-9.575126575114695,-1.5115636929458323,-1.5115636929458327,-18.07822516237647,3.5490515209892046
face,235.0,0.1,20.0,0.0,5.0,0.01,0.43326245383277134,281.93032276182885,3.2445251500000003e-21,-1.9643191979618858e-20,-3.0926805869867713e-20,-4.883437028578611e-21,-4.8834370285786125e-21,0.16247872447571834,-5.892957593885658e-20,1.1283613890248856e-20,-6.054257887203881,-9.53199757747839,-1.505131507018403,-1.5051315070184035,-18.162773661611645,3.477739690274509
face,236.0,0.1,20.0,0.0,5.0,0.01,0.42639049402597134,281.93032276182885,3.2583316400000004e-21,-1.9817684927200884e-20,-3.0919002588572053e-20,-4.883437028578611e-21,-4.8834370285786125e-21,0.15990208731421898,-5.945305478160266e-20,1.1101317661371169e-20,-6.08215710270698,-9.489212887050396,-1.4987538311412065,-1.498753831141207,-18.24647130812094,3.4070557843434157
face,237.0,0.1,20.0,0.0,5.0,0.01,0.41951853421917135,281.93032276182885,3.2721381300000004e-21,-1.9992030688554005e-20,-3.091113050480739e-20,-4.883437028578612e-21,-4.8834370285786125e-21,0.15732546942889253,-5.997609206566202e-20,1.0919099816253386e-20,-6.109775900124975,-9.446768222100511,-1.4924299753136068,-1.492429975313607,-18.329327700374925,3.336992321975535
face,238.0,0.1,20.0,0.0,5.0,0.01,0.41281649552987165,285.37867739786907,3.2859446200000004e-21,-2.0161806689929116e-20,-3.090318987422034e-20,-4.883437028578612e-21,-4.8834370285786125e-21,0.15481259025081257,-6.048542006978735e-20,1.0741383184291223e-20,-6.135771907783739,-9.404659374393333,-1.4861592611316168,-1.486159261131617,-18.407315723351218,3.268887466609593
face,239.0,0.1,20.0,0.0,5.0,0.01,0.40615540622685214,285.37867739786907,3.2997511100000004e-21,-2.033037053529145e-20,-3.089518095735076e-20,-4.883437028578612e-21,-4.8834370285786125e-21,0.15231508746821174,-6.099111160587435e-20,1.056481042205931e-20,-6.161183027919777,-9.362882207607093,-1.479941021545292,-1.4799410215452922,-18.483549083759332,3.2016991796873153
face,240.0,0.1,20.0,0.0,5.0,0.01,0.39949431692383264,285.37867739786907,3.3135576e-21,-2.0498786837441227e-20,-3.0887104019490313e-20,-4.883437028578611e-21,-4.8834370285786125e-21,0.14981760639472166,-6.149636051232369e-20,1.0388317182049086e-20,-6.186337861590584,-9.32143265579277,-1.4737746006221866,-1.473774600622187,-18.55901358477175,3.135094794202185
face,241.0,0.1,20.0,0.0,5.0,0.01,0.39283322762081313,285.37867739786907,3.32736409e-21,-2.0667054400972953e-20,-3.08789593305421e-20,-4.883437028578611e-21,-4.8834370285786125e-21,0.1473201479686902,-6.200116320291886e-20,1.0211904929569144e-20,-6.211239239819094,-9.280306721871876,-1.4676593533167004,-1.4676593533167008,-18.633717719457284,3.0690674820527812
face,242.0,0.1,20.0,0.0,5.0,0.01,0.386248426570601,288.9564258944769,3.34117058e-21,-2.0833189513933163e-20,-3.087074716488294e-20,-4.883437028578611e-21,-4.8834370285786125e-21,0.14485132023899133,-6.249956854179949e-20,1.0037557650949777e-20,-6.235296586962394,-9.239500476172317,-1.4615946452451436,-1.461594645245144,-18.70588976088718,3.004203889209924
face,243.0,0.1,20.0,0.0,5.0,0.01,0.3798311427246744,288.9564258944769,3.35497707e-21,-2.099482285597251e-20,-3.086246780122704e-20,-4.883437028578611e-21,-4.8834370285786125e-21,0.1424453336370751,-6.298446856791754e-20,9.867644945254531e-21,-6.257814112563372,-9.199010055000775,-1.455579852466357,-1.4555798524663575,-18.773442337690117,2.941195942437404
face,244.0,0.1,20.0,0.0,5.0,0.01,0.3734138588787478,288.9564258944769,3.36878356e-21,-2.1156308007897097e-20,-3.085412152249161e-20,-4.883437028578611e-21,-4.8834370285786125e-21,0.1400393723429492,-6.346892402369129e-20,9.697813514594513e-21,-6.280103079076144,-9.158831659250797,-1.4496143612677244,-1.4496143612677248,-18.840309237228436,2.878728580174653
face,245.0,0.1,20.0,0.0,5.0,0.01,0.3669965750328212,288.9564258944769,3.38259005e-21,-2.1317643863132033e-20,-3.0845708615664473e-20,-4.883437028578612e-21,-4.8834370285786125e-21,0.13763343739811604,-6.39529315893961e-20,9.52806475253244e-21,-6.302165958045088,-9.118961553045564,-1.443697567956428,-1.4436975679564281,-18.906497874135265,2.816795595000476
face,246.0,0.1,20.0,0.0,5.0,0.01,0.36057929118689463,288.9564258944769,3.39639654e-21,-2.1478829324988586e-20,-3.083722937167365e-20,-4.883437028578611e-21,-4.8834370285786125e-21,0.13522752987551018,-6.443648797496575e-20,9.358400046685062e-21,-6.32400518373764,-9.079396062414327,-1.4378288786557918,-1.4378288786557922,-18.97201555121292,2.7553908786766876
face,247.0,0.1,20.0,0.0,5.0,0.01,0.3543622983751449,292.66384032120993,3.4102030300000005e-21,-2.1634666706342566e-20,-3.082868408525868e-20,-4.883437028578612e-21,-4.8834370285786125e-21,0.1328967566380557,-6.49040001190277e-20,9.194017378916114e-21,-6.344099314914562,-9.040131574001526,-1.432007709106578,-1.4320077091065782,-19.032297944743686,2.696032259086965
face,248.0,0.1,20.0,0.0,5.0,0.01,0.3482180317927913,292.66384032120993,3.42400952e-21,-2.1788468706451956e-20,-3.082007305484414e-20,-4.883437028578612e-21,-4.8834370285786125e-21,0.13059328379381802,-6.536540611935587e-20,9.031604348392186e-21,-6.363436952842338,-9.001164533807762,-1.426233484473084,-1.4262334844730842,-19.090310858527015,2.6377275809654246
face,249.0,0.1,20.0,0.0,5.0,0.01,0.3420737652104378,292.66384032120993,3.4378160100000005e-21,-2.194212183360989e-20,-3.081139658241446e-20,-4.883437028578611e-21,-4.8834370285786125e-21,0.12828984132272875,-6.582636550082967e-20,8.869274748804569e-21,-6.3825759638631405,-8.962491445961488,-1.4205056391539146,-1.420505639153915,-19.147727891589422,2.5799154820983476
face,250.0,0.1,20.0,0.0,5.0,0.01,0.33592949862808424,292.66384032120993,3.4516225e-21,-2.2095625084358448e-20,-3.080265497339148e-20,-4.883437028578612e-21,-4.8834370285786125e-21,0.12598643040228646,-6.628687525307535e-20,8.707029889033035e-21,-6.4015184407792125,-8.924108871520996,-1.4148236165972992,-1.4148236165972994,-19.204555322337637,2.5225904307417846
face,251.0,0.1,20.0,0.0,5.0,0.01,0.32980506926950365,296.50115083114173,3.4654289900000005e-21,-2.2248463474337695e-20,-3.0793848536513506e-20,-4.883437028578611e-21,-4.8834370285786125e-21,0.12369049079970419,-6.674539042301308e-20,8.545385062175811e-21,-6.42011812636729,-8.886013427305432,-1.4091868691208156,-1.409186869120816,-19.26035437910187,2.4658953009381417
face,252.0,0.1,20.0,0.0,5.0,0.01,0.3239588587628085,296.50115083114173,3.47923548e-21,-2.2393944065275142e-20,-3.0784977583716075e-20,-4.883437028578612e-21,-4.8834370285786125e-21,0.12149891133361808,-6.718183219582543e-20,8.391033518440933e-21,-6.436455420739484,-8.848201784754181,-1.4035948577354158,-1.403594857735416,-19.309366262218454,2.411746364014698
face,253.0,0.1,20.0,0.0,5.0,0.01,0.31811264825611335,296.50115083114173,3.4930419700000006e-21,-2.2539277155513562e-20,-3.077604243001506e-20,-4.883437028578612e-21,-4.8834370285786125e-21,0.11930736657310156,-6.761783146654069e-20,8.236765274501496e-21,-6.452621339535052,-8.810670668813938,-1.3980470519736157,-1.398047051973616,-19.357864018605156,2.358049329278885
face,254.0,0.1,20.0,0.0,5.0,0.01,0.31226643774941815,296.50115083114173,3.50684846e-21,-2.268446183774323e-20,-3.076704339339153e-20,-4.883437028578612e-21,-4.8834370285786125e-21,0.11711585779869516,-6.805338551322969e-20,8.082581555648299e-21,-6.4686176481498805,-8.773416856852585,-1.3925429297217513,-1.3925429297217513,-19.40585294444964,2.3047992087027045
face,255.0,0.1,20.0,0.0,5.0,0.01,0.306420227242723,296.50115083114173,3.5206549500000006e-21,-2.2829497214068295e-20,-3.075798079467836e-20,-4.8834370285786125e-21,-4.8834370285786125e-21,0.11492438632475482,-6.848849164220489e-20,7.928483580610063e-21,-6.48444608696126,-8.736437177599115,-1.3870819770561758,-1.3870819770561758,-19.453338260883783,2.251991090637855
face,256.0,0.1,20.0,0.0,5.0,0.01,0.3006728752225062,300.46855823949073,3.53446144e-21,-2.297182537994373e-20,-3.074885495744893e-20,-4.8834370285786125e-21,-4.8834370285786125e-21,0.112770022930966,-6.891547613983119e-20,7.777029577505197e-21,-6.499384919005858,-8.699728510109004,-1.3816636880833002,-1.3816636880833002,-19.498154757017574,2.200343591103146
face,257.0,0.1,20.0,0.0,5.0,0.01,0.2951452498039302,300.46855823949073,3.54826793e-21,-2.3108322987786984e-20,-3.0739666207907753e-20,-4.883437028578612e-21,-4.8834370285786125e-21,0.110698091019043,-6.932496896336095e-20,7.631343220120769e-21,-6.512564283099947,-8.663287782754262,-1.3762875647833652,-1.3762875647833654,-19.537692849299845,2.150723499654314
face,258.0,0.1,20.0,0.0,5.0,0.01,0.28961762438535416,300.46855823949073,3.56207442e-21,-2.3244674553424242e-20,-3.073041487478277e-20,-4.8834370285786125e-21,-4.8834370285786125e-21,0.10862619981654349,-6.973402366027273e-20,7.485740321358525e-21,-6.525600482379658,-8.627111972237449,-1.3709531168578484,-1.3709531168578484,-19.576801447138976,2.1015114898577902
face,259.0,0.1,20.0,0.0,5.0,0.01,0.2840899989667781,300.46855823949073,3.57588091e-21,-2.338087927611023e-20,-3.0721101289219723e-20,-4.8834370285786125e-21,-4.8834370285786125e-21,0.10655435073828821,-7.014263782833069e-20,7.340222013109493e-21,-6.538494951195181,-8.591198102629129,-1.365659861580405,-1.365659861580405,-19.615484853585546,2.0527031514339478
face,260.0,0.1,20.0,0.0,5.0,0.01,0.27856237354820207,300.46855823949073,3.5896874e-21,-2.3516936364090845e-20,-3.071172578467832e-20,-4.8834370285786125e-21,-4.8834370285786125e-21,0.10448254523375396,-7.055080909227253e-20,7.194789420587477e-21,-6.5512491043345005,-8.555543244428002,-1.3604073236512495,-1.3604073236512495,-19.6537473130035,2.004294140093501
face,261.0,0.1,20.0,0.0,5.0,0.01,0.2731897213340763,304.566245463842,3.60349389e-21,-2.364884380441472e-20,-3.0702288696830234e-20,-4.8834370285786125e-21,-4.8834370285786125e-21,0.10246889488843104,-7.094653141324416e-20,7.053444892415513e-21,-6.56275396221491,-8.520144513643183,-1.3551950350548847,-1.3551950350548847,-19.68826188664473,1.9573905514282732
face,262.0,0.1,20.0,0.0,5.0,0.01,0.26799648506733276,304.566245463842,3.61730038e-21,-2.3775974387850202e-20,-3.0692790363458986e-20,-4.883437028578612e-21,-4.8834370285786125e-21,0.10052256583602671,-7.13279231635506e-20,6.916815975608784e-21,-6.5728504382182935,-8.484999070898,-1.350022534921087,-1.3500225349210873,-19.71855131465488,1.9121486326797068
face,263.0,0.1,20.0,0.0,5.0,0.01,0.26280324880058914,304.566245463842,3.63110687e-21,-2.3902961417603702e-20,-3.0683231124361774e-20,-4.883437028578612e-21,-4.8834370285786125e-21,0.09857628399227795,-7.170888425281111e-20,6.780269706758073e-21,-6.582830600522563,-8.450104120554782,-1.3448893693890678,-1.344889369389068,-19.74849180156769,1.8672735200322188
face,264.0,0.1,20.0,0.0,5.0,0.01,0.2576100125338455,304.566245463842,3.64491336e-21,-2.402980419846699e-20,-3.067361132125286e-20,-4.883437028578613e-21,-4.8834370285786125e-21,0.09663005090242413,-7.208941259540097e-20,6.643807122785874e-21,-6.59269558014048,-8.415456909859953,-1.3397950914747156,-1.3397950914747154,-19.778086740421443,1.8227613297194734
face,265.0,0.1,20.0,0.0,5.0,0.01,0.25241677626710196,304.566245463842,3.65871985e-21,-2.415650204369266e-20,-3.0663931297668934e-20,-4.8834370285786125e-21,-4.8834370285786125e-21,0.09468386814675409,-7.246950613107798e-20,6.507429253976273e-21,-6.602446493325435,-8.38105472810905,-1.3347392609408486,-1.3347392609408486,-19.807339479976303,1.7786082347836152
face,266.0,0.1,20.0,0.0,5.0,0.01,0.24740471456304938,308.794387806091,3.67252634e-21,-2.4278385269818394e-20,-3.065419139887637e-20,-4.8834370285786125e-21,-4.8834370285786125e-21,0.0928056708440761,-7.283515580945519e-20,6.375806129057973e-21,-6.610813108509493,-8.346894905831054,-1.3297214441703942,-1.3297214441703942,-19.83243932552848,1.7360817973215605
face,267.0,0.1,20.0,0.0,5.0,0.01,0.2425568567836536,308.794387806091,3.68633283e-21,-2.4395895713011686e-20,-3.0644391971779916e-20,-4.883437028578612e-21,-4.8834370285786125e-21,0.0909890964837108,-7.318768713903505e-20,6.2484962587682304e-21,-6.617930837517915,-8.312974813991474,-1.324741214042415,-1.3247412140424153,-19.853792512553742,1.6950439764735596
face,268.0,0.1,20.0,0.0,5.0,0.01,0.2377089990042578,308.794387806091,3.7001393200000004e-21,-2.4513266031480214e-20,-3.0634533364833596e-20,-4.8834370285786125e-21,-4.8834370285786125e-21,0.08917257628577309,-7.353979809444064e-20,6.121267333353382e-21,-6.624957579024406,-8.27929186321384,-1.3197981498109137,-1.3197981498109137,-19.874872737073215,1.6543342841894346
face,269.0,0.1,20.0,0.0,5.0,0.01,0.23286114122486198,308.794387806091,3.71394581e-21,-2.4630495632971463e-20,-3.0624615927953155e-20,-4.883437028578612e-21,-4.8834370285786125e-21,0.08735611191962991,-7.389148689891439e-20,5.9941202949816926e-21,-6.6318941882922795,-8.245843503019005,-1.3148918369863376,-1.3148918369863378,-19.89568256487684,1.6139493147267252
face,270.0,0.1,20.0,0.0,5.0,0.01,0.22801328344546617,308.794387806091,3.7277523000000004e-21,-2.4747583933080245e-20,-3.061464001242997e-20,-4.8834370285786125e-21,-4.8834370285786125e-21,0.08553970508963735,-7.424275179924074e-20,5.867056079349727e-21,-6.638741510019387,-8.212627221081714,-1.3100218672197217,-1.3100218672197217,-19.916224530058162,1.5738857110623274
face,271.0,0.1,20.0,0.0,5.0,0.01,0.22333848283028734,313.15316208150205,3.74155879e-21,-2.4860079122659433e-20,-3.060460597084721e-20,-4.8834370285786125e-21,-4.8834370285786125e-21,0.08378824588026478,-7.45802373679783e-20,5.744526848187775e-21,-6.644310705234016,-8.179640542504266,-1.3051878381893907,-1.3051878381893907,-19.932932115702048,1.5353298372702504
face,272.0,0.1,20.0,0.0,5.0,0.01,0.21884221245986646,313.15316208150205,3.7553652800000004e-21,-2.4967845153487877e-20,-3.059451415699729e-20,-4.8834370285786125e-21,-4.8834370285786125e-21,0.08210378725384876,-7.490353546046363e-20,5.626669003509414e-21,-6.648579643226577,-8.146881029106519,-1.300389353490165,-1.300389353490165,-19.94573892967973,1.4983013858799412
face,273.0,0.1,20.0,0.0,5.0,0.01,0.21434594208944557,313.15316208150205,3.76917177e-21,-2.507547532309803e-20,-3.05843649258011e-20,-4.883437028578613e-21,-4.8834370285786125e-21,0.08041939014959228,-7.52264259692941e-20,5.5088896027030676e-21,-6.652781261570902,-8.114346278731972,-1.2956260225249998,-1.2956260225249996,-19.958343784712707,1.4615650171610692
face,274.0,0.1,20.0,0.0,5.0,0.01,0.20984967171902472,313.15316208150205,3.7829782600000005e-21,-2.518296913826832e-20,-3.0574158633229076e-20,-4.8834370285786125e-21,-4.8834370285786125e-21,0.0787350563524902,-7.554890741480495e-20,5.391189494960757e-21,-6.656916166964257,-8.082033924569545,-1.2908974603989958,-1.2908974603989958,-19.97074850089277,1.4251177576052887
face,275.0,0.1,20.0,0.0,5.0,0.01,0.20535340134860383,313.15316208150205,3.79678475e-21,-2.52903261129517e-20,-3.0563895636223636e-20,-4.883437028578612e-21,-4.8834370285786125e-21,0.07705078768202034,-7.58709783388551e-20,5.273569523271935e-21,-6.66098495916886,-8.049941634490509,-1.2862032878157266,-1.2862032878157268,-19.98295487750658,1.388956675321648
face,276.0,0.1,20.0,0.0,5.0,0.01,0.20098601956765128,317.6427546209331,3.8105912400000005e-21,-2.5394237180195823e-20,-3.0553576292623477e-20,-4.883437028578613e-21,-4.8834370285786125e-21,0.07541491192954239,-7.618271154058746e-20,5.159339112427653e-21,-6.664119970053734,-8.018067110400294,-1.2815431309758147,-1.2815431309758145,-19.9923599101612,1.3539471403465602
face,277.0,0.1,20.0,0.0,5.0,0.01,0.19684291743929447,317.6427546209331,3.82439773e-21,-2.5492258167810408e-20,-3.054320096108942e-20,-4.8834370285786125e-21,-4.8834370285786125e-21,0.07386319621357357,-7.647677450343123e-20,5.050942793279014e-21,-6.665692212878289,-7.986408087604795,-1.276916621477707,-1.276916621477707,-19.99707663863487,1.320715874726506
face,278.0,0.1,20.0,0.0,5.0,0.01,0.19269981531093763,317.6427546209331,3.8382042200000005e-21,-2.5590148274391225e-20,-3.0532770001031674e-20,-4.883437028578613e-21,-4.8834370285786125e-21,0.07231154973145673,-7.677044482317368e-20,4.942621726640449e-21,-6.6672190450541535,-7.954962334190667,-1.272323396220593,-1.2723233962205929,-20.00165713516246,1.287743289136514
face,279.0,0.1,20.0,0.0,5.0,0.01,0.18855671318258083,317.6427546209331,3.85201071e-21,-2.5687907100705954e-20,-3.0522283772539045e-20,-4.8834370285786125e-21,-4.8834370285786125e-21,0.07075997437341082,-7.706372130211786e-20,4.834376671833091e-21,-6.668700851225295,-7.923727650419498,-1.267763097309408,-1.267763097309408,-20.006102553675884,1.2550267991942035
face,280.0,0.1,20.0,0.0,5.0,0.01,0.18441361105422402,317.6427546209331,3.8658172000000005e-21,-2.5785534253986513e-20,-3.051174263630936e-20,-4.8834370285786125e-21,-4.8834370285786125e-21,0.06920847206320799,-7.735660276195953e-20,4.7262083823228475e-21,-6.670138012212918,-7.892701868135243,-1.2632353719618743,-1.2632353719618743,-20.010414036638753,1.2225638559223253
face,281.0,0.1,20.0,0.0,5.0,0.01,0.1803200213694792,322.26336818862296,3.87962369e-21,-2.5881760952467802e-20,-3.050114695358143e-20,-4.8834370285786125e-21,-4.8834370285786125e-21,0.06767560856615161,-7.764528285740341e-20,4.61938600111363e-21,-6.671203967328028,-7.861882850184738,-1.2587398724175263,-1.2587398724175263,-20.01361190198408,1.1906788828567108
face,282.0,0.1,20.0,0.0,5.0,0.01,0.17652730011301718,322.26336818862296,3.8934301800000006e-21,-2.5970151910288278e-20,-3.0490497086068926e-20,-4.8834370285786125e-21,-4.8834370285786125e-21,0.06625562633156178,-7.791045573086484e-20,4.520345175780648e-21,-6.670249807918291,-7.831268489851004,-1.2542762558486695,-1.2542762558486695,-20.01074942375487,1.1610186819327135
face,283.0,0.1,20.0,0.0,5.0,0.01,0.17273457885655516,322.26336818862296,3.90723667e-21,-2.6058417558524532e-20,-3.047979339589528e-20,-4.8834370285786125e-21,-4.8834370285786125e-21,0.06483572133753443,-7.817525267557359e-20,4.42137583737075e-21,-6.669270320531807,-7.800856710298862,-1.2498441842732326,-1.2498441842732326,-20.00781096159542,1.1315863897670548
face,284.0,0.1,20.0,0.0,5.0,0.01,0.16894185760009314,322.26336818862296,3.9210431600000006e-21,-2.614655758600684e-20,-3.0469036245530115e-20,-4.883437028578613e-21,-4.8834370285786125e-21,0.06341589556757236,-7.843967275802053e-20,4.3224786595232746e-21,-6.6682656933587126,-7.770645464032615,-1.2454433244694538,-1.2454433244694536,-20.004797080076138,1.1023797706739025
face,285.0,0.1,20.0,0.0,5.0,0.01,0.16514913634363115,322.26336818862296,3.93484965e-21,-2.6234571687302162e-20,-3.045822599772777e-20,-4.8834370285786125e-21,-4.8834370285786125e-21,0.06199615103741253,-7.870371506190649e-20,4.223654310425608e-21,-6.667236113405797,-7.740632732365713,-1.241073347892368,-1.241073347892368,-20.00170834021739,1.0733966189599158
face,286.0,0.1,20.0,0.0,5.0,0.01,0.16135641508716914,322.26336818862296,3.9486561400000006e-21,-2.6322459562668242e-20,-3.0447363015466136e-20,-4.8834370285786125e-21,-4.8834370285786125e-21,0.06057648979511804,-7.896737868800472e-20,4.124903452797894e-21,-6.666181766505563,-7.710816524901591,-1.2367339305920448,-1.2367339305920448,-19.99854529951669,1.0446347583960283
face,287.0,0.1,20.0,0.0,5.0,0.01,0.15784537113417654,327.01522787029614,3.96246263e-21,-2.640302321487777e-20,-3.043644766188806e-20,-4.883437028578613e-21,-4.8834370285786125e-21,0.05926251932795084,-7.92090696446333e-20,4.033424447010288e-21,-6.663286365145548,-7.68119487902604,-1.2324247531335364,-1.2324247531335362,-19.989859095436643,1.0179085138804926
face,288.0,0.1,20.0,0.0,5.0,0.01,0.15439622846219733,327.01522787029614,3.976269120000001e-21,-2.648188515188005e-20,-3.042548030024332e-20,-4.8834370285786125e-21,-4.8834370285786125e-21,0.05797184231910022,-7.944565545564015e-20,3.9435951483632735e-21,-6.659983102924393,-7.65176585941027,-1.228145500518489,-1.228145500518489,-19.97994930877318,0.9917827564858771
face,289.0,0.1,20.0,0.0,5.0,0.01,0.1509470857902181,327.01522787029614,3.99007561e-21,-2.6560627583753023e-20,-3.041446129383243e-20,-4.8834370285786125e-21,-4.8834370285786125e-21,0.056681252858822216,-7.968188275125907e-20,3.8538337100794095e-21,-6.656672750056739,-7.622527557524763,-1.2238958621083904,-1.2238958621083904,-19.970018250170217,0.9658548074680242
face,290.0,0.1,20.0,0.0,5.0,0.01,0.14749794311823886,327.01522787029614,4.0038821e-21,-2.6639250285817013e-20,-3.0403391005951655e-20,-4.8834370285786125e-21,-4.8834370285786125e-21,0.05539075304140394,-7.991775085745104e-20,3.764140720134642e-21,-6.653355323778643,-7.593478091163488,-1.2196755315493961,-1.2196755315493961,-19.96006597133593,0.9401227673848443
face,291.0,0.1,20.0,0.0,5.0,0.01,0.14404880044625962,327.01522787029614,4.01768859e-21,-2.6717753038354937e-20,-3.0392269799839274e-20,-4.8834370285786125e-21,-4.8834370285786125e-21,0.05410034499173639,-8.015325911506481e-20,3.674516761484336e-21,-6.650030842324426,-7.564615603978225,-1.2154842066987108,-1.2154842066987108,-19.95009252697328,0.9145847616537985
face,292.0,0.1,20.0,0.0,5.0,0.01,0.1407326163524931,331.89858599516793,4.03149508e-21,-2.6792745493810747e-20,-3.038109803862329e-20,-4.8834370285786125e-21,-4.8834370285786125e-21,0.05285987715711763,-8.037823648143225e-20,3.588352544812541e-21,-6.645858412857284,-7.535938265022834,-1.2113215895524825,-1.2113215895524825,-19.937575238571853,0.8900798521655496
face,293.0,0.1,20.0,0.0,5.0,0.01,0.1376166647135802,331.89858599516793,4.04530157e-21,-2.68625173468627e-20,-3.036987608527057e-20,-4.883437028578613e-21,-4.8834370285786125e-21,0.051694571211396846,-8.058755204058811e-20,3.50735873840787e-21,-6.6404239293494,-7.507444268307188,-1.2071873861751703,-1.20718738617517,-19.9212717880482,0.8670203389577874
face,294.0,0.1,20.0,0.0,5.0,0.01,0.13450071307466732,331.89858599516793,4.05910806e-21,-2.6932176138492987e-20,-3.035860430253679e-20,-4.8834370285786125e-21,-4.8834370285786125e-21,0.05052936130688712,-8.079652841547897e-20,3.426428164043805e-21,-6.6349985613570945,-7.47913183236043,-1.2030813066303567,-1.2030813066303567,-19.904995684071285,0.8441332710033359
face,295.0,0.1,20.0,0.0,5.0,0.01,0.13138476143575442,331.89858599516793,4.07291455e-21,-2.7001721717773668e-20,-3.0347283052918325e-20,-4.883437028578613e-21,-4.8834370285786125e-21,0.04936424960235572,-8.1005165153321e-20,3.3455613351446573e-21,-6.62958217912371,-7.450999199803571,-1.1990030649129657,-1.1990030649129655,-19.88874653737113,0.821417020679861
face,296.0,0.1,20.0,0.0,5.0,0.01,0.12826880979684155,331.89858599516793,4.08672104e-21,-2.707115393802739e-20,-3.0335912698604706e-20,-4.8834370285786125e-21,-4.8834370285786125e-21,0.04819923828516124,-8.121346181408216e-20,3.264758760577316e-21,-6.624174655686161,-7.423044636930909,-1.1949523788828544,-1.1949523788828544,-19.87252396705848,0.7988699812447478
face,297.0,0.1,20.0,0.0,5.0,0.01,0.12515285815792868,331.89858599516793,4.1005275300000004e-21,-2.7140472656782367e-20,-3.03244936014326e-20,-4.8834370285786125e-21,-4.8834370285786125e-21,0.04703432957122869,-8.142141797034709e-20,3.184020944650233e-21,-6.618775866816913,-7.395266433300253,-1.190928970199747,-1.190928970199747,-19.856327600450737,0.7764905664833405
face,298.0,0.1,20.0,0.0,5.0,0.01,0.12231743713388181,336.91372616117235,4.11433402e-21,-2.7202543957463474e-20,-3.0313026122841405e-20,-4.8834370285786125e-21,-4.8834370285786125e-21,0.045974690916415435,-8.160763187239043e-20,3.1104821653779307e-21,-6.611651806885498,-7.367662901331819,-1.1869325642594795,-1.1869325642594795,-19.834955420656495,0.7560110944463208
face,299.0,0.1,20.0,0.0,5.0,0.01,0.11952119077366351,336.91372616117235,4.1281405100000004e-21,-2.726351220055204e-20,-3.0301510623828984e-20,-4.8834370285786125e-21,-4.8834370285786125e-21,0.04492984284243587,-8.179053660165613e-20,3.037998423276942e-21,-6.604308195059969,-7.340232375915175,-1.1829628901315212,-1.1829628901315212,-19.812924585179907,0.7359241808552058
face,300.0,0.1,20.0,0.0,5.0,0.01,0.1167249444134452,336.91372616117235,4.141947e-21,-2.7324373946489336e-20,-3.028994746490969e-20,-4.883437028578613e-21,-4.8834370285786125e-21,0.04388510162708759,-8.1973121839468e-20,2.9655735184203567e-21,-6.596987828789054,-7.312973214024634,-1.1790196804977497,-1.1790196804977495,-19.79096348636716,0.7159853852355804
