assembly,temperature_K,window_s,volume_fraction,escape_length_nm,site_volume_nm3,number_density_per_m3,alpha_face,alpha_tip,kBT_J,p_free_eq,p_face_eq,p_tip_eq,p_bound_eq,U_total_per_NC_eq_J,U_bound_conditional_eq_J,p_free_window,p_face_window,p_tip_window,p_bound_window,U_total_per_NC_window_J,U_bound_conditional_window_J,p_free_end,p_face_end,p_tip_end,p_bound_end,U_total_per_NC_end_J,U_bound_conditional_end_J,tau_N_isolated_s,tau_B_free_s,encounter_time_s,escape_attempt_time_s,slowest_relaxation_s,strongest_bond_per_NC_J,pair_lifetime_deepest_s,pair_survival_deepest,pair_lifetime_neel_blocked_s,pair_survival_neel_blocked,pair_lifetime_rotation_blocked_s,pair_survival_rotation_blocked,pair_lifetime_direct_escape_s,pair_lifetime_equilibrated_s,pair_survival_equilibrated,regime,persistent_SL_fraction_eq,persistent_SL_fraction_window,vdW_face_J,vdW_tip_J,face_center_distance_nm,tip_center_distance_nm,mean_free_separation_nm,free_state_dipole_diagnostic_J,detailed_balance_relative_error,propagator_normalisation_drift,kBT_kBT,U_total_per_NC_eq_kBT,U_bound_conditional_eq_kBT,U_total_per_NC_window_kBT,U_bound_conditional_window_kBT,U_total_per_NC_end_kBT,U_bound_conditional_end_kBT,strongest_bond_per_NC_kBT,vdW_face_kBT,vdW_tip_kBT,free_state_dipole_diagnostic_kBT,closed_form_p_bound_eq,closed_form_p_bound_error
dimer,200.0,20.0,0.01,0.5,59.69026041820608,2.4414062499999997e+21,0.0008743690490948155,0.0011658253987930874,2.7612980000000003e-21,0.09469598800187838,0.9047905775083476,0.0005134344897742171,0.9053040119981218,-1.409644921127571e-20,-1.557095630247241e-20,0.0946975442903535,0.9047890126977349,0.0005134430119115031,0.9053024557096464,-1.409642418025009e-20,-1.557095542086011e-20,0.09469598800180984,0.9047905775084162,0.000513434489773842,0.90530401199819,-1.409644921127681e-20,-1.5570956302472448e-20,56518.87140592694,4.082952141031122e-06,9.701381309642892e-06,8.482587550618672e-09,0.00042209299865716195,-1.5686889038856305e-20,0.00033474330335844994,0.0,0.0003347433035862927,0.0,0.0007294039776114266,0.0,0.0007294039834622619,0.0003323369854888475,0.0,"Neel blocked, Brownian only",0.0,0.0,-4.8834370285786125e-21,-2.453204187515722e-22,19.0,28.516660498395403,74.26542133780454,3.3269759995607215e-22,1.9423794948555888e-20,1.0383734039276504e-07,1.0,-5.105008300906208,-5.638998870267681,-5.104999235957179,-5.638998550993087,-5.105008300906606,-5.638998870267695,-5.680983739841301,-1.7685295207466243,-0.0888424280000102,0.12048594536195373,0.9053040119981217,1.1102230246251565e-16
dimer,201.0,20.0,0.01,0.5,59.69026041820608,2.4414062499999997e+21,0.0008743690490948155,0.0011658253987930874,2.7751044900000003e-21,0.09961631862069585,0.8998512935616363,0.0005323878176676654,0.9003836813793039,-1.401719716342056e-20,-1.556802666830603e-20,0.09961783624327689,0.8998497677476748,0.0005323960090482902,0.9003821637567231,-1.401717276460056e-20,-1.5568025810413436e-20,0.09961631862061132,0.8998512935617213,0.000532387817667201,0.9003836813793885,-1.401719716342192e-20,-1.5568026668306077e-20,48275.96421252449,3.99898164635452e-06,9.50186151135025e-06,8.308133614309944e-09,0.00039313917571420786,-1.5686889038856305e-20,0.0003121514328520061,0.0,0.00031215143309305067,0.0,0.0006751399340388433,0.0,0.0006751399399313647,0.00030981039273053363,0.0,"Neel blocked, Brownian only",0.0,0.0,-4.8834370285786125e-21,-2.453204187515722e-22,19.0,28.516660498395403,74.26542133780454,3.3269759995607215e-22,1.4883849844994044e-20,1.2467745691413512e-07,1.0,-5.051052028466344,-5.609888465246953,-5.051043236429832,-5.609888156108109,-5.0510520284668345,-5.60988846524697,-5.652720139145573,-1.7597308664145515,-0.08840042587065693,0.11988651279796392,0.9003836813793041,2.220446049250313e-16
dimer,202.0,20.0,0.01,0.5,59.69026041820608,2.4414062499999997e+21,0.0008743690490948155,0.0011658253987930874,2.7889109800000003e-21,0.1047096470403257,0.8947386358935634,0.0005517170661108367,0.8952903529596742,-1.393523945387934e-20,-1.5565050385957877e-20,0.10471112643617853,0.8947371486254235,0.0005517249383977878,0.8952888735638214,-1.393521567959272e-20,-1.5565049551126065e-20,0.104709647040341,0.8947386358935482,0.0005517170661109148,0.8952903529596591,-1.39352394538791e-20,-1.5565050385957868e-20,41299.64123826569,3.917065764442711e-06,9.307223617421508e-06,8.137948264077654e-09,0.00036641766868100994,-1.5686889038856305e-20,0.0002912765360012825,0.0,0.00029127653625604167,0.0,0.0006253150207312096,0.0,0.0006253150266638528,0.00028899899357488816,0.0,"Neel blocked, Brownian only",0.0,0.0,-4.8834370285786125e-21,-2.453204187515722e-22,19.0,28.516660498395403,74.26542133780454,3.3269759995607215e-22,2.4097762106819085e-20,1.688758362039522e-07,1.0,-4.996659826653677,-5.5810495557509245,-4.996651302076597,-5.5810492564112115,-4.996659826653591,-5.581049555750921,-5.624736376080496,-1.7510193274719053,-0.08796280000001011,0.11929301520985518,0.8952903529596744,2.220446049250313e-16
dimer,203.0,20.0,0.01,0.5,59.69026041820608,2.4414062499999997e+21,0.0008743690490948155,0.0011658253987930874,2.8027174700000003e-21,0.10997696239360309,0.8894516249073128,0.0005714126990844924,0.8900230376063972,-1.3850562729575482e-20,-1.5562027210918938e-20,0.10997840399905776,0.8894501757374866,0.0005714202634558084,0.8900215960009424,-1.3850539572209046e-20,-1.5562026398508177e-20,0.10997696239367996,0.8894516249072348,0.0005714126990849008,0.8900230376063197,-1.3850562729574242e-20,-1.55620272109189e-20,35385.83358523123,3.83715006427453e-06,9.117338295924003e-06,7.971918416082815e-09,0.000341738388350053,-1.5686889038856305e-20,0.0002719740226847159,0.0,0.00027197402295370634,0.0,0.000579535261708748,0.0,0.0005795352676799594,0.0002697582460650232,0.0,"Neel blocked, Brownian only",0.0,0.0,-4.8834370285786125e-21,-2.453204187515722e-22,19.0,28.516660498395403,74.26542133780454,3.3269759995607215e-22,1.6526035136908504e-20,1.4494927125241475e-07,1.0,-4.941833373442197,-5.552478042290483,-4.9418251109731175,-5.552477752425104,-4.941833373441755,-5.55247804229047,-5.597028315114581,-1.7423936164991372,-0.08752948571429577,0.11870536488862436,0.8900230376063969,3.3306690738754696e-16
dimer,204.0,20.0,0.01,0.5,59.69026041820608,2.4414062499999997e+21,0.0008743690490948155,0.0011658253987930874,2.8165239600000003e-21,0.11541893638242996,0.8839895994164199,0.0005914642011504464,0.8845810636175703,-1.3763158644939595e-20,-1.5558956901760902e-20,0.11542034063240794,0.8839881878992615,0.0005914714683304266,0.8845796593675919,-1.3763136096916418e-20,-1.5558956111150046e-20,0.11541893638238743,0.8839895994164622,0.000591464201150227,0.8845810636176124,-1.3763158644940272e-20,-1.5558956901760926e-20,30364.811593723123,3.75918151676907e-06,8.932079546033673e-06,7.809933899104717e-09,0.0003189288659059513,-1.5686889038856305e-20,0.0002541126005736838,0.0,0.00025411260085742336,0.0,0.0005374442392240307,0.0,0.0005374442452322681,0.00025195690465654923,0.0,"Neel blocked, Brownian only",0.0,0.0,-4.8834370285786125e-21,-2.453204187515722e-22,19.0,28.516660498395403,74.26542133780454,3.3269759995607215e-22,2.4445563998115114e-20,9.488915431177247e-09,1.0,-4.886576091807717,-5.524169906852452,-4.886568086186782,-5.524169626147986,-4.886576091807957,-5.524169906852461,-5.569591901805197,-1.73385247132022,-0.08710041960785314,0.11812347584505267,0.8845810636175699,3.3306690738754696e-16
dimer,205.0,20.0,0.01,0.5,59.69026041820608,2.4414062499999997e+21,0.0008743690490948155,0.0011658253987930874,2.8303304500000003e-21,0.12103591044367758,0.8783522294751169,0.0006118600812056756,0.8789640895563227,-1.3673024057388327e-20,-1.5555839220109777e-20,0.121037277773704,0.8783508551647987,0.0006118670614972375,0.8789627222262959,-1.3673002111135593e-20,-1.5555838450695264e-20,0.12103591044361747,0.8783522294751773,0.0006118600812053862,0.8789640895563827,-1.3673024057389296e-20,-1.5555839220109816e-20,26095.169955762103,3.683108468787375e-06,8.751324636261256e-06,7.651887400527786e-09,0.0002978324959013681,-1.5686889038856305e-20,0.00023757295608738,0.0,0.00023757295638638957,0.0,0.0004987192773320251,0.0,0.0004987192833757575,0.00023547570122151097,0.0,"Neel blocked, Brownian only",0.0,0.0,-4.8834370285786125e-21,-2.453204187515722e-22,19.0,28.516660498395403,74.26542133780454,3.3269759995607215e-22,1.8086054389782127e-20,1.0700322849999111e-08,1.0,-4.8308931762325935,-5.49612121090305,-4.830885422278374,-5.496120939056873,-4.8308931762329355,-5.496121210903064,-5.542423160820781,-1.7253946543869505,-0.08667553951220508,0.11754726376775973,0.8789640895563222,4.440892098500626e-16
dimer,206.0,20.0,0.01,0.5,59.69026041820608,2.4414062499999997e+21,0.0008743690490948155,0.0011658253987930874,2.8441369400000004e-21,0.12682788405908807,0.8725395280598758,0.0006325878810369384,0.8731721159409127,-1.3580161204539138e-20,-1.555267393062069e-20,0.12682921490593924,0.8725381905097156,0.0006325945843451092,0.8731707850940607,-1.3580139852477874e-20,-1.5552673181816292e-20,0.12682788405909778,0.8725395280598653,0.0006325878810369814,0.8731721159409023,-1.358016120453897e-20,-1.5552673930620683e-20,22458.906400859145,3.608880616601097e-06,8.574954041411952e-06,7.497674411221114e-09,0.00027830696588925327,-1.5686889038856305e-20,0.0002222465750428443,0.0,0.00022224657535764515,0.0,0.000463068036274799,0.0,0.0004630680423525104,0.00022020616574526048,0.0,"Neel blocked, Brownian only",0.0,0.0,-4.8834370285786125e-21,-2.453204187515722e-22,19.0,28.516660498395403,74.26542133780454,3.3269759995607215e-22,2.7762349478149186e-20,6.493494453252424e-08,1.0,-4.774791612016803,-5.468328093449919,-4.774784104621163,-5.468327830169911,-4.7747916120167435,-5.468328093449917,-5.51551819402068,-1.7170189521811885,-0.08625478446602933,0.11697664598247935,0.8731721159409119,7.771561172376096e-16
dimer,207.0,20.0,0.01,0.5,59.69026041820608,2.4414062499999997e+21,0.0008743690490948155,0.0011658253987930874,2.8579434300000004e-21,0.13279450433519913,0.8665518614759834,0.000653634188816954,0.8672054956648003,-1.3484577861211485e-20,-1.5549460800953758e-20,0.13279579913789902,0.866550560237428,0.000653640624672889,0.8672042008621009,-1.3484557095740838e-20,-1.5549460072190187e-20,0.1327945043351579,0.8665518614760254,0.000653634188816748,0.8672054956648421,-1.3484577861212156e-20,-1.5549460800953782e-20,19357.388092125642,3.5364489789478584e-06,8.402851378563081e-06,7.34719316955926e-09,0.000260222851809285,-1.5686889038856305e-20,0.0002080346873279287,0.0,0.00020803468765904327,0.0,0.000430225471071938,0.0,0.00043022547718212493,0.00020604957104416595,0.0,"Neel blocked, Brownian only",0.0,0.0,-4.8834370285786125e-21,-2.453204187515722e-22,19.0,28.516660498395403,74.26542133780454,3.3269759995607215e-22,1.7617479826723078e-20,1.3663760345394849e-08,1.0,-4.718280186956494,-5.440786769160702,-4.71827292107767,-5.440786514164903,-4.718280186956728,-5.44078676916071,-5.488873178590628,-1.7087241746344195,-0.0858380946860002,0.11641154141251568,0.8672054956648008,4.440892098500626e-16
dimer,208.0,20.0,0.01,0.5,59.69026041820608,2.4414062499999997e+21,0.0008743690490948155,0.0011658253987930874,2.8717499200000004e-21,0.1389350569737069,0.860389958368648,0.0006749846576454698,0.8610649430262934,-1.3386287474357356e-20,-1.5546199601751287e-20,0.13893631617523128,0.8603886929895364,0.000674990835232483,0.8610636838247688,-1.3386267287827323e-20,-1.55461988924753e-20,0.13893505697357317,0.860389958368782,0.0006749846576447959,0.8610649430264268,-1.3386287474359497e-20,-1.5546199601751365e-20,16708.039908692757,3.465765869781389e-06,8.234903342316481e-06,7.200344604808979e-09,0.0002434623606256541,-1.5686889038856305e-20,0.0001948473217763433,0.0,0.00019484732212429176,0.0,0.00039995111325755574,0.0,0.00039995111939873136,0.0001929159876833801,0.0,"Neel blocked, Brownian only",0.0,0.0,-4.8834370285786125e-21,-2.453204187515722e-22,19.0,28.516660498395403,74.26542133780454,3.3269759995607215e-22,1.739662081205305e-20,7.967667881025875e-08,1.0,-4.661369495000232,-5.413493526536351,-4.661362465652065,-5.413493279552454,-4.661369495000977,-5.413493526536379,-5.46248436523202,-1.7005091545640616,-0.08542541153847136,0.11585187054034013,0.8610649430262931,3.3306690738754696e-16
dimer,209.0,20.0,0.01,0.5,59.69026041820608,2.4414062499999997e+21,0.0008743690490948155,0.0011658253987930874,2.88555641e-21,0.14524845874538717,0.8540549172254155,0.0006966240291976225,0.8547515412546131,-1.3285309274181227e-20,-1.5542890106616145e-20,0.1452496827935518,0.8540536872490763,0.0006966299573719005,0.8547503172064481,-1.3285289658878737e-20,-1.5542889416290134e-20,0.14524845874542164,0.8540549172253805,0.0006966240291978124,0.8547515412545783,-1.328530927418067e-20,-1.5542890106616127e-20,14441.620798587173,3.3967848708143046e-06,8.07099963955822e-06,7.057032280085121e-09,0.0002279182037727129,-1.5686889038856305e-20,0.0001826024590460327,0.0,0.00018260245941133506,0.0,0.0003720266395636695,0.0,0.0003720266457343619,0.00018072343689602629,0.0,"Neel blocked, Brownian only",0.0,0.0,-4.8834370285786125e-21,-2.453204187515722e-22,19.0,28.516660498395403,74.26542133780454,3.3269759995607215e-22,1.9093837085858433e-20,6.78071583326556e-08,1.0,-4.604071931548629,-5.386444726137288,-4.604065133794677,-5.386444486902314,-4.604071931548436,-5.386444726137282,-5.436348076403159,-1.6923727471259564,-0.0850166775119715,0.11529755537029067,0.8547515412546127,3.3306690738754696e-16
dimer,210.0,20.0,0.01,0.5,59.69026041820608,2.4414062499999997e+21,0.0008743690490948155,0.0011658253987930874,2.8993629e-21,0.1517332515717591,0.8475482122657432,0.0007185361624985414,0.8482667484282417,-1.3181668359854656e-20,-1.5539532092091367e-20,0.1517344409196154,0.8475470172305785,0.0007185418498061487,0.8482655590803846,-1.318164930799735e-20,-1.5539531420193156e-20,0.15173325157168793,0.8475482122658139,0.0007185361624982166,0.8482667484283121,-1.3181668359855786e-20,-1.5539532092091412e-20,12499.980022432545,3.3294608039415905e-06,7.911032923934864e-06,6.917162335058705e-09,0.00021349258717447036,-1.5686889038856305e-20,0.00017122527172473722,0.0,0.00017122527210790934,0.0,0.0003462536956070779,0.0,0.0003462537018058327,0.0001693971307277325,0.0,"Neel blocked, Brownian only",0.0,0.0,-4.8834370285786125e-21,-2.453204187515722e-22,19.0,28.516660498395403,74.26542133780454,3.3269759995607215e-22,2.075429643153225e-20,1.4192015163061455e-07,1.0,-4.546401680125884,-5.359636798860662,-4.546395109076324,-5.359636567120713,-4.546401680126274,-5.359636798860678,-5.410460704610763,-1.6843138292824995,-0.08461183619048591,0.11474851939233689,0.8482667484282409,7.771561172376096e-16
dimer,211.0,20.0,0.01,0.5,59.69026041820608,2.4414062499999997e+21,0.0008743690490948155,0.0011658253987930874,2.91316939e-21,0.15838759830807667,0.840871697624126,0.0007407040677972336,0.8416124016919232,-1.3075395758398807e-20,-1.5536125337641027e-20,0.1583887534155468,0.8408705370619569,0.0007407095224963111,0.8416112465844532,-1.3075377262109091e-20,-1.5536124683662978e-20,0.15838759830811555,0.840871697624087,0.0007407040677974096,0.8416124016918843,-1.3075395758398187e-20,-1.553612533764101e-20,10834.205678580041,3.263749703624022e-06,7.754898730234536e-06,6.780643428581763e-09,0.00020009630488218978,-1.5686889038856305e-20,0.00016064744213520988,0.0,0.00016064744253676448,0.0,0.0003224519463706472,0.0,0.00032245195259602693,0.0001588687898790801,0.0,"Neel blocked, Brownian only",0.0,0.0,-4.8834370285786125e-21,-2.453204187515722e-22,19.0,28.516660498395403,74.26542133780454,3.3269759995607215e-22,3.357087943062321e-20,1.0184857213157983e-07,1.0,-4.4883746902197155,-5.333066244267048,-4.488368341021561,-5.333066019776823,-4.488374690219502,-5.333066244267042,-5.384818710750048,-1.6763312992858999,-0.08421083222749784,0.11420468754687559,0.8416124016919232,0.0
dimer,212.0,20.0,0.01,0.5,59.69026041820608,2.4414062499999997e+21,0.0008743690490948155,0.0011658253987930874,2.92697588e-21,0.16520928030912493,0.8340276097454093,0.0007631099454654187,0.8347907196908748,-1.2966528455502256e-20,-1.5532669625632392e-20,0.16521040164304815,0.8340264831814123,0.0007631151755395876,0.8347895983569519,-1.296651050680669e-20,-1.5532668989081336e-20,0.16520928030902726,0.8340276097455077,0.0007631099454649564,0.8347907196909726,-1.2966528455503823e-20,-1.553266962563245e-20,9403.094435349327,3.199608789302608e-06,7.602495408841689e-06,6.647386681376608e-09,0.0001876479251554461,-1.5686889038856305e-20,0.00015080654940950294,0.0,0.00015080654982994895,0.0,0.0003004573285469832,0.0,0.000300457334797569,0.00014907603081545497,0.0,"Neel blocked, Brownian only",0.0,0.0,-4.8834370285786125e-21,-2.453204187515722e-22,19.0,28.516660498395403,74.26542133780454,3.3269759995607215e-22,3.6884951358428006e-20,1.4240839696366692e-07,1.0,-4.430008646160164,-5.306729628954917,-4.430002513996354,-5.306729411477534,-4.4300086461607,-5.306729628954937,-5.359418622491794,-1.6684240761760607,-0.08381361132076436,0.1136659861905224,0.834790719690875,2.220446049250313e-16
dimer,213.0,20.0,0.01,0.5,59.69026041820608,2.4414062499999997e+21,0.0008743690490948155,0.0011658253987930874,2.94078237e-21,0.1721956968457133,0.8270185679244885,0.0007857352297984536,0.8278043031542869,-1.2855109397255972e-20,-1.5529164741319334e-20,0.1721967848811995,0.827017474875825,0.0007857402429756249,0.8278032151188006,-1.2855091988063828e-20,-1.5529164121715755e-20,0.17219569684568595,0.8270185679245157,0.0007857352297983473,0.827804303154314,-1.2855109397256406e-20,-1.552916474131935e-20,8171.884711161828,3.136996437907761e-06,7.4537240604169765e-06,6.51730561892194e-09,0.00017607305899184535,-1.5686889038856305e-20,0.0001416455183661932,0.0,0.0001416455188060328,0.0,0.0002801204826913028,0.0,0.000280120488965694,0.0001399618146782547,0.0,"Neel blocked, Brownian only",0.0,0.0,-4.8834370285786125e-21,-2.453204187515722e-22,19.0,28.516660498395403,74.26542133780454,3.3269759995607215e-22,2.554063106627026e-20,1.1455725279496676e-07,1.0,-4.371322926985574,-5.2806235849813445,-4.3713170070670095,-5.280623374287895,-4.371322926985721,-5.280623584981349,-5.334257032714837,-1.660591099292605,-0.08342012018780302,0.11313234306286736,0.8278043031542867,2.220446049250313e-16
dimer,214.0,20.0,0.01,0.5,59.69026041820608,2.4414062499999997e+21,0.0008743690490948155,0.0011658253987930874,2.95458886e-21,0.1793438664248877,0.8198475729375658,0.000808560637546611,0.8206561335751125,-1.2741187462023488e-20,-1.552561047282701e-20,0.17934492164523702,0.8198465129134528,0.0008085654413101347,0.8206550783547629,-1.2741170584128226e-20,-1.5525609869704986e-20,0.17934386642486966,0.8198475729375838,0.0008085606375465337,0.8206561335751303,-1.2741187462023774e-20,-1.552561047282702e-20,7111.206284311353,3.0758721565197892e-06,7.30848847093665e-06,6.390316114653301e-09,0.00016530370221111567,-1.5686889038856305e-20,0.0001331121235731072,0.0,0.00013311212403283634,0.0,0.0002613053456612072,0.0,0.00026130535195802287,0.00013147395138008857,0.0,"Neel blocked, Brownian only",0.0,0.0,-4.8834370285786125e-21,-2.453204187515722e-22,19.0,28.516660498395403,74.26542133780454,3.3269759995607215e-22,3.610558873784179e-20,2.3375340552078683e-08,1.0,-4.31233855732587,-5.2547448083274135,-4.312332844891396,-5.254744604196804,-4.312338557325967,-5.254744808327416,-5.309330597982524,-1.6528313278005835,-0.08303030654206563,0.11260368725416238,0.8206561335751125,0.0
dimer,215.0,20.0,0.01,0.5,59.69026041820608,2.4414062499999997e+21,0.0008743690490948155,0.0011658253987930874,2.96839535e-21,0.18665043005087092,0.812518003728173,0.0008315662209565017,0.8133495699491294,-1.2624817401916526e-20,-1.5522006611137863e-20,0.18665145294834667,0.8125169762290935,0.0008315708225597549,0.8133485470516533,-1.2624801046983565e-20,-1.5522006024044454e-20,0.18665043005078333,0.8125180037282607,0.0008315662209560851,0.8133495699492167,-1.2624817401917925e-20,-1.552200661113792e-20,6196.207993581466,3.01619655523131e-06,7.1666950472117395e-06,6.266336333583053e-09,0.00015527764325946205,-1.5686889038856305e-20,0.00012515854272560775,0.0,0.00012515854320571502,0.0,0.00024388788604804134,0.0,0.00024388789236592015,0.00012356465301410047,0.0,"Neel blocked, Brownian only",0.0,0.0,-4.8834370285786125e-21,-2.453204187515722e-22,19.0,28.516660498395403,74.26542133780454,3.3269759995607215e-22,1.429659905633014e-20,2.8299182996960326e-08,1.0,-4.253078149417168,-5.2290900574068955,-4.2530726397289245,-5.229089859625488,-4.253078149417639,-5.229090057406915,-5.284636037061675,-1.645143740229418,-0.08264411906977695,0.11207994917391045,0.8133495699491292,2.220446049250313e-16
dimer,216.0,20.0,0.01,0.5,59.69026041820608,2.4414062499999997e+21,0.0008743690490948155,0.0011658253987930874,2.98220184e-21,0.19411165644678105,0.805033612128164,0.0008547314250549479,0.805888343553219,-1.2506059753613257e-20,-1.5518352950078854e-20,0.19411264752301882,0.8050326166454476,0.0008547358315334822,0.8058873524769811,-1.2506043913173595e-20,-1.551835237857367e-20,0.19411165644677086,0.8050336121281745,0.0008547314250548849,0.8058883435532294,-1.2506059753613427e-20,-1.5518352950078866e-20,5405.832216515084,2.9579313202561624e-06,7.028252752992957e-06,6.145286676432471e-09,0.00014593792982846982,-1.5686889038856305e-20,0.00011774095412932437,0.0,0.00011774095463029047,0.0,0.0002277549672655195,0.0,0.0002277549736031205,0.00011619013136637357,0.0,"Neel blocked, Brownian only",0.0,0.0,-4.8834370285786125e-21,-2.453204187515722e-22,19.0,28.516660498395403,74.26542133780454,3.3269759995607215e-22,4.9551570645952447e-20,4.0564764214323645e-08,1.0,-4.1935658364469575,-5.203656151616771,-4.193560524787817,-5.2036559599781045,-4.193565836447014,-5.203656151616775,-5.260170129482686,-1.6375273340246521,-0.08226150740741686,0.11156106052032753,0.8058883435532188,2.220446049250313e-16
dimer,217.0,20.0,0.01,0.5,59.69026041820608,2.4414062499999997e+21,0.0008743690490948155,0.0011658253987930874,2.99600833e-21,0.2017234492394983,0.7973985156116403,0.0008780351488619686,0.7982765507605023,-1.238498071853443e-20,-1.5514649286309993e-20,0.2017244090054379,0.7973975516275191,0.0008780393670428955,0.798275590994562,-1.2384965383985839e-20,-1.5514648729964997e-20,0.20172344923944635,0.7973985156116918,0.000878035148861729,0.7982765507605536,-1.2384980718535249e-20,-1.551464928631002e-20,4722.210508594326,2.901039187324292e-06,6.89307304575505e-06,6.0270897243579466e-09,0.00013723238796768217,-1.5686889038856305e-20,0.0001108191736574622,0.0,0.00011081917417975829,0.0,0.00021280332468958825,0.0,0.00021280333104559067,0.00010931023490161554,0.0,"Neel blocked, Brownian only",0.0,0.0,-4.8834370285786125e-21,-2.453204187515722e-22,19.0,28.516660498395403,74.26542133780454,3.3269759995607215e-22,1.2271937375496024e-20,6.185978007611226e-08,1.0,-4.133827197514645,-5.178439969928252,-4.133822079188224,-5.178439784232842,-4.1338271975149175,-5.178439969928261,-5.235929714139448,-1.6299811251120961,-0.08188242211982508,0.1110469542506486,0.7982765507605019,4.440892098500626e-16
dimer,218.0,20.0,0.01,0.5,59.69026041820608,2.4414062499999997e+21,0.0008743690490948155,0.0011658253987930874,3.00981482e-21,0.2094813560918918,0.7896171880979319,0.0009014558101764817,0.7905186439081084,-1.2261652012676693e-20,-1.5510895419314123e-20,0.20948228506818944,0.789616255085121,0.0009014598466895447,0.7905177149318106,-1.2261637175277292e-20,-1.5510894877713108e-20,0.20948135609192448,0.7896171880978989,0.0009014558101766135,0.7905186439080756,-1.2261652012676166e-20,-1.5510895419314102e-20,4130.159413029858,2.845483915397124e-06,6.761069814242705e-06,5.911670184343055e-09,0.00012911318834311588,-1.5686889038856305e-20,0.0001043563270659541,0.0,0.00010435632761004108,0.0,0.00019893864476777656,0.0,0.00019893865114088105,0.00010288812110545355,0.0,"Neel blocked, Brownian only",0.0,0.0,-4.8834370285786125e-21,-2.453204187515722e-22,19.0,28.516660498395403,74.26542133780454,3.3269759995607215e-22,4.169669885950614e-20,1.3089078287897848e-07,1.0,-4.0738891745760935,-5.153438449517012,-4.0738842449042405,-5.153438269572049,-4.0738891745759185,-5.1534384495170045,-5.211911687927799,-1.6225041474739672,-0.08150681467890845,0.11053756455225114,0.7905186439081083,1.1102230246251565e-16
dimer,219.0,20.0,0.01,0.5,59.69026041820608,2.4414062499999997e+21,0.0008743690490948155,0.0011658253987930874,3.02362131e-21,0.21738057974823913,0.7816944488382231,0.0009249714135384901,0.7826194202517617,-1.2136150686690497e-20,-1.5507091151387995e-20,0.21738147846488298,0.781693546260294,0.000924975274823137,0.7826185215351171,-1.2136136337564929e-20,-1.5507090624126464e-20,0.21738057974825734,0.781694448838204,0.000924971413538569,0.7826194202517426,-1.2136150686690196e-20,-1.550709115138799e-20,3616.759214443383,2.791230260733629e-06,6.632159316849677e-06,5.798954835319174e-09,0.00012153645460349982,-1.5686889038856305e-20,9.831855400315036e-05,0.0,9.831855456947865e-05,0.0,0.00018607473536179006,0.0,0.0001860747417507183,9.688996052010004e-05,0.0,"Neel blocked, Brownian only",0.0,0.0,-4.8834370285786125e-21,-2.453204187515722e-22,19.0,28.516660498395403,74.26542133780454,3.3269759995607215e-22,5.511576596468089e-20,1.0071288691904101e-07,1.0,-4.013779981822689,-5.12864858443136,-4.013775236147191,-5.128648410050551,-4.01377998182259,-5.128648584431358,-5.18811300442128,-1.6150954527366432,-0.0811346374429317,0.11003282681456962,0.7826194202517608,8.881784197001252e-16
dimer,220.0,20.0,0.01,0.5,59.69026041820608,2.4414062499999997e+21,0.0008743690490948155,0.0011658253987930874,3.0374278e-21,0.22541599094031833,0.7736354494387458,0.00094855962093558,0.7745840090596814,-1.2008558917075498e-20,-1.5503236287634547e-20,0.2254168599369245,0.7736345767498248,0.0009485633132505986,0.7745831400630754,-1.2008545047210308e-20,-1.550323577431912e-20,0.22541599094029946,0.7736354494387652,0.0009485596209354819,0.7745840090597006,-1.2008558917075805e-20,-1.550323628763456e-20,3171.001476338732,2.738243951333194e-06,6.506260120893264e-06,5.688872475068962e-09,0.00011446190964222244,-1.5686889038856305e-20,9.267474045169551e-05,0.0,9.2674741040704e-05,0.0,0.00017413277777564805,0.0,0.0001741327841791436,9.128466921109252e-05,0.0,"Neel blocked, Brownian only",0.0,0.0,-4.8834370285786125e-21,-2.453204187515722e-22,19.0,28.516660498395403,74.26542133780454,3.3269759995607215e-22,3.416266255651527e-20,8.398981254931215e-08,1.0,-3.9535290080230046,-5.1040674242971455,-3.953524441703703,-5.104067255300396,-3.953529008023106,-5.10406742429715,-5.164530672583001,-1.6077541097696584,-0.08076584363637292,0.10953267760177612,0.7745840090596817,3.3306690738754696e-16
dimer,221.0,20.0,0.01,0.5,59.69026041820608,2.4414062499999997e+21,0.0008743690490948155,0.0011658253987930874,3.05123429e-21,0.2335821430836473,0.7654456590915628,0.0009721978247902819,0.7664178569163531,-1.1878963769647696e-20,-1.5499330635956422e-20,0.23358298290918011,0.7654448157365994,0.0009722013542205782,0.76641701709082,-1.1878950369895798e-20,-1.5499330136204618e-20,0.2335821430836189,0.765445659091591,0.0009721978247901527,0.7664178569163812,-1.1878963769648147e-20,-1.549933063595644e-20,2783.493704962788,2.6864916617777424e-06,6.383293042837411e-06,5.581353867959298e-09,0.00010785255571210627,-1.5686889038856305e-20,8.739627669508296e-05,0.0,8.739627730719706e-05,0.0,0.00016304065197240324,0.0,0.00016304065838923117,8.604366675766e-05,0.0,"Neel blocked, Brownian only",0.0,0.0,-4.8834370285786125e-21,-2.453204187515722e-22,19.0,28.516660498395403,74.26542133780454,3.3269759995607215e-22,5.42285659786951e-20,6.428127330426747e-08,1.0,-3.8931667124282665,-5.079692073058219,-3.893162320844197,-5.0796919092714505,-3.8931667124284144,-5.079692073058224,-5.141161755512489,-1.6004792042955875,-0.08040038733032598,0.10903705462620247,0.7664178569163529,2.220446049250313e-16
dimer,222.0,20.0,0.01,0.5,59.69026041820608,2.4414062499999997e+21,0.0008743690490948155,0.0011658253987930874,3.06504078e-21,0.24187328867590657,0.757130848101355,0.0009958632227384818,0.7581267113240935,-1.174745693670223e-20,-1.5495374007050755e-20,0.2418740998882976,0.7571300335165014,0.0009958665952010716,0.7581259001117026,-1.1747443997789048e-20,-1.5495373520490693e-20,0.24187328867587707,0.7571308481013848,0.0009958632227383653,0.7581267113241231,-1.1747456936702704e-20,-1.5495374007050773e-20,2446.211527872362,2.6359409884922465e-06,6.263181089509952e-06,5.476331693543447e-09,0.00010167438510506283,-1.5686889038856305e-20,8.245683821565841e-05,0.0,8.245683885129187e-05,0.0,0.00015273232741206815,0.0,0.00015273233384101583,8.114065717354507e-05,0.0,"Neel blocked, Brownian only",0.0,0.0,-4.8834370285786125e-21,-2.453204187515722e-22,19.0,28.516660498395403,74.26542133780454,3.3269759995607215e-22,4.709265841383148e-20,3.1417528578714382e-09,1.0,-3.832724514909139,-5.0555196877513495,-3.832720293460189,-5.055519529006297,-3.8327245149092937,-5.055519687751356,-5.118003369226397,-1.5932698385104724,-0.08003822342343263,0.10854589672248084,0.7581267113240934,1.1102230246251565e-16
dimer,223.0,20.0,0.01,0.5,59.69026041820608,2.4414062499999997e+21,0.0008743690490948155,0.0011658253987930874,3.0788472700000002e-21,0.25028339729302634,0.7486970698132854,0.0010195328936884944,0.7497166027069739,-1.1614134449553393e-20,-1.5491366214405107e-20,0.2502841804589653,0.7486962834260958,0.0010195361149389435,0.7497158195410348,-1.1614121962080148e-20,-1.5491365740675106e-20,0.2502833972930506,0.7486970698132609,0.0010195328936885915,0.7497166027069495,-1.1614134449553005e-20,-1.5491366214405095e-20,2152.2904502989954,2.586560425439698e-06,6.145849400352152e-06,5.373740496065854e-09,9.58961181530437e-05,-1.5686889038856305e-20,7.783218720942997e-05,0.0,7.783218786898125e-05,0.0,0.00014314731276642877,0.0,0.0001431473192063056,7.655143044367934e-05,0.0,"Neel blocked, Brownian only",0.0,0.0,-4.8834370285786125e-21,-2.453204187515722e-22,19.0,28.516660498395403,74.26542133780454,3.3269759995607215e-22,6.679326832759293e-20,5.397640601145781e-08,1.0,-3.772234681051065,-5.031547477314491,-3.7722306251586644,-5.0315473234484624,-3.772234681050939,-5.031547477314486,-5.095052681472018,-1.5861251307144613,-0.07967930762332755,0.10805914382238004,0.7497166027069739,0.0
dimer,224.0,20.0,0.01,0.5,59.69026041820608,2.4414062499999997e+21,0.0008743690490948155,0.0011658253987930874,3.0926537600000002e-21,0.2588061750629595,0.7401506410624052,0.0010431838746354808,0.7411938249370408,-1.1479096368370908e-20,-1.5487307074294603e-20,0.2588069307571012,0.7401498822926271,0.0010431869502716688,0.7411930692428988,-1.1479084322827246e-20,-1.548730661304308e-20,0.2588061750629507,0.7401506410624141,0.0010431838746354435,0.7411938249370496,-1.1479096368371046e-20,-1.5487307074294606e-20,1895.8506256083126,2.5383193402637963e-06,6.031225190732054e-06,5.273516634897084e-09,9.048896589507665e-05,-1.5686889038856305e-20,7.349999265011637e-05,0.0,7.349999333397033e-05,0.0,0.00013423015849564903,0.0,0.00013423016494528673,7.225368260921225e-05,0.0,"Neel blocked, Brownian only",0.0,0.0,-4.8834370285786125e-21,-2.453204187515722e-22,19.0,28.516660498395403,74.26542133780454,3.3269759995607215e-22,6.633923480026811e-20,1.2803429050300963e-07,1.0,-3.7117302029862236,-5.007772701427334,-3.7117263080970453,-5.007772552283085,-3.711730202986268,-5.007772701427335,-5.07230691057259,-1.5790442149523432,-0.07932359642858054,0.10757673693031583,0.7411938249370408,0.0
dimer,225.0,20.0,0.01,0.5,59.69026041820608,2.4414062499999997e+21,0.0008743690490948155,0.0011658253987930874,3.1064602500000002e-21,0.2674350854830834,0.7314981212792195,0.0010667932376974439,0.732564914516917,-1.134244645144902e-20,-1.5483196405780215e-20,0.2674358142876824,0.7314973895391527,0.0010667961731649187,0.7325641857123176,-1.1342434838218777e-20,-1.5483195956665317e-20,0.26743508548304823,0.7314981212792546,0.0010667932376972724,0.7325649145169519,-1.1342446451449577e-20,-1.5483196405780236e-20,1671.8492037966662,2.491187950890228e-06,5.919237696347472e-06,5.175598235921525e-09,8.542641490216086e-05,-1.5686889038856305e-20,6.943966705426601e-05,0.0,6.943966776279188e-05,0.0,0.00012593000691819077,0.0,0.00012593001337644352,6.82268525527583e-05,0.0,"Neel blocked, Brownian only",0.0,0.0,-4.8834370285786125e-21,-2.453204187515722e-22,19.0,28.516660498395403,74.26542133780454,3.3269759995607215e-22,4.613877878965872e-20,4.671805875489099e-08,1.0,-3.6512446767825275,-4.984192669383171,-3.6512409383698943,-4.984192524808684,-3.6512446767827065,-4.984192669383178,-5.049763324303378,-1.572026240663666,-0.07897104711112019,0.10709861809951443,0.7325649145169163,6.661338147750939e-16
dimer,226.0,20.0,0.01,0.5,59.69026041820608,2.4414062499999997e+21,0.0008743690490948155,0.0011658253987930874,3.1202667400000002e-21,0.27616337143464115,0.7227462903985225,0.001090338166836644,0.7238366285653591,-1.1204291806236288e-20,-1.5479034030708203e-20,0.27616407393920694,0.7227455850933592,0.0010903409674338058,0.723835926060793,-1.120428061560288e-20,-1.5479033593397332e-20,0.27616337143461855,0.7227462903985449,0.001090338166836553,0.7238366285653814,-1.1204291806236649e-20,-1.5479034030708227e-20,1475.9557493545735,2.4451373025949632e-06,5.809818118738661e-06,5.079925143895353e-09,8.068403206477979e-05,-1.5686889038856305e-20,6.563221829412607e-05,0.0,6.563221902767722e-05,0.0,0.00011820018497931469,0.0,0.0001182001914450591,6.445197383059774e-05,0.0,"Neel blocked, Brownian only",0.0,0.0,-4.8834370285786125e-21,-2.453204187515722e-22,19.0,28.516660498395403,74.26542133780454,3.3269759995607215e-22,5.2410093176487826e-20,1.4950928239887418e-07,1.0,-3.5908121772423494,-4.960804738991065,-3.5908085908074896,-4.960804598839307,-3.590812177242465,-4.960804738991072,-5.027419238797611,-1.5650703723421453,-0.07862161769912408,0.10662473040880861,0.7238366285653586,5.551115123125783e-16
dimer,227.0,20.0,0.01,0.5,59.69026041820608,2.4414062499999997e+21,0.0008743690490948155,0.0011658253987930874,3.1340732300000002e-21,0.2849840782368786,0.7139021257293865,0.0011137960337345382,0.715015921763121,-1.1064742524617935e-20,-1.547481977371071e-20,0.2849847550368656,0.7139014462585207,0.0011137987046136834,0.7150152449631344,-1.1064731746785115e-20,-1.5474819347880623e-20,0.28498407823685257,0.7139021257294129,0.0011137960337344185,0.7150159217631473,-1.1064742524618352e-20,-1.5474819773710725e-20,1304.4469836467583,2.4001392455461512e-06,5.702899571926269e-06,4.986438875788403e-09,7.623928737627505e-05,-1.5686889038856305e-20,6.206011497822364e-05,0.0,6.206011573713733e-05,0.0,0.00011099783543290648,0.0,0.00011099784190504174,6.091154007183126e-05,0.0,"Neel blocked, Brownian only",0.0,0.0,-4.8834370285786125e-21,-2.453204187515722e-22,19.0,28.516660498395403,74.26542133780454,3.3269759995607215e-22,6.513890336259175e-20,3.933085301888184e-08,1.0,-3.530467130985939,-4.93760631550741,-3.5304636920641177,-4.937606179636275,-3.5304671309860716,-4.9376063155074155,-5.005272017481322,-1.5581757892040742,-0.07827526696036143,0.10615501794004735,0.7150159217631213,3.3306690738754696e-16
dimer,228.0,20.0,0.01,0.5,59.69026041820608,2.4414062499999997e+21,0.0008743690490948155,0.0011658253987930874,3.1478797200000003e-21,0.2938900775746786,0.7049727779530224,0.001137144472298609,0.706109922425321,-1.0923911305075985e-20,-1.547055346220731e-20,0.29389072927141113,0.7049721237101169,0.00113714701847192,0.7061092707285888,-1.0923900930168878e-20,-1.5470553047543487e-20,0.29389007757466923,0.7049727779530319,0.0011371444722985675,0.7061099224253304,-1.0923911305076135e-20,-1.5470553462207318e-20,1154.1177369809611,2.3561664128240984e-06,5.598417030185272e-06,4.895082575119318e-09,7.207139293277679e-05,-1.5686889038856305e-20,5.870716407375713e-05,0.0,5.870716485835366e-05,0.0,0.0001042835826040832,0.0,0.0001042835890815312,5.7589382618631244e-05,0.0,"Neel blocked, Brownian only",0.0,0.0,-4.8834370285786125e-21,-2.453204187515722e-22,19.0,28.516660498395403,74.26542133780454,3.3269759995607215e-22,6.479085734341653e-20,2.460572114948434e-07,1.0,-3.4702441887061632,-4.914594850595914,-3.470240892866414,-4.914594718867939,-3.4702441887062108,-4.9145948505959165,-4.983319070036229,-1.55134168486546,-0.07793195438597386,0.10568942575609977,0.7061099224253214,4.440892098500626e-16
dimer,229.0,20.0,0.01,0.5,59.69026041820608,2.4414062499999997e+21,0.0008743690490948155,0.0011658253987930874,3.1616862100000003e-21,0.3028740921266795,0.6959655464220249,0.0011603614512961343,0.6971259078733211,-1.0781913064454109e-20,-1.5466234926407808e-20,0.30287471932586363,0.6959649167965005,0.001160363877635807,0.6971252806741364,-1.0781903082542746e-20,-1.5466234522604594e-20,0.30287409212665406,0.69596554642205,0.0011603614512960398,0.697125907873346,-1.078191306445451e-20,-1.5466234926407826e-20,1022.2055159490955,2.3131921989223833e-06,5.496307276962105e-06,4.80580096729027e-09,6.816115658704774e-05,-1.5686889038856305e-20,5.555839958215342e-05,0.0,5.5558400392735676e-05,0.0,9.802122930261071e-05,0.0,9.802123578431582e-05,5.447055921898304e-05,0.0,"Neel blocked, Brownian only",0.0,0.0,-4.8834370285786125e-21,-2.453204187515722e-22,19.0,28.516660498395403,74.26542133780454,3.3269759995607215e-22,5.157435727667758e-20,1.8125075484931585e-07,1.0,-3.41017809748239,-4.891767841315223,-3.410174940334368,-4.891767713597547,-3.4101780974825164,-4.891767841315228,-4.961557851389783,-1.5445672670276194,-0.07759164017468141,0.10522789987943558,0.6971259078733205,5.551115123125783e-16
dimer,230.0,20.0,0.01,0.5,59.69026041820608,2.4414062499999997e+21,0.0008743690490948155,0.0011658253987930874,3.1754927000000003e-21,0.3119287207161549,0.6868878539392134,0.0011834253446321478,0.6880712792838455,-1.0638864542122156e-20,-1.5461863999315944e-20,0.31192932402738804,0.6868872483167375,0.001183427655874417,0.688070675972612,-1.0638854943229097e-20,-1.5461863606076083e-20,0.3119287207159651,0.6868878539394034,0.0011834253446314166,0.6880712792840349,-1.0638864542125173e-20,-1.546186399931607e-20,906.3265221082685,2.271190738731455e-06,5.39650885493821e-06,4.7185403159240745e-09,6.449084881268389e-05,-1.5686889038856305e-20,5.25999812014344e-05,0.0,5.2599982038287504e-05,0.0,9.217748181538104e-05,0.0,9.217748830031e-05,5.154125270559914e-05,0.0,"Neel blocked, Brownian only",0.0,0.0,-4.8834370285786125e-21,-2.453204187515722e-22,19.0,28.516660498395403,74.26542133780454,3.3269759995607215e-22,3.8501790956398264e-20,1.8233197818240399e-07,1.0,-3.350303574031883,-4.869122829133238,-3.350300551227561,-4.8691227052973804,-3.3503035740328335,-4.8691228291332775,-4.939985860731566,-1.5378517571709776,-0.07725428521740019,0.10477038727126411,0.6880712792838455,0.0
dimer,231.0,20.0,0.01,0.5,59.69026041820608,2.4414062499999997e+21,0.0008743690490948155,0.0011658253987930874,3.1892991900000003e-21,0.32104646380439933,0.6777472211967841,0.001206314998816681,0.6789535361956007,-1.049488389936978e-20,-1.5457440516734113e-20,0.32104704384069216,0.6777466389597424,0.0012063171995656684,0.6789529561593081,-1.0494874673477489e-20,-1.5457440133768258e-20,0.32104646380444385,0.6777472211967395,0.0012063149988168845,0.6789535361955563,-1.0494883899369075e-20,-1.5457440516734086e-20,804.4213146658824,2.230136887004843e-06,5.298962017240323e-06,4.633248380203966e-09,6.104408152830797e-05,-1.5686889038856305e-20,4.981910201807676e-05,0.0,4.9819102881467985e-05,0.0,8.672170022518548e-05,0.0,8.672170671232757e-05,4.878867870372381e-05,0.0,"Neel blocked, Brownian only",0.0,0.0,-4.8834370285786125e-21,-2.453204187515722e-22,19.0,28.516660498395403,74.26542133780454,3.3269759995607215e-22,1.0223274361679141e-19,6.227048410245573e-08,1.0,-3.2906551797574624,-4.846657398967361,-3.290652286992707,-4.846657278888989,-3.290655179757241,-4.846657398967353,-4.918600640555239,-1.5311943902568175,-0.07691985108225992,0.10431683581121536,0.6789535361956005,2.220446049250313e-16
dimer,232.0,20.0,0.01,0.5,59.69026041820608,2.4414062499999997e+21,0.0008743690490948155,0.0011658253987930874,3.2031056800000003e-21,0.3302197491459618,0.6685512410568394,0.001229009797198942,0.6697802508540384,-1.0350090316859041e-20,-1.5452964317269158e-20,0.330220306521809,0.6685506815862662,0.0012290118919248394,0.669779693478191,-1.0350081453940299e-20,-1.545296394429628e-20,0.3302197491459564,0.6685512410568446,0.0012290097971989146,0.6697802508540435,-1.0350090316859125e-20,-1.5452964317269167e-20,714.7086056354673,2.1900061983068597e-06,5.203608679794789e-06,4.549874373213698e-09,5.780569772184132e-05,-1.5686889038856305e-20,4.720390436834532e-05,0.0,4.720390525852318e-05,0.0,8.162567158726359e-05,0.0,8.16256780756306e-05,4.6201001507843275e-05,0.0,"Neel blocked, Brownian only",0.0,0.0,-4.8834370285786125e-21,-2.453204187515722e-22,19.0,28.516660498395403,74.26542133780454,3.3269759995607215e-22,5.091591210620696e-20,1.6870218022546624e-07,1.0,-3.231267198420703,-4.82436917824989,-3.231264431444016,-4.824369061808875,-3.231267198420729,-4.824369178249893,-4.897399775725259,-1.524594414436745,-0.0765883000000088,0.10386719427754632,0.669780250854038,3.3306690738754696e-16
dimer,233.0,20.0,0.01,0.5,59.69026041820608,2.4414062499999997e+21,0.0008743690490948155,0.0011658253987930874,3.2169121700000003e-21,0.33944095742681885,0.6593075528525985,0.0012514897205831515,0.6605590425731817,-1.0204603592933241e-20,-1.5448435242338992e-20,0.33944149275821817,0.659307015528154,0.0012514917136278842,0.6605585072417819,-1.020459508295062e-20,-1.544843487908554e-20,0.33944095742685115,0.6593075528525658,0.0012514897205832618,0.6605590425731491,-1.0204603592932724e-20,-1.5448435242338968e-20,635.6459216396095,2.1507749074395635e-06,5.110392374820654e-06,4.468368921273331e-09,5.4761670851920835e-05,-1.5686889038856305e-20,4.474340309595226e-05,0.0,4.4743404013146656e-05,0.0,7.686340374855168e-05,0.0,7.686341023717761e-05,4.3767257354186135e-05,0.0,"Neel blocked, Brownian only",0.0,0.0,-4.8834370285786125e-21,-2.453204187515722e-22,19.0,28.516660498395403,74.26542133780454,3.3269759995607215e-22,7.610093164596135e-20,2.1350144763232493e-08,1.0,-3.172173517231352,-4.802255836017739,-3.172170871842802,-4.802255723097823,-3.172173517231191,-4.802255836017732,-4.87638089256764,-1.5180510907696345,-0.07625959484979417,0.10342141232785729,0.6605590425731813,3.3306690738754696e-16
dimer,234.0,20.0,0.01,0.5,59.69026041820608,2.4414062499999997e+21,0.0008743690490948155,0.0011658253987930874,3.2307186600000003e-21,0.3487024477103699,0.6500238168857493,0.0012737354038814016,0.6512975522896307,-1.0058543745514702e-20,-1.54438531361802e-20,0.34870296161317704,0.6500233010873653,0.0012737372994577976,0.6512970383868231,-1.0058535578446423e-20,-1.5443852782380355e-20,0.34870244771034975,0.6500238168857689,0.00127373540388135,0.6512975522896503,-1.0058543745515015e-20,-1.544385313618022e-20,565.896070913112,2.112419910345835e-06,5.019258205454041e-06,4.3886840242642e-09,5.189901310407025e-05,-1.5686889038856305e-20,4.242741551052616e-05,0.0,4.242741645494793e-05,0.0,7.24109378207064e-05,0.0,7.24109443086474e-05,4.147728439352656e-05,0.0,"Neel blocked, Brownian only",0.0,0.0,-4.8834370285786125e-21,-2.453204187515722e-22,19.0,28.516660498395403,74.26542133780454,3.3269759995607215e-22,7.585517973473352e-20,1.794138537736245e-08,1.0,-3.1134075120966123,-4.780315082025806,-3.1134049841549563,-4.780314972514615,-3.113407512096709,-4.780315082025811,-4.855541657984018,-1.5115636929458327,-0.07593369914530787,0.10297944048030233,0.6512975522896304,3.3306690738754696e-16
dimer,235.0,20.0,0.01,0.5,59.69026041820608,2.4414062499999997e+21,0.0008743690490948155,0.0011658253987930874,3.2445251500000003e-21,0.3579965825218698,0.640707689289628,0.0012957281885026418,0.6420034174781306,-9.912030620229248e-21,-1.5439217845856553e-20,0.3579970756113502,0.640707194397952,0.001295729990697912,0.6420029243886499,-9.912022786075984e-21,-1.543921750125165e-20,0.3579965825217917,0.6407076892897059,0.0012957281885023644,0.6420034174782082,-9.912030620230482e-21,-1.5439217845856607e-20,504.29852428420264,2.07491874548459e-06,4.930152801494336e-06,4.310773016934743e-09,4.920569166975679e-05,-1.5686889038856305e-20,4.024649742077879e-05,0.0,4.024649839261974e-05,0.0,6.824617751989865e-05,0.0,6.824618400623299e-05,3.932165873820843e-05,0.0,"Neel blocked, Brownian only",0.0,0.0,-4.8834370285786125e-21,-2.453204187515722e-22,19.0,28.516660498395403,74.26542133780454,3.3269759995607215e-22,5.042403785907064e-20,4.825576189748659e-07,1.0,-3.0550019377193753,-4.7585446658832495,-3.0549995231431577,-4.758544559672052,-3.0550019377197555,-4.758544665883266,-4.834879778588341,-1.5051315070184035,-0.07561057702128528,0.10254123009527977,0.6420034174781305,1.1102230246251565e-16
dimer,236.0,20.0,0.01,0.5,59.69026041820608,2.4414062499999997e+21,0.0008743690490948155,0.0011658253987930874,3.2583316400000004e-21,0.3673157524094645,0.6313667974203129,0.0013174501702229204,0.6326842475905358,-9.765183507272253e-21,-1.543452922126827e-20,0.3673162252988615,0.6313663228181399,0.0013174518829986242,0.6326837747011385,-9.765175996079568e-21,-1.543452888560696e-20,0.3673157524093611,0.6313667974204165,0.0013174501702225608,0.632684247590639,-9.76518350727389e-21,-1.543452922126834e-20,449.84496087908883,2.038249575673318e-06,4.843024276260788e-06,4.2345905311772526e-09,4.667055229209574e-05,-1.5686889038856305e-20,3.819188467836952e-05,0.0,3.819188567780191e-05,0.0,6.434873376677832e-05,0.0,6.43487402506061e-05,3.729163601941463e-05,0.0,"Neel blocked, Brownian only",0.0,0.0,-4.8834370285786125e-21,-2.453204187515722e-22,19.0,28.516660498395403,74.26542133780454,3.3269759995607215e-22,3.7721509806682924e-20,2.1192070476239167e-07,1.0,-2.996988823173399,-4.736942376211977,-2.9969865179468247,-4.736942273195665,-2.9969888231739015,-4.736942376211998,-4.814392999865509,-1.498753831141207,-0.07529019322034763,0.10210673335758791,0.6326842475905354,3.3306690738754696e-16
dimer,237.0,20.0,0.01,0.5,59.69026041820608,2.4414062499999997e+21,0.0008743690490948155,0.0011658253987930874,3.2721381300000004e-21,0.37665239982917864,0.6220087159284924,0.0013388842423296041,0.623347600170822,-9.618120769383022e-21,-1.542978711516219e-20,0.3766528531293353,0.6220082610011394,0.0013388858695252445,0.6233471468706646,-9.618113571247032e-21,-1.5429786788199816e-20,0.3766523998291672,0.6220087159285034,0.0013388842423295608,0.6233476001708329,-9.618120769383199e-21,-1.5429787115162204e-20,401.65834785079727,2.0023911703925744e-06,4.757822184546741e-06,4.160092459264351e-09,4.428324941749353e-05,-1.5686889038856305e-20,3.625543972407026e-05,0.0,3.6255440751246905e-05,0.0,6.0699783101302374e-05,0.0,6.06997895817454e-05,3.537909794631183e-05,0.0,"Neel blocked, Brownian only",0.0,0.0,-4.8834370285786125e-21,-2.453204187515722e-22,19.0,28.516660498395403,74.26542133780454,3.3269759995607215e-22,1.0036738281313642e-19,2.5666056457929187e-07,1.0,-2.93939937351698,-4.715506039826683,-2.9393971736905344,-4.715505939903526,-2.9393993735170336,-4.715506039826687,-4.794079105351308,-1.492429975313607,-0.07497251308017738,0.10167590325903268,0.6233476001708216,4.440892098500626e-16
dimer,238.0,20.0,0.01,0.5,59.69026041820608,2.4414062499999997e+21,0.0008743690490948155,0.0011658253987930874,3.2859446200000004e-21,0.38599904221184267,0.6126409436542768,0.001360014133880691,0.6140009577881574,-9.470959483123725e-21,-1.542499138314275e-20,0.38599947652974675,0.6126405077910397,0.001360015679213358,0.6140005234702531,-9.470952588213861e-21,-1.5424991064641505e-20,0.38599904221190456,0.6126409436542146,0.0013600141338809097,0.6140009577880955,-9.470959483122738e-21,-1.54249913831427e-20,358.97502256602155,1.967322888546411e-06,4.674497481657194e-06,4.08723591803271e-09,4.20341823270682e-05,-1.5686889038856305e-20,3.442960267766065e-05,0.0,3.4429603732714936e-05,0.0,5.728193861141335e-05,0.0,5.7281945087615144e-05,3.35765034085225e-05,0.0,"Neel blocked, Brownian only",0.0,0.0,-4.8834370285786125e-21,-2.453204187515722e-22,19.0,28.516660498395403,74.26542133780454,3.3269759995607215e-22,8.765527159228691e-20,2.9559510972276826e-07,1.0,-2.8822638779358747,-4.69423352093583,-2.8822617796321413,-4.6942334240074635,-2.8822638779355745,-4.694233520935815,-4.773935915833025,-1.486159261131617,-0.07465750252101698,0.10124869358147372,0.6140009577881572,2.220446049250313e-16
dimer,239.0,20.0,0.01,0.5,59.69026041820608,2.4414062499999997e+21,0.0008743690490948155,0.0011658253987930874,3.2997511100000004e-21,0.39534829408184363,0.6032708814751874,0.0013808244429689082,0.6046517059181563,-9.323815095469272e-21,-1.542014188368355e-20,0.3953487100196421,0.6032704640703233,0.0013808259100346223,0.6046512899803579,-9.323808494043569e-21,-1.5420141573412427e-20,0.3953482940818147,0.6032708814752165,0.0013808244429688113,0.6046517059181853,-9.323815095469732e-21,-1.5420141883683575e-20,321.129328681505,1.933024661672246e-06,4.593002483514284e-06,4.015979214000511e-09,3.991443671784446e-05,-1.5686889038856305e-20,3.270734655765363e-05,0.0,3.270734764069919e-05,0.0,5.4079132203722804e-05,0.0,5.407913867484817e-05,3.18768437080467e-05,0.0,"Neel blocked, Brownian only",0.0,0.0,-4.8834370285786125e-21,-2.453204187515722e-22,19.0,28.516660498395403,74.26542133780454,3.3269759995607215e-22,5.313574554431818e-20,2.171636399594945e-07,1.0,-2.8256116248322956,-4.673122720362855,-2.825609624249378,-4.6731226263342105,-2.825611624832435,-4.673122720362862,-4.753961288570126,-1.4799410215452922,-0.07434512803348134,0.10082505888029601,0.6046517059181563,0.0
dimer,240.0,20.0,0.01,0.5,59.69026041820608,2.4414062499999997e+21,0.0008743690490948155,0.0011658253987930874,3.3135576e-21,0.40469288811048626,0.5939058112245856,0.0014013006649281983,0.5953071118895138,-9.17680109750953e-21,-1.5415238478139837e-20,0.40469328626541523,0.5939054116773785,0.0014013020572062628,0.5953067137345848,-9.17679477991532e-21,-1.5415238175873754e-20,0.40469288811047777,0.5939058112245938,0.0014013006649281775,0.595307111889522,-9.176801097509659e-21,-1.541523847813984e-20,287.5404271182187,1.899476977593303e-06,4.51329082781433e-06,3.9462818094043685e-09,3.7915731221121026e-05,-1.5686889038856305e-20,3.10821362570291e-05,0.0,3.1082137368160105e-05,0.0,5.10765071600623e-05,0.0,5.1076513625297144e-05,3.0273601546832176e-05,0.0,"Neel blocked, Brownian only",0.0,0.0,-4.8834370285786125e-21,-2.453204187515722e-22,19.0,28.516660498395403,74.26542133780454,3.3269759995607215e-22,1.1238192156107343e-19,5.0695733055938774e-08,1.0,-2.7694708242010124,-4.652171574787122,-2.769468917611488,-4.652171483566108,-2.7694708242010515,-4.652171574787123,-4.734153116534418,-1.473774600622187,-0.07403535666667518,0.10040495446829478,0.5953071118895136,2.220446049250313e-16
dimer,241.0,20.0,0.01,0.5,59.69026041820608,2.4414062499999997e+21,0.0008743690490948155,0.0011658253987930874,3.32736409e-21,0.41402569500047515,0.5845528757840581,0.0014214292154669248,0.5859743049995251,-9.030028716847843e-21,-1.5410281030761515e-20,0.41402607596315044,0.5845524935005311,0.0014214305363185401,0.5859739240368496,-9.030022673548561e-21,-1.5410280736281876e-20,0.4140256950004182,0.5845528757841152,0.0014214292154667366,0.5859743049995819,-9.03002871684874e-21,-1.5410281030761548e-20,257.70096134014153,1.8666608645062635e-06,4.4353174362189706e-06,3.8781042891404365e-09,3.6030368421771876e-05,-1.5686889038856305e-20,2.9547890937133836e-05,0.0,2.954789207642483e-05,0.0,4.826032002746918e-05,0.0,4.826032648602039e-05,2.8760713432170012e-05,0.0,"Neel blocked, Brownian only",0.0,0.0,-4.8834370285786125e-21,-2.453204187515722e-22,19.0,28.516660498395403,74.26542133780454,3.3269759995607215e-22,7.485093651926212e-20,4.302915794784923e-07,1.0,-2.7138685375569596,-4.631378056003939,-2.713866721314697,-4.631377967501559,-2.7138685375572287,-4.631378056003949,-4.71450932766913,-1.4676593533167008,-0.07372815601660598,0.09998833639996162,0.5859743049995249,2.220446049250313e-16
dimer,242.0,20.0,0.01,0.5,59.69026041820608,2.4414062499999997e+21,0.0008743690490948155,0.0011658253987930874,3.34117058e-21,0.42333974211232445,0.5752190604389189,0.0014411974487570285,0.5766602578876759,-8.883606630054035e-21,-1.540526940870688e-20,0.4233401064662489,0.5752186948323229,0.001441198701428009,0.5766598935337509,-8.8836008516366e-21,-1.5405269121801095e-20,0.42333974211224823,0.5752190604389951,0.0014411974487567683,0.5766602578877519,-8.883606630055239e-21,-1.5405269408706942e-20,231.16730542129804,1.8345578754965897e-06,4.359038477562485e-06,3.811408328594022e-09,3.425118996895862e-05,-1.5686889038856305e-20,2.8098949534228525e-05,0.0,2.8098950701734785e-05,0.0,4.561785098219011e-05,0.0,4.561785743328532e-05,2.7332535194414643e-05,0.0,"Neel blocked, Brownian only",0.0,0.0,-4.8834370285786125e-21,-2.453204187515722e-22,19.0,28.516660498395403,74.26542133780454,3.3269759995607215e-22,1.3714004538744563e-19,5.200974597663333e-07,1.0,-2.6588306156024024,-4.610740170203127,-2.658828886143431,-4.610740084333286,-2.6588306156027626,-4.610740170203145,-4.695027884166365,-1.461594645245144,-0.07342349421488448,0.09957516145616012,0.5766602578876758,1.1102230246251565e-16
dimer,243.0,20.0,0.01,0.5,59.69026041820608,2.4414062499999997e+21,0.0008743690490948155,0.0011658253987930874,3.35497707e-21,0.43262823075812273,0.5659111755713264,0.0014605936705508694,0.5673717692418773,-8.737640696299573e-21,-1.5400203482056954e-20,0.43262857907896796,0.5659108260628585,0.0014605948581735621,0.567371420921032,-8.737635173485415e-21,-1.5400203202518265e-20,0.43262823075812873,0.5659111755713202,0.0014605936705508916,0.567371769241871,-8.737640696299474e-21,-1.5400203482056948e-20,207.55116467786746,1.8031500734736297e-06,4.284411332056548e-06,3.746156662341336e-09,3.257153541435156e-05,-1.5686889038856305e-20,2.673003910221893e-05,0.0,2.6730040297976178e-05,0.0,4.313732189175586e-05,0.0,4.313732833464319e-05,2.59838103405819e-05,0.0,"Neel blocked, Brownian only",0.0,0.0,-4.8834370285786125e-21,-2.453204187515722e-22,19.0,28.516660498395403,74.26542133780454,3.3269759995607215e-22,8.724215448827704e-20,7.907444232735372e-08,1.0,-2.6043816437468448,-4.59025595726559,-2.6043799975912845,-4.590255873944994,-2.604381643746815,-4.590255957265588,-4.675706781762388,-1.4555798524663575,-0.07312133991770388,0.09916538712918004,0.5673717692418774,1.1102230246251565e-16
dimer,244.0,20.0,0.01,0.5,59.69026041820608,2.4414062499999997e+21,0.0008743690490948155,0.0011658253987930874,3.36878356e-21,0.4418845521028522,0.5566358407507104,0.0014796071464371768,0.5581154478971475,-8.592233713070369e-21,-1.5395083123830306e-20,0.44188488495758566,0.5566355067703828,0.0014796082720317095,0.5581151150424145,-8.592228436728841e-21,-1.5395082851457743e-20,0.44188455210275135,0.5566358407508118,0.0014796071464368568,0.5581154478972488,-8.592233713071967e-21,-1.5395083123830376e-20,186.5123334281847,1.772420016517457e-06,4.211394556473285e-06,3.682313053706628e-09,3.0985204444271566e-05,-1.5686889038856305e-20,2.5436245741243792e-05,0.0,2.543624696526886e-05,0.0,4.080782137413764e-05,0.0,4.0807827808085444e-05,2.470964099351381e-05,0.0,Neel crossover,0.0,0.0,-4.8834370285786125e-21,-2.453204187515722e-22,19.0,28.516660498395403,74.26542133780454,3.3269759995607215e-22,9.970195532036984e-20,3.080171183666991e-07,1.0,-2.5505448955202,-4.569923490077322,-2.5505433292748676,-4.569923409225419,-2.5505448955206744,-4.569923490077342,-4.656544049050247,-1.4496143612677248,-0.07282166229509034,0.0987589716081588,0.5581154478971476,1.1102230246251565e-16
dimer,245.0,20.0,0.01,0.5,59.69026041820608,2.4414062499999997e+21,0.0008743690490948155,0.0011658253987930874,3.38259005e-21,0.4511023016281252,0.5473994702664908,0.0014982281053839918,0.5488976983718749,-8.447485194622618e-21,-1.538990820999854e-20,0.45110261957458575,0.5473991512535533,0.0014982291718609497,0.5488973804254142,-8.447480155777329e-21,-1.538990794459657e-20,0.45110230162798026,0.5473994702666363,0.0014982281053835303,0.5488976983720198,-8.447485194624914e-21,-1.5389908209998656e-20,167.75244378244597,1.742350743629214e-06,4.139947850287088e-06,3.619842265157647e-09,2.948642220681538e-05,-1.5686889038856305e-20,2.4212987885318228e-05,0.0,2.4212989137608658e-05,0.0,3.861923622034461e-05,0.0,3.861924264464125e-05,2.3505461189822042e-05,0.0,Neel crossover,0.0,0.0,-4.8834370285786125e-21,-2.453204187515722e-22,19.0,28.516660498395403,74.26542133780454,3.3269759995607215e-22,1.2465941035535315e-19,7.420070184949168e-07,1.0,-2.4973422938504233,-4.549740873860413,-2.497340804209286,-4.549740795399244,-2.497342293851102,-4.549740873860448,-4.637537746809225,-1.4436975679564281,-0.0725244310204165,0.0983558737648602,0.5488976983718747,1.1102230246251565e-16
dimer,246.0,20.0,0.01,0.5,59.69026041820608,2.4414062499999997e+21,0.0008743690490948155,0.0011658253987930874,3.39639654e-21,0.46027529212760576,0.5382082601336453,0.0015164477387494273,0.5397247078723948,-8.303491173621505e-21,-1.5384678619502203e-20,0.46027559571356325,0.5382079555375261,0.001516448748910655,0.5397244042864368,-8.303486363464842e-21,-1.5384678360880834e-20,0.4602752921275206,0.5382082601337301,0.0015164477387491226,0.5397247078724793,-8.303491173622846e-21,-1.538467861950228e-20,151.00956413807552,1.7129257608765755e-06,4.070032022755267e-06,3.5587100295219714e-09,2.8069807466195017e-05,-1.5686889038856305e-20,2.3055991743413817e-05,0.0,2.3055993023948655e-05,0.0,3.6562188607369895e-05,0.0,3.65621950213235e-05,2.2367012331006595e-05,0.0,Neel crossover,0.0,0.0,-4.8834370285786125e-21,-2.453204187515722e-22,19.0,28.516660498395403,74.26542133780454,3.3269759995607215e-22,4.98907282863943e-20,4.5868886466848835e-08,1.0,-2.444794380111312,-4.5297062455204955,-2.444792963858349,-4.529706169374685,-2.4447943801117065,-4.529706245520518,-4.618685967350651,-1.4378288786557922,-0.07222961626017091,0.09795605313979978,0.5397247078723945,3.3306690738754696e-16
dimer,247.0,20.0,0.01,0.5,59.69026041820608,2.4414062499999997e+21,0.0008743690490948155,0.0011658253987930874,3.4102030300000005e-21,0.46939756521731024,0.5290681765877194,0.0015342581949701973,0.5306024347826896,-8.160344026184995e-21,-1.5379394234267124e-20,0.46939785498025915,0.5290678858682287,0.0015342591515121542,0.5306021450197409,-8.160339436081001e-21,-1.5379393982241436e-20,0.4693975652172523,0.5290681765877778,0.0015342581949700051,0.5306024347827478,-8.16034402618592e-21,-1.537939423426718e-20,136.0535270005125,1.684129027925906e-06,4.001608960917502e-06,3.4988830220067294e-09,2.6730343329713526e-05,-1.5686889038856305e-20,2.1961268707457247e-05,0.0,2.1961270016196883e-05,0.0,3.4627978582865585e-05,0.0,3.462798498580372e-05,2.129032060124188e-05,0.0,Neel crossover,0.0,0.0,-4.8834370285786125e-21,-2.453204187515722e-22,19.0,28.516660498395403,74.26542133780454,3.3269759995607215e-22,1.497947559513479e-19,4.091022385299681e-07,1.0,-2.3929202907854417,-4.509817773010166,-2.392918944794029,-4.5098176991067405,-2.392920290785713,-4.509817773010183,-4.599986833879595,-1.4320077091065782,-0.07193718866397587,0.09755946992870747,0.5306024347826899,2.220446049250313e-16
dimer,248.0,20.0,0.01,0.5,59.69026041820608,2.4414062499999997e+21,0.0008743690490948155,0.0011658253987930874,3.42400952e-21,0.47846340135730386,0.5199849460725336,0.001551652570163126,0.5215365986426967,-8.018132320347427e-21,-1.5374054939221298e-20,0.4784636778234296,0.5199846687008933,0.0015516534756770787,0.5215363221765704,-8.018127941847722e-21,-1.537405469361177e-20,0.4784634013571681,0.5199849460726691,0.0015516525701626854,0.5215365986428318,-8.01813232034957e-21,-1.5374054939221427e-20,122.6818834752502,1.6559449449525575e-06,3.934641598493799e-06,3.4403288330039277e-09,2.5463350330953012e-05,-1.5686889038856305e-20,2.0925094557940566e-05,0.0,2.0925095894827225e-05,0.0,3.280853135195393e-05,0.0,3.2808537743223324e-05,2.0271676182536473e-05,0.0,Neel crossover,0.0,0.0,-4.8834370285786125e-21,-2.453204187515722e-22,19.0,28.516660498395403,74.26542133780454,3.3269759995607215e-22,1.499581691521254e-19,2.9285540659174103e-07,1.0,-2.3417377415315794,-4.490073654707975,-2.3417364627676975,-4.490073582976419,-2.341737741532205,-4.490073654708012,-4.581438499872017,-1.4262334844730842,-0.07164711935484695,0.09716608496931753,0.5215365986426963,4.440892098500626e-16
dimer,249.0,20.0,0.01,0.5,59.69026041820608,2.4414062499999997e+21,0.0008743690490948155,0.0011658253987930874,3.4378160100000005e-21,0.48746732839386725,0.5109640467112369,0.0015686248948960139,0.5125326716061329,-7.876940687761558e-21,-1.536866062231203e-20,0.4874675920782521,0.5109637821698755,0.0015686257518724555,0.5125324079217479,-7.876936512601755e-21,-1.5368660382943793e-20,0.48746732839386764,0.5109640467112365,0.0015686248948959796,0.5125326716061325,-7.876940687761556e-21,-1.536866062231204e-20,110.71639679665235,1.6283583399207908e-06,3.869093885660679e-06,3.3830159416636925e-09,2.4264461664000496e-05,-1.5686889038856305e-20,1.994399031337736e-05,0.0,1.994399167833527e-05,0.0,3.109634894073863e-05,0.0,3.109635531970505e-05,1.930761411351e-05,0.0,Neel crossover,0.0,0.0,-4.8834370285786125e-21,-2.453204187515722e-22,19.0,28.516660498395403,74.26542133780454,3.3269759995607215e-22,1.7518853940687403e-19,1.6107870592918516e-08,1.0,-2.2912630183956693,-4.470472118812439,-2.2912618039153743,-4.470472049184445,-2.291263018395669,-4.4704721188124426,-4.563039148466908,-1.420505639153915,-0.07135937991968691,0.09677585972847688,0.5125326716061326,3.3306690738754696e-16
dimer,250.0,20.0,0.01,0.5,59.69026041820608,2.4414062499999997e+21,0.0008743690490948155,0.0011658253987930874,3.4516225e-21,0.4964041286429043,0.5020107012396946,0.0015851701174014695,0.503595871357096,-7.736849718277247e-21,-1.536321117452352e-20,0.4964043800484941,0.5020104490232757,0.0015851709282303098,0.503595619951506,-7.736845738392862e-21,-1.5363210941226783e-20,0.4964041286428983,0.5020107012397003,0.0015851701174014318,0.5035958713571017,-7.73684971827734e-21,-1.5363211174523534e-20,100.00000000000016,1.6013544562247125e-06,3.8049307596851824e-06,3.3269136902175466e-09,2.3129600382478005e-05,-1.5686889038856305e-20,1.9014704583863457e-05,0.0,1.901470597679939e-05,0.0,2.948446585087643e-05,0.0,2.9484472216924198e-05,1.839489665205717e-05,0.0,Neel crossover,0.0,0.0,-4.8834370285786125e-21,-2.453204187515722e-22,19.0,28.516660498395403,74.26542133780454,3.3269759995607215e-22,1.2533688473810267e-19,7.705048155060013e-08,1.0,-2.2415109758605545,-4.451011422750755,-2.241509822813144,-4.4510113551603,-2.2415109758605816,-4.451011422750759,-4.544786991873041,-1.4148236165972994,-0.07107394240000817,0.09638875628956299,0.5035958713570959,1.1102230246251565e-16
dimer,251.0,20.0,0.01,0.5,59.69026041820608,2.4414062499999997e+21,0.0008743690490948155,0.0011658253987930874,3.4654289900000005e-21,0.5052688445460848,0.4931298713703943,0.0016012840835205075,0.49473115545391483,-7.5979358768677e-21,-1.5357706489894715e-20,0.5052690841637709,0.49312963098573437,0.0016012848504947511,0.49473091583622913,-7.597932084392523e-21,-1.535770626250426e-20,0.5052688445461841,0.4931298713702952,0.0016012840835208045,0.49473115545381596,-7.597935876866132e-21,-1.5357706489894616e-20,90.39415366299446,1.5749189406817311e-06,3.7421181163964735e-06,3.2719922590340674e-09,2.2054958398968686e-05,-1.5686889038856305e-20,1.8134197301674875e-05,0.0,1.8134198722478207e-05,0.0,2.7966408355442474e-05,0.0,2.796641470797432e-05,1.7530497014838722e-05,0.0,Neel crossover,0.0,0.0,-4.8834370285786125e-21,-2.453204187515722e-22,19.0,28.516660498395403,74.26542133780454,3.3269759995607215e-22,1.7579957796515886e-19,3.648775792619574e-08,1.0,-2.1924950413910222,-4.431689852601687,-2.192493947017083,-4.43168978698486,-2.1924950413905697,-4.431689852601658,-4.526680270789881,-1.409186869120816,-0.07079077928287665,0.09600473734020216,0.4947311554539148,5.551115123125783e-17
dimer,252.0,20.0,0.01,0.5,59.69026041820608,2.4414062499999997e+21,0.0008743690490948155,0.0011658253987930874,3.47923548e-21,0.5140567829409121,0.4843262535454159,0.0016169635136720822,0.485943217059088,-7.460271442225613e-21,-1.5352146465537528e-20,0.5140570112487559,0.48432602451225537,0.0016169642389886225,0.485942988751244,-7.460267829503556e-21,-1.5352146243893015e-20,0.5140567829408904,0.48432625354543757,0.001616963513672024,0.4859432170591096,-7.460271442225954e-21,-1.5352146465537546e-20,81.77654884145369,1.5490378318699685e-06,3.6806227824747148e-06,3.2182226423891307e-09,2.103697713103324e-05,-1.5686889038856305e-20,1.729962471328926e-05,0.0,1.729962616183263e-05,0.0,2.653615711869896e-05,0.0,2.6536163457135693e-05,1.6711584377995907e-05,0.0,Neel crossover,0.0,0.0,-4.8834370285786125e-21,-2.453204187515722e-22,19.0,28.516660498395403,74.26542133780454,3.3269759995607215e-22,1.258367563855103e-19,4.851223212032352e-08,1.0,-2.144227226098997,-4.412505722532333,-2.1442261877323565,-4.412505658827385,-2.144227226099095,-4.412505722532337,-4.508717253842303,-1.403594857735416,-0.0705098634920716,0.09562376616028075,0.48594321705908783,1.6653345369377348e-16
dimer,253.0,20.0,0.01,0.5,59.69026041820608,2.4414062499999997e+21,0.0008743690490948155,0.0011658253987930874,3.4930419700000006e-21,0.5227635179945085,0.4756042760283413,0.0016322059771503921,0.47723648200549174,-7.323924466218132e-21,-1.5346531001655177e-20,0.5227637354581767,0.4756040578789087,0.0016322066629146492,0.47723626454182333,-7.323921025796006e-21,-1.5346530785600353e-20,0.5227635179945365,0.475604276028313,0.0016322059771504555,0.4772364820054635,-7.323924466217689e-21,-1.5346531001655156e-20,74.03910815253931,1.5236975488011728e-06,3.6204124885371062e-06,3.1655766249331844e-09,2.0072329653837604e-05,-1.5686889038856305e-20,1.6508325527579083e-05,0.0,1.650832700371867e-05,0.0,2.5188112851590675e-05,0.0,2.518811917537086e-05,1.593551003384286e-05,0.0,Neel crossover,0.0,0.0,-4.8834370285786125e-21,-2.453204187515722e-22,19.0,28.516660498395403,74.26542133780454,3.3269759995607215e-22,1.5135977245349785e-19,1.0410044204434143e-07,1.0,-2.0967181411273255,-4.393457374248261,-2.0967171561915143,-4.3934573123953475,-2.0967181411271985,-4.393457374248255,-4.490896237028696,-1.398047051973616,-0.0702311683794547,0.0952458066102401,0.4772364820054915,2.220446049250313e-16
dimer,254.0,20.0,0.01,0.5,59.69026041820608,2.4414062499999997e+21,0.0008743690490948155,0.0011658253987930874,3.50684846e-21,0.53138489285842,0.46696809727752575,0.0016470098640539864,0.4686151071415797,-7.188958753275427e-21,-1.5340860001560882e-20,0.5313850999304309,0.4669678895572885,0.0016470105122805348,0.4686149000695691,-7.188955477914496e-21,-1.534085979094401e-20,0.5313848928584608,0.4669680972774849,0.0016470098640541068,0.468615107141539,-7.188958753274784e-21,-1.5340860001560842e-20,67.08624462877196,1.4988848799207609e-06,3.561455843001213e-06,3.1140267588381453e-09,1.915790423688825e-05,-1.5686889038856305e-20,1.5757808124303168e-05,0.0,1.5757809627879067e-05,0.0,2.3917064741186297e-05,0.0,2.391707104976601e-05,1.519979460767116e-05,0.0,Neel crossover,0.0,0.0,-4.8834370285786125e-21,-2.453204187515722e-22,19.0,28.516660498395403,74.26542133780454,3.3269759995607215e-22,2.2762741113580073e-19,9.38238173819883e-08,1.0,-2.0499770193307487,-4.374543176456755,-2.0499760853408806,-4.374543116398023,-2.0499770193305653,-4.374543176456744,-4.4732155431821266,-1.3925429297217513,-0.06995466771654348,0.09487082311964862,0.46861510714157967,5.551115123125783e-17
dimer,255.0,20.0,0.01,0.5,59.69026041820608,2.4414062499999997e+21,0.0008743690490948155,0.0011658253987930874,3.5206549500000006e-21,0.5399170201081217,0.45842160553672884,0.0016613743551496397,0.46008297989187846,-7.055433858689567e-21,-1.5335133371696613e-20,0.5399172172278389,0.45842140780439583,0.0016613749677651867,0.460082782772161,-7.05543074136527e-21,-1.5335133166370215e-20,0.5399170201081238,0.45842160553672656,0.0016613743551496833,0.46008297989187624,-7.055433858689529e-21,-1.5335133371696604e-20,60.83334365479985,1.474586972426643e-06,3.5037223067057485e-06,3.063546341606599e-09,1.8290789145961928e-05,-1.5686889038856305e-20,1.5045738735511613e-05,0.0,1.504574026634827e-05,0.0,2.2718161416128278e-05,0.0,2.271816770898085e-05,1.450211624728796e-05,0.0,Neel crossover,0.0,0.0,-4.8834370285786125e-21,-2.453204187515722e-22,19.0,28.516660498395403,74.26542133780454,3.3269759995607215e-22,5.072629593031908e-20,2.778000611769471e-07,1.0,-2.004011741817972,-4.355761524342682,-2.004010856379228,-4.35576146602217,-2.0040117418179615,-4.35576152434268,-4.455673521444157,-1.3870819770561758,-0.06968033568628251,0.09449878067604213,0.46008297989187824,2.220446049250313e-16
dimer,256.0,20.0,0.01,0.5,59.69026041820608,2.4414062499999997e+21,0.0008743690490948155,0.0011658253987930874,3.53446144e-21,0.5483562810361563,0.44996841957387457,0.0016752993899699451,0.45164371896384453,-6.923405104721149e-21,-1.5329351021652066e-20,0.5483564686298861,0.4499682314012975,0.0016752999688164523,0.4516435313701139,-6.923402138621257e-21,-1.5329350821472635e-20,0.5483562810361493,0.4499684195738808,0.0016752993899699156,0.4516437189638507,-6.923405104721245e-21,-1.532935102165207e-20,55.2054381559135,1.4507913218986208e-06,3.4471821682692857e-06,3.0141093945262202e-09,1.7468258608400962e-05,-1.5686889038856305e-20,1.4369930520176484e-05,0.0,1.4369932078083328e-05,0.0,2.1586884231722157e-05,0.0,2.158689050833773e-05,1.3840299705606374e-05,0.0,Neel crossover,0.0,0.0,-4.8834370285786125e-21,-2.453204187515722e-22,19.0,28.516660498395403,74.26542133780454,3.3269759995607215e-22,1.0176060206318031e-19,2.621538737201945e-07,1.0,-1.9588288689099826,-4.337110839056732,-1.9588280297156833,-4.337110782420258,-1.9588288689100097,-4.337110839056733,-4.438268546751016,-1.3816636880833002,-0.06940814687500797,0.09412964481402636,0.45164371896384414,3.885780586188048e-16
dimer,257.0,20.0,0.01,0.5,59.69026041820608,2.4414062499999997e+21,0.0008743690490948155,0.0011658253987930874,3.54826793e-21,0.5566993238720636,0.4416118904945001,0.0016887856334368806,0.443300676127937,-6.7929236133478e-21,-1.5323512864183755e-20,0.5566995023527318,0.44161171146699507,0.001688786180273275,0.44330049764726837,-6.792920791877182e-21,-1.5323512669011865e-20,0.5566993238720825,0.4416118904944805,0.001688785633436921,0.44330067612791746,-6.792923613347492e-21,-1.532351286418374e-20,50.13605135843289,1.4274857622302419e-06,3.391806520167647e-06,2.96569064175258e-09,1.668775984495822e-05,-1.5686889038856305e-20,1.3728333459334721e-05,0.0,1.3728335044106345e-05,0.0,2.051902267779858e-05,0.0,2.0519028937683976e-05,1.3212306243579005e-05,0.0,Neel crossover,0.0,0.0,-4.8834370285786125e-21,-2.453204187515722e-22,19.0,28.516660498395403,74.26542133780454,3.3269759995607215e-22,1.2761413068788922e-19,1.1411456257715002e-07,1.0,-1.9144336750657382,-4.318589567215618,-1.9144328798973143,-4.318589512210783,-1.9144336750656517,-4.318589567215613,-4.420999019331752,-1.3762875647833654,-0.06913807626459939,0.09376338160463327,0.44330067612793667,3.3306690738754696e-16
dimer,258.0,20.0,0.01,0.5,59.69026041820608,2.4414062499999997e+21,0.0008743690490948155,0.0011658253987930874,3.56207442e-21,0.5649430610053741,0.4333551045533318,0.00170183444129461,0.43505693899462644,-6.6640363544422596e-21,-1.5317618815234136e-20,0.5649432307725859,0.43335493426961436,0.001701834957799676,0.43505676922741404,-6.664033671221582e-21,-1.53176186249343e-20,0.5649430610053204,0.43335510455338505,0.0017018344412944478,0.4350569389946795,-6.664036354443101e-21,-1.5317618815234202e-20,45.56618499368749,1.4046584558551029e-06,3.337567235510899e-06,2.918265490003676e-09,1.5946901080436977e-05,-1.5686889038856305e-20,1.311902500535622e-05,0.0,1.3119026616773079e-05,0.0,1.9510651730142467e-05,0.0,1.9510657972820804e-05,1.2616224287093956e-05,0.0,Neel crossover,0.0,0.0,-4.8834370285786125e-21,-2.453204187515722e-22,19.0,28.516660498395403,74.26542133780454,3.3269759995607215e-22,2.304995490938893e-19,4.5972540307914755e-07,1.0,-1.870830187327265,-4.300196180413922,-1.8708294340525264,-4.300196126990042,-1.8708301873275013,-4.30019618041394,-4.403863364218062,-1.3709531168578484,-0.06887009922481412,0.09339995764492538,0.4350569389946263,1.6653345369377348e-16
dimer,259.0,20.0,0.01,0.5,59.69026041820608,2.4414062499999997e+21,0.0008743690490948155,0.0011658253987930874,3.57588091e-21,0.5730846652900904,0.42520088688528607,0.0017144478246235223,0.4269153347099096,-6.5367862081367725e-21,-1.5311668793950775e-20,0.5730848267303206,0.4252007249572807,0.001714448312398845,0.42691517326967954,-6.536783656999229e-21,-1.5311668608391168e-20,0.5730846652900832,0.42520088688529334,0.0017144478246234947,0.4269153347099168,-6.536786208136888e-21,-1.5311668793950787e-20,41.443433858947564,1.38229788425973e-06,3.2844369455013032e-06,2.8718100088498542e-09,1.5243440456148269e-05,-1.5686889038856305e-20,1.2540201424696524e-05,0.0,1.254020306252531e-05,0.0,1.8558110982272286e-05,0.0,1.855811720728269e-05,1.2050260777196235e-05,0.0,Neel crossover,0.0,0.0,-4.8834370285786125e-21,-2.453204187515722e-22,19.0,28.516660498395403,74.26542133780454,3.3269759995607215e-22,1.0281897408384959e-19,6.974131849801779e-08,1.0,-1.8280212268413527,-4.281929174747258,-1.8280205134122403,-4.28192912285526,-1.8280212268413851,-4.281929174747262,-4.386860030765484,-1.365659861580405,-0.0686041915057994,0.09303934004784073,0.4269153347099096,0.0
dimer,260.0,20.0,0.01,0.5,59.69026041820608,2.4414062499999997e+21,0.0008743690490948155,0.0011658253987930874,3.5896874e-21,0.5811215655103442,0.4171518060759607,0.0017266284136949314,0.4188784344896556,-6.411212040113603e-21,-1.5305662722705604e-20,0.5811217189968143,0.4171516521289186,0.0017266288742670119,0.4188782810031856,-6.4112096151064895e-21,-1.530566254175812e-20,0.5811215655103118,0.41715180607599345,0.0017266284136948327,0.41887843448968826,-6.411212040114121e-21,-1.530566272270565e-20,37.72121025624578,1.3603928387752672e-06,3.2323890175537127e-06,2.8263009115829645e-09,1.457527576846547e-05,-1.5686889038856305e-20,1.1990169778705284e-05,0.0,1.1990171442699408e-05,0.0,1.7657985408840078e-05,0.0,1.765799161573741e-05,1.1512733158210655e-05,0.0,Neel crossover,0.0,0.0,-4.8834370285786125e-21,-2.453204187515722e-22,19.0,28.516660498395403,74.26542133780454,3.3269759995607215e-22,3.354489346791244e-19,3.974270644802047e-07,1.0,-1.7860084530239604,-4.26378707034646,-1.7860077774756902,-4.2637870199388725,-1.7860084530241047,-4.263787070346473,-4.369987492185616,-1.3604073236512495,-0.06834032923077708,0.09268149643227211,0.41887843448965556,5.551115123125783e-17
dimer,261.0,20.0,0.01,0.5,59.69026041820608,2.4414062499999997e+21,0.0008743690490948155,0.0011658253987930874,3.60349389e-21,0.5890514410872095,0.4092101794913797,0.0017383794214112821,0.41094855891279103,-6.287348788558908e-21,-1.5299600527114078e-20,0.5890515869800639,0.40921003316370175,0.0017383798562343208,0.41094841301993607,-6.2873464839406e-21,-1.5299600350654198e-20,0.5890514410871759,0.4092101794914128,0.0017383794214112045,0.410948558912824,-6.2873487885594285e-21,-1.5299600527114117e-20,34.35806406770013,1.3389324116403761e-06,3.1813975340603976e-06,2.781715536648981e-09,1.39404349685202e-05,-1.5686889038856305e-20,1.146734049180528e-05,0.0,1.1467342181705489e-05,0.0,1.6807087625062456e-05,0.0,1.680709381341698e-05,1.1002061953084528e-05,0.0,Neel crossover,0.0,0.0,-4.8834370285786125e-21,-2.453204187515722e-22,19.0,28.516660498395403,74.26542133780454,3.3269759995607215e-22,2.072641255876841e-19,3.597541426980655e-07,1.0,-1.744792409946034,-4.245768410922456,-1.7447917703949818,-4.245768361953348,-1.7447924099461782,-4.245768410922467,-4.35324424508912,-1.3551950350548847,-0.06807848888889671,0.09232639491337452,0.4109485589127906,4.440892098500626e-16
dimer,262.0,20.0,0.01,0.5,59.69026041820608,2.4414062499999997e+21,0.0008743690490948155,0.0011658253987930874,3.61730038e-21,0.5968722161062979,0.4013780792871404,0.0017497046065616264,0.4031277838937021,-6.165227561525507e-21,-1.529348213605434e-20,0.5968723547527477,0.40137794023023216,0.001749705017020139,0.4031276452472523,-6.1652253717629155e-21,-1.5293481963960986e-20,0.5968722161063229,0.4013780792871153,0.0017497046065616626,0.4031277838936769,-6.1652275615251114e-21,-1.5293482136054313e-20,31.317086148064412,1.3179059873278584e-06,3.131437271782485e-06,2.7380318296285144e-09,1.3337067363290894e-05,-1.5686889038856305e-20,1.0970220460662113e-05,0.0,1.097022217619682e-05,0.0,1.6002441518501403e-05,0.0,1.6002447687898512e-05,1.051676387957392e-05,0.0,Neel crossover,0.0,0.0,-4.8834370285786125e-21,-2.453204187515722e-22,19.0,28.516660498395403,74.26542133780454,3.3269759995607215e-22,1.821217487154677e-19,1.20860585095528e-07,1.0,-1.704372574534578,-4.2278717633215575,-1.7043719691763377,-4.227871715746478,-1.7043725745344684,-4.2278717633215495,-4.336628809039161,-1.3500225349210873,-0.06781864732825207,0.09197400409309445,0.403127783893702,5.551115123125783e-17
dimer,263.0,20.0,0.01,0.5,59.69026041820608,2.4414062499999997e+21,0.0008743690490948155,0.0011658253987930874,3.63110687e-21,0.6045820527445728,0.39365733901832134,0.0017606082371056672,0.395417947255427,-6.044875743470912e-21,-1.528730748168626e-20,0.6045821844790202,0.3936572068964629,0.0017606086245169112,0.3954178155209798,-6.044873663237202e-21,-1.528730731384175e-20,0.6045820527445609,0.39365733901833355,0.001760608237105624,0.39541794725543916,-6.0448757434711e-21,-1.5287307481686265e-20,28.5653843679249,1.2973032341276683e-06,3.08248368185061e-06,2.6952283257500033e-09,1.2763435460109728e-05,-1.5686889038856305e-20,1.0497406661886838e-05,0.0,1.0497408402772803e-05,0.0,1.5241267140330968e-05,0.0,1.5241273290370914e-05,1.0055445464819425e-05,0.0,Neel crossover,0.0,0.0,-4.8834370285786125e-21,-2.453204187515722e-22,19.0,28.516660498395403,74.26542133780454,3.3269759995607215e-22,3.3971329338580167e-19,5.216690461828932e-07,1.0,-1.6647474062009395,-4.210095717090877,-1.6647468333084898,-4.210095670866815,-1.6647474062009915,-4.210095717090878,-4.320139726115058,-1.344889369389068,-0.0675607817490572,0.09162429305091539,0.3954179472554272,2.220446049250313e-16
dimer,264.0,20.0,0.01,0.5,59.69026041820608,2.4414062499999997e+21,0.0008743690490948155,0.0011658253987930874,3.64491336e-21,0.6121793441730804,0.38604956077323677,0.0017710950536829798,0.38782065582691977,-5.926317109765943e-21,-1.5281076499470405e-20,0.6121794693173098,0.38604943526339053,0.0017710954192995529,0.38782053068269007,-5.926315133937291e-21,-1.528107633576039e-20,0.6121793441730954,0.3860495607732215,0.0017710950536830225,0.3878206558269045,-5.926317109765704e-21,-1.5281076499470387e-20,26.073623063332533,1.2771140959791415e-06,3.0345128703577145e-06,2.6532841329206537e-09,1.2217907406216193e-05,-1.5686889038856305e-20,1.0047580219380436e-05,0.0,1.0047581985323158e-05,0.0,1.4520966753039464e-05,0.0,1.4520972883336978e-05,9.616797119422932e-06,0.0,Neel crossover,0.0,0.0,-4.8834370285786125e-21,-2.453204187515722e-22,19.0,28.516660498395403,74.26542133780454,3.3269759995607215e-22,3.1501334020502963e-19,3.23788479361653e-08,1.0,-1.6259143975279409,-4.192438884053585,-1.6259138554495822,-4.192438839138933,-1.6259143975278751,-4.19243888405358,-4.303775560485834,-1.3397950914747154,-0.06730486969697744,0.09127723133481344,0.38782065582691977,0.0
dimer,265.0,20.0,0.01,0.5,59.69026041820608,2.4414062499999997e+21,0.0008743690490948155,0.0011658253987930874,3.65871985e-21,0.6196627070099767,0.3785561227564965,0.0017811702335268757,0.3803372929900234,-5.809571948008026e-21,-1.527478912818685e-20,0.6196628258733934,0.37855600354806723,0.001781170578539233,0.38033717412660645,-5.809570071659606e-21,-1.5274788968500143e-20,0.619662707009966,0.3785561227565073,0.0017811702335268145,0.3803372929900341,-5.809571948008201e-21,-1.527478912818688e-20,23.815617873008417,1.2573287845453793e-06,2.98750157952723e-06,2.6121789152604835e-09,1.1698949975389992e-05,-1.5686889038856305e-20,9.619500895678266e-06,0.0,9.619502686372543e-06,0.0,1.3839111940436252e-05,0.0,1.3839118050620385e-05,9.199587635386627e-06,0.0,Neel crossover,0.0,0.0,-4.8834370285786125e-21,-2.453204187515722e-22,19.0,28.516660498395403,74.26542133780454,3.3269759995607215e-22,2.1100202265504316e-19,2.3653866609851804e-07,1.0,-1.5878701256692354,-4.174899897893754,-1.5878696128263567,-4.17489985424824,-1.587870125669283,-4.174899897893762,-4.287534897993435,-1.3347392609408486,-0.06705088905661148,0.09093278895241792,0.3803372929900235,1.1102230246251565e-16
dimer,266.0,20.0,0.01,0.5,59.69026041820608,2.4414062499999997e+21,0.0008743690490948155,0.0011658253987930874,3.67252634e-21,0.6270309733954601,0.37117818724959545,0.0017908393549450992,0.37296902660454057,-5.694657185018147e-21,-1.5268445309953842e-20,0.6270310862753343,0.37117807404418157,0.0017908396804840897,0.3729689137246657,-5.694655403420016e-21,-1.526844515418232e-20,0.6270309733954598,0.3711781872495953,0.0017908393549451078,0.3729690266045404,-5.694657185018145e-21,-1.5268445309953845e-20,21.767979000835354,1.2379377715229462e-06,2.941427169440374e-06,2.5718928771252346e-09,1.1205122058936655e-05,-1.5686889038856305e-20,9.212001974612579e-06,0.0,9.21200378974304e-06,0.0,1.3193431693937508e-05,0.0,1.3193437783651211e-05,8.802659075235087e-06,0.0,Neel crossover,0.0,0.0,-4.8834370285786125e-21,-2.453204187515722e-22,19.0,28.516660498395403,74.26542133780454,3.3269759995607215e-22,1.590247055686412e-19,1.5373946371521896e-07,1.0,-1.5506103041368917,-4.157477413750514,-1.5506098190217514,-4.157477371335156,-1.5506103041368915,-4.157477413750515,-4.2714163457453385,-1.3297214441703942,-0.06679881804512046,0.09059093636237123,0.3729690266045403,2.7755575615628914e-16
dimer,267.0,20.0,0.01,0.5,59.69026041820608,2.4414062499999997e+21,0.0008743690490948155,0.0011658253987930874,3.68633283e-21,0.6342831827570149,0.3639167088804732,0.001800108362512445,0.36571681724298566,-5.5815865184521006e-21,-1.5262044990246218e-20,0.6342832899386968,0.36391660139165155,0.0018001086696515956,0.36571671006130313,-5.581584827065618e-21,-1.5262044838284823e-20,0.6342831827570276,0.3639167088804601,0.0018001083625124306,0.36571681724297256,-5.581586518451896e-21,-1.5262044990246203e-20,19.90979685328245,1.218931781180093e-06,2.8962676003064475e-06,2.532406747604072e-09,1.0735068623274785e-05,-1.5686889038856305e-20,8.823985505310798e-06,0.0,8.82398734455242e-06,0.0,1.2581801396474892e-05,0.0,1.2581807465374785e-05,8.424922022340316e-06,0.0,Neel crossover,0.0,0.0,-4.8834370285786125e-21,-2.453204187515722e-22,19.0,28.516660498395403,74.26542133780454,3.3269759995607215e-22,2.1310088101362258e-19,8.323845479552006e-08,1.0,-1.5141298346769465,-4.1401701078212785,-1.5141293758506387,-4.140170066598361,-1.514129834676891,-4.140170107821274,-4.25541853171633,-1.3247412140424153,-0.06654863520600016,0.09025164446588295,0.3657168172429854,2.7755575615628914e-16
dimer,268.0,20.0,0.01,0.5,59.69026041820608,2.4414062499999997e+21,0.0008743690490948155,0.0011658253987930874,3.7001393200000004e-21,0.6414185733299393,0.3567724431369578,0.001808983533103561,0.3585814266700613,-5.470370552012314e-21,-1.5255588117913655e-20,0.6414186750871242,0.3567723410900142,0.0018089838228615238,0.35858132491287575,-5.470368946485716e-21,-1.5255587969660292e-20,0.6414185733299167,0.3567724431369798,0.0018089835331034855,0.3585814266700833,-5.470370552012662e-21,-1.525558811791369e-20,18.222364789196565,1.2003017831169826e-06,2.852001415260619e-06,2.4937017654784955e-09,1.0287515096275115e-05,-1.5686889038856305e-20,8.454417880007828e-06,0.0,8.454419743026409e-06,0.0,1.2002232632076445e-05,0.0,1.2002238679832559e-05,8.065351164930686e-06,0.0,Neel crossover,0.0,0.0,-4.8834370285786125e-21,-2.453204187515722e-22,19.0,28.516660498395403,74.26542133780454,3.3269759995607215e-22,3.2130763609395483e-19,3.360515616890325e-07,1.0,-1.4784228589566497,-4.122976676973789,-1.4784224250468805,-4.122976636906821,-1.4784228589567439,-4.122976676973798,-4.23954010435918,-1.3197981498109137,-0.06630031940299269,0.08991488459847294,0.35858142667006127,5.551115123125783e-17
dimer,269.0,20.0,0.01,0.5,59.69026041820608,2.4414062499999997e+21,0.0008743690490948155,0.0011658253987930874,3.71394581e-21,0.6484365734943319,0.34974595506279027,0.0018174714428777089,0.35156342650566796,-5.3610169333067475e-21,-1.524907464519867e-20,0.6484366700894074,0.3497458581943719,0.0018174717162206503,0.3515633299105925,-5.3610154094694755e-21,-1.5249074500554015e-20,0.6484365734943256,0.34974595506279677,0.0018174714428776993,0.35156342650567446,-5.361016933306851e-21,-1.5249074645198684e-20,16.68893440058533,1.1820389852414607e-06,2.8086077236738666e-06,2.455759664629073e-09,9.861262151380332e-06,-1.5686889038856305e-20,8.102325720398212e-06,0.0,8.102327606850918e-06,0.0,1.1452863755273027e-05,0.0,1.1452869781568466e-05,7.722981188511536e-06,0.0,Neel crossover,0.0,0.0,-4.8834370285786125e-21,-2.453204187515722e-22,19.0,28.516660498395403,74.26542133780454,3.3269759995607215e-22,1.8842672708074036e-19,1.5094689020944685e-07,1.0,-1.4434828098115808,-4.105895838366761,-1.443482399510152,-4.105895799420406,-1.4434828098116088,-4.105895838366765,-4.223779732224016,-1.3148918369863378,-0.066053849814134,0.0895806285218987,0.35156342650566796,0.0
dimer,270.0,20.0,0.01,0.5,59.69026041820608,2.4414062499999997e+21,0.0008743690490948155,0.0011658253987930874,3.7277523000000004e-21,0.6553367929858568,0.3428376280788319,0.001825578935311506,0.3446632070141434,-5.253530493463393e-21,-1.5242504527754287e-20,0.6553368846701195,0.3428375361367252,0.001825579193155332,0.34466311532988053,-5.253529047322451e-21,-1.5242504386621833e-20,0.655336792985853,0.34283762807883533,0.001825578935311507,0.3446632070141468,-5.253530493463444e-21,-1.524250452775428e-20,15.294499332542568,1.1641348269541118e-06,2.7660661849601875e-06,2.4185626598769633e-09,9.455180857654142e-06,-1.5686889038856305e-20,7.76679204930459e-06,0.0,7.766793958840431e-06,0.0,1.0931951160039417e-05,0.0,1.093195716457011e-05,7.3969029534761006e-06,0.0,Neel crossover,0.0,0.0,-4.8834370285786125e-21,-2.453204187515722e-22,19.0,28.516660498395403,74.26542133780454,3.3269759995607215e-22,2.165193761274205e-19,4.326713389790626e-07,1.0,-1.409302461824889,-4.088926329078862,-1.4093020738857704,-4.088926291218929,-1.4093024618249028,-4.088926329078861,-4.208136103586148,-1.3100218672197217,-0.06580920592593349,0.08924884841626202,0.3446632070141434,0.0
dimer,271.0,20.0,0.01,0.5,59.69026041820608,2.4414062499999997e+21,0.0008743690490948155,0.0011658253987930874,3.74155879e-21,0.6621190140335211,0.33604767287611814,0.0018333130903604201,0.3378809859664786,-5.147913387673314e-21,-1.5235877724661435e-20,0.6621191010475627,0.33604758561886416,0.001833313333573104,0.3378808989524373,-5.1479120154070485e-21,-1.5235877586947312e-20,0.6621190140336026,0.33604767287603665,0.0018333130903606556,0.3378809859663973,-5.147913387672032e-21,-1.5235877724661306e-20,14.025604161142718,1.1465809725364768e-06,2.7243569928665397e-06,2.382093433247528e-09,9.06820816923992e-06,-1.5686889038856305e-20,7.446952726313455e-06,0.0,7.446954658573815e-06,0.0,1.0437861193044754e-05,0.0,1.043786717551914e-05,7.086259936559643e-06,0.0,Neel crossover,0.0,0.0,-4.8834370285786125e-21,-2.453204187515722e-22,19.0,28.516660498395403,74.26542133780454,3.3269759995607215e-22,1.0886400690465393e-19,9.658381361354884e-08,1.0,-1.3758739810348708,-4.072066905745836,-1.3758736142716197,-4.072066868939219,-1.3758739810345282,-4.072066905745801,-4.192607926082141,-1.3051878381893907,-0.06556636752768281,0.08891951687229059,0.33788098596647875,1.6653345369377348e-16
dimer,272.0,20.0,0.01,0.5,59.69026041820608,2.4414062499999997e+21,0.0008743690490948155,0.0011658253987930874,3.7553652800000004e-21,0.6687831824736586,0.3293761363315265,0.0018406811948155275,0.331216817526342,-5.044165235899937e-21,-1.5229194198446065e-20,0.6687832650474423,0.3293760535283389,0.0018406814242186138,0.3312167349525575,-5.044163933856586e-21,-1.5229194064059284e-20,0.668783182473717,0.32937613633146734,0.0018406811948157042,0.33121681752628307,-5.044165235899005e-21,-1.5229194198445963e-20,12.8701752908696,1.129369304736483e-06,2.683460860231375e-06,2.3463351206436625e-09,8.699342728144839e-06,-1.5686889038856305e-20,7.141993127741712e-06,0.0,7.141995082360836e-06,0.0,9.969062660600438e-06,0.0,9.969068620739246e-06,6.790244916502231e-06,0.0,Neel crossover,0.0,0.0,-4.8834370285786125e-21,-2.453204187515722e-22,19.0,28.516660498395403,74.26542133780454,3.3269759995607215e-22,3.2845506649017373e-19,1.1861289985759527e-06,1.0,-1.3431889735903233,-4.055316344205553,-1.3431886268748232,-4.055316308420277,-1.343188973590075,-4.055316344205526,-4.1771939263538975,-1.300389353490165,-0.06532531470588986,0.0885926068837895,0.3312168175263419,1.1102230246251565e-16
dimer,273.0,20.0,0.01,0.5,59.69026041820608,2.4414062499999997e+21,0.0008743690490948155,0.0011658253987930874,3.76917177e-21,0.6753293988851236,0.32282291040096767,0.0018476907139082747,0.32467060111487595,-4.942283263057653e-21,-1.522245391509581e-20,0.6753294772386529,0.3228228318310671,0.00184769093028005,0.3246705227613471,-4.94228202774474e-21,-1.522245378394768e-20,0.6753293988851208,0.32282291040097105,0.0018476907139082408,0.3246706011148793,-4.9422832630577085e-21,-1.5222453915095824e-20,11.817371217347482,1.1124919185452515e-06,2.6433590041978897e-06,2.311271298916727e-09,8.347640956780218e-06,-1.5686889038856305e-20,6.8511450528647375e-06,0.0,6.851147029470229e-06,0.0,9.524119882904665e-06,0.0,9.524125820440596e-06,6.50809688585261e-06,0.0,Neel crossover,0.0,0.0,-4.8834370285786125e-21,-2.453204187515722e-22,19.0,28.516660498395403,74.26542133780454,3.3269759995607215e-22,2.202447804999656e-19,9.719117510798014e-09,1.0,-1.3112385331957563,-4.038673439150747,-1.3112382054545475,-4.038673404355801,-1.3112385331957712,-4.038673439150751,-4.161892849700587,-1.2956260225249996,-0.06508602783883533,0.08826809184025915,0.3246706011148761,1.6653345369377348e-16
dimer,274.0,20.0,0.01,0.5,59.69026041820608,2.4414062499999997e+21,0.0008743690490948155,0.0011658253987930874,3.7829782600000005e-21,0.6817579097867139,0.3163877409490826,0.0018543492642035917,0.3182420902132862,-4.842262438026963e-21,-1.5215656844076385e-20,0.6817579841301349,0.31638766640158467,0.0018543494682804675,0.3182420158698651,-4.842261266109389e-21,-1.5215656716080745e-20,0.6817579097866707,0.3163877409491258,0.0018543492642034568,0.3182420902133293,-4.842262438027641e-21,-1.5215656844076458e-20,10.857449834809778,1.0959411151596322e-06,2.604033131868592e-06,2.2768859733233354e-09,8.012213418922507e-06,-1.5686889038856305e-20,6.573683839769125e-06,0.0,6.573685837982418e-06,0.0,9.101686253020193e-06,0.0,9.101692167697668e-06,6.239098172278247e-06,0.0,Neel crossover,0.0,0.0,-4.8834370285786125e-21,-2.453204187515722e-22,19.0,28.516660498395403,74.26542133780454,3.3269759995607215e-22,3.3232732102400258e-19,6.992454204546306e-07,1.0,-1.2800132872101047,-4.02213700378928,-1.2800129774230815,-4.022136969954658,-1.280013287210284,-4.022137003789299,-4.146703459738175,-1.2908974603989958,-0.06484848759124832,0.08794594551967426,0.31824209021328603,1.6653345369377348e-16
dimer,275.0,20.0,0.01,0.5,59.69026041820608,2.4414062499999997e+21,0.0008743690490948155,0.0011658253987930874,3.79678475e-21,0.6880690989337124,0.31007023647847787,0.0018606645878096908,0.31193090106628757,-4.7440956109369545e-21,-1.5208802958347495e-20,0.6880691694677095,0.31007016575200197,0.0018606647802883887,0.31193083053229037,-4.74409449923073e-21,-1.520880283342057e-20,0.68806909893369,0.31007023647850035,0.001860664587809637,0.31193090106631,-4.7440956109373126e-21,-1.520880295834755e-20,9.98165075779514,1.079709396124941e-06,2.5654654263880275e-06,2.243163565356525e-09,7.692221429373821e-06,-1.5686889038856305e-20,6.30892567550657e-06,0.0,6.308927694943419e-06,0.0,8.700498261529656e-06,0.0,8.700504153104541e-06,5.982571754059431e-06,0.0,Neel crossover,0.0,0.0,-4.8834370285786125e-21,-2.453204187515722e-22,19.0,28.516660498395403,74.26542133780454,3.3269759995607215e-22,3.900569431789922e-19,6.118953218559042e-07,1.0,-1.2495034412833002,-4.005705869511695,-1.2495031484812853,-4.005705836608349,-1.2495034412833945,-4.00570586951171,-4.131624538066401,-1.2862032878157268,-0.06461267490909833,0.0876261420814209,0.3119309010662874,1.6653345369377348e-16
dimer,276.0,20.0,0.01,0.5,59.69026041820608,2.4414062499999997e+21,0.0008743690490948155,0.0011658253987930874,3.8105912400000005e-21,0.6942634787466401,0.3038698767254381,0.0018666445279222868,0.30573652125336037,-4.64777364820733e-21,-1.5201892234378414e-20,0.6942635456626729,0.3038698096278656,0.0018666447094615195,0.3057364543373271,-4.647772593675627e-21,-1.5201892112438828e-20,0.6942634787466242,0.3038698767254534,0.0018666445279222773,0.3057365212533757,-4.647773648207568e-21,-1.520189223437843e-20,9.182090878892192,1.063789457652542e-06,2.5276385334409574e-06,2.210088900940184e-09,7.386873893667621e-06,-1.5686889038856305e-20,6.05622508642611e-06,0.0,6.056227126697075e-06,0.0,8.319369951011297e-06,0.0,8.319375819250634e-06,5.737878755646532e-06,0.0,Neel crossover,0.0,0.0,-4.8834370285786125e-21,-2.453204187515722e-22,19.0,28.516660498395403,74.26542133780454,3.3269759995607215e-22,4.485170649879592e-19,3.943106241521832e-08,1.0,-1.2196988224345284,-3.989378885565908,-1.2196985456974982,-3.989378853565733,-1.2196988224345908,-3.989378885565912,-4.116654883942972,-1.2815431309758145,-0.06437857101450015,0.08730865605938676,0.3057365212533601,2.7755575615628914e-16
dimer,277.0,20.0,0.01,0.5,59.69026041820608,2.4414062499999997e+21,0.0008743690490948155,0.0011658253987930874,3.82439773e-21,0.7003416819014208,0.297786021092868,0.0018722970057109653,0.29965831809857896,-4.553285564901798e-21,-1.5194924652162995e-20,0.7003417453821007,0.2977859574409659,0.0018722971769333575,0.2996582546178993,-4.553284564648938e-21,-1.519492453313168e-20,0.7003416819013266,0.2977860210929626,0.001872297005710725,0.2996583180986733,-4.5532855649032835e-21,-1.5194924652163167e-20,8.451671604075317,1.0481741851070237e-06,2.4905355481534996e-06,2.1776471989758108e-09,7.095424361149707e-06,-1.5686889038856305e-20,5.814972595664251e-06,0.0,5.814974656375099e-06,0.0,7.957187767403876e-06,0.0,7.957193612085655e-06,5.5044161102613905e-06,0.0,Neel crossover,0.0,0.0,-4.8834370285786125e-21,-2.453204187515722e-22,19.0,28.516660498395403,74.26542133780454,3.3269759995607215e-22,4.513149187245488e-19,1.4828121522869608e-06,1.0,-1.1905889204943643,-3.9731549187387984,-1.1905886589491668,-3.9731548876145997,-1.1905889204947528,-3.9731549187388433,-4.101793313964838,-1.276916621477707,-0.0641461574007294,0.08699346235520125,0.29965831809857885,1.1102230246251565e-16
dimer,278.0,20.0,0.01,0.5,59.69026041820608,2.4414062499999997e+21,0.0008743690490948155,0.0011658253987930874,3.8382042200000005e-21,0.7063044531066089,0.2918179168948448,0.0018776299985466063,0.29369554689339145,-4.4606186540016e-21,-1.5187900195234353e-20,0.7063045133261004,0.29181785651385883,0.0018776301600408325,0.29369548667389966,-4.460617705266539e-21,-1.5187900079034303e-20,0.7063044531065517,0.29181791689490155,0.001877629998546489,0.29369554689344807,-4.460618654002491e-21,-1.518790019523446e-20,7.7839963986397995,1.0328566476579128e-06,2.4541400023852285e-06,2.1458240602311203e-09,6.817168276031724e-06,-1.5686889038856305e-20,5.584592535781423e-06,0.0,5.58459461653364e-06,0.0,7.612905778001399e-06,0.0,7.612911598914266e-06,5.281614377532987e-06,0.0,Neel crossover,0.0,0.0,-4.8834370285786125e-21,-2.453204187515722e-22,19.0,28.516660498395403,74.26542133780454,3.3269759995607215e-22,3.974002086885109e-19,7.061427133026044e-07,1.0,-1.1621629278500454,-3.957032853044581,-1.1621626806680283,-3.9570328227699934,-1.1621629278502774,-3.9570328530446086,-4.087038661756331,-1.2723233962205929,-0.06391541582734547,0.08668053623162139,0.29369554689339133,1.1102230246251565e-16
dimer,279.0,20.0,0.01,0.5,59.69026041820608,2.4414062499999997e+21,0.0008743690490948155,0.0011658253987930874,3.85201071e-21,0.7121526410898033,0.28596470739063573,0.0018826515195606297,0.28784735891019636,-4.369758612262068e-21,-1.5180818850678984e-20,0.7121526982140192,0.2859646501140983,0.0018826516718825803,0.28784730178598084,-4.369757712415281e-21,-1.5180818737235436e-20,0.7121526410897586,0.2859647073906808,0.0018826515195605235,0.2878473589102413,-4.369758612262778e-21,-1.518081885067908e-20,7.1732974437416654,1.0178300930909635e-06,2.4184358524004298e-06,2.1146054565601736e-09,6.551440411937825e-06,-1.5686889038856305e-20,5.3645410054601155e-06,0.0,5.364543105851312e-06,0.0,7.285541228262555e-06,0.0,7.285547025205577e-06,5.068935705084193e-06,0.0,Neel crossover,0.0,0.0,-4.8834370285786125e-21,-2.453204187515722e-22,19.0,28.516660498395403,74.26542133780454,3.3269759995607215e-22,2.856787962731325e-19,1.1921729285990779e-06,1.0,-1.134409777448949,-3.941011589419746,-1.1344095438445136,-3.94101155996927,-1.1344097774491333,-3.941011589419771,-4.072389777664015,-1.267763097309408,-0.06368632831541951,0.08636985330606003,0.2878473589101966,2.220446049250313e-16
dimer,280.0,20.0,0.01,0.5,59.69026041820608,2.4414062499999997e+21,0.0008743690490948155,0.0011658253987930874,3.8658172000000005e-21,0.7178871908121462,0.280225439589334,0.0018873695985198841,0.28211280918785386,-4.280689662366689e-21,-1.5173680609150412e-20,0.7178872449990698,0.2802253852587357,0.0018873697421945646,0.28211275500093025,-4.280688808904902e-21,-1.5173680498390747e-20,0.7178871908120955,0.28022543958938473,0.0018873695985197779,0.2821128091879045,-4.280689662367489e-21,-1.5173680609150527e-20,6.614370349308576,1.0030879427742102e-06,2.3834074669070902e-06,2.0839777204450354e-09,6.297612476721764e-06,-1.5686889038856305e-20,5.1543039600295054e-06,0.0,5.154306079653859e-06,0.0,6.974170411855839e-06,0.0,6.974176184638242e-06,4.86587192383597e-06,0.0,Neel crossover,0.0,0.0,-4.8834370285786125e-21,-2.453204187515722e-22,19.0,28.516660498395403,74.26542133780454,3.3269759995607215e-22,3.4504269368996797e-19,9.56831432086247e-07,1.0,-1.1073181790299573,-3.9250900454243958,-1.1073179582585804,-3.9250900167733604,-1.1073181790301643,-3.925090045424425,-4.0578455284580714,-1.2632353719618743,-0.06345887714286443,0.08606138954425266,0.28211280918785386,0.0
dimer,281.0,20.0,0.01,0.5,59.69026041820608,2.4414062499999997e+21,0.0008743690490948155,0.0011658253987930874,3.87962369e-21,0.7235091359266614,0.27459907180934406,0.0018917922639945248,0.2764908640733386,-4.193394671141041e-21,-1.516648546488231e-20,0.7235091873267274,0.27459902027375493,0.0018917923995176405,0.2764908126732726,-4.1933938616811886e-21,-1.5166485356735868e-20,0.7235091359266268,0.2745990718093788,0.0018917922639944704,0.2764908640733733,-4.1933946711415854e-21,-1.5166485464882377e-20,6.102515996427385,9.886237867741265e-07,2.3490396154525452e-06,2.053927534849293e-09,6.05509087550782e-06,-1.5686889038856305e-20,4.9533954263622845e-06,0.0,4.953397564810967e-06,0.0,6.677924830407671e-06,0.0,6.6779305788485955e-06,4.671942767576297e-06,0.0,Neel crossover,0.0,0.0,-4.8834370285786125e-21,-2.453204187515722e-22,19.0,28.516660498395403,74.26542133780454,3.3269759995607215e-22,4.051976476249152e-19,1.1800209298584718e-07,1.0,-1.080876653565604,-3.9092671549498426,-1.080876444921695,-3.909267127074344,-1.0808766535657446,-3.9092671549498594,-4.043404797040072,-1.2587398724175263,-0.06323304483986492,0.0857551212540596,0.2764908640733387,1.1102230246251565e-16
dimer,282.0,20.0,0.01,0.5,59.69026041820608,2.4414062499999997e+21,0.0008743690490948155,0.0011658253987930874,3.8934301800000006e-21,0.7290195914933707,0.2690844809798385,0.0018959275267909788,0.27098040850662947,-4.107855263634023e-21,-1.515923341570107e-20,0.7290196402497802,0.2690844320955893,0.001895927654630604,0.2709803597502199,-4.1078544959081604e-21,-1.5159233310099062e-20,0.72901959149339,0.2690844809798189,0.0018959275267910066,0.2709804085066099,-4.1078552636337186e-21,-1.5159233415701036e-20,5.6334886936397535,9.744313791173392e-07,2.3153174571649844e-06,2.0244419233739737e-09,5.823314620616278e-06,-1.5686889038856305e-20,4.761355833405892e-06,0.0,4.761357990267459e-06,0.0,6.395987621293986e-06,0.0,6.395993345222267e-06,4.486694208057532e-06,0.0,Neel crossover,0.0,0.0,-4.8834370285786125e-21,-2.453204187515722e-22,19.0,28.516660498395403,74.26542133780454,3.3269759995607215e-22,2.3308160168382413e-19,1.1821046963511606e-07,1.0,-1.055073565909951,-3.893541867932268,-1.055073368724994,-3.8935418408091396,-1.055073565909873,-3.8935418679322593,-4.02906648215695,-1.2542762558486695,-0.0630088141844044,0.0854510250793998,0.27098040850662963,1.6653345369377348e-16
dimer,283.0,20.0,0.01,0.5,59.69026041820608,2.4414062499999997e+21,0.0008743690490948155,0.0011658253987930874,3.90723667e-21,0.7344197469613755,0.2636804696740076,0.0018997833646172747,0.26558025303862487,-4.024051932915715e-21,-1.5151924463037824e-20,0.7344197932102405,0.26368042330454483,0.001899783485214798,0.26558020678975963,-4.02405120476866e-21,-1.5151924359913637e-20,0.7344197469613492,0.2636804696740335,0.0018997833646172409,0.26558025303865074,-4.024051932916122e-21,-1.515192446303788e-20,5.203449928986809,9.605046331934735e-07,2.2822265298302794e-06,1.9955082407066623e-09,5.601753377938713e-06,-1.5686889038856305e-20,4.5777504502697724e-06,0.0,4.577752625130593e-06,0.0,6.1275902335329566e-06,0.0,6.127595932786856e-06,4.309696897545296e-06,0.0,Neel crossover,0.0,0.0,-4.8834370285786125e-21,-2.453204187515722e-22,19.0,28.516660498395403,74.26542133780454,3.3269759995607215e-22,5.279583419083379e-19,1.0151384849388378e-06,1.0,-1.0298971556580203,-3.8779131500723305,-1.029896969299446,-3.8779131236792055,-1.0298971556581245,-3.877913150072345,-4.014829498121061,-1.2498441842732326,-0.06278616819788707,0.0851490779943136,0.26558025303862465,2.220446049250313e-16
dimer,284.0,20.0,0.01,0.5,59.69026041820608,2.4414062499999997e+21,0.0008743690490948155,0.0011658253987930874,3.9210431600000006e-21,0.7397108594256854,0.25838577286637,0.0019033677079441634,0.2602891405743141,-3.941964145479172e-21,-1.514455861193993e-20,0.7397109032965066,0.2583857288817772,0.0019033678217162042,0.26028909670349337,-3.9419634548608964e-21,-1.5144558511228608e-20,0.73971085942568,0.2583857728663757,0.001903367707944131,0.26028914057431984,-3.941964145479259e-21,-1.5144558611939933e-20,4.80892708493897,9.468376172948694e-07,2.2497527392940465e-06,1.967114163354992e-09,5.389905640275765e-06,-1.5686889038856305e-20,4.40216792439559e-06,0.0,4.40217011684019e-06,0.0,5.872009333408265e-06,0.0,5.872015007835255e-06,4.140544711347318e-06,0.0,Neel crossover,0.0,0.0,-4.8834370285786125e-21,-2.453204187515722e-22,19.0,28.516660498395403,74.26542133780454,3.3269759995607215e-22,4.1342104431288273e-19,3.729919444417362e-07,1.0,-1.0053355662321175,-3.8623799825605407,-1.0053353901008566,-3.8623799568757122,-1.0053355662321397,-3.8623799825605416,-4.000692774536127,-1.2454433244694536,-0.06256509014085225,0.08484925729715051,0.2602891405743144,2.7755575615628914e-16
dimer,285.0,20.0,0.01,0.5,59.69026041820608,2.4414062499999997e+21,0.0008743690490948155,0.0011658253987930874,3.93484965e-21,0.744894247164251,0.25319906440872686,0.0019066884270221482,0.255105752835749,-3.8615704421693406e-21,-1.5137135871081787e-20,0.7448942887800798,0.2531990226855588,0.0019066885343615703,0.2551057112199204,-3.8615697871323155e-21,-1.5137135772720316e-20,0.7448942471642048,0.25319906440877304,0.0019066884270220233,0.25510575283579506,-3.861570442170064e-21,-1.5137135871081892e-20,4.4467765580963485,9.334245502889819e-07,2.2178823491789567e-06,1.93924768065578e-09,5.187297018628776e-06,-1.5686889038856305e-20,4.234218912895165e-06,0.0,4.234221122506646e-06,0.0,5.628563922895409e-06,0.0,5.628569572351922e-06,3.978853383408654e-06,0.0,Neel crossover,0.0,0.0,-4.8834370285786125e-21,-2.453204187515722e-22,19.0,28.516660498395403,74.26542133780454,3.3269759995607215e-22,2.9732297326079174e-19,1.5811501360429858e-06,1.0,-0.9813768722190797,-3.846941361808268,-0.981376705748418,-3.846941336810751,-0.9813768722192636,-3.8469413618082946,-3.986655256028983,-1.241073347892368,-0.062345563508779095,0.08455154060487982,0.2551057528357489,1.1102230246251565e-16
dimer,286.0,20.0,0.01,0.5,59.69026041820608,2.4414062499999997e+21,0.0008743690490948155,0.0011658253987930874,3.9486561400000006e-21,0.7499712834586224,0.248118963221366,0.001909753320011916,0.2500287165413779,-3.782848534593604e-21,-1.512965625277515e-20,0.7499713229364154,0.2481189236422952,0.0019097534212893447,0.25002867706358456,-3.7828479132871616e-21,-1.5129656156702174e-20,0.7499712834585697,0.24811896322141858,0.0019097533200118297,0.2500287165414304,-3.782848534594425e-21,-1.512965625277526e-20,4.1141507910983925,9.202597974194416e-07,2.186601970907764e-06,1.9118970860514708e-09,4.993478643305545e-06,-1.5686889038856305e-20,4.073534800653469e-06,0.0,4.073537027013835e-06,0.0,5.396612655284894e-06,0.0,5.39661827963612e-06,3.824259228571883e-06,0.0,Neel crossover,0.0,0.0,-4.8834370285786125e-21,-2.453204187515722e-22,19.0,28.516660498395403,74.26542133780454,3.3269759995607215e-22,4.790018988871714e-19,1.489682548094784e-06,1.0,-0.9580091049897304,-3.831596299184245,-0.9580089476434281,-3.831596274853695,-0.9580091049899384,-3.8315962991842736,-3.9727159019869234,-1.2367339305920448,-0.06212757202797916,0.08425590584752009,0.25002871654137765,2.7755575615628914e-16
dimer,287.0,20.0,0.01,0.5,59.69026041820608,2.4414062499999997e+21,0.0008743690490948155,0.0011658253987930874,3.96246263e-21,0.754943390699772,0.24314403919804478,0.001912570102183602,0.24505660930022838,-3.705775396998112e-21,-1.512211977297875e-20,0.7549434281506529,0.2431440016515987,0.001912570197748432,0.24505657184934712,-3.70577480766427e-21,-1.5122119679134585e-20,0.7549433906997643,0.2431440391980521,0.0019125701021835886,0.2450566093002357,-3.70577539699823e-21,-1.512211977297878e-20,3.8084687817186915,9.073378662318363e-07,2.1558985540226798e-06,1.8850509686256983e-09,4.8080256671784576e-06,-1.5686889038856305e-20,3.919766499266553e-06,0.0,3.919768741957101e-06,0.0,5.175551333610827e-06,0.0,5.17555693273047e-06,3.6764179455739117e-06,0.0,Neel crossover,0.0,0.0,-4.8834370285786125e-21,-2.453204187515722e-22,19.0,28.516660498395403,74.26542133780454,3.3269759995607215e-22,4.220435980734709e-19,4.486546609783204e-07,1.0,-0.9352202766384479,-3.8163438207564244,-0.9352201279092618,-3.816343797073131,-0.9352202766384776,-3.816343820756432,-3.9588736863005582,-1.2324247531335362,-0.06191109965157506,0.08396233126268553,0.24505660930022816,2.220446049250313e-16
dimer,288.0,20.0,0.01,0.5,59.69026041820608,2.4414062499999997e+21,0.0008743690490948155,0.0011658253987930874,3.976269120000001e-21,0.7598120347789344,0.2382728188249273,0.0019151463961388253,0.2401879652210661,-3.630327353619487e-21,-1.5114526451307322e-20,0.7598120703083686,0.23827278320531092,0.001915146486320386,0.2401879296916313,-3.630326794590095e-21,-1.5114526359634067e-20,0.7598120347789283,0.23827281882493287,0.0019151463961387973,0.24018796522107166,-3.6303273536195726e-21,-1.511452645130733e-20,3.5273896846555934,8.946534026204293e-07,2.1257593767920915e-06,1.8586982048900886e-09,4.6305358641975955e-06,-1.5686889038856305e-20,3.772583321319331e-06,0.0,3.7725855799209556e-06,0.0,4.964810578606186e-06,0.0,4.964816152376255e-06,3.5350034952856548e-06,0.0,Neel crossover,0.0,0.0,-4.8834370285786125e-21,-2.453204187515722e-22,19.0,28.516660498395403,74.26542133780454,3.3269759995607215e-22,4.857166226183144e-19,2.6400834085560376e-07,1.0,-0.9129984022860822,-3.8011829670390416,-0.9129982616946447,-3.8011829439839486,-0.9129984022861038,-3.801182967039044,-3.945127597112014,-1.228145500518489,-0.06169613055556264,0.08367079539024565,0.24018796522106586,2.498001805406602e-16
dimer,289.0,20.0,0.01,0.5,59.69026041820608,2.4414062499999997e+21,0.0008743690490948155,0.0011658253987930874,3.99007561e-21,0.7645787197618064,0.23350379051518577,0.0019174897230083122,0.23542128023819409,-3.5564801615450736e-21,-1.510687631103996e-20,0.7645787534699469,0.23350375672193627,0.0019174898081170278,0.2354212465300533,-3.5564796312363416e-21,-1.5106876221481267e-20,0.7645787197617997,0.2335037905151921,0.0019174897230083347,0.23542128023820044,-3.556480161545173e-21,-1.510687631103997e-20,3.2687891659508583,8.822011869920857e-07,2.0961720370957834e-06,1.8328279508145824e-09,4.460628316393914e-06,-1.5686889038856305e-20,3.631671924909018e-06,0.0,3.6316741990025585e-06,0.0,4.763853653929876e-06,0.0,4.763859202240469e-06,3.399707049101981e-06,0.0,Neel crossover,0.0,0.0,-4.8834370285786125e-21,-2.453204187515722e-22,19.0,28.516660498395403,74.26542133780454,3.3269759995607215e-22,6.725731408801635e-19,4.4072318461374493e-08,1.0,-0.891331520794182,-3.7861127927447864,-0.8913313878872439,-3.7861127702994244,-0.8913315207942069,-3.7861127927447895,-3.9314766365683744,-1.2238958621083904,-0.061482649134955165,0.08338127706709601,0.23542128023819403,5.551115123125783e-17
dimer,290.0,20.0,0.01,0.5,59.69026041820608,2.4414062499999997e+21,0.0008743690490948155,0.0011658253987930874,4.0038821e-21,0.7692449828431379,0.228835409662285,0.0019196074945774157,0.23075501715686242,-3.4842090891350185e-21,-1.509916937912785e-20,0.7692450148250309,0.22883537760006328,0.0019196075749057608,0.23075498517496904,-3.484208586044189e-21,-1.5099169291628964e-20,0.7692449828431144,0.22883540966230861,0.0019196074945773143,0.23075501715688593,-3.484209089135391e-21,-1.5099169379127925e-20,3.0307382090420703,8.699761305438596e-07,2.067124443580225e-06,1.8074296340938912e-09,4.297942183551224e-06,-1.5686889038856305e-20,3.4967353236898857e-06,0.0,3.4967376128564494e-06,0.0,4.5721744373497886e-06,0.0,4.572179960098866e-06,3.2702360027591753e-06,0.0,Neel crossover,0.0,0.0,-4.8834370285786125e-21,-2.453204187515722e-22,19.0,28.516660498395403,74.26542133780454,3.3269759995607215e-22,4.310398357029325e-19,6.328631640961646e-07,1.0,-0.8702077139421809,-3.7711323665419245,-0.8702075882914208,-3.771132344688412,-0.8702077139422739,-3.771132366541943,-3.9179198205802077,-1.2196755315493961,-0.061270640000007044,0.08309375542203706,0.2307550171568624,2.7755575615628914e-17
dimer,291.0,20.0,0.01,0.5,59.69026041820608,2.4414062499999997e+21,0.0008743690490948155,0.0011658253987930874,4.01768859e-21,0.7738123895775494,0.22426610341615927,0.0019215070062914797,0.22618761042245075,-3.413488990077667e-21,-1.509140568620134e-20,0.7738124199233954,0.22426607299448933,0.0019215070821151678,0.2261875800766045,-3.41348851277888e-21,-1.509140560070898e-20,0.7738123895775344,0.22426610341617403,0.0019215070062914277,0.22618761042246546,-3.4134889900778995e-21,-1.5091405686201386e-20,2.811484105852041,8.579732716507367e-07,2.038604807075591e-06,1.7824929466428042e-09,4.142135549928716e-06,-1.5686889038856305e-20,3.367491958056133e-06,0.0,3.3674942618773713e-06,0.0,4.389295527430104e-06,0.0,4.3893010245232995e-06,3.1463130511980912e-06,0.0,Neel crossover,0.0,0.0,-4.8834370285786125e-21,-2.453204187515722e-22,19.0,28.516660498395403,74.26542133780454,3.3269759995607215e-22,4.341174007721925e-19,7.064926188515841e-08,1.0,-0.849615124122317,-3.7562407708162717,-0.8496150053229685,-3.7562407495372803,-0.8496151241223748,-3.756240770816283,-3.9044561785850864,-1.2154842066987108,-0.06106008797251561,0.08280820987075858,0.22618761042245067,8.326672684688674e-17
dimer,292.0,20.0,0.01,0.5,59.69026041820608,2.4414062499999997e+21,0.0008743690490948155,0.0011658253987930874,4.03149508e-21,0.7782825293814196,0.21979427518748773,0.001923195431093228,0.22171747061858096,-3.344294373164986e-21,-1.5083585266576275e-20,0.7782825581767976,0.2197942463205304,0.0019231955026720606,0.22171744182320247,-3.3442939203056776e-21,-1.508358518303859e-20,0.778282529381428,0.2197942751874788,0.0019231954310932583,0.22171747061857205,-3.344294373164847e-21,-1.5083585266576254e-20,2.6094333966185577,8.461877723601676e-07,2.0106016322665272e-06,1.7580078373133675e-09,3.992884342618827e-06,-1.5686889038856305e-20,3.2436748233940937e-06,0.0,3.2436771414525214e-06,0.0,4.214766476064918e-06,0.0,4.214771947415324e-06,3.027675320405917e-06,0.0,Neel crossover,0.0,0.0,-4.8834370285786125e-21,-2.453204187515722e-22,19.0,28.516660498395403,74.26542133780454,3.3269759995607215e-22,3.747710718575422e-19,1.1217640683014451e-07,1.0,-0.829541970609322,-3.74143710143788,-0.8295418582789583,-3.7414370807166137,-0.8295419706092875,-3.741437101437875,-3.8910847533159596,-1.2113215895524825,-0.06085097808219878,0.08252462011092722,0.2217174706185809,5.551115123125783e-17
dimer,293.0,20.0,0.01,0.5,59.69026041820608,2.4414062499999997e+21,0.0008743690490948155,0.0011658253987930874,4.04530157e-21,0.7826570112998007,0.21541830888615487,0.0019246798140446835,0.21734298870019955,-3.276599467888145e-21,-1.5075708158259704e-20,0.7826570386258286,0.21541828149254824,0.0019246798816231754,0.21734296137417142,-3.276599038186505e-21,-1.5075708076626443e-20,0.782657011299787,0.2154183088861683,0.0019246798140446744,0.21734298870021299,-3.2765994678883543e-21,-1.5075708158259734e-20,2.423136548879933,8.346149149901256e-07,1.9831037096088946e-06,1.7339645048271306e-09,3.84988131706303e-06,-1.5686889038856305e-20,3.125030651625927e-06,0.0,3.125032983505203e-06,0.0,4.048162137930689e-06,0.0,4.048167583458661e-06,2.9140735524601476e-06,0.0,Neel crossover,0.0,0.0,-4.8834370285786125e-21,-2.453204187515722e-22,19.0,28.516660498395403,74.26542133780454,3.3269759995607215e-22,7.549466252473083e-19,5.165293748277122e-07,1.0,-0.8099765644636835,-3.7267204675323384,-0.8099764582412837,-3.7267204473525672,-0.8099765644637351,-3.726720467532346,-3.8778046005742666,-1.20718738617517,-0.060643295563146904,0.08224296611737457,0.21734298870019947,8.326672684688674e-17
dimer,294.0,20.0,0.01,0.5,59.69026041820608,2.4414062499999997e+21,0.0008743690490948155,0.0011658253987930874,4.05910806e-21,0.7869374600315886,0.2111365729007248,0.001925967067686876,0.21306253996841168,-3.210378285964585e-21,-1.5067774402954883e-20,0.7869374859652314,0.2111365469032731,0.001925967131495556,0.21306251403476867,-3.2103778782046352e-21,-1.506777432317704e-20,0.7869374600315946,0.21113657290071855,0.0019259670676868889,0.21306253996840543,-3.210378285964488e-21,-1.5067774402954868e-20,2.25127418959719,8.232500988275061e-07,1.9561001074849377e-06,1.7103533909158713e-09,3.7128351049932017e-06,-1.5686889038856305e-20,3.01131914253529e-06,0.0,3.0113214878204717e-06,0.0,3.889081128602209e-06,0.0,3.889086548235156e-06,2.8052713402668254e-06,0.0,Neel crossover,0.0,0.0,-4.8834370285786125e-21,-2.453204187515722e-22,19.0,28.516660498395403,74.26542133780454,3.3269759995607215e-22,5.069421758644994e-19,5.747666409483543e-08,1.0,-0.7909073221284444,-3.7120899912565726,-0.7909072216728902,-3.71208997160254,-0.7909073221284205,-3.7120899912565686,-3.864614789007688,-1.2030813066303567,-0.06043702585034709,0.0819632281373835,0.2130625399684117,2.7755575615628914e-17
dimer,295.0,20.0,0.01,0.5,59.69026041820608,2.4414062499999997e+21,0.0008743690490948155,0.0011658253987930874,4.07291455e-21,0.7911255122055507,0.20694742382635822,0.0019270639680913663,0.2088744877944496,-3.1456046789169633e-21,-1.505978404606554e-20,0.7911255368197512,0.20694739915190136,0.0019270640283472616,0.20887446318024863,-3.1456042919464687e-21,-1.5059783968095532e-20,0.7911255122055607,0.20694742382634784,0.0019270639680913854,0.20887448779443923,-3.145604678916801e-21,-1.505978404606551e-20,2.0926447251958735,8.12088836923794e-07,1.929580164589561e-06,1.6871651736643918e-09,3.5814693207247756e-06,-1.5686889038856305e-20,2.902312241613289e-06,0.0,2.902314599891095e-06,0.0,3.737144383694989e-06,0.0,3.7371497773672004e-06,2.7010444087329154e-06,0.0,Neel crossover,0.0,0.0,-4.8834370285786125e-21,-2.453204187515722e-22,19.0,28.516660498395403,74.26542133780454,3.3269759995607215e-22,2.5531354783353443e-19,6.31471319678667e-09,1.0,-0.7723227777800944,-3.6975448075790194,-0.7723226827693864,-3.6975447884354784,-0.7723227777800544,-3.697544807579012,-3.851514399892407,-1.1990030649129655,-0.060232154576278105,0.08168538668607032,0.2088744877944495,8.326672684688674e-17
dimer,296.0,20.0,0.01,0.5,59.69026041820608,2.4414062499999997e+21,0.0008743690490948155,0.0011658253987930874,4.08672104e-21,0.7952228128993174,0.20284920994912362,0.0019279771515588852,0.2047771871006825,-3.0822523918321925e-21,-1.5051737136699442e-20,0.7952228362632099,0.2028491865283239,0.0019279772084663648,0.20477716373679025,-3.0822520245592882e-21,-1.505173706049104e-20,0.7952228128993014,0.20284920994913974,0.001927977151558854,0.2047771871006986,-3.0822523918324446e-21,-1.505173713669949e-20,1.9461532026896715,8.011267529850265e-07,1.9035334825406653e-06,1.664390761049224e-09,3.45552172199949e-06,-1.5686889038856305e-20,2.79779346139273e-06,0.0,2.7977958322517914e-06,0.0,3.5919938119673046e-06,0.0,3.5919991796197373e-06,2.601179939342389e-06,0.0,fast Neel and Brownian,0.0,0.0,-4.8834370285786125e-21,-2.453204187515722e-22,19.0,28.516660498395403,74.26542133780454,3.3269759995607215e-22,5.143515809673594e-19,8.609475043996895e-07,1.0,-0.7542115944943951,-3.6830840640640945,-0.7542115046245702,-3.6830840454162836,-0.7542115944944567,-3.683084064064106,-3.838502526919798,-1.1949523788828544,-0.060028667567574474,0.08140942254186063,0.2047771871006824,8.326672684688674e-17
dimer,297.0,20.0,0.01,0.5,59.69026041820608,2.4414062499999997e+21,0.0008743690490948155,0.0011658253987930874,4.1005275300000004e-21,0.7992310123930507,0.19884027449502814,0.0019287131119214414,0.20076898760694958,-3.0202951134343205e-21,-1.5043633727671263e-20,0.7992310345721926,0.19884025226213434,0.0019287131656730802,0.20076896542780742,-3.020294764823772e-21,-1.5043633653179383e-20,0.7992310123930658,0.19884027449501251,0.0019287131119214923,0.200768987606934,-3.0202951134340764e-21,-1.5043633727671215e-20,1.8108012812936158,7.903595783531431e-07,1.8779499187066212e-06,1.6420212846671945e-09,3.3347434217676243e-06,-1.5686889038856305e-20,2.6975572434503084e-06,0.0,2.6975596264813837e-06,0.0,3.4532910358389834e-06,0.0,3.4532963774191012e-06,2.5054759353171503e-06,0.0,fast Neel and Brownian,0.0,0.0,-4.8834370285786125e-21,-2.453204187515722e-22,19.0,28.516660498395403,74.26542133780454,3.3269759995607215e-22,3.88586038629338e-19,2.327491919196234e-07,1.0,-0.7365625742876845,-3.6687069206608305,-0.7365624892716601,-3.6687069024944168,-0.736562574287625,-3.668706920660819,-3.8255782759874077,-1.190928970199747,-0.05982655084175772,0.08113531674205639,0.20076898760694964,5.551115123125783e-17
dimer,298.0,20.0,0.01,0.5,59.69026041820608,2.4414062499999997e+21,0.0008743690490948155,0.0011658253987930874,4.11433402e-21,0.8031517631491749,0.19491895865241943,0.001929278198405773,0.1968482368508252,-2.9597065226097426e-21,-1.5035473875504692e-20,0.8031517842056275,0.1949189375451899,0.0019292782491827395,0.19684821579437264,-2.9597061916817134e-21,-1.5035473802685712e-20,0.8031517631491533,0.19491895865244085,0.00192927819840574,0.1968482368508466,-2.9597065226100797e-21,-1.503547387550477e-20,1.6856781983081814,7.797831490759282e-07,1.8528195792442492e-06,1.6200480936480503e-09,3.218898147483754e-06,-1.5686889038856305e-20,2.601408358452926e-06,0.0,2.6014107532491765e-06,0.0,3.3207162132686264e-06,0.0,3.320721528730193e-06,2.4137406247406675e-06,0.0,fast Neel and Brownian,0.0,0.0,-4.8834370285786125e-21,-2.453204187515722e-22,19.0,28.516660498395403,74.26542133780454,3.3269759995607215e-22,2.609578042092852e-19,6.596649942958166e-07,1.0,-0.7193646670937385,-3.6544125494956026,-0.7193645866607868,-3.6544125317967526,-0.7193646670938204,-3.6544125494956217,-3.812740764994162,-1.1869325642594795,-0.0596257906040337,0.08086305057849244,0.1968482368508252,0.0
dimer,299.0,20.0,0.01,0.5,59.69026041820608,2.4414062499999997e+21,0.0008743690490948155,0.0011658253987930874,4.1281405100000004e-21,0.8069867170093719,0.1910836043766112,0.0019296786140174272,0.19301328299062864,-2.9004603315261395e-21,-1.502725764043382e-20,0.8069867370020052,0.1910835843360042,0.0019296786619904908,0.19301326299799468,-2.9004600173513035e-21,-1.5027257569245062e-20,0.806986717009373,0.19108360437660957,0.0019296786140174328,0.193013282990627,-2.900460331526113e-21,-1.5027257640433812e-20,1.5699526257777612,7.693934030628337e-07,1.8281328123408496e-06,1.5984627487454993e-09,3.10776154501627e-06,-1.5686889038856305e-20,2.509161341805856e-06,0.0,2.5091637479629887e-06,0.0,3.19396693537589e-06,0.0,3.193972224678809e-06,2.3257918992034e-06,0.0,fast Neel and Brownian,0.0,0.0,-4.8834370285786125e-21,-2.453204187515722e-22,19.0,28.516660498395403,74.26542133780454,3.3269759995607215e-22,1.9715751273583087e-19,4.5120705505219405e-08,1.0,-0.7026069787353578,-3.640200134668822,-0.7026069026297032,-3.64020011742407,-0.7026069787353514,-3.6402001346688198,-3.799989123639666,-1.1829628901315212,-0.059426373244153986,0.08059260559328009,0.19301328299062862,2.7755575615628914e-17
dimer,300.0,20.0,0.01,0.5,59.69026041820608,2.4414062499999997e+21,0.0008743690490948155,0.0011658253987930874,4.141947e-21,0.8107375225998553,0.18733255698573834,0.001929920414406319,0.18926247740014465,-2.8425303254886088e-21,-1.50189850864038e-20,0.8107375415843963,0.1873325379558675,0.001929920459736167,0.18926245841560366,-2.8425300271874262e-21,-1.501898501680392e-20,0.8107375225998494,0.18733255698574433,0.001929920414406316,0.18926247740015065,-2.8425303254887028e-21,-1.501898508640382e-20,1.4628653256982243,7.591863773240398e-07,1.8038802016540213e-06,1.5772570166011905e-09,3.0011205240718185e-06,-1.5686889038856305e-20,2.42063996262852e-06,0.0,2.420642379745063e-06,0.0,3.0727571946073916e-06,0.0,3.072762457717523e-06,2.2414567856975764e-06,0.0,fast Neel and Brownian,0.0,0.0,-4.8834370285786125e-21,-2.453204187515722e-22,19.0,28.516660498395403,74.26542133780454,3.3269759995607215e-22,5.958305151509258e-19,7.279817915151199e-07,1.0,-0.6862787779487783,-3.626068872055533,-0.6862787059292227,-3.6260688552518707,-0.6862787779488011,-3.626068872055538,-3.787322493227534,-1.1790196804977495,-0.059228285333340146,0.08032396357463582,0.1892624774001447,5.551115123125783e-17
superlattice,200.0,20.0,0.01,0.5,59.69026041820608,2.4414062499999997e+21,0.0008743690490948155,0.0011658253987930874,2.7612980000000003e-21,1.4390483105909872e-11,0.999999981455036,1.853057298537017e-08,0.999999999985609,-9.412128864234429e-20,-9.41212886436988e-20,1.2284188061921969e-06,0.9984745448088597,0.0015242267723340921,0.9999987715811938,-9.405084542212547e-20,-9.405096095609465e-20,1.4390483246029602e-11,0.9999999814550363,1.8530573223308823e-08,0.9999999999856095,-9.412128864234434e-20,-9.412128864369878e-20,56518.87140592694,4.082952141031122e-06,9.701381309642892e-06,8.482587550618672e-09,2098838.1708814194,-9.412133423313784e-20,1560283.320069544,0.9999869883681404,1560693.4029613426,0.9999873520531953,1983254.7901977855,0.9999900568801108,5393214.466226133,1560283.291091231,0.9999869773098261,"Neel blocked, Brownian only",0.9999869883537496,0.9999857599653179,-1.465031108573584e-20,-9.812816750062888e-22,19.0,28.516660498395403,74.26542133780454,9.980927998682165e-22,1.0550931124192837e-24,1.2225736245596863e-07,1.0,-34.085885928409134,-34.085885928899664,-34.06037502005414,-34.06041686051076,-34.08588592840915,-34.08588592889966,-34.08590243904781,-5.3055885622398735,-0.3553697120000408,0.3614578360858612,0.9999999999856095,5.551115123125783e-16
superlattice,201.0,20.0,0.01,0.5,59.69026041820608,2.4414062499999997e+21,0.0008743690490948155,0.0011658253987930874,2.7751044900000003e-21,1.704997285561013e-11,0.9999999798462593,2.013669167595041e-08,0.999999999982951,-9.412128524788864e-20,-9.412128524949332e-20,1.2055430494968695e-06,0.9986257738259042,0.0013730206310461931,0.9999987944569504,-9.405781986493654e-20,-9.405793325582424e-20,1.7049972948231773e-11,0.9999999798462583,2.01366917902775e-08,0.9999999999829501,-9.412128524788856e-20,-9.412128524949332e-20,48275.96421252449,3.99898164635452e-06,9.50186151135025e-06,8.308133614309944e-09,1726958.302829897,-9.412133423313784e-20,1292260.4528896597,0.9999843970407388,1292608.57227933,0.9999845928446816,1642564.7978118064,0.9999876480748991,4458353.058566859,1292260.4267810287,0.9999843733317593,"Neel blocked, Brownian only",0.99998439702369,0.9999831915164993,-1.465031108573584e-20,-9.812816750062888e-22,19.0,28.516660498395403,74.26542133780454,9.980927998682165e-22,1.1482155837942602e-24,7.870553986322193e-09,1.0,-33.91630318319604,-33.91630318377428,-33.89343363605618,-33.89347449609878,-33.916303183196014,-33.91630318377428,-33.91632083487344,-5.279192599243655,-0.3536017034826277,0.35965953839389175,0.99999999998295,9.992007221626409e-16
superlattice,202.0,20.0,0.01,0.5,59.69026041820608,2.4414062499999997e+21,0.0008743690490948155,0.0011658253987930874,2.7889109800000003e-21,2.0167070470648438e-11,0.9999999781158011,2.1864030570726154e-08,0.9999999999798317,-9.412128163796311e-20,-9.412128163986138e-20,1.1831715966876623e-06,0.9987608718958734,0.0012379449325299833,0.9999988168284033,-9.406404994309287e-20,-9.406416123713672e-20,2.0167070528027217e-11,0.9999999781158024,2.186403060615013e-08,0.999999999979833,-9.412128163796325e-20,-9.412128163986138e-20,41299.64123826569,3.917065764442711e-06,9.307223617421508e-06,8.137948264077654e-09,1471784.1598073326,-9.412133423313784e-20,1072144.5889151692,0.9999811310773291,1072440.5143230935,0.999981359762487,1362832.7212776183,0.9999853028007599,3692042.9646615656,1072144.5655281548,0.9999811181554329,"Neel blocked, Brownian only",0.9999811310571611,0.9999799479280576,-1.465031108573584e-20,-9.812816750062888e-22,19.0,28.516660498395403,74.26542133780454,9.980927998682165e-22,1.3496345086944482e-24,5.141465186930816e-08,1.0,-33.74839939780477,-33.74839939848542,-33.72787823550139,-33.727918141416154,-33.74839939780482,-33.74839939848542,-33.74841825648298,-5.253057982415716,-0.35185120000004044,0.3578790456295655,0.9999999999798329,1.2212453270876722e-15
superlattice,203.0,20.0,0.01,0.5,59.69026041820608,2.4414062499999997e+21,0.0008743690490948155,0.0011658253987930874,2.8027174700000003e-21,2.381461264742185e-11,0.9999999762558691,2.3720315092593143e-08,0.9999999999761842,-9.412127780139773e-20,-9.412127780363931e-20,1.1612921545067319e-06,0.998881674927323,0.001117163780522304,0.9999988387078453,-9.406962033610988e-20,-9.406972957854882e-20,2.3814612684150118e-11,0.9999999762558702,2.372031513201763e-08,0.9999999999761854,-9.412127780139783e-20,-9.412127780363929e-20,35385.83358523123,3.83715006427453e-06,9.117338295924003e-06,7.971918416082815e-09,1204445.671678945,-9.412133423313784e-20,891051.0986599601,0.9999776191051731,891302.9967528983,0.9999774499284799,1132734.1275359376,0.9999823499894639,3062766.719827208,891051.0775612848,0.9999777998688648,"Neel blocked, Brownian only",0.9999776190813578,0.9999764578390092,-1.465031108573584e-20,-9.812816750062888e-22,19.0,28.516660498395403,74.26542133780454,9.980927998682165e-22,1.4322744439734083e-24,2.4797672137921722e-08,1.0,-33.58214975603578,-33.58214975683557,-33.563718549237095,-33.56375752656539,-33.58214975603582,-33.58214975683556,-33.582169890687496,-5.227180849497412,-0.35011794285718306,0.3561160946658731,0.9999999999761854,1.2212453270876722e-15
superlattice,204.0,20.0,0.01,0.5,59.69026041820608,2.4414062499999997e+21,0.0008743690490948155,0.0011658253987930874,2.8165239600000003e-21,2.8076073778774022e-11,0.9999999742582605,2.5713665454393915e-08,0.9999999999719259,-9.412127372658562e-20,-9.4121273729228e-20,1.139892622248193e-06,0.9989897973934928,0.001009062713884892,0.9999988601073777,-9.407460550845871e-20,-9.407471274352972e-20,2.807607380036488e-11,0.9999999742582584,2.5713665479008213e-08,0.9999999999719239,-9.412127372658543e-20,-9.412127372922798e-20,30364.811593723123,3.75918151676907e-06,8.932079546033673e-06,7.809933899104717e-09,1026409.812870447,-9.412133423313784e-20,741800.7204209307,0.9999734505086999,742015.4285978788,0.9999731211317446,943123.0360178106,0.9999790864610798,2545104.0063772188,741800.7013161848,0.9999732433351568,"Neel blocked, Brownian only",0.9999734504806266,0.9999723106463412,-1.465031108573584e-20,-9.812816750062888e-22,19.0,28.516660498395403,74.26542133780454,9.980927998682165e-22,1.0793628029223978e-25,2.9847635474311573e-09,1.0,-33.417529928126584,-33.417529929064756,-33.400960490482994,-33.400998564034836,-33.41752992812652,-33.41752992906475,-33.41755141083118,-5.20155741396066,-0.34840167843141256,0.354370427535158,0.9999999999719239,1.9984014443252818e-15
superlattice,205.0,20.0,0.01,0.5,59.69026041820608,2.4414062499999997e+21,0.0008743690490948155,0.0011658253987930874,2.8303304500000003e-21,3.304697665161936e-11,0.9999999721143431,2.785261120830416e-08,0.9999999999669543,-9.412126940147229e-20,-9.412126940458259e-20,1.1189614365077226e-06,0.9990866602000773,0.000912220838486295,0.9999988810385636,-9.407907099504499e-20,-9.40791762660152e-20,3.3046976662376654e-11,0.9999999721143418,2.785261120989799e-08,0.999999999966953,-9.412126940147219e-20,-9.412126940458262e-20,26095.169955762103,3.683108468787375e-06,8.751324636261256e-06,7.651887400527786e-09,837621.6328401797,-9.412133423313784e-20,618581.4988328206,0.9999676688074413,618764.749700223,0.999967832538062,786598.9917634508,0.9999748526092471,2118514.014688805,618581.4816231423,0.9999676594186511,"Neel blocked, Brownian only",0.9999676687743967,0.9999665498821823,-1.465031108573584e-20,-9.812816750062888e-22,19.0,28.516660498395403,74.26542133780454,9.980927998682165e-22,2.8553047692023226e-24,1.0219215251794367e-08,1.0,-33.25451605888361,-33.25451605998253,-33.239606702123766,-33.23964389600345,-33.254516058883574,-33.254516059982535,-33.25453896492469,-5.1761839631608515,-0.3467021580488203,0.3526417913032792,0.999999999966953,1.3322676295501878e-15
superlattice,206.0,20.0,0.01,0.5,59.69026041820608,2.4414062499999997e+21,0.0008743690490948155,0.0011658253987930874,2.8441369400000004e-21,3.883647062944365e-11,0.9999999698150588,3.0146106069105565e-08,0.9999999999611648,-9.412126481354684e-20,-9.412126481720205e-20,1.098487306240347e-06,0.9991735153891207,0.0008253861235731595,0.9999989015126939,-9.408307454077932e-20,-9.408317788995595e-20,3.8836470637303135e-11,0.9999999698150575,3.014610609246116e-08,0.9999999999611635,-9.412126481354672e-20,-9.412126481720206e-20,22458.906400859145,3.608880616601097e-06,8.574954041411952e-06,7.497674411221114e-09,696633.0377900566,-9.412133423313784e-20,516679.80161340744,0.9999612362516235,516836.40801418654,0.999961279109462,657162.840547914,0.9999699156669994,1766368.357111978,516679.7860282968,0.9999612014576882,"Neel blocked, Brownian only",0.9999612362127899,0.9999601378068989,-1.465031108573584e-20,-9.812816750062888e-22,19.0,28.516660498395403,74.26542133780454,9.980927998682165e-22,3.315864239082515e-24,3.8690624926118744e-08,1.0,-33.09308475616045,-33.093084757445624,-33.07965703675974,-33.079693374383,-33.09308475616041,-33.09308475744563,-33.09310916412408,-5.151056856543566,-0.3450191378641173,0.35092993794743804,0.9999999999611635,1.3322676295501878e-15
superlattice,207.0,20.0,0.01,0.5,59.69026041820608,2.4414062499999997e+21,0.0008743690490948155,0.0011658253987930874,2.8579434300000004e-21,4.5569094766550785e-11,0.9999999673508879,3.26035430069457e-08,0.9999999999544309,-9.412125994982979e-20,-9.412125995411882e-20,1.078459152478543e-06,0.9992514673544571,0.0007474541863904144,0.9999989215408476,-9.408666707921716e-20,-9.408676854795382e-20,4.556909476712608e-11,0.9999999673508883,3.2603542988806554e-08,0.9999999999544312,-9.412125994982983e-20,-9.412125995411882e-20,19357.388092125642,3.5364489789478584e-06,8.402851378563081e-06,7.34719316955926e-09,585816.8763349146,-9.412133423313784e-20,432265.8889525338,0.9999538754087012,432399.897237132,0.9999538293052674,549942.5023523598,0.9999638223269625,1475181.5031874652,432265.8748833871,0.999954039212398,"Neel blocked, Brownian only",0.9999538753631342,0.9999527969992923,-1.465031108573584e-20,-9.812816750062888e-22,19.0,28.516660498395403,74.26542133780454,9.980927998682165e-22,1.6246569738115778e-24,1.7484823144897632e-08,1.0,-32.933213079668896,-32.93321308116963,-32.921108966533026,-32.92114447064259,-32.9332130796689,-32.93321308116963,-32.933239071543774,-5.126172523903259,-0.3433523787440008,0.34923462423754703,0.9999999999544309,0.0
superlattice,208.0,20.0,0.01,0.5,59.69026041820608,2.4414062499999997e+21,0.0008743690490948155,0.0011658253987930874,2.8717499200000004e-21,5.33867448464291e-11,0.9999999647118434,3.5234769604911e-08,0.999999999946613,-9.412125479686366e-20,-9.412125480188851e-20,1.0588664339124567e-06,0.9993214909920702,0.0006774501414958503,0.9999989411335661,-9.408989356978645e-20,-9.408999319852201e-20,5.338674485211222e-11,0.9999999647118437,3.523476964220408e-08,0.9999999999466134,-9.41212547968637e-20,-9.412125480188851e-20,16708.039908692757,3.465765869781389e-06,8.234903342316481e-06,7.200344604808979e-09,495135.14334145415,-9.412133423313784e-20,362222.65091284586,0.9999446229620964,362337.4676165155,0.9999449441354655,460974.09182455787,0.9999568794264047,1233997.2329480571,362222.638149489,0.9999443744257968,"Neel blocked, Brownian only",0.9999446229087124,0.9999435641542994,-1.465031108573584e-20,-9.812816750062888e-22,19.0,28.516660498395403,74.26542133780454,9.980927998682165e-22,3.582416501196654e-24,7.15085888280953e-08,1.0,-32.77487853011367,-32.77487853186342,-32.76395793188929,-32.76399262458132,-32.77487853011368,-32.77487853186342,-32.77490619139212,-5.101527463692186,-0.34170164615388543,0.3475556116210204,0.9999999999466133,2.220446049250313e-16
superlattice,209.0,20.0,0.01,0.5,59.69026041820608,2.4414062499999997e+21,0.0008743690490948155,0.0011658253987930874,2.88555641e-21,6.24508649921893e-11,0.9999999618874469,3.805010367642829e-08,0.9999999999375505,-9.412124934070191e-20,-9.412124934657974e-20,1.0396985575359185e-06,0.9993844481020351,0.0006145121994073067,0.9999989603014424,-9.409279375441864e-20,-9.40928915826623e-20,6.245086498886912e-11,0.9999999618874457,3.805010364789105e-08,0.9999999999375493,-9.412124934070179e-20,-9.412124934657973e-20,14441.620798587173,3.3967848708143046e-06,8.07099963955822e-06,7.057032280085121e-09,410325.4551733483,-9.412133423313784e-20,304008.5657005552,0.9999341283686184,304107.0626455904,0.9999340927248823,387026.8858531061,0.9999486504520602,1033898.5629830931,304008.55413602095,0.9999341044467428,"Neel blocked, Brownian only",0.999934128306173,0.9999330887385475,-1.465031108573584e-20,-9.812816750062888e-22,19.0,28.516660498395403,74.26542133780454,9.980927998682165e-22,3.901238021138672e-24,1.1638392161117395e-07,1.0,-32.61805903863855,-32.61805904067553,-32.60819765239614,-32.60823155512745,-32.61805903863851,-32.61805904067553,-32.61808845841895,-5.077118241377869,-0.340066710047886,0.345892666110872,0.9999999999375492,1.3322676295501878e-15
superlattice,210.0,20.0,0.01,0.5,59.69026041820608,2.4414062499999997e+21,0.0008743690490948155,0.0011658253987930874,2.8993629e-21,7.294488626832453e-11,0.9999999588667068,4.1060349137254205e-08,0.9999999999270559,-9.412124356689796e-20,-9.412124357376355e-20,1.0209457651633424e-06,0.9994411007201163,0.0005578783341185342,0.9999989790542348,-9.409540277245909e-20,-9.409549883886015e-20,7.294488626810451e-11,0.9999999588667059,4.106034913451878e-08,0.999999999927055,-9.412124356689786e-20,-9.412124357376354e-20,12499.980022432545,3.3294608039415905e-06,7.911032923934864e-06,6.917162335058705e-09,345256.8465825684,-9.412133423313784e-20,255547.8401758013,0.9999218886653076,255632.44160936374,0.9999216293400852,325463.094238227,0.9999387924218668,867615.574535232,255547.8296822239,0.9999213745778389,"Neel blocked, Brownian only",0.9999218885923692,0.9999208677992899,-1.465031108573584e-20,-9.812816750062888e-22,19.0,28.516660498395403,74.26542133780454,9.980927998682165e-22,4.01511208720672e-24,9.686046409385085e-09,1.0,-32.462732956573994,-32.46273295894196,-32.45382037980105,-32.453853513425365,-32.462732956573966,-32.462732958941956,-32.46276422766458,-5.052941487847499,-0.33844734476194366,0.3442455581770107,0.9999999999270551,7.771561172376096e-16
superlattice,211.0,20.0,0.01,0.5,59.69026041820608,2.4414062499999997e+21,0.0008743690490948155,0.0011658253987930874,2.91316939e-21,8.507693658565556e-11,0.9999999556381108,4.427681212652311e-08,0.9999999999149229,-9.412123746049582e-20,-9.412123746850338e-20,1.0025980893546558e-06,0.9994921238820595,0.0005068735198512208,0.9999989974019108,-9.40977517495246e-20,-9.40978460918453e-20,8.507693658752935e-11,0.999999955638111,4.4276812138052606e-08,0.999999999914923,-9.412123746049585e-20,-9.41212374685034e-20,10834.205678580041,3.263749703624022e-06,7.754898730234536e-06,6.780643428581763e-09,290852.01339551253,-9.412133423313784e-20,215142.1811355406,0.9999070444969886,215214.9361831337,0.9999072261601255,274125.3070371935,0.9999269722706181,729211.0140566969,215142.1716051704,0.9999069922325717,"Neel blocked, Brownian only",0.9999070444119195,0.9999060419920964,-1.465031108573584e-20,-9.812816750062888e-22,19.0,28.516660498395403,74.26542133780454,9.980927998682165e-22,1.8742235209143435e-25,7.428375159435063e-08,1.0,-32.308879045476935,-32.30887904822568,-32.300817134950265,-32.30084951972027,-32.30887904547694,-32.308879048225684,-32.30891226450029,-5.0289938978577,-0.33684332890999136,0.34261406264062677,0.999999999914923,1.1102230246251565e-16
superlattice,212.0,20.0,0.01,0.5,59.69026041820608,2.4414062499999997e+21,0.0008743690490948155,0.0011658253987930874,2.92697588e-21,9.908284824107838e-11,0.9999999521895988,4.771131737107301e-08,0.9999999999009161,-9.412123100601895e-20,-9.412123101534484e-20,9.846459710285355e-07,0.9995381157891784,0.00046089956485046433,0.9999990153540289,-9.40998682663858e-20,-9.40999609215332e-20,9.908284823987633e-11,0.9999999521895998,4.7711317364129685e-08,0.9999999999009171,-9.412123100601904e-20,-9.412123101534484e-20,9403.094435349327,3.199608789302608e-06,7.602495408841689e-06,6.647386681376608e-09,244016.68012787407,-9.412133423313784e-20,181399.81126625143,0.9998896965060833,181462.45418662662,0.9998898161785241,231245.99241473264,0.9999138001787509,613827.7898245445,181399.80260135414,0.9998894295843229,"Neel blocked, Brownian only",0.9998896964070103,0.9998887119687221,-1.465031108573584e-20,-9.812816750062888e-22,19.0,28.516660498395403,74.26542133780454,9.980927998682165e-22,4.7772155502990705e-24,9.009234380741304e-08,1.0,-32.156476467451775,-32.15647647063796,-32.14917789701287,-32.14920955260253,-32.1564764674518,-32.15647647063796,-32.15651173495076,-5.005272228528183,-0.3352544452830574,0.3409979585715672,0.9999999999009171,9.992007221626409e-16
superlattice,213.0,20.0,0.01,0.5,59.69026041820608,2.4414062499999997e+21,0.0008743690490948155,0.0011658253987930874,2.94078237e-21,1.1522949157647919e-10,0.9999999485085465,5.1376224787009554e-08,0.9999999998847713,-9.41212241874599e-20,-9.412122419830536e-20,9.670804561209295e-07,0.9995796069684633,0.0004194259510806949,0.999999032919544,-9.410177678149352e-20,-9.410186778557074e-20,1.1522949157734523e-10,0.9999999485085458,5.137622479201498e-08,0.9999999998847706,-9.412122418745984e-20,-9.412122419830536e-20,8171.884711161828,3.136996437907761e-06,7.4537240604169765e-06,6.51730561892194e-09,206706.80052440046,-9.412133423313784e-20,153178.25863124547,0.9998693480719422,153232.25921060878,0.9998695820030332,195374.5948486032,0.9998979281569519,517485.8192024278,153178.25076045643,0.9998690597770467,"Neel blocked, Brownian only",0.9998693479567285,0.999868381117837,-1.465031108573584e-20,-9.812816750062888e-22,19.0,28.516660498395403,74.26542133780454,9.980927998682165e-22,5.044019290162225e-24,6.9922481138462445e-09,1.0,-32.005504775744384,-32.005504779432336,-31.998891771611618,-31.998922717144396,-32.00550477574436,-32.005504779432336,-32.00554219628902,-4.981773297877815,-0.3336804807512121,0.3393970291886021,0.9999999998847705,7.771561172376096e-16
superlattice,214.0,20.0,0.01,0.5,59.69026041820608,2.4414062499999997e+21,0.0008743690490948155,0.0011658253987930874,2.95458886e-21,1.3381846553288006e-10,0.9999999445817338,5.528444631222909e-08,0.9999999998661802,-9.41212169882691e-20,-9.412121700086438e-20,9.498925059427639e-07,0.9996170686543737,0.00038198145312035026,0.999999050107494,-9.410349901765518e-20,-9.41035884059486e-20,1.3381846553616368e-10,0.9999999445817351,5.528444632870328e-08,0.9999999998661815,-9.412121698826922e-20,-9.412121700086438e-20,7111.206284311353,3.0758721565197892e-06,7.30848847093665e-06,6.390316114653301e-09,175128.55345161923,-9.412133423313784e-20,129538.1668483128,0.9998456669194242,129584.77214784556,0.9998454969759534,165318.70716887192,0.9998797119291613,436918.2948657366,129538.15968811618,0.9998450975982602,"Neel blocked, Brownian only",0.999845666785625,0.9998447171735181,-1.465031108573584e-20,-9.812816750062888e-22,19.0,28.516660498395403,74.26542133780454,9.980927998682165e-22,5.299004584079372e-24,5.731526153684996e-08,1.0,-31.855943905599474,-31.85594390986243,-31.849947142105986,-31.849977396160828,-31.855943905599513,-31.85594390986243,-31.85598358789515,-4.958493983401751,-0.3321212261682625,0.33781106176248715,0.9999999998661815,1.3322676295501878e-15
superlattice,215.0,20.0,0.01,0.5,59.69026041820608,2.4414062499999997e+21,0.0008743690490948155,0.0011658253987930874,2.96839535e-21,1.5519017831256862e-10,0.9999999403953468,5.9449462963388944e-08,0.9999999998448097,-9.412120939134625e-20,-9.412120940595295e-20,9.330734200207915e-07,0.9996509196151812,0.00034814731139872054,0.9999990669265799,-9.410505427689362e-20,-9.41051420839004e-20,1.551901783098269e-10,0.9999999403953468,5.944946295092437e-08,0.9999999998448097,-9.412120939134625e-20,-9.412120940595295e-20,6196.207993581466,3.01619655523131e-06,7.1666950472117395e-06,6.266336333583053e-09,148516.73624580205,-9.412133423313784e-20,109705.93848344375,0.9998178382852788,109746.20800330254,0.9998179103662589,140096.5166870743,0.9998575322087394,369439.4930871587,109705.93195910961,0.9998175404303317,"Neel blocked, Brownian only",0.9998178381301168,0.999816905381829,-1.465031108573584e-20,-9.812816750062888e-22,19.0,28.516660498395403,74.26542133780454,9.980927998682165e-22,3.464132356749764e-25,6.134800756285586e-08,1.0,-31.70777416537398,-31.70777417029472,-31.70233179245939,-31.70236137309014,-31.70777416537398,-31.70777417029472,-31.707816222370056,-4.935431220688255,-0.3305764762791078,0.33623984752173136,0.9999999998448098,1.1102230246251565e-16
superlattice,216.0,20.0,0.01,0.5,59.69026041820608,2.4414062499999997e+21,0.0008743690490948155,0.0011658253987930874,2.98220184e-21,1.7972835394969072e-10,0.9999999359349298,6.388534211057434e-08,0.9999999998202719,-9.412120137902774e-20,-9.412120139594397e-20,9.166150088663261e-07,0.9996815322689736,0.0003175511160175029,0.9999990833849911,-9.410645972255397e-20,-9.410654598202645e-20,1.7972835394384548e-10,0.9999999359349296,6.388534208562086e-08,0.9999999998202718,-9.412120137902774e-20,-9.412120139594398e-20,5405.832216515084,2.9579313202561624e-06,7.028252752992957e-06,6.145286676432471e-09,125846.63699653554,-9.412133423313784e-20,93043.47147753202,0.999784839754558,93078.30647533161,0.9997852947827921,118898.2986224076,0.9998328821987402,312837.86554578907,93043.4655316521,0.9997845258207775,"Neel blocked, Brownian only",0.9997848395748685,0.9997839233367682,-1.465031108573584e-20,-9.812816750062888e-22,19.0,28.516660498395403,74.26542133780454,9.980927998682165e-22,4.665364590801311e-29,3.242557666816026e-08,1.0,-31.56097622789601,-31.560976233568404,-31.556033015710955,-31.556061940470954,-31.56097622789601,-31.560976233568407,-31.561020776896118,-4.9125820020739575,-0.32904602962966745,0.3346831815609826,0.9999999998202717,2.220446049250313e-16
superlattice,217.0,20.0,0.01,0.5,59.69026041820608,2.4414062499999997e+21,0.0008743690490948155,0.0011658253987930874,2.99600833e-21,2.0786500333481962e-10,0.9999999311853807,6.860675496273024e-08,0.9999999997921356,-9.412119293307782e-20,-9.412119295264226e-20,9.005091539145129e-07,0.9997092382577379,0.000289861233108219,0.9999990994908462,-9.410773063644866e-20,-9.410781538139786e-20,2.0786500333555943e-10,0.9999999311853802,6.860675496609279e-08,0.9999999997921352,-9.412119293307777e-20,-9.412119295264226e-20,4722.210508594326,2.901039187324292e-06,6.89307304575505e-06,6.0270897243579466e-09,107085.35183061277,-9.412133423313784e-20,79023.6007393155,0.9997465384565108,79053.76877207625,0.9997471532455294,101055.18254862945,0.9998025573097946,265289.43310514715,79023.59531482056,0.9997467132234182,"Neel blocked, Brownian only",0.9997465382486992,0.9997456381756015,-1.465031108573584e-20,-9.812816750062888e-22,19.0,28.516660498395403,74.26542133780454,9.980927998682165e-22,2.9986868836993346e-24,4.0218024244254025e-08,1.0,-31.415531122063943,-31.41553112859411,-31.41103771111633,-31.411065997068793,-31.415531122063925,-31.41553112859411,-31.41557828483669,-4.889943375336289,-0.3275296884793003,0.3331408627519458,0.9999999997921349,6.661338147750939e-16
superlattice,218.0,20.0,0.01,0.5,59.69026041820608,2.4414062499999997e+21,0.0008743690490948155,0.0011658253987930874,3.00981482e-21,2.400859011473069e-10,0.9999999261309206,7.36289942566839e-08,0.9999999997599148,-9.412118403467752e-20,-9.412118405727462e-20,8.847479881829205e-07,0.9997343331059838,0.0002647821460278106,0.9999991152520116,-9.410888063373633e-20,-9.410896389645283e-20,2.400859011431561e-10,0.9999999261309198,7.362899424189691e-08,0.999999999759914,-9.412118403467747e-20,-9.412118405727464e-20,4130.159413029858,2.845483915397124e-06,6.761069814242705e-06,5.911670184343055e-09,90711.13282033143,-9.412133423313784e-20,67210.1362271862,0.9997023909589032,67236.29180146196,0.9997026068063906,86013.77563479119,0.9997682660303558,225287.50944322508,67210.13127725053,0.9997025166475788,"Neel blocked, Brownian only",0.9997023907188896,0.9997015064742238,-1.465031108573584e-20,-9.812816750062888e-22,19.0,28.516660498395403,74.26542133780454,9.980927998682165e-22,3.2680692188351573e-24,1.0416275841862443e-08,1.0,-31.271420224675985,-31.271420232183793,-31.26733246457213,-31.26736012830611,-31.27142022467597,-31.2714202321838,-31.271470127566797,-4.867512442421902,-0.3260272587156338,0.3316126936567534,0.999999999759914,7.771561172376096e-16
superlattice,219.0,20.0,0.01,0.5,59.69026041820608,2.4414062499999997e+21,0.0008743690490948155,0.0011658253987930874,3.02362131e-21,2.769366132272558e-10,0.9999999207550718,7.896799214242625e-08,0.999999999723064,-9.412117466441465e-20,-9.41211746904802e-20,8.69324127615779e-07,0.9997570803139242,0.00024205036194841606,0.9999991306758726,-9.410992185171508e-20,-9.411000366381188e-20,2.769366132369923e-10,0.9999999207550712,7.896799217625503e-08,0.9999999997230633,-9.41211746644146e-20,-9.412117469048021e-20,3616.759214443383,2.791230260733629e-06,6.632159316849677e-06,5.798954835319174e-09,77586.70093542477,-9.412133423313784e-20,57241.61101210945,0.9996506464640919,57264.312873047784,0.9996507792587024,73315.5102662992,0.9997281450149754,191585.58179365657,57241.606488078294,0.9996503226269742,"Neel blocked, Brownian only",0.9996506461872525,0.999649777443666,-1.465031108573584e-20,-9.812816750062888e-22,19.0,28.516660498395403,74.26542133780454,9.980927998682165e-22,7.826560189635251e-29,1.1347015294038698e-07,1.0,-31.128625252483964,-31.128625261104602,-31.12490361820974,-31.124930675862938,-31.12862525248395,-31.12862526110461,-31.128678026527677,-4.84528635820993,-0.3245385497717268,0.3300984804437089,0.9999999997230634,5.551115123125783e-16
superlattice,220.0,20.0,0.01,0.5,59.69026041820608,2.4414062499999997e+21,0.0008743690490948155,0.0011658253987930874,3.0374278e-21,3.190291221726666e-10,0.9999999150406313,8.464033825711629e-08,0.9999999996809696,-9.412116480227326e-20,-9.412116483230077e-20,8.542301714235394e-07,0.9997777151652303,0.00022143060459823449,0.9999991457698285,-9.41108651254918e-20,-9.411094551790093e-20,3.190291221731222e-10,0.9999999150406328,8.464033825945901e-08,0.9999999996809711,-9.412116480227338e-20,-9.412116483230076e-20,3171.001476338732,2.738243951333194e-06,6.506260120893264e-06,5.688872475068962e-09,66020.39979431641,-9.412133423313784e-20,48818.028246715156,0.9995903076107795,48837.75397579846,0.9995907234570409,62579.80900218226,0.9996812235066522,163150.81020383912,48818.02411303746,0.9995902456872076,"Neel blocked, Brownian only",0.9995903072918798,0.9995894537305796,-1.465031108573584e-20,-9.812816750062888e-22,19.0,28.516660498395403,74.26542133780454,9.980927998682165e-22,7.547770700086165e-24,4.491479432822132e-08,1.0,-30.987128254463613,-30.98712826434945,-30.983737333770303,-30.98376380103617,-30.987128254463656,-30.987128264349447,-30.987184035498007,-4.823262329308976,-0.32306337454549167,0.3285980328053284,0.9999999996809709,1.2212453270876722e-15
superlattice,221.0,20.0,0.01,0.5,59.69026041820608,2.4414062499999997e+21,0.0008743690490948155,0.0011658253987930874,3.05123429e-21,3.6704910238315404e-10,0.9999999089696516,9.066329798012119e-08,0.9999999996329496,-9.412115442762398e-20,-9.412115446217119e-20,8.394592818964121e-07,0.9997964477735075,0.00020271276721055325,0.999999160540718,-9.41117201284718e-20,-9.411179913149513e-20,3.670491023906341e-10,0.9999999089696526,9.066329800223621e-08,0.9999999996329506,-9.41211544276241e-20,-9.412115446217122e-20,2783.493704962788,2.6864916617777424e-06,6.383293042837411e-06,5.581353867959298e-09,56321.60598442018,-9.412133423313784e-20,41690.03670114062,0.999520318295209,41707.19496021377,0.9995207245964568,53490.339099160505,0.9996272265715243,139126.11066447137,41690.03291996161,0.999520220875987,"Neel blocked, Brownian only",0.9995203179283347,0.9995194792386003,-1.465031108573584e-20,-9.812816750062888e-22,19.0,28.516660498395403,74.26542133780454,9.980927998682165e-22,8.022214612627945e-24,7.148732072970176e-08,1.0,-30.84691160429505,-30.846911615617426,-30.8438196427295,-30.843845534881925,-30.84691160429509,-30.846911615617433,-30.846970533074938,-4.8014376128867635,-0.3216015493213039,0.32711116387860745,0.9999999996329509,1.3322676295501878e-15
superlattice,222.0,20.0,0.01,0.5,59.69026041820608,2.4414062499999997e+21,0.0008743690490948155,0.0011658253987930874,3.06504078e-21,4.217638993955275e-10,0.9999999025234072,9.705483086122367e-08,0.999999999578238,-9.412114351921333e-20,-9.412114355891004e-20,8.250047134536652e-07,0.9998134660463358,0.00018570894895075628,0.9999991749952866,-9.41124955091071e-20,-9.411257315242355e-20,4.2176389939570527e-10,0.9999999025234051,9.705483086155315e-08,0.9999999995782359,-9.412114351921312e-20,-9.412114355891004e-20,2446.211527872362,2.6359409884922465e-06,6.263181089509952e-06,5.476331693543447e-09,48177.356914730895,-9.412133423313784e-20,35650.07577860723,0.9994390441017063,35665.01666146654,0.9994391692150562,45783.77168852238,0.9995637403531367,118799.18863741113,35650.07231558085,0.9994395338448204,"Neel blocked, Brownian only",0.9994390436801809,0.9994382195597841,-1.465031108573584e-20,-9.812816750062888e-22,19.0,28.516660498395403,74.26542133780454,9.980927998682165e-22,4.8438559027217136e-24,4.677090492677394e-08,1.0,-30.707957993046122,-30.70795800599757,-30.705136493846943,-30.705161825750174,-30.707957993046055,-30.70795800599757,-30.708020215358385,-4.779809515531418,-0.3201528936937305,0.32563769016744254,0.9999999995782362,1.887379141862766e-15
superlattice,223.0,20.0,0.01,0.5,59.69026041820608,2.4414062499999997e+21,0.0008743690490948155,0.0011658253987930874,3.0788472700000002e-21,4.840312721749608e-10,0.99999989568236,1.0383360921401742e-07,0.9999999995159693,-9.412113205515265e-20,-9.412113210071017e-20,8.108600740945432e-07,0.9998289381086789,0.00017025103124702535,0.9999991891399259,-9.411319900266316e-20,-9.411327531536055e-20,4.840312721800543e-10,0.9999998956823595,1.0383360922723541e-07,0.9999999995159687,-9.412113205515259e-20,-9.412113210071016e-20,2152.2904502989954,2.586560425439698e-06,6.145849400352152e-06,5.373740496065854e-09,41204.581839236474,-9.412133423313784e-20,30525.12054680132,0.9993449404734546,30538.14432273895,0.9993455418204188,39240.57472150301,0.999491707925587,101577.20940942856,30525.11737506229,0.9993448305310569,"Neel blocked, Brownian only",0.9993449399897409,0.9993441301445422,-1.465031108573584e-20,-9.812816750062888e-22,19.0,28.516660498395403,74.26542133780454,9.980927998682165e-22,2.970696615214752e-25,1.1195300020361287e-08,1.0,-30.570250422052485,-30.570250436849427,-30.56767379132228,-30.567698577448613,-30.570250422052464,-30.570250436849424,-30.570316088832115,-4.7583753921433845,-0.3187172304933102,0.3241774314671401,0.9999999995159687,5.551115123125783e-16
superlattice,224.0,20.0,0.01,0.5,59.69026041820608,2.4414062499999997e+21,0.0008743690490948155,0.0011658253987930874,3.0926537600000002e-21,5.548089610441087e-10,0.9999998884261548,1.1101903686633079e-07,0.9999999994451917,-9.412112001291039e-20,-9.412112006512958e-20,7.97019316938322e-07,0.9998430145114644,0.00015618846921877373,0.9999992029806831,-9.411383753309197e-20,-9.411391254369825e-20,5.54808961047344e-10,0.9999998884261541,1.1101903687425556e-07,0.9999999994451909,-9.412112001291032e-20,-9.412112006512958e-20,1895.8506256083126,2.5383193402637963e-06,6.031225190732054e-06,5.273516634897084e-09,35384.50042328452,-9.412133423313784e-20,26170.728569066767,0.9992361638118344,26182.093050784722,0.9992364076637323,33677.45997359551,0.9994070017041125,86966.04722217451,26170.725661274977,0.9992360291326672,"Neel blocked, Brownian only",0.9992361632574499,0.9992353674013098,-1.465031108573584e-20,-9.812816750062888e-22,19.0,28.516660498395403,74.26542133780454,9.980927998682165e-22,5.247525609938838e-24,6.37507153733452e-08,1.0,-30.4337721959895,-30.433772212874413,-30.431417428730192,-30.431441683177056,-30.433772195989476,-30.433772212874413,-30.43384146343554,-4.73713264485703,-0.31729438571432217,0.3227302107909475,0.999999999445191,6.661338147750939e-16
superlattice,225.0,20.0,0.01,0.5,59.69026041820608,2.4414062499999997e+21,0.0008743690490948155,0.0011658253987930874,3.1064602500000002e-21,6.351651481578505e-10,0.9999998807335668,1.1863126805943926e-07,0.9999999993648349,-9.412110736929986e-20,-9.41211074290823e-20,7.834764967388972e-07,0.9998558302223208,0.00014338630118224452,0.9999992165235031,-9.411441730486964e-20,-9.411449104136138e-20,6.351651481597135e-10,0.9999998807335666,1.1863126806400843e-07,0.9999999993648346,-9.412110736929982e-20,-9.412110742908229e-20,1671.8492037966662,2.491187950890228e-06,5.919237696347472e-06,5.175598235921525e-09,30341.052499080215,-9.412133423313784e-20,22466.147509650502,0.9991100193193847,22476.07430836947,0.9991106554614686,28941.17742075225,0.9993101044498994,74553.25956837706,22466.144842483292,0.9991100613662793,"Neel blocked, Brownian only",0.9991100186847849,0.9991092365401667,-1.465031108573584e-20,-9.812816750062888e-22,19.0,28.516660498395403,74.26542133780454,9.980927998682165e-22,5.1500914298125765e-24,3.6842320305652265e-08,1.0,-30.2985069161274,-30.298506935371954,-30.29635331881991,-30.296377055319272,-30.298506916127387,-30.29850693537195,-30.298579945820272,-4.716078721990999,-0.31588418844448074,0.3212958542985433,0.9999999993648349,0.0
superlattice,226.0,20.0,0.01,0.5,59.69026041820608,2.4414062499999997e+21,0.0008743690490948155,0.0011658253987930874,3.1202667400000002e-21,7.262898818689053e-10,0.9999998725824844,1.2669122648768378e-07,0.9999999992737109,-9.412109410047036e-20,-9.412109416882948e-20,7.702261926741317e-07,0.9998675062579515,0.00013172351585581096,0.9999992297738073,-9.411494387826478e-20,-9.411501636811551e-20,7.262898818639121e-10,0.9999998725824835,1.2669122647740088e-07,0.99999999927371,-9.412109410047028e-20,-9.412109416882949e-20,1475.9557493545735,2.4451373025949632e-06,5.809818118738661e-06,5.079925143895353e-09,26067.44943744415,-9.412133423313784e-20,19310.288562943428,0.9989651165339574,19318.968375622262,0.9989653871963384,24903.408881459043,0.9991982293266234,63994.09688189592,19310.28611439005,0.9989649794405333,"Neel blocked, Brownian only",0.9989651158084198,0.998964347104859,-1.465031108573584e-20,-9.812816750062888e-22,19.0,28.516660498395403,74.26542133780454,9.980927998682165e-22,1.7140338504329042e-28,5.478400644243209e-08,1.0,-30.16443847376662,-30.164438495674723,-30.16246741721343,-30.162490649153767,-30.164438473766598,-30.164438495674727,-30.16451543278567,-4.695211117026437,-0.31448647079649633,0.31987419122642585,0.9999999992737101,7.771561172376096e-16
superlattice,227.0,20.0,0.01,0.5,59.69026041820608,2.4414062499999997e+21,0.0008743690490948155,0.0011658253987930874,3.1340732300000002e-21,8.29507540985422e-10,0.9999998639498691,1.3522062447003383e-07,0.9999999991704935,-9.412108018189649e-20,-9.412108025997053e-20,7.572631437053663e-07,0.9998781512744107,0.00012109146244562737,0.9999992427368564,-9.411542224271051e-20,-9.4115493512905e-20,8.29507540972918e-10,0.9999998639498682,1.3522062444630394e-07,0.9999999991704926,-9.412108018189639e-20,-9.412108025997052e-20,1304.4469836467583,2.4001392455461512e-06,5.702899571926269e-06,4.986438875788403e-09,22436.967364421336,-9.412133423313784e-20,16618.407545432594,0.9987968726826539,16626.00464753055,0.9987977343015904,21456.559890978075,0.9990695096292709,54999.98936150612,16618.40529612569,0.9987967294931563,"Neel blocked, Brownian only",0.9987968718541455,0.9987961163305943,-1.465031108573584e-20,-9.812816750062888e-22,19.0,28.516660498395403,74.26542133780454,9.980927998682165e-22,1.1026372563127085e-23,9.93612947475242e-08,1.0,-30.031551043846054,-30.031551068757423,-30.02974574487224,-30.02976848530913,-30.031551043846026,-30.03155106875742,-30.031632104887937,-4.674527367612224,-0.3131010678414457,0.318465053820142,0.9999999991704924,1.1102230246251565e-15
superlattice,228.0,20.0,0.01,0.5,59.69026041820608,2.4414062499999997e+21,0.0008743690490948155,0.0011658253987930874,3.1478797200000003e-21,9.462904198014736e-10,0.9999998548117286,1.4424198224503114e-07,0.9999999990537108,-9.412106558836872e-20,-9.412106567743447e-20,7.445825215006434e-07,0.9998878628616708,0.0001113925558077176,0.9999992554174785,-9.411585687649913e-20,-9.411592695357333e-20,9.462904198079525e-10,0.9999998548117273,1.4424198225649356e-07,0.9999999990537095,-9.41210655883686e-20,-9.412106567743447e-20,1154.1177369809611,2.3561664128240984e-06,5.598417030185272e-06,4.895082575119318e-09,19328.40496537367,-9.412133423313784e-20,14319.365330334358,0.9986044598990487,14326.021387772582,0.9986047784528768,18510.28665971784,0.9989214430443816,47329.05840218795,14319.363262965055,0.998604381337612,"Neel blocked, Brownian only",0.9986044589540801,0.998603716355622,-1.465031108573584e-20,-9.812816750062888e-22,19.0,28.516660498395403,74.26542133780454,9.980927998682165e-22,6.4946177167032995e-24,3.079739729905384e-08,1.0,-29.899829078719918,-29.899829107013804,-29.8981744056279,-29.898196667302564,-29.89982907871988,-29.899829107013804,-29.899914420217375,-4.65402505459638,-0.31172781754389545,0.3170682772682993,0.9999999990537096,1.2212453270876722e-15
superlattice,229.0,20.0,0.01,0.5,59.69026041820608,2.4414062499999997e+21,0.0008743690490948155,0.0011658253987930874,3.1616862100000003e-21,1.0782735198906438e-09,0.99999984514308,1.537786473804756e-07,0.9999999989217274,-9.412105029398328e-20,-9.412105039547142e-20,7.321795853324661e-07,0.9998967287889016,0.00010253903151311878,0.9999992678204147,-9.411625180423877e-20,-9.411632071428744e-20,1.0782735198757143e-09,0.9999998451430789,1.5377864735513803e-07,0.9999999989217263,-9.412105029398318e-20,-9.412105039547143e-20,1022.2055159490955,2.3131921989223833e-06,5.496307276962105e-06,4.80580096729027e-09,16675.39964909368,-9.412133423313784e-20,12353.363226323889,0.9983826852988759,12359.20053509311,0.9983828872153381,15988.62550818819,0.99875136965183,40778.285250894274,12353.361324829773,0.9983825360489121,"Neel blocked, Brownian only",0.9983826842223472,0.9983819543034553,-1.465031108573584e-20,-9.812816750062888e-22,19.0,28.516660498395403,74.26542133780454,9.980927998682165e-22,1.328367613856468e-23,9.705776626844909e-08,1.0,-29.769257302097436,-29.76925733419681,-29.767739602545426,-29.767761397892624,-29.769257302097405,-29.769257334196812,-29.769347108338696,-4.633701801082859,-0.31036656069872565,0.3156836996383067,0.9999999989217265,8.881784197001252e-16
superlattice,230.0,20.0,0.01,0.5,59.69026041820608,2.4414062499999997e+21,0.0008743690490948155,0.0011658253987930874,3.1754927000000003e-21,1.2272706399972639e-09,0.999999834917914,1.6385481428917199e-07,0.9999999987727283,-9.412103427213215e-20,-9.412103438764424e-20,7.200503112631826e-07,0.999904827965922,9.445198376672312e-05,0.9999992799496886,-9.411661064116162e-20,-9.411667840990522e-20,1.227270640008017e-09,0.999999834917915,1.6385481430621048e-07,0.9999999987727293,-9.412103427213224e-20,-9.412103438764423e-20,906.3265221082685,2.271190738731455e-06,5.39650885493821e-06,4.7185403159240745e-09,14397.224674689407,-9.412133423313784e-20,10670.068310231258,0.998127666811411,10675.192555027763,0.9981282473425096,13827.616829203214,0.9985560254125623,35177.03817339313,10670.066560032004,0.9981274821362753,"Neel blocked, Brownian only",0.9981276655864371,0.9981269481092737,-1.465031108573584e-20,-9.812816750062888e-22,19.0,28.516660498395403,74.26542133780454,9.980927998682165e-22,6.782092127250734e-24,1.1390836629487922e-07,1.0,-29.639820703140696,-29.63982073951681,-29.63842764971924,-29.638448990893668,-29.63982070314072,-29.639820739516807,-29.639915164389397,-4.613555271512933,-0.30901714086960075,0.3143111618137924,0.9999999987727294,1.1102230246251565e-15
superlattice,231.0,20.0,0.01,0.5,59.69026041820608,2.4414062499999997e+21,0.0008743690490948155,0.0011658253987930874,3.1892991900000003e-21,1.3952918609441974e-09,0.999999824109165,1.7449554384196357e-07,0.9999999986047088,-9.412101749549404e-20,-9.412101762682027e-20,7.081905429359854e-07,0.9999122315021947,8.706030726250005e-05,0.9999992918094571,-9.411693664201661e-20,-9.411700329478826e-20,1.3952918609429634e-09,0.9999998241091645,1.7449554384087635e-07,0.9999999986047083,-9.412101749549397e-20,-9.412101762682024e-20,804.4213146658824,2.230136887004843e-06,5.298962017240323e-06,4.633248380203966e-09,12453.617558845779,-9.412133423313784e-20,9227.059386108935,0.9978347331602966,9231.561992477016,0.9978357695095161,11973.335567879127,0.9983322945306308,30381.714887841452,9227.057774295783,0.9978345517526486,"Neel blocked, Brownian only",0.9978347317680265,0.9978340265031752,-1.465031108573584e-20,-9.812816750062888e-22,19.0,28.516660498395403,74.26542133780454,9.980927998682165e-22,3.4393088084122674e-28,6.0930654077751e-08,1.0,-29.51150453071605,-29.511504571893195,-29.51022498520015,-29.510245884077204,-29.511504530716028,-29.511504571893184,-29.511603843331432,-4.593583170770453,-0.3076794043290397,0.31295050743364605,0.9999999986047081,6.661338147750939e-16
superlattice,232.0,20.0,0.01,0.5,59.69026041820608,2.4414062499999997e+21,0.0008743690490948155,0.0011658253987930874,3.2031056800000003e-21,1.5845625283057834e-09,0.9999998126886551,1.8572678306926878e-07,0.9999999984154382,-9.412099993602271e-20,-9.412100008516326e-20,6.965970670508332e-07,0.9999190033941858,8.030000874703756e-05,0.9999993034029329,-9.411723273270892e-20,-9.411729829454287e-20,1.5845625283340389e-09,0.9999998126886545,1.8572678310787998e-07,0.9999999984154375,-9.412099993602268e-20,-9.412100008516328e-20,714.7086056354673,2.1900061983068597e-06,5.203608679794789e-06,4.549874373213698e-09,10780.6457240147,-9.412133423313784e-20,7988.536956085906,0.9974990031894785,7992.497093025002,0.9975009089332831,10380.25635921414,0.998076577962056,26271.301895293553,7988.535470662281,0.9974991628418288,"Neel blocked, Brownian only",0.9974990016088796,0.9974983083345984,-1.465031108573584e-20,-9.812816750062888e-22,19.0,28.516660498395403,74.26542133780454,9.980927998682165e-22,2.7633443587639266e-28,2.7094618226808365e-07,1.0,-29.384294287793434,-29.384294334354667,-29.383118178201634,-29.383138646409837,-29.384294287793423,-29.384294334354674,-29.384398654351557,-4.573783243310236,-0.3063532000000352,0.31160158283263895,0.9999999984154375,6.661338147750939e-16
superlattice,233.0,20.0,0.01,0.5,59.69026041820608,2.4414062499999997e+21,0.0008743690490948155,0.0011658253987930874,3.2169121700000003e-21,1.7975438416743777e-09,0.9999998006270705,1.975753849423022e-07,0.9999999982024554,-9.412098156493908e-20,-9.412098173412575e-20,6.852663530806101e-07,0.9999252014247637,7.411330888320691e-05,0.9999993147336469,-9.411750155185415e-20,-9.41175660474554e-20,1.7975438416574165e-09,0.9999998006270712,1.9757538492024104e-07,0.9999999982024561,-9.412098156493913e-20,-9.412098173412572e-20,635.6459216396095,2.1507749074395635e-06,5.110392374820654e-06,4.468368921273331e-09,9345.323343884013,-9.412133423313784e-20,6924.2508729691435,0.9971159090361215,6927.737166580681,0.9971174185445588,9009.894562140258,0.9977839528922723,22743.688695771267,6924.249503178926,0.9971157116018436,"Neel blocked, Brownian only",0.9971159072437612,0.9971152257461389,-1.465031108573584e-20,-9.812816750062888e-22,19.0,28.516660498395403,74.26542133780454,9.980927998682165e-22,1.6797365439203065e-23,2.1864436261509468e-08,1.0,-29.258175725991013,-29.258175778583887,-29.25709393920262,-29.257113988118423,-29.258175725991027,-29.25817577858388,-29.258285355405842,-4.554153272308904,-0.30503837939917666,0.31026423698357186,0.9999999982024561,6.661338147750939e-16
superlattice,234.0,20.0,0.01,0.5,59.69026041820608,2.4414062499999997e+21,0.0008743690490948155,0.0011658253987930874,3.2307186600000003e-21,2.0369551656833226e-09,0.9999997878939187,2.1006912822513335e-07,0.999999997963047,-9.412096235272097e-20,-9.412096254444095e-20,6.741958792879797e-07,0.9999308776607693,6.844814335132626e-05,0.9999993258041205,-9.411774547364946e-20,-9.411780892748841e-20,2.036955165655134e-09,0.9999997878939166,2.100691281913624e-07,0.9999999979630448,-9.412096235272075e-20,-9.412096254444093e-20,565.896070913112,2.112419910345835e-06,5.019258205454041e-06,4.3886840242642e-09,8110.033452394197,-9.412133423313784e-20,6008.6077472167,0.9966774759714282,6011.679743480358,0.9966784669808944,7829.675069971802,0.9974506643346719,19712.604380961257,6008.606483295323,0.9966769163107286,"Neel blocked, Brownian only",0.996677473941243,0.9966768040155808,-1.465031108573584e-20,-9.812816750062888e-22,19.0,28.516660498395403,74.26542133780454,9.980927998682165e-22,1.552736386982726e-23,1.5435691125276207e-07,1.0,-29.13313484025903,-29.133134899601856,-29.13213912400823,-29.13215876478963,-29.13313484025896,-29.13313489960185,-29.13324994790411,-4.534691078837499,-0.3037347965812315,0.308938321440907,0.9999999979630448,2.1094237467877974e-15
superlattice,235.0,20.0,0.01,0.5,59.69026041820608,2.4414062499999997e+21,0.0008743690490948155,0.0011658253987930874,3.2445251500000003e-21,2.3057981845425246e-09,0.9999997744574628,2.2323673738871893e-07,0.9999999976942002,-9.412094226909156e-20,-9.412094248611562e-20,6.633833758373751e-07,0.9999360791327139,6.325748391021211e-05,0.9999993366166241,-9.41179666392645e-20,-9.411802907560036e-20,2.305798184533153e-09,0.9999997744574645,2.2323673737765957e-07,0.9999999976942019,-9.412094226909171e-20,-9.412094248611559e-20,504.29852428420264,2.07491874548459e-06,4.930152801494336e-06,4.310773016934743e-09,7042.7890217567565,-9.412133423313784e-20,5219.926978449816,0.9961757876240135,5222.636395930337,0.9961781671900662,6811.989434251592,0.9970700567215324,17105.068069187622,5219.925811529929,0.9961755608234496,"Neel blocked, Brownian only",0.9961757853270315,0.9961751267775565,-1.465031108573584e-20,-9.812816750062888e-22,19.0,28.516660498395403,74.26542133780454,9.980927998682165e-22,9.53232424127193e-25,6.405986829882693e-08,1.0,-29.009157863698963,-29.009157930588273,-29.00824074033283,-29.008259983930266,-29.009157863699006,-29.009157930588266,-29.009278671530048,-4.515394521055211,-0.3024423080851411,0.3076236902858393,0.9999999976942018,1.5543122344752192e-15
superlattice,236.0,20.0,0.01,0.5,59.69026041820608,2.4414062499999997e+21,0.0008743690490948155,0.0011658253987930874,3.2583316400000004e-21,2.607383028699891e-09,0.9999997602847162,2.3710790257808476e-07,0.9999999973926187,-9.412092128301325e-20,-9.412092152842238e-20,6.528268097317078e-07,0.9999408483526147,5.849882057581594e-05,0.9999993471731905,-9.411816698072406e-20,-9.411822842362684e-20,2.6073830286894603e-09,0.9999997602847143,2.3710790256719766e-07,0.9999999973926168,-9.412092128301311e-20,-9.412092152842242e-20,449.84496087908883,2.038249575673318e-06,4.843024276260788e-06,4.2345905311772526e-09,6125.837902212761,-9.412133423313784e-20,4539.819847093549,0.9956043423651323,4542.211649214768,0.9956066313498727,5933.408892360132,0.9966368140797361,14859.264159212693,4539.818769059869,0.9956041101319864,"Neel blocked, Brownian only",0.9956043397692121,0.9956036924079259,-1.465031108573584e-20,-9.812816750062888e-22,19.0,28.516660498395403,74.26542133780454,9.980927998682165e-22,9.363868347671168e-24,1.2968050988604318e-07,1.0,-28.886231262516066,-28.886231337833486,-28.88538595191128,-28.885404809077944,-28.88623126251602,-28.886231337833497,-28.886357999193056,-4.496261493423622,-0.30116077288139054,0.3063202000727637,0.999999997392617,1.6653345369377348e-15
superlattice,237.0,20.0,0.01,0.5,59.69026041820608,2.4414062499999997e+21,0.0008743690490948155,0.0011658253987930874,3.2721381300000004e-21,2.9453565093650233e-09,0.9999997453413451,2.517132996238102e-07,0.9999999970546447,-9.41208993626734e-20,-9.412089963989289e-20,6.425249021194513e-07,0.9999452237301438,5.413374495396502e-05,0.9999993574750978,-9.411834824006977e-20,-9.411840871349112e-20,2.9453565093589303e-09,0.9999997453413441,2.5171329961914193e-07,0.9999999970546437,-9.41208993626733e-20,-9.412089963989289e-20,401.65834785079727,2.0023911703925744e-06,4.757822184546741e-06,4.160092459264351e-09,5332.29478491587,-9.412133423313784e-20,3952.670633641174,0.9949527260155878,3954.7839490779893,0.9949552367982613,5174.026644339406,0.9961439930112924,12922.769280595878,3952.6696371373773,0.9949528115827603,"Neel blocked, Brownian only",0.9949527230850985,0.9949520867336848,-1.465031108573584e-20,-9.812816750062888e-22,19.0,28.516660498395403,74.26542133780454,9.980927998682165e-22,1.0119050925615353e-23,9.91998683197437e-08,1.0,-28.76434173109721,-28.764341815818415,-28.763562081063416,-28.763580562380202,-28.76434173109718,-28.764341815818415,-28.764474632107852,-4.477289925940822,-0.29989005232070953,0.30502770977709803,0.9999999970546435,1.2212453270876722e-15
superlattice,238.0,20.0,0.01,0.5,59.69026041820608,2.4414062499999997e+21,0.0008743690490948155,0.0011658253987930874,3.2859446200000004e-21,3.323732604026009e-09,0.9999997295916585,2.670846100890072e-07,0.9999999966762686,-9.412087647547812e-20,-9.412087678831063e-20,6.324765254718305e-07,0.9999492400446418,5.012747883264948e-05,0.9999993675234744,-9.411851199116262e-20,-9.411857151894973e-20,3.3237326040216778e-09,0.9999997295916574,2.670846100830571e-07,0.9999999966762675,-9.4120876475478e-20,-9.412087678831062e-20,358.97502256602155,1.967322888546411e-06,4.674497481657194e-06,4.08723591803271e-09,4647.5046348055685,-9.412133423313784e-20,3445.202442553172,0.9942120510361752,3447.071354732969,0.99421455200761,4516.90742690244,0.9955842799201462,11251.07079610273,3445.2015208567072,0.994211408216839,"Neel blocked, Brownian only",0.9942120477316814,0.9942114222203914,-1.465031108573584e-20,-9.812816750062888e-22,19.0,28.516660498395403,74.26542133780454,9.980927998682165e-22,8.274569081408753e-28,1.7414729436282528e-08,1.0,-28.643476187215263,-28.643476282418487,-28.6427566119975,-28.64277472788014,-28.643476187215228,-28.643476282418483,-28.643615494998155,-4.4584777833948515,-0.2986300100840679,0.30374608074442117,0.9999999966762674,1.2212453270876722e-15
superlattice,239.0,20.0,0.01,0.5,59.69026041820608,2.4414062499999997e+21,0.0008743690490948155,0.0011658253987930874,3.2997511100000004e-21,3.746925343757899e-09,0.9999997129985331,2.8325454134301373e-07,0.9999999962530745,-9.412085258804035e-20,-9.412085294070418e-20,6.226814414064825e-07,0.99995292875255,4.644856600856567e-05,0.9999993773185586,-9.411865965381766e-20,-9.411871825979681e-20,3.746925343791117e-09,0.9999997129985332,2.832545413718031e-07,0.9999999962530746,-9.412085258804037e-20,-9.412085294070419e-20,321.129328681505,1.933024661672246e-06,4.593002483514284e-06,4.015979214000511e-09,4054.5472146965085,-9.412133423313784e-20,3006.113439377628,0.9933688999824634,3007.767665001557,0.9933727580393069,3947.6262805161437,0.9949486258807323,9806.32731839244,3006.112586355299,0.9933686076033631,"Neel blocked, Brownian only",0.993368896260384,0.9933682814300848,-1.465031108573584e-20,-9.812816750062888e-22,19.0,28.516660498395403,74.26542133780454,9.980927998682165e-22,1.1924462590925297e-27,1.6468306229810992e-07,1.0,-28.523621767352125,-28.523621874228013,-28.522957191706997,-28.522974952434154,-28.523621767352132,-28.523621874228017,-28.523767731420758,-4.439823064635877,-0.29738051213392536,0.302475176640888,0.9999999962530747,2.220446049250313e-16
superlattice,240.0,20.0,0.01,0.5,59.69026041820608,2.4414062499999997e+21,0.0008743690490948155,0.0011658253987930874,3.3135576e-21,4.219784261065903e-09,0.9999996955233695,3.002568466530946e-07,0.9999999957802161,-9.412082766617123e-20,-9.412082806334077e-20,6.131396607561906e-07,0.999956318373877,4.306848646230762e-05,0.9999993868603393,-9.411879251166271e-20,-9.411885021966261e-20,4.2197842610799956e-09,0.999999695523369,3.0025684666575335e-07,0.9999999957802157,-9.412082766617118e-20,-9.412082806334077e-20,287.5404271182187,1.899476977593303e-06,4.51329082781433e-06,3.9462818094043685e-09,3541.882959817637,-9.412133423313784e-20,2625.771697633182,0.9924123884544296,2627.237170459448,0.9924163448925551,3453.881558487002,0.9942285220108285,8556.330384183417,2625.770907736306,0.9924120825674178,"Neel blocked, Brownian only",0.9924123842666638,0.9924117799670344,-1.465031108573584e-20,-9.812816750062888e-22,19.0,28.516660498395403,74.26542133780454,9.980927998682165e-22,1.1344264246536398e-23,1.1417775902522465e-07,1.0,-28.40476582213969,-28.404765942001664,-28.404151631968826,-28.4041690476914,-28.404765822139677,-28.404765942001664,-28.404918699206508,-4.421323801866562,-0.29614142666670074,0.30121486340488435,0.9999999957802157,4.440892098500626e-16
superlattice,241.0,20.0,0.01,0.5,59.69026041820608,2.4414062499999997e+21,0.0008743690490948155,0.0011658253987930874,3.32736409e-21,4.7476325652297625e-09,0.9999996771260238,3.181263452854426e-07,0.999999995252369,-9.412080167486893e-20,-9.412080212171977e-20,6.038519490841961e-07,0.9999594347489151,3.996139913601006e-05,0.9999993961480511,-9.411891172394713e-20,-9.411896855786972e-20,4.7476325652189884e-09,0.9999996771260222,3.181263452819687e-07,0.9999999952523675,-9.412080167486878e-20,-9.412080212171976e-20,257.70096134014153,1.8666608645062635e-06,4.4353174362189706e-06,3.8781042891404365e-09,3097.0290325387114,-9.412133423313784e-20,2295.9588947934453,0.9913271350919192,2297.258267924726,0.9913315629342867,3025.169814217134,0.9934134103622861,7473.633543729133,2295.9581629326003,0.9913264594004108,"Neel blocked, Brownian only",0.9913271303854637,0.9913265364770967,-1.465031108573584e-20,-9.812816750062888e-22,19.0,28.516660498395403,74.26542133780454,9.980927998682165e-22,2.4869247709356427e-23,3.757930544523447e-08,1.0,-28.286895911913543,-28.28689604620929,-28.28632790947357,-28.28634499023812,-28.286895911913497,-28.286896046209286,-28.28705596601478,-4.402978059950103,-0.29491262406642393,0.29996500919988484,0.9999999952523674,1.6653345369377348e-15
superlattice,242.0,20.0,0.01,0.5,59.69026041820608,2.4414062499999997e+21,0.0008743690490948155,0.0011658253987930874,3.34117058e-21,5.336308220620659e-09,0.9999996577647492,3.3689894260689104e-07,0.9999999946636918,-9.412077457830907e-20,-9.412077508056653e-20,5.9481984464502e-07,0.9999623013070087,3.7103873146770835e-05,0.9999994051801555,-9.411901833793467e-20,-9.411907432182782e-20,5.3363082206800724e-09,0.9999996577647492,3.368989426511809e-07,0.9999999946636918,-9.412077457830905e-20,-9.412077508056651e-20,231.16730542129804,1.8345578754965897e-06,4.359038477562485e-06,3.811408328594022e-09,2710.904458977901,-9.412133423313784e-20,2009.654771151028,0.9900976332267564,2010.807850219627,0.9901030662120346,2652.512328677875,0.9924909847618613,6534.820962292551,2009.6540926726725,0.9900973039938505,"Neel blocked, Brownian only",0.9900976279432903,0.9900970442970362,-1.465031108573584e-20,-9.812816750062888e-22,19.0,28.516660498395403,74.26542133780454,9.980927998682165e-22,2.4441560749192768e-23,3.0552985330611904e-07,1.0,-28.16999980237737,-28.16999995270117,-28.16947416612733,-28.16949092189954,-28.16999980237736,-28.169999952701158,-28.170167304998188,-4.384783935735433,-0.2936939768595379,0.29872548436848034,0.9999999946636918,0.0
superlattice,243.0,20.0,0.01,0.5,59.69026041820608,2.4414062499999997e+21,0.0008743690490948155,0.0011658253987930874,3.35497707e-21,5.992208112249838e-09,0.9999996373961413,3.566116501788023e-07,0.9999999940077915,-9.412074633983543e-20,-9.412074690382657e-20,5.860450081193236e-07,0.9999649393467345,3.4474608257595213e-05,0.999999413954992,-9.411911330185984e-20,-9.411916845992867e-20,5.992208112223727e-09,0.9999996373961417,3.5661165016105497e-07,0.9999999940077919,-9.412074633983548e-20,-9.412074690382657e-20,207.55116467786746,1.8031500734736297e-06,4.284411332056548e-06,3.746156662341336e-09,2374.587548818482,-9.412133423313784e-20,1760.8556494193037,0.9887059940526571,1761.8797660708856,0.9887129029208329,2328.2247893094504,0.9914492361872306,5719.892428604627,1760.855020074698,0.9887056378291166,"Neel blocked, Brownian only",0.9887059881281247,0.988705414626445,-1.465031108573584e-20,-9.812816750062888e-22,19.0,28.516660498395403,74.26542133780454,9.980927998682165e-22,2.4851519770908063e-23,1.0462443644776442e-07,1.0,-28.054065460374495,-28.054065628480306,-28.053578709514053,-28.053595150183448,-28.05406546037451,-28.054065628480306,-28.05424069057433,-4.366739557399073,-0.2924853596708155,0.2974961613875401,0.9999999940077919,4.440892098500626e-16
superlattice,244.0,20.0,0.01,0.5,59.69026041820608,2.4414062499999997e+21,0.0008743690490948155,0.0011658253987930874,3.36878356e-21,6.722335491880759e-09,0.9999996159750592,3.7730260583466923e-07,0.999999993277665,-9.41207169219487e-20,-9.412071755465969e-20,5.77530523879529e-07,0.9999673681671684,3.2054302307585535e-05,0.9999994224694759,-9.411919747090634e-20,-9.411925182764717e-20,6.722335491836333e-09,0.9999996159750586,3.773026058060069e-07,0.9999999932776644,-9.412071692194863e-20,-9.412071755465968e-20,186.5123334281847,1.772420016517457e-06,4.211394556473285e-06,3.682313053706628e-09,2082.868270544443,-9.412133423313784e-20,1544.4214480768915,0.9871336925943204,1545.331782646501,0.9871414281613207,2045.7230726862886,0.9902744661298415,5011.745613724099,1544.4208639876733,0.987133324083016,Neel crossover,0.987133685958477,0.9871331224944816,-1.465031108573584e-20,-9.812816750062888e-22,19.0,28.516660498395403,74.26542133780454,9.980927998682165e-22,2.931360880533761e-23,1.0817475226687634e-07,1.0,-27.93908104976287,-27.939081237578733,-27.938630011275148,-27.9386461466961,-27.93908104976285,-27.93908123757873,-27.93926429430148,-4.3488430838031755,-0.29128664918036135,0.29627691482447643,0.9999999932776645,4.440892098500626e-16
superlattice,245.0,20.0,0.01,0.5,59.69026041820608,2.4414062499999997e+21,0.0008743690490948155,0.0011658253987930874,3.38259005e-21,7.534350907392999e-09,0.9999995934545559,3.9901109373305044e-07,0.9999999924656496,-9.412068628629622e-20,-9.412068699543444e-20,5.692797983975844e-07,0.9999696053309686,2.982538923301073e-05,0.9999994307202016,-9.41192716194006e-20,-9.411932519963107e-20,7.534350907399917e-09,0.9999995934545552,3.9901109373734665e-07,0.999999992465649,-9.412068628629614e-20,-9.412068699543444e-20,167.75244378244597,1.742350743629214e-06,4.139947850287088e-06,3.619842265157647e-09,1828.382036224671,-9.412133423313784e-20,1355.9465621560537,0.9853583325764239,1356.7564223807624,0.9853671770149177,1799.3592722103795,0.9889497068591346,4395.739677084533,1355.946019770337,0.9853579235566876,Neel crossover,0.985358325152389,0.985357771631831,-1.465031108573584e-20,-9.812816750062888e-22,19.0,28.516660498395403,74.26542133780454,9.980927998682165e-22,1.9542319444837716e-27,3.239681833910879e-08,1.0,-27.82503492739128,-27.825035137034842,-27.82461670736618,-27.824632547367383,-27.825034927391258,-27.825035137034842,-27.825226480855353,-4.331092703869285,-0.290097724081666,0.2950676212945806,0.9999999924656491,5.551115123125783e-16
superlattice,246.0,20.0,0.01,0.5,59.69026041820608,2.4414062499999997e+21,0.0008743690490948155,0.0011658253987930874,3.39639654e-21,8.436626827732567e-09,0.9999995697858078,4.2177756437763753e-07,0.9999999915633723,-9.412065439366185e-20,-9.412065518772277e-20,5.612970758931385e-07,0.999971666804198,2.777189872605245e-05,0.9999994387029241,-9.411933644722933e-20,-9.411938927616732e-20,8.436626827690116e-09,0.9999995697858087,4.2177756435388037e-07,0.999999991563373,-9.412065439366193e-20,-9.412065518772279e-20,151.00956413807552,1.7129257608765755e-06,4.070032022755267e-06,3.5587100295219714e-09,1606.9105144201576,-9.412133423313784e-20,1191.650759187703,0.9833567405179748,1192.3718214535272,0.9833667640952926,1584.2830942328308,0.9874581953860904,3859.32700066515,1191.6502552507595,0.9833563253696416,Neel crossover,0.9833567322217601,0.9833561885627118,-1.465031108573584e-20,-9.812816750062888e-22,19.0,28.516660498395403,74.26542133780454,9.980927998682165e-22,1.5738717893667576e-24,1.3719393554545434e-07,1.0,-27.711915639173817,-27.711915872968934,-27.711527596606647,-27.711543151014787,-27.711915639173842,-27.711915872968937,-27.71211580410391,-4.313486635967377,-0.28891846504068364,0.29386815941939937,0.9999999915633732,8.881784197001252e-16
superlattice,247.0,20.0,0.01,0.5,59.69026041820608,2.4414062499999997e+21,0.0008743690490948155,0.0011658253987930874,3.4102030300000005e-21,9.438306185709684e-09,0.9999995449180397,4.45643654596209e-07,0.9999999905616943,-9.412062120395594e-20,-9.412062209229515e-20,5.53587687778321e-07,0.9999735671005174,2.5879311794758815e-05,0.9999994464123122,-9.41193925864735e-20,-9.411944468983926e-20,9.438306185742316e-09,0.9999995449180391,4.456436546142602e-07,0.9999999905616938,-9.412062120395588e-20,-9.412062209229514e-20,136.0535270005125,1.684129027925906e-06,4.001608960917502e-06,3.4988830220067294e-09,1413.4449297471206,-9.412133423313784e-20,1048.2868810686343,0.9811021716808428,1048.9293992722723,0.9811137860698642,1396.3245583778275,0.9857822476591257,3391.742049600444,1048.2864126032332,0.981101738486112,Neel crossover,0.9811021624209005,0.9811016285547601,-1.465031108573584e-20,-9.812816750062888e-22,19.0,28.516660498395403,74.26542133780454,9.980927998682165e-22,3.094828052109235e-23,1.027651788110262e-07,1.0,-27.5997119162597,-27.59971217675422,-27.59935163932849,-27.599366917998207,-27.599711916259682,-27.599712176754217,-27.599921003277576,-4.296023127319735,-0.2877487546559035,0.2926784097861224,0.9999999905616939,4.440892098500626e-16
superlattice,248.0,20.0,0.01,0.5,59.69026041820608,2.4414062499999997e+21,0.0008743690490948155,0.0011658253987930874,3.42400952e-21,1.0549365071123975e-08,0.9999995187984259,4.7065220747051363e-07,0.9999999894506333,-9.412058667620275e-20,-9.412058766911534e-20,5.461575498463538e-07,0.9999753194469287,2.413439552154492e-05,0.9999994538424503,-9.411944060907899e-20,-9.411949201315014e-20,1.0549365071089873e-08,0.9999995187984274,4.70652207455946e-07,0.9999999894506348,-9.412058667620291e-20,-9.412058766911536e-20,122.6818834752502,1.6559449449525575e-06,3.934641598493799e-06,3.4403288330039277e-09,1244.6601813765476,-9.412133423313784e-20,923.0626733023836,0.9785660592560489,923.6356598304558,0.9785790369791894,1231.89461065829,0.9838995451309295,2983.738191650572,923.0622375843221,0.9785656013090852,Neel crossover,0.9785660489327966,0.9785655248048077,-1.465031108573584e-20,-9.812816750062888e-22,19.0,28.516660498395403,74.26542133780454,9.980927998682165e-22,1.8258230231077632e-23,4.0504154252829494e-08,1.0,-27.48841267129501,-27.48841296128036,-27.48807795636006,-27.488092969189562,-27.488412671295055,-27.488412961280364,-27.488630999232104,-4.278700453419253,-0.2865884774193878,0.2914982549079526,0.999999989450635,1.6653345369377348e-15
superlattice,249.0,20.0,0.01,0.5,59.69026041820608,2.4414062499999997e+21,0.0008743690490948155,0.0011658253987930874,3.4378160100000005e-21,1.178067981719614e-08,0.999999491372029,4.968472922091342e-07,0.9999999882193212,-9.412055076853208e-20,-9.412055187733606e-20,5.390139310330066e-07,0.9999769358727577,2.252511331115801e-05,0.9999994609860688,-9.411948103091538e-20,-9.41195317626542e-20,1.1780679817200955e-08,0.999999491372028,4.968472922101701e-07,0.9999999882193202,-9.412055076853198e-20,-9.412055187733606e-20,110.71639679665235,1.6283583399207908e-06,3.869093885660679e-06,3.3830159416636925e-09,1096.9154978098838,-9.412133423313784e-20,813.5745039750376,0.9757167703365758,814.0858867421709,0.9757316820825097,1087.9008159121781,0.9817874665825348,2627.3648269508776,813.5740985006817,0.9757162811721919,Neel crossover,0.97571675884197,0.9757162444116437,-1.465031108573584e-20,-9.812816750062888e-22,19.0,28.516660498395403,74.26542133780454,9.980927998682165e-22,2.739575187310174e-27,2.173641866498599e-08,1.0,-27.378006994775753,-27.37800731730726,-27.377695826983878,-27.377710583951288,-27.378006994775724,-27.37800731730726,-27.378234890801448,-4.261516917461745,-0.28543751967874764,0.2903275791854307,0.9999999882193202,9.992007221626409e-16
superlattice,250.0,20.0,0.01,0.5,59.69026041820608,2.4414062499999997e+21,0.0008743690490948155,0.0011658253987930874,3.4516225e-21,1.3144098734069126e-08,0.9999994625816766,5.242742239555116e-07,0.9999999868559005,-9.41205134381649e-20,-9.41205146752943e-20,5.321650044578455e-07,0.9999784273461106,2.1040488885001772e-05,0.9999994678349956,-9.411951431809305e-20,-9.411956440523145e-20,1.3144098734169175e-08,0.9999994625816773,5.24274224001292e-07,0.9999999868559013,-9.412051343816497e-20,-9.41205146752943e-20,100.00000000000016,1.6013544562247125e-06,3.8049307596851824e-06,3.3269136902175466e-09,967.6481850675852,-9.412133423313784e-20,717.7511009802522,0.9725203512165008,718.2078597756747,0.972537385309983,961.6757593477031,0.9794215759799653,2315.778439049493,717.7507234515206,0.9725193783134489,Neel crossover,0.9725203384335965,0.9725198336752039,-1.465031108573584e-20,-9.812816750062888e-22,19.0,28.516660498395403,74.26542133780454,9.980927998682165e-22,1.471362896861607e-24,3.0435253772775894e-07,1.0,-27.268484151486696,-27.26848450990637,-27.268194687597802,-27.26820919878447,-27.268484151486717,-27.26848450990637,-27.268721951238245,-4.244470849791899,-0.28429576960003267,0.28916626886868896,0.9999999868559013,7.771561172376096e-16
superlattice,251.0,20.0,0.01,0.5,59.69026041820608,2.4414062499999997e+21,0.0008743690490948155,0.0011658253987930874,3.4654289900000005e-21,1.4652518754212133e-08,0.999999432367898,5.529795835235887e-07,0.9999999853474816,-9.412047464140527e-20,-9.412047602050728e-20,5.256198432729985e-07,0.9999798038749623,1.9670505194333276e-05,0.9999994743801567,-9.411954089162381e-20,-9.411959036274815e-20,1.46525187541592e-08,0.999999432367898,5.529795834997119e-07,0.9999999853474815,-9.412047464140527e-20,-9.412047602050729e-20,90.39415366299446,1.5749189406817311e-06,3.7421181163964735e-06,3.2719922590340674e-09,854.3860783036127,-9.412133423313784e-20,633.8057402302953,0.9689369432736622,634.2140252215619,0.9689569231384065,850.9161721090122,0.9767742116068366,2043.0822240120826,633.8053885412822,0.9689364072445323,Neel crossover,0.9689369290762958,0.9689364339811779,-1.465031108573584e-20,-9.812816750062888e-22,19.0,28.516660498395403,74.26542133780454,9.980927998682165e-22,3.9071016953227414e-23,1.0577178422011002e-07,1.0,-27.159833577027143,-27.15983397498711,-27.15956412993007,-27.159578405543417,-27.159833577027143,-27.159833974987112,-27.160081624739288,-4.227560607362449,-0.2831631171315066,0.2880142120206065,0.9999999853474812,3.3306690738754696e-16
superlattice,252.0,20.0,0.01,0.5,59.69026041820608,2.4414062499999997e+21,0.0008743690490948155,0.0011658253987930874,3.47923548e-21,1.6319967265901866e-08,0.9999994006687971,5.830112370534348e-07,0.9999999836800342,-9.412043433362606e-20,-9.412043586966835e-20,5.193892883059495e-07,0.9999810745661531,1.8406044558596982e-05,0.9999994806107118,-9.411956113009228e-20,-9.411961001480953e-20,1.631996726592365e-08,0.9999994006687958,5.830112370666418e-07,0.9999999836800328,-9.412043433362594e-20,-9.412043586966836e-20,81.77654884145369,1.5490378318699685e-06,3.6806227824747148e-06,3.2182226423891307e-09,755.2359677301536,-9.412133423313784e-20,560.195570800797,0.9649272995977846,560.5608055851604,0.9649504548685586,753.6311163343261,0.9738152420311591,1804.1898236802033,560.1952430157231,0.9649272094824303,Neel crossover,0.964927283850204,0.9649267984248812,-1.465031108573584e-20,-9.812816750062888e-22,19.0,28.516660498395403,74.26542133780454,9.980927998682165e-22,2.1349438748912598e-23,1.0617442480764794e-08,1.0,-27.052044874417657,-27.05204531590611,-27.051793898725208,-27.051807949144486,-27.05204487441762,-27.052045315906113,-27.052303523053816,-4.210784573206249,-0.2820394539682864,0.28687129848084225,0.9999999836800327,1.4432899320127035e-15
superlattice,253.0,20.0,0.01,0.5,59.69026041820608,2.4414062499999997e+21,0.0008743690490948155,0.0011658253987930874,3.4930419700000006e-21,1.8161689422585132e-08,0.9999993674199543,6.144183555795924e-07,0.9999999818383098,-9.412039246925788e-20,-9.412039417864332e-20,5.134850185486446e-07,0.9999822477470528,1.7238767928595764e-05,0.9999994865149814,-9.411957537531748e-20,-9.411962370433421e-20,1.816168942255718e-08,0.999999367419955,6.144183555699598e-07,0.9999999818383105,-9.412039246925795e-20,-9.412039417864333e-20,74.03910815253931,1.5236975488011728e-06,3.6204124885371062e-06,3.1655766249331844e-09,668.080562861322,-9.412133423313784e-20,495.58697410850766,0.9604472285566591,495.91394543679826,0.9604726847027427,668.0978323233613,0.9705124560393429,1594.7094126589473,495.58666844734205,0.9604466326249215,Neel crossover,0.9604472111133141,0.960446735381396,-1.465031108573584e-20,-9.812816750062888e-22,19.0,28.516660498395403,74.26542133780454,9.980927998682165e-22,4.443404007192407e-27,7.79678049900312e-08,1.0,-26.945107810788162,-26.945108300156868,-26.944873890340762,-26.94488772613694,-26.945107810788183,-26.94510830015687,-26.945377422172175,-4.194141155920848,-0.2809246735178188,0.2857374198307203,0.9999999818383106,7.771561172376096e-16
superlattice,254.0,20.0,0.01,0.5,59.69026041820608,2.4414062499999997e+21,0.0008743690490948155,0.0011658253987930874,3.50684846e-21,2.0194241227822008e-08,0.9999993325543242,6.472514345049425e-07,0.9999999798057587,-9.412034900177782e-20,-9.41203509024669e-20,5.079202433560959e-07,0.99998333101458,1.6161065176494616e-05,0.9999994920797566,-9.41195839345742e-20,-9.411963173984045e-20,2.01942412277909e-08,0.9999993325543244,6.472514344944249e-07,0.9999999798057588,-9.412034900177785e-20,-9.412035090246692e-20,67.08624462877196,1.4988848799207609e-06,3.561455843001213e-06,3.1140267588381453e-09,591.4939766557667,-9.412133423313784e-20,438.82603022662715,0.9554465430554729,439.118966187888,0.9554755007200637,592.824073329417,0.9668308335815637,1410.8449914611745,438.82574505333594,0.9554459236336013,Neel crossover,0.955446523760955,0.9554460577648323,-1.465031108573584e-20,-9.812816750062888e-22,19.0,28.516660498395403,74.26542133780454,9.980927998682165e-22,2.7544340023790886e-24,4.8006850938975276e-08,1.0,-26.839012314144252,-26.839012856137757,-26.838794150396275,-26.838807782370058,-26.839012314144263,-26.839012856137764,-26.839293259092763,-4.177628789165254,-0.2798186708661739,0.28461246935894585,0.9999999798057587,0.0
superlattice,255.0,20.0,0.01,0.5,59.69026041820608,2.4414062499999997e+21,0.0008743690490948155,0.0011658253987930874,3.5206549500000006e-21,2.243558870767744e-08,0.9999992960021002,6.815623129730048e-07,0.9999999775644132,-9.412030388369507e-20,-9.412030599533937e-20,5.027096898207748e-07,0.9999843313059678,1.516598434257613e-05,0.9999994972903103,-9.411958708385637e-20,-9.411963439870857e-20,2.2435588707649137e-08,0.9999992960020986,6.815623129602504e-07,0.9999999775644115,-9.412030388369493e-20,-9.412030599533938e-20,60.83334365479985,1.474586972426643e-06,3.5037223067057485e-06,3.063546341606599e-09,524.1854290651765,-9.412133423313784e-20,388.9133117073397,0.9498742005714457,389.1759499076187,0.9499079814502336,526.5159396928967,0.9627323666103488,1249.3122411556824,388.9130455160614,0.9498735463911981,Neel crossover,0.9498741792604606,0.9498737230604811,-1.465031108573584e-20,-9.812816750062888e-22,19.0,28.516660498395403,74.26542133780454,9.980927998682165e-22,2.438807262015121e-23,1.4343000787064852e-08,1.0,-26.733748470208663,-26.733749069996012,-26.73354487177346,-26.733558310992265,-26.73374847020862,-26.733749069996016,-26.734041128664945,-4.161245931168528,-0.27872134274513005,0.2834963420281264,0.9999999775644113,1.887379141862766e-15
superlattice,256.0,20.0,0.01,0.5,59.69026041820608,2.4414062499999997e+21,0.0008743690490948155,0.0011658253987930874,3.53446144e-21,2.4905213494865075e-08,0.9999992576905927,7.17404193131851e-07,0.9999999750947859,-9.41202570665384e-20,-9.412025941062362e-20,4.978697331863349e-07,0.999985254957809,1.4247172457930197e-05,0.9999995021302669,-9.41195850705926e-20,-9.411963192990864e-20,2.4905213494902847e-08,0.9999992576905933,7.174041931458811e-07,0.9999999750947864,-9.412025706653845e-20,-9.412025941062361e-20,55.2054381559135,1.4507913218986208e-06,3.4471821682692857e-06,3.0141093945262202e-09,464.9650287470469,-9.412133423313784e-20,344.98234813666045,0.9436745546433419,345.21799520059426,0.9437118405046774,468.0503797627177,0.9581746139082131,1107.266714912253,344.9820995424838,0.9436738687586942,Neel crossover,0.9436745311409251,0.9436740848163433,-1.465031108573584e-20,-9.812816750062888e-22,19.0,28.516660498395403,74.26542133780454,9.980927998682165e-22,4.798909224085473e-23,1.9154426245115985e-07,1.0,-26.629306519337327,-26.629307182545926,-26.62911639250833,-26.629129650346,-26.62930651933734,-26.629307182545922,-26.6296112805061,-4.1449910642499015,-0.2776325875000319,0.2823889344420791,0.9999999750947866,6.661338147750939e-16
superlattice,257.0,20.0,0.01,0.5,59.69026041820608,2.4414062499999997e+21,0.0008743690490948155,0.0011658253987930874,3.54826793e-21,2.7624225161644815e-08,0.999999217544117,7.54831659282935e-07,0.9999999723757763,-9.412020850084438e-20,-9.412021110084215e-20,4.934182504759956e-07,0.999986107767525,1.3398814224657998e-05,0.9999995065817496,-9.411957811648868e-20,-9.411962455682915e-20,2.762422516167442e-08,0.9999992175441155,7.548316592944741e-07,0.9999999723757748,-9.412020850084424e-20,-9.412021110084215e-20,50.13605135843289,1.4274857622302419e-06,3.391806520167647e-06,2.96569064175258e-09,412.80470253091414,-9.412133423313784e-20,306.2812077527322,0.9367878903659687,306.49279130332854,0.9368295805590432,416.4516554479499,0.9531157740703639,982.2424930671824,306.28097547933424,0.9367866822342013,Neel crossover,0.9367878644879304,0.9367874281377269,-1.465031108573584e-20,-9.812816750062888e-22,19.0,28.516660498395403,74.26542133780454,9.980927998682165e-22,2.6232361461421414e-23,1.1764193585950267e-07,1.0,-26.525676853507616,-26.52567758625887,-26.525499193768237,-26.525512281940095,-26.525676853507576,-26.52567758625887,-26.525994115990514,-4.128862694350096,-0.27655230505839756,0.2812901448138998,0.9999999723757749,1.4432899320127035e-15
superlattice,258.0,20.0,0.01,0.5,59.69026041820608,2.4414062499999997e+21,0.0008743690490948155,0.0011658253987930874,3.56207442e-21,3.0615480651423235e-08,0.9999991754838224,7.939006969082497e-07,0.9999999693845194,-9.412015813614067e-20,-9.412016101767463e-20,4.893751588441005e-07,0.9999868950293241,1.2615595516957379e-05,0.999999510624841,-9.411956641915588e-20,-9.41196124789562e-20,3.0615480651389414e-08,0.9999991754838224,7.939006968997531e-07,0.9999999693845193,-9.412015813614067e-20,-9.412016101767464e-20,45.56618499368749,1.4046584558551029e-06,3.337567235510899e-06,2.918265490003676e-09,366.7826307745058,-9.412133423313784e-20,272.15672874362315,0.929147470185395,272.3468428514544,0.9291954943313295,370.8711795518128,0.9475069194468194,872.0997223604738,272.15651161450825,0.9291472363639794,Neel crossover,0.9291474417390987,0.929147015483704,-1.465031108573584e-20,-9.812816750062888e-22,19.0,28.516660498395403,74.26542133780454,9.980927998682165e-22,2.3231614431264477e-23,1.360833934427319e-07,1.0,-26.422850013375257,-26.422850822323532,-26.422683897535155,-26.422696828146613,-26.422850013375257,-26.422850822323536,-26.42318018530838,-4.112859350573546,-0.27548039689925646,0.2801998729347761,0.9999999693845193,1.1102230246251565e-16
superlattice,259.0,20.0,0.01,0.5,59.69026041820608,2.4414062499999997e+21,0.0008743690490948155,0.0011658253987930874,3.57588091e-21,3.3903711172219534e-08,0.9999991314275773,8.346687115696409e-07,0.9999999660962889,-9.412010592093451e-20,-9.41201091119555e-20,4.857621657287372e-07,0.9999876215892955,1.1892648538874358e-05,0.9999995142378344,-9.411955015466597e-20,-9.411959587440468e-20,3.390371117217127e-08,0.9999991314275771,8.346687115558923e-07,0.9999999660962887,-9.412010592093451e-20,-9.412010911195551e-20,41.443433858947564,1.38229788425973e-06,3.2844369455013032e-06,2.8718100088498542e-09,326.1855337294023,-9.412133423313784e-20,242.04100531552868,0.9206915320724532,242.21195025608935,0.9207450686786578,330.5702237777322,0.9412985905439052,774.9797064129078,242.040802246462,0.9206912658353146,Neel crossover,0.9206915008575935,0.9206910848353408,-1.465031108573584e-20,-9.812816750062888e-22,19.0,28.516660498395403,74.26542133780454,9.980927998682165e-22,9.302499581525221e-27,4.818951704343988e-08,1.0,-26.32081668540089,-26.320817577774285,-26.32066126460178,-26.320674050189407,-26.32081668540089,-26.32081757777429,-26.321160184592905,-4.096979584741216,-0.2744167660231976,0.2791180201435222,0.9999999660962888,1.1102230246251565e-16
superlattice,260.0,20.0,0.01,0.5,59.69026041820608,2.4414062499999997e+21,0.0008743690490948155,0.0011658253987930874,3.5896874e-21,3.751565692859578e-08,0.9999990852897952,8.771945476738812e-07,0.9999999624843429,-9.412005180269606e-20,-9.412005533367179e-20,4.826032282103359e-07,0.9999882918762978,1.122552047404612e-05,0.9999995173967718,-9.411952947895028e-20,-9.411957490136096e-20,3.7515656928645034e-08,0.9999990852897953,8.771945476848336e-07,0.999999962484343,-9.412005180269607e-20,-9.412005533367179e-20,37.72121025624578,1.3603928387752672e-06,3.2323890175537127e-06,2.8263009115829645e-09,290.32702265360797,-9.412133423313784e-20,215.4397944455552,0.91134556543376,215.5936115199473,0.9114057885176221,294.90507337464965,0.9344357119065296,689.2664212596255,215.4396044364252,0.9113447648777124,Neel crossover,0.9113455312440323,0.9113451256154481,-1.465031108573584e-20,-9.812816750062888e-22,19.0,28.516660498395403,74.26542133780454,9.980927998682165e-22,5.999884150307753e-23,1.7675559460528234e-08,1.0,-26.21956769904144,-26.219568682685793,-26.219422192291805,-26.219434845875703,-26.219567699041445,-26.219568682685793,-26.219924953113697,-4.081221970953749,-0.27336131692310833,0.2780444892968163,0.9999999624843431,2.220446049250313e-16
superlattice,261.0,20.0,0.01,0.5,59.69026041820608,2.4414062499999997e+21,0.0008743690490948155,0.0011658253987930874,3.60349389e-21,4.1480210082346365e-08,0.9999990369812832,9.215385070977589e-07,0.9999999585197903,-9.411999572784387e-20,-9.41199996319612e-20,4.799243637727297e-07,0.9999889099466749,1.0610128961265283e-05,0.9999995200756362,-9.411950452987333e-20,-9.411954970013834e-20,4.148021008234982e-08,0.9999990369812827,9.215385071012023e-07,0.9999999585197897,-9.41199957278438e-20,-9.411999963196117e-20,34.35806406770013,1.3389324116403761e-06,3.1813975340603976e-06,2.781715536648981e-09,258.6264978803231,-9.412133423313784e-20,191.922560444345,0.9010372801800156,192.06106249605816,0.9011047702031204,263.3142692211272,0.9268634840975443,613.5535034140706,191.92238257140338,0.9010364459592821,Neel crossover,0.9010372428048002,0.9010368477502722,-1.465031108573584e-20,-9.812816750062888e-22,19.0,28.516660498395403,74.26542133780454,9.980927998682165e-22,2.9526215748769004e-23,8.467789591737329e-08,1.0,-26.11909402400676,-26.119095107432305,-26.118957712419856,-26.118970247550035,-26.11909402400674,-26.119095107432297,-26.11946547053472,-4.065585105164654,-0.27231395555558685,0.27697918474012356,0.99999995851979,3.3306690738754696e-16
superlattice,262.0,20.0,0.01,0.5,59.69026041820608,2.4414062499999997e+21,0.0008743690490948155,0.0011658253987930874,3.61730038e-21,4.58285663461546e-08,0.9999989864090669,9.677623676673002e-07,0.9999999541714346,-9.411993764172857e-20,-9.411994195511049e-20,4.77753998716653e-07,0.9999894795115973,1.0042734403990846e-05,0.9999995222460013,-9.4119475428475e-20,-9.411952039445221e-20,4.582856634621963e-08,0.9999989864090659,9.677623676814548e-07,0.9999999541714336,-9.41199376417285e-20,-9.411994195511051e-20,31.317086148064412,1.3179059873278584e-06,3.131437271782485e-06,2.7380318296285144e-09,230.5755053934974,-9.412133423313784e-20,171.11391751492798,0.8896912958345189,171.23871569408985,0.8897666844904559,235.30763274063165,0.9185230312653158,546.6159039582146,171.11375092584308,0.8896904314307681,Neel crossover,0.8896912550612431,0.8896908707809447,-1.465031108573584e-20,-9.812816750062888e-22,19.0,28.516660498395403,74.26542133780454,9.980927998682165e-22,6.296892666254754e-23,6.703435195820617e-08,1.0,-26.019386767578467,-26.01938796000969,-26.01925898906825,-26.01927141987921,-26.019386767578446,-26.0193879600097,-26.019772854234965,-4.050067604763262,-0.2712745893130083,0.27592201227928337,0.9999999541714336,9.992007221626409e-16
superlattice,263.0,20.0,0.01,0.5,59.69026041820608,2.4414062499999997e+21,0.0008743690490948155,0.0011658253987930874,3.63110687e-21,5.0594385628558053e-08,0.9999989334762136,1.015929401485513e-06,0.9999999494056151,-9.411987748861649e-20,-9.411988225055404e-20,4.7612315875074867e-07,0.9999900039662207,9.51991062060532e-06,0.9999995238768413,-9.411944228030593e-20,-9.411948709277342e-20,5.059438562861858e-08,0.9999989334762129,1.0159294015036571e-06,0.9999999494056144,-9.411987748861642e-20,-9.411988225055403e-20,28.5653843679249,1.2973032341276683e-06,3.08248368185061e-06,2.6952283257500033e-09,205.73680528930552,-9.412133423313784e-20,152.68626683003973,0.8772282867423784,152.79879408663356,0.8773131558293558,210.45681506147375,0.9093512223483508,487.385525073559,152.68611073706873,0.877227876988778,Neel crossover,0.8772282423595528,0.8772278690736757,-1.465031108573584e-20,-9.812816750062888e-22,19.0,28.516660498395403,74.26542133780454,9.980927998682165e-22,3.0992314480333505e-23,2.0384861132427545e-07,1.0,-25.920437171990063,-25.920438483418707,-25.920317316440187,-25.92032965770942,-25.920437171990045,-25.920438483418703,-25.92083835669035,-4.034668108167204,-0.2702431269962288,0.27487287915274616,0.9999999494056143,7.771561172376096e-16
superlattice,264.0,20.0,0.01,0.5,59.69026041820608,2.4414062499999997e+21,0.0008743690490948155,0.0011658253987930874,3.64491336e-21,5.581396216293336e-08,0.9999988780816442,1.0661043931034155e-06,0.9999999441860373,-9.411981521167253e-20,-9.411982046487268e-20,4.750653884618293e-07,0.9999904864218385,9.038512772929617e-06,0.9999995249346114,-9.411940517691594e-20,-9.411944988980898e-20,5.581396216287594e-08,0.9999988780816449,1.0661043930938064e-06,0.999999944186038,-9.411981521167259e-20,-9.411982046487268e-20,26.073623063332533,1.2771140959791415e-06,3.0345128703577145e-06,2.6532841329206537e-09,183.72359426878307,-9.412133423313784e-20,136.35345526587759,0.8635708000376682,136.45498698744294,0.8636668630079778,188.38715067175582,0.8992838337509824,434.930259007955,136.35330894086906,0.8635703653706501,Neel crossover,0.8635707518383597,0.8635703897850705,-1.465031108573584e-20,-9.812816750062888e-22,19.0,28.516660498395403,74.26542133780454,9.980927998682165e-22,3.2856973637504863e-23,1.0430923880200282e-07,1.0,-25.822236611866273,-25.822238053107707,-25.822124116803682,-25.822136384006935,-25.82223661186629,-25.822238053107707,-25.822653362915005,-4.019385274424146,-0.26921947878790975,0.2738316940044403,0.9999999441860379,5.551115123125783e-16
superlattice,265.0,20.0,0.01,0.5,59.69026041820608,2.4414062499999997e+21,0.0008743690490948155,0.0011658253987930874,3.65871985e-21,6.152640456774662e-08,0.9999988201199366,1.1183536575289133e-06,0.9999999384735941,-9.411975075294225e-20,-9.411975654379258e-20,4.7461740699712407e-07,0.9999909297202428,8.595662350165822e-06,0.999999525382593,-9.411936419648202e-20,-9.411940886719182e-20,6.152640456764329e-08,0.9999988201199379,1.1183536575077908e-06,0.9999999384735954,-9.411975075294237e-20,-9.411975654379259e-20,23.815617873008417,1.2573287845453793e-06,2.98750157952723e-06,2.6121789152604835e-09,164.19672074798623,-9.412133423313784e-20,121.86530881714266,0.8486441130011754,121.95698097327687,0.8487489278006386,168.7706286293837,0.8882557232588034,388.4359368519089,121.86517158707375,0.8486426622087755,Neel crossover,0.8486440607871533,0.8486437102199069,-1.465031108573584e-20,-9.812816750062888e-22,19.0,28.516660498395403,74.26542133780454,9.980927998682165e-22,3.2347998207857636e-23,4.812320097968836e-08,1.0,-25.724776591720257,-25.724778174473396,-25.72467093824689,-25.724683147629303,-25.72477659172029,-25.7247781744734,-25.72520938796061,-4.004217782822546,-0.2682035562264459,0.2727983668572538,0.9999999384735955,1.3322676295501878e-15
superlattice,266.0,20.0,0.01,0.5,59.69026041820608,2.4414062499999997e+21,0.0008743690490948155,0.0011658253987930874,3.67252634e-21,6.777382630010279e-08,0.9999987594811177,1.172745058068838e-06,0.9999999322261758,-9.411968405333335e-20,-9.411969043218471e-20,4.7481873939290443e-07,0.9999913364673096,8.188713950938063e-06,0.9999995251812606,-9.41193194053789e-20,-9.411936409501671e-20,6.777382630002866e-08,0.9999987594811157,1.1727450580574686e-06,0.9999999322261738,-9.411968405333314e-20,-9.411969043218468e-20,21.767979000835354,1.2379377715229462e-06,2.941427169440374e-06,2.5718928771252346e-09,146.86316300229515,-9.412133423313784e-20,109.00291559523902,0.8323677730600603,109.08574069987783,0.8324830887947999,151.31982213419343,0.8761984080706582,347.1907682855408,109.00278683688055,0.8323667914244637,Neel crossover,0.8323677166473131,0.8323673778362435,-1.465031108573584e-20,-9.812816750062888e-22,19.0,28.516660498395403,74.26542133780454,9.980927998682165e-22,3.184916725464191e-23,4.288889798864659e-08,1.0,-25.628048743506994,-25.628050480417983,-25.627949452740722,-25.627961621377153,-25.628048743506938,-25.628050480417976,-25.628498074472034,-3.9891643325111827,-0.26719527218048184,0.2717728090871137,0.9999999322261737,2.1094237467877974e-15
superlattice,267.0,20.0,0.01,0.5,59.69026041820608,2.4414062499999997e+21,0.0008743690490948155,0.0011658253987930874,3.68633283e-21,7.460154697953678e-08,0.9999986960504303,1.2293480239990839e-06,0.9999999253984544,-9.411961505259477e-20,-9.411962207406405e-20,4.7571228739162923e-07,0.9999917090454198,7.815242292910052e-06,0.9999995242877127,-9.411927085872284e-20,-9.411931563243775e-20,7.46015469796019e-08,0.999998696050429,1.2293480240119406e-06,0.9999999253984531,-9.411961505259465e-20,-9.411962207406405e-20,19.90979685328245,1.218931781180093e-06,2.8962676003064475e-06,2.532406747604072e-09,131.46105478392695,-9.412133423313784e-20,97.57455181147718,0.814670470998231,97.64943297996564,0.8147990310625239,135.78264075956577,0.8630458112701292,310.57191583341273,97.57443094815086,0.8146694611122328,Neel crossover,0.8146704102225547,0.8146700834494778,-1.465031108573584e-20,-9.812816750062888e-22,19.0,28.516660498395403,74.26542133780454,9.980927998682165e-22,4.032031133322489e-23,2.8502822990716936e-08,1.0,-25.532044824231125,-25.532046728961273,-25.53195145396647,-25.531963599835272,-25.532044824231093,-25.532046728961273,-25.532511190297985,-3.9742236421272463,-0.2661945408240006,0.2707549333976489,0.9999999253984531,1.3322676295501878e-15
superlattice,268.0,20.0,0.01,0.5,59.69026041820608,2.4414062499999997e+21,0.0008743690490948155,0.0011658253987930874,3.7001393200000004e-21,8.205830507414389e-08,0.9999986297081287,1.2882335680585092e-06,0.9999999179416967,-9.411954368929904e-20,-9.411955141258973e-20,4.773443752595372e-07,0.9999920496348628,7.473020761989677e-06,0.9999995226556248,-9.411921860135844e-20,-9.411926352865949e-20,8.205830507409389e-08,0.9999986297081269,1.288233568051416e-06,0.999999917941695,-9.411954368929887e-20,-9.411955141258973e-20,18.222364789196565,1.2003017831169826e-06,2.852001415260619e-06,2.4937017654784955e-09,117.76425130522621,-9.412133423313784e-20,87.41215985088331,0.7954865183656665,87.47990318324725,0.7956276645247772,121.93778954817583,0.8487338708189476,278.03389994754167,87.41204634849203,0.7954854873565202,Neel crossover,0.7954864530893926,0.7954861386446515,-1.465031108573584e-20,-9.812816750062888e-22,19.0,28.516660498395403,74.26542133780454,9.980927998682165e-22,4.411570081403899e-23,1.908155033980563e-08,1.0,-25.436756713609107,-25.436758800906375,-25.43666885531176,-25.43668099736836,-25.43675671360906,-25.436758800906375,-25.437240626155077,-3.9593944494327413,-0.26520127761197076,0.2697446537954188,0.999999917941695,1.7763568394002505e-15
superlattice,269.0,20.0,0.01,0.5,59.69026041820608,2.4414062499999997e+21,0.0008743690490948155,0.0011658253987930874,3.71394581e-21,9.019648245639231e-08,0.9999985603292127,1.3494743037619563e-06,0.9999999098035165,-9.411946990081852e-20,-9.41194783900645e-20,4.797650887715217e-07,0.999992360228295,7.160006616286824e-06,0.9999995202349112,-9.41191626685093e-20,-9.41192078236194e-20,9.019648245634964e-08,0.999998560329214,1.349474303754061e-06,0.9999999098035177,-9.411946990081861e-20,-9.411947839006448e-20,16.68893440058533,1.1820389852414607e-06,2.8086077236738666e-06,2.455759664629073e-09,105.57749741602407,-9.412133423313784e-20,78.36830082342009,0.774757168989776,78.4296263261731,0.7749119235011398,109.59083606470992,0.8331938600981438,249.0985759503875,78.36819418720835,0.7747556360626479,Neel crossover,0.7747570991094037,0.774756797288334,-1.465031108573584e-20,-9.812816750062888e-22,19.0,28.516660498395403,74.26542133780454,9.980927998682165e-22,3.9100096713121993e-23,9.287329305607273e-08,1.0,-25.342176411781978,-25.342178697557383,-25.342093687820743,-25.342105846078404,-25.342176411782006,-25.342178697557376,-25.342678393344094,-3.944675510959014,-0.264215399256536,0.26874188556569606,0.9999999098035175,9.992007221626409e-16
superlattice,270.0,20.0,0.01,0.5,59.69026041820608,2.4414062499999997e+21,0.0008743690490948155,0.0011658253987930874,3.7277523000000004e-21,9.907234135144769e-08,0.9999984877831982,1.413144462528523e-06,0.9999999009276608,-9.411939362330583e-20,-9.411940294793524e-20,4.830283654814125e-07,0.9999926426481729,6.8743234617123935e-06,0.9999995169716346,-9.41191030865801e-20,-9.411914854879858e-20,9.907234135145525e-08,0.9999984877831962,1.413144462529754e-06,0.9999999009276588,-9.411939362330563e-20,-9.411940294793523e-20,15.294499332542568,1.1641348269541118e-06,2.7660661849601875e-06,2.4185626598769633e-09,94.72466154290804,-9.412133423313784e-20,70.31351528452879,0.75243531041697,70.36906650752195,0.7526038524740633,98.57080083982143,0.8163672643157889,223.34646178160776,70.31341505567048,0.7524337819113409,Neel crossover,0.7524352358714437,0.752434946969372,-1.465031108573584e-20,-9.812816750062888e-22,19.0,28.516660498395403,74.26542133780454,9.980927998682165e-22,4.278658457690102e-24,8.750696167680871e-09,1.0,-25.24829603707999,-25.248298538487987,-25.248218098230424,-25.248230293841832,-25.248296037079935,-25.248298538487983,-25.248816621516895,-3.9300656016591655,-0.26323682370373397,0.26774654524878605,0.9999999009276587,2.1094237467877974e-15
superlattice,271.0,20.0,0.01,0.5,59.69026041820608,2.4414062499999997e+21,0.0008743690490948155,0.0011658253987930874,3.74155879e-21,1.0874627421637544e-07,0.999998411933815,1.4793199106208082e-06,0.9999998912537256,-9.411931479166727e-20,-9.411932502679322e-20,4.871924591503126e-07,0.9999928985569455,6.614250595351243e-06,0.9999995128075408,-9.411903987360416e-20,-9.4119085727713e-20,1.0874627421654429e-07,0.9999984119338151,1.4793199106422117e-06,0.9999998912537258,-9.411931479166728e-20,-9.411932502679321e-20,14.025604161142718,1.1465809725364768e-06,2.7243569928665397e-06,2.382093433247528e-09,85.04968809408501,-9.412133423313784e-20,63.13403540069814,0.7284865205358387,63.184387947609224,0.7286702094954913,88.72719883081302,0.7981962064273939,200.409227671457,63.133941153769435,0.7284858837675615,Neel crossover,0.7284864413156437,0.7284861656226993,-1.465031108573584e-20,-9.812816750062888e-22,19.0,28.516660498395403,74.26542133780454,9.980927998682165e-22,4.2141492481960933e-23,1.4270184101050631e-07,1.0,-25.155107823834907,-25.155110559359464,-25.15503434695574,-25.155046602304754,-25.15510782383491,-25.15511055935946,-25.15564755649285,-3.9155635145681726,-0.26226547011073126,0.26675855061687176,0.9999998912537258,2.220446049250313e-16
superlattice,272.0,20.0,0.01,0.5,59.69026041820608,2.4414062499999997e+21,0.0008743690490948155,0.0011658253987930874,3.7553652800000004e-21,1.192830671043466e-07,0.9999983326387691,1.5480781658916681e-06,0.999999880716935,-9.41192333395428e-20,-9.411924456637477e-20,4.923199077903841e-07,0.9999931294739623,6.378206129840797e-06,0.9999995076800922,-9.411897304002848e-20,-9.411901937669542e-20,1.192830671044799e-07,0.999998332638767,1.548078165902999e-06,0.9999998807169329,-9.41192333395426e-20,-9.411924456637476e-20,12.8701752908696,1.129369304736483e-06,2.683460860231375e-06,2.3463351206436625e-09,76.41993995134857,-9.412133423313784e-20,56.72980000273883,0.7028950012298276,56.77546905210348,0.7030943109378114,79.92746989807361,0.7786309158353614,179.9631862033997,56.72971134288772,0.7028935723341996,Neel crossover,0.7028949173863576,0.7028946551806254,-1.465031108573584e-20,-9.812816750062888e-22,19.0,28.516660498395403,74.26542133780454,9.980927998682165e-22,4.5659875024880487e-23,1.3708465584905127e-07,1.0,-25.062604120242277,-25.06260710978687,-25.06253480620891,-25.062547144999808,-25.062604120242224,-25.062607109786867,-25.063163558123385,-3.901168060470495,-0.2613012588235594,0.2657778206513685,0.9999998807169329,2.1094237467877974e-15
superlattice,273.0,20.0,0.01,0.5,59.69026041820608,2.4414062499999997e+21,0.0008743690490948155,0.0011658253987930874,3.76917177e-21,1.3075217708375458e-07,0.9999982497494095,1.619498414334558e-06,0.9999998692478239,-9.411914919927689e-20,-9.411916150556207e-20,4.984781173532816e-07,0.9999933367821096,6.164739773025848e-06,0.9999995015218826,-9.411890258899144e-20,-9.41189495052282e-20,1.3075217708403468e-07,0.9999982497494083,1.6194984143723488e-06,0.9999998692478227,-9.411914919927678e-20,-9.411916150556207e-20,11.817371217347482,1.1124919185452515e-06,2.6433590041978897e-06,2.311271298916727e-09,68.71614113368364,-9.412133423313784e-20,51.01273091060213,0.6756640681565953,51.05417786767128,0.6758792226628039,72.05474513205066,0.7576316578742488,161.72364447968337,51.01264747151241,0.6756629336005859,Neel crossover,0.6756639798120481,0.6756637313528425,-1.465031108573584e-20,-9.812816750062888e-22,19.0,28.516660498395403,74.26542133780454,9.980927998682165e-22,5.315537304234871e-23,3.3662225340513885e-07,1.0,-24.970777386268306,-24.970780651252216,-24.97071195802558,-24.97072440538527,-24.970777386268278,-24.970780651252216,-24.971357098203523,-3.886878067574999,-0.2603441113553413,0.26480427552077745,0.9999998692478229,9.992007221626409e-16
superlattice,274.0,20.0,0.01,0.5,59.69026041820608,2.4414062499999997e+21,0.0008743690490948155,0.0011658253987930874,3.7829782600000005e-21,1.4322802429816298e-07,0.9999981631104511,1.6936615264346257e-06,0.9999998567719776,-9.411906230189522e-20,-9.411907578238431e-20,5.057393470749662e-07,0.9999935217423748,5.972518278132567e-06,0.9999994942606529,-9.411882851699933e-20,-9.411887611661828e-20,1.4322802429816706e-07,0.9999981631104493,1.6936615264359532e-06,0.9999998567719758,-9.411906230189503e-20,-9.41190757823843e-20,10.857449834809778,1.0959411151596322e-06,2.604033131868592e-06,2.2768859733233354e-09,61.834093045381564,-9.412133423313784e-20,45.90523483931509,0.6468245297059327,45.942873221552304,0.6470559469675887,65.00590339872372,0.735168835549736,145.43999989663473,45.905156280577046,0.6468231560536553,Neel crossover,0.6468244370625345,0.6468242025813175,-1.465031108573584e-20,-9.812816750062888e-22,19.0,28.516660498395403,74.26542133780454,9.980927998682165e-22,1.0070130783449667e-22,2.4729426351122186e-07,1.0,-24.87962019160406,-24.87962375506337,-24.879558392439538,-24.879570975017515,-24.879620191604015,-24.879623755063367,-24.880220758429054,-3.8726923811969876,-0.2593939503649933,0.26383783655902276,0.9999998567719757,1.887379141862766e-15
superlattice,275.0,20.0,0.01,0.5,59.69026041820608,2.4414062499999997e+21,0.0008743690490948155,0.0011658253987930874,3.79678475e-21,1.5679029926893528e-07,0.999998072559629,1.7706500733167432e-06,0.9999998432097024,-9.411897257707479e-20,-9.411898733401883e-20,5.141812944117845e-07,0.9999936854992689,5.800319436655892e-06,0.9999994858187056,-9.411875081414862e-20,-9.411879920827463e-20,1.5679029926885296e-07,0.9999980725596274,1.7706500733093859e-06,0.9999998432097007,-9.411897257707462e-20,-9.411898733401882e-20,9.98165075779514,1.079709396124941e-06,2.5654654263880275e-06,2.243163565356525e-09,55.681910189606135,-9.412133423313784e-20,41.33890023707599,0.6164323331216067,41.373100887917154,0.6166798447856751,58.689878900511424,0.7112260084251052,130.8914779019916,41.338826242590486,0.6164312307759828,Neel crossover,0.6164322364709978,0.6164320161636317,-1.465031108573584e-20,-9.812816750062888e-22,19.0,28.516660498395403,74.26542133780454,9.980927998682165e-22,1.0317846664617021e-22,1.699484741823909e-08,1.0,-24.789125213662636,-24.789129100357567,-24.789066805577697,-24.78907955165871,-24.78912521366259,-24.789129100357563,-24.789747228398404,-3.858609863447181,-0.25845069963639333,0.2628784262442627,0.9999998432097007,1.6653345369377348e-15
superlattice,276.0,20.0,0.01,0.5,59.69026041820608,2.4414062499999997e+21,0.0008743690490948155,0.0011658253987930874,3.8105912400000005e-21,1.7152428605862275e-07,0.9999979779273707,1.8505483426881786e-06,0.9999998284757133,-9.411887995311621e-20,-9.411889609679273e-20,5.238873291007647e-07,0.9999938290906245,5.647022046200362e-06,0.9999994761126707,-9.411866946456972e-20,-9.411871877217393e-20,1.7152428605839114e-07,0.9999979779273714,1.850548342664618e-06,0.9999998284757141,-9.411887995311628e-20,-9.411889609679273e-20,9.182090878892192,1.063789457652542e-06,2.5276385334409574e-06,2.210088900940184e-09,50.17824779571628,-9.412133423313784e-20,37.25336272899046,0.5845784684649626,37.28445843740461,0.5848399208652115,53.026186041317864,0.6858030713470816,117.88342449112214,37.25329300481375,0.5845766145457132,Neel crossover,0.5845783681955579,0.58457816221171,-1.465031108573584e-20,-9.812816750062888e-22,19.0,28.516660498395403,74.26542133780454,9.980927998682165e-22,4.2000865548622547e-26,1.635893553952883e-08,1.0,-24.69928523562034,-24.699289472148347,-24.699229997854534,-24.699242937474953,-24.69928523562036,-24.699289472148347,-24.69992930365783,-3.844629392927444,-0.2575142840580006,0.2619259681781603,0.9999998284757139,5.551115123125783e-16
superlattice,277.0,20.0,0.01,0.5,59.69026041820608,2.4414062499999997e+21,0.0008743690490948155,0.0011658253987930874,3.82439773e-21,1.8752120192926165e-07,0.999997879036445,1.9334423545727015e-06,0.9999998124787995,-9.411878435691392e-20,-9.411880200618465e-20,5.349466890265367e-07,0.9999939534569373,5.51159637370702e-06,0.999999465053311,-9.411858444685185e-20,-9.41186347953039e-20,1.8752120192917425e-07,0.9999978790364434,1.9334423545676502e-06,0.999999812478798,-9.411878435691373e-20,-9.411880200618462e-20,8.451671604075317,1.0481741851070237e-06,2.4905355481534996e-06,2.1776471989758108e-09,45.249770309524166,-9.412133423313784e-20,33.59531651314454,0.5513856277683152,33.62360611095449,0.5516615236149591,47.943632580183085,0.6589237431485557,106.24407847923032,33.59525078594619,0.5513845026051949,Neel crossover,0.5513855243718204,0.5513853328063993,-1.465031108573584e-20,-9.812816750062888e-22,19.0,28.516660498395403,74.26542133780454,9.980927998682165e-22,1.1557544236514474e-22,1.3286366007392303e-07,1.0,-24.61009314449988,-24.61009775941496,-24.61004087220077,-24.610054037267695,-24.610093144499835,-24.61009775941495,-24.610759883789033,-3.830749864433122,-0.2565846296029176,0.2609803870656038,0.9999998124787981,1.4432899320127035e-15
superlattice,278.0,20.0,0.01,0.5,59.69026041820608,2.4414062499999997e+21,0.0008743690490948155,0.0011658253987930874,3.8382042200000005e-21,2.0487855414602053e-07,0.9999977757015708,2.019419876833788e-06,0.9999997951214477,-9.411868571392234e-20,-9.411870499682637e-20,5.474550140806506e-07,0.9999940594461243,5.393098861675088e-06,0.999999452544986,-9.411849573423845e-20,-9.411854725990906e-20,2.048785541456602e-07,0.999997775701569,2.0194198768078333e-06,0.9999997951214458,-9.411868571392221e-20,-9.411870499682642e-20,7.7839963986397995,1.0328566476579128e-06,2.4541400023852285e-06,2.1458240602311203e-09,40.83404731847068,-9.412133423313784e-20,30.31765221512606,0.5170165107033949,30.343404213120312,0.5173053943563528,43.37919607681418,0.6306258342139289,95.82175908002431,30.31759023067439,0.5170150749259794,Neel crossover,0.5170164047778006,0.5170162276601138,-1.465031108573584e-20,-9.812816750062888e-22,19.0,28.516660498395403,74.26542133780454,9.980927998682165e-22,1.176829768060557e-22,2.3498338230787397e-07,1.0,-24.521541929293782,-24.52154695323282,-24.52149243227043,-24.521505856691764,-24.521541929293747,-24.521546953232836,-24.522231970537987,-3.816970188661779,-0.2556616633093819,0.26004160869486415,0.9999997951214459,1.7763568394002505e-15
superlattice,279.0,20.0,0.01,0.5,59.69026041820608,2.4414062499999997e+21,0.0008743690490948155,0.0011658253987930874,3.85201071e-21,2.237005145928619e-07,0.9999976677290457,2.108570440484397e-06,0.9999997762994862,-9.411858394812521e-20,-9.411860500250551e-20,5.615147059922941e-07,0.9999941478201371,5.290665156966846e-06,0.999999438485294,-9.411840329491808e-20,-9.411845614381531e-20,2.2370051459260499e-07,0.9999976677290449,2.108570440473912e-06,0.9999997762994853,-9.411858394812512e-20,-9.41186050025055e-20,7.1732974437416654,1.0178300930909635e-06,2.4184358524004298e-06,2.1146054565601736e-09,36.874508849814596,-9.412133423313784e-20,27.378704402069037,0.48167012315170327,27.402160218857905,0.4819718633110595,39.277042075009916,0.6009787727384347,86.48241329626147,27.3786459237117,0.4816691461008243,Neel crossover,0.4816700154018492,0.4816698526868457,-1.465031108573584e-20,-9.812816750062888e-22,19.0,28.516660498395403,74.26542133780454,9.980927998682165e-22,5.985607806805824e-23,9.872053419179849e-08,1.0,-24.433624679128997,-24.433630144944615,-24.43357778071133,-24.433591500532277,-24.43362467912897,-24.433630144944612,-24.434338665984093,-3.8032892919282246,-0.25474531326167804,0.2591095599181801,0.9999997762994854,7.771561172376096e-16
superlattice,280.0,20.0,0.01,0.5,59.69026041820608,2.4414062499999997e+21,0.0008743690490948155,0.0011658253987930874,3.8658172000000005e-21,2.4409831288322215e-07,0.9999975549163334,2.2009853547815626e-06,0.9999997559016881,-9.411847898199977e-20,-9.411850195616722e-20,5.772350352876593e-07,0.9999942192636465,5.203501318231851e-06,0.9999994227649648,-9.41183070924248e-20,-9.411836142084047e-20,2.4409831288268174e-07,0.9999975549163325,2.2009853547466983e-06,0.9999997559016872,-9.41184789819997e-20,-9.411850195616723e-20,6.614370349308576,1.0030879427742102e-06,2.3834074669070902e-06,2.0839777204450354e-09,33.32188433621501,-9.412133423313784e-20,24.74159426861429,0.4455903529313321,24.76297110013337,0.4459015538729266,35.58766542189059,0.5700753835522013,78.10747531067904,24.74153907598177,0.44558950844513,Neel crossover,0.44559024416347914,0.445590095720969,-1.465031108573584e-20,-9.812816750062888e-22,19.0,28.516660498395403,74.26542133780454,9.980927998682165e-22,5.898928049440201e-23,7.541862534488075e-08,1.0,-24.34633458146954,-24.346340524370166,-24.346290117500846,-24.34630417104059,-24.346334581469524,-24.346340524370166,-24.34707317074843,-3.7897061158856236,-0.2538355085714577,0.258184168632758,0.9999997559016871,9.992007221626409e-16
superlattice,281.0,20.0,0.01,0.5,59.69026041820608,2.4414062499999997e+21,0.0008743690490948155,0.0011658253987930874,3.87962369e-21,2.6619064866489016e-07,0.9999974370516289,2.2967577221031834e-06,0.999999733809351,-9.41183707364804e-20,-9.411839578991726e-20,5.947331621112656e-07,0.9999942743829008,5.130883937167587e-06,0.999999405266838,-9.411820708553589e-20,-9.411826306078809e-20,2.661906486648769e-07,0.9999974370516292,2.296757722111123e-06,0.9999997338093514,-9.411837073648043e-20,-9.411839578991725e-20,6.102515996427385,9.886237867741265e-07,2.3490396154525452e-06,2.053927534849293e-09,30.132097548514853,-9.412133423313784e-20,22.37365499269189,0.40905377785015085,22.393148363780465,0.4093723810928613,32.26713865425802,0.5380414376797983,70.59199664914225,22.373602880529567,0.409053347699266,Neel crossover,0.40905366896386025,0.4090535345723041,-1.465031108573584e-20,-9.812816750062888e-22,19.0,28.516660498395403,74.26542133780454,9.980927998682165e-22,1.3081237040218927e-22,5.479731655100295e-07,1.0,-24.259664920357366,-24.259671378055035,-24.25962273818776,-24.259637166198477,-24.25966492035737,-24.25967137805503,-24.26042878224043,-3.776219617252579,-0.25293217935945966,0.2572653637621788,0.9999997338093514,3.3306690738754696e-16
superlattice,282.0,20.0,0.01,0.5,59.69026041820608,2.4414062499999997e+21,0.0008743690490948155,0.0011658253987930874,3.8934301800000006e-21,2.901041238346944e-07,0.9999973139134246,2.3959824526058965e-06,0.9999997098958772,-9.411825913092158e-20,-9.411828643502452e-20,6.141336714968092e-07,0.9999943137194431,5.072146885572108e-06,0.9999993858663287,-9.411810322893612e-20,-9.411816103006788e-20,2.9010412383480847e-07,0.9999973139134237,2.3959824526030234e-06,0.9999997098958763,-9.411825913092149e-20,-9.41182864350245e-20,5.6334886936397535,9.744313791173392e-07,2.3153174571649844e-06,2.0244419233739737e-09,27.265838161833685,-9.412133423313784e-20,20.245928959208516,0.37237542741529134,20.26371499402733,0.37269855978153865,29.276453559570232,0.5050297192249439,63.843011533669696,20.245879736240024,0.37237524558044877,Neel crossover,0.3723753193876446,0.37237519872700303,-1.465031108573584e-20,-9.812816750062888e-22,19.0,28.516660498395403,74.26542133780454,9.980927998682165e-22,7.879349936499215e-23,1.523969942462955e-07,1.0,-24.173609074690425,-24.173616087556116,-24.17356903236829,-24.173583878180107,-24.1736090746904,-24.173616087556113,-24.174398892941706,-3.7628287675460093,-0.2520352567376176,0.25635307523819945,0.9999997098958762,9.992007221626409e-16
superlattice,283.0,20.0,0.01,0.5,59.69026041820608,2.4414062499999997e+21,0.0008743690490948155,0.0011658253987930874,3.90723667e-21,3.159736953947105e-07,0.9999971852700279,2.498756278662071e-06,0.9999996840263066,-9.411814408305693e-20,-9.411817382192392e-20,6.355701006645563e-07,0.9999943377438296,5.026686069797037e-06,0.9999993644298995,-9.41179954728517e-20,-9.411805529147356e-20,3.159736953952473e-07,0.999997185270026,2.4987562786989484e-06,0.9999996840263047,-9.411814408305673e-20,-9.411817382192391e-20,5.203449928986809,9.605046331934735e-07,2.2822265298302794e-06,1.9955082407066623e-09,24.688695837372354,-9.412133423313784e-20,18.332727513387933,0.3358985580422733,18.348964957129205,0.3362230486990908,26.580943890040963,0.4712279631254769,57.77810668933686,18.332681001274153,0.3358977524778971,Neel crossover,0.33589845190716533,0.335898344555193,-1.465031108573584e-20,-9.812816750062888e-22,19.0,28.516660498395403,74.26542133780454,9.980927998682165e-22,7.060689779955838e-23,3.0959240671091237e-07,1.0,-24.088160516536337,-24.088168127763787,-24.088122481930867,-24.088137791631024,-24.088160516536288,-24.088168127763787,-24.088976988726365,-3.7495325528196988,-0.2511446727915483,0.2554472339829408,0.9999996840263046,1.9984014443252818e-15
superlattice,284.0,20.0,0.01,0.5,59.69026041820608,2.4414062499999997e+21,0.0008743690490948155,0.0011658253987930874,3.9210431600000006e-21,3.4394314969800934e-07,0.9999970508790812,2.6051777690744307e-06,0.9999996560568503,-9.411802550895848e-20,-9.411805788021976e-20,6.591843992087977e-07,0.999994346869131,4.993946469906963e-06,0.9999993408156009,-9.411788376370901e-20,-9.411794580479056e-20,3.4394314969779054e-07,0.9999970508790813,2.60517776906387e-06,0.9999996560568504,-9.41180255089585e-20,-9.411805788021977e-20,4.80892708493897,9.468376172948694e-07,2.2497527392940465e-06,1.967114163354992e-09,22.36989911837078,-9.412133423313784e-20,16.61124516306974,0.2999907049538004,16.626077183150592,0.30031311544105077,24.149778818428473,0.43685158950048514,52.324169032612765,16.61120119550575,0.2999903728388273,Neel crossover,0.29999060177405246,0.29999050720460785,-1.465031108573584e-20,-9.812816750062888e-22,19.0,28.516660498395403,74.26542133780454,9.980927998682165e-22,6.960243460653897e-23,2.0931077115982077e-07,1.0,-24.003312809481663,-24.003321065259517,-24.003276659599177,-24.003292482195107,-24.00331280948167,-24.00332106525952,-24.004156647216764,-3.736329973408361,-0.250260360563409,0.25454777189145156,0.9999996560568503,0.0
superlattice,285.0,20.0,0.01,0.5,59.69026041820608,2.4414062499999997e+21,0.0008743690490948155,0.0011658253987930874,3.93484965e-21,3.74165598848096e-07,0.9999969104870596,2.7153473430676567e-06,0.9999996258344027,-9.411790332299417e-20,-9.411793853868885e-20,6.851283439982569e-07,0.9999943414460237,4.973425632441184e-06,0.9999993148716562,-9.411776804383884e-20,-9.411783252663357e-20,3.741655988481507e-07,0.9999969104870581,2.7153473430727622e-06,0.9999996258344012,-9.411790332299401e-20,-9.411793853868885e-20,4.4467765580963485,9.334245502889819e-07,2.2178823491789567e-06,1.93924768065578e-09,20.282084395903095,-9.412133423313784e-20,15.061221231871151,0.26502977699797253,15.074777023783662,0.2653463683216263,21.955518110808462,0.40214962571749363,47.41628824887813,15.061179653637645,0.26502890280697766,Neel crossover,0.26502967783294773,0.26502959541856036,-1.465031108573584e-20,-9.812816750062888e-22,19.0,28.516660498395403,74.26542133780454,9.980927998682165e-22,1.5095660680570008e-22,2.8309248212288196e-07,1.0,-23.919059607015523,-23.919068556708094,-23.91902522726347,-23.91904161487684,-23.919059607015484,-23.919068556708094,-23.919931536173898,-3.723220043677104,-0.24938225403511638,0.25365462181463944,0.9999996258344012,1.5543122344752192e-15
superlattice,286.0,20.0,0.01,0.5,59.69026041820608,2.4414062499999997e+21,0.0008743690490948155,0.0011658253987930874,3.9486561400000006e-21,4.068040000321997e-07,0.9999967638287168,2.829367284055062e-06,0.9999995931960008,-9.411777743778047e-20,-9.41178157252843e-20,7.135630350853011e-07,0.9999943217747622,4.964662202582287e-06,0.9999992864369648,-9.411764825206312e-20,-9.41177154109858e-20,4.068040000320048e-07,0.9999967638287157,2.8293672840564356e-06,0.9999995931959997,-9.411777743778035e-20,-9.411781572528428e-20,4.1141507910983925,9.202597974194416e-07,2.186601970907764e-06,1.9118970860514708e-09,18.400943556888606,-9.412133423313784e-20,13.664642897143718,0.23139440448071308,13.677039117183776,0.23170143004864435,19.973721187040827,0.3673959578852351,42.996794348032694,13.664603563390994,0.23139389185293763,Neel crossover,0.23139431034854396,0.23139423936621947,-1.465031108573584e-20,-9.812816750062888e-22,19.0,28.516660498395403,74.26542133780454,9.980927998682165e-22,1.555929258110153e-22,7.317623662572714e-08,1.0,-23.835394650945844,-23.835404347283653,-23.83536193457025,-23.8353789426156,-23.835394650945812,-23.835404347283646,-23.83629541192154,-3.710201791776135,-0.24851028811191664,0.2527677175425603,0.999999593196,8.881784197001252e-16
superlattice,287.0,20.0,0.01,0.5,59.69026041820608,2.4414062499999997e+21,0.0008743690490948155,0.0011658253987930874,3.96246263e-21,4.420316985846735e-07,0.9999966106265494,2.947341753180318e-06,0.9999995579683026,-9.411764776413693e-20,-9.411768936713891e-20,7.446604483808458e-07,0.9999942880993671,4.967240184565105e-06,0.9999992553395517,-9.411752432335083e-20,-9.411759440900088e-20,4.420316985839289e-07,0.9999966106265482,2.9473417531493004e-06,0.9999995579683013,-9.411764776413681e-20,-9.411768936713891e-20,3.8084687817186915,9.073378662318363e-07,2.1558985540226798e-06,1.8850509686256983e-09,16.704982795952066,-9.412133423313784e-20,12.405484351680224,0.19945035562531946,12.416826395799779,0.19974436240338347,18.182603271021392,0.3328860365993473,39.01441294108325,12.405447127141045,0.19944952431774307,Neel crossover,0.19945026746194022,0.19945020710252823,-1.465031108573584e-20,-9.812816750062888e-22,19.0,28.516660498395403,74.26542133780454,9.980927998682165e-22,8.670922917599481e-23,2.5353546662110205e-07,1.0,-23.75231176984928,-23.752322269128605,-23.752280617306624,-23.75229830470373,-23.752311769849246,-23.752322269128605,-23.75324211780335,-3.6972742594006087,-0.24764439860630025,0.25188699378805657,0.9999995579683014,1.2212453270876722e-15
superlattice,288.0,20.0,0.01,0.5,59.69026041820608,2.4414062499999997e+21,0.0008743690490948155,0.0011658253987930874,3.976269120000001e-21,4.800329955925318e-07,0.999996450590201,3.069376802633004e-06,0.9999995199670036,-9.411751421103544e-20,-9.411755939056948e-20,7.786034425777369e-07,0.999994240614908,4.980781649409384e-06,0.9999992213965575,-9.411739618916135e-20,-9.411746946934708e-20,4.800329955924504e-07,0.9999964505902019,3.0693768026188432e-06,0.9999995199670045,-9.41175142110355e-20,-9.411755939056946e-20,3.5273896846555934,8.946534026204293e-07,2.1257593767920915e-06,1.8586982048900886e-09,15.17492812077433,-9.412133423313784e-20,11.269477520587497,0.1695334408397629,11.2798606667687,0.16981074845561225,16.562732723426763,0.29893331152212427,35.423523268549204,11.2694422788924,0.1695324733118191,Neel crossover,0.16953335945811732,0.16953330884044224,-1.465031108573584e-20,-9.812816750062888e-22,19.0,28.516660498395403,74.26542133780454,9.980927998682165e-22,8.549732431879774e-23,1.017504029920957e-07,1.0,-23.669804877552007,-23.66981623984482,-23.669775195991093,-23.669793625373895,-23.66980487755202,-23.669816239844813,-23.670765582672086,-3.684436501555467,-0.24678452222225056,0.2510123861707369,0.9999995199670044,7.771561172376096e-16
superlattice,289.0,20.0,0.01,0.5,59.69026041820608,2.4414062499999997e+21,0.0008743690490948155,0.0011658253987930874,3.99007561e-21,5.210037408709297e-07,0.9999962834158722,3.1955803887376005e-06,0.999999478996261,-9.411737668554982e-20,-9.411742572108053e-20,8.15586293458457e-07,0.999994179469968,5.00494373838669e-06,0.9999991844137064,-9.411726377753785e-20,-9.411734053835079e-20,5.210037408712122e-07,0.9999962834158703,3.1955803887601045e-06,0.9999994789962591,-9.411737668554965e-20,-9.411742572108055e-20,3.2687891659508583,8.822011869920857e-07,2.0961720370957834e-06,1.8328279508145824e-09,13.793644295649436,-9.412133423313784e-20,10.243910364678584,0.14193600589940528,10.253420793945011,0.14219320538787705,15.096764419386522,0.2658573404025904,32.18350598558807,10.243876987735202,0.141935550602655,Neel crossover,0.1419359319502155,0.1419358901383443,-1.465031108573584e-20,-9.812816750062888e-22,19.0,28.516660498395403,74.26542133780454,9.980927998682165e-22,9.079281540833604e-23,2.475450465722062e-07,1.0,-23.587867971642225,-23.58788026101604,-23.58783967443109,-23.58785891236552,-23.587867971642183,-23.587880261016043,-23.588859819410246,-3.671687586325172,-0.24593059653982066,0.250143831201288,0.9999994789962592,1.7763568394002505e-15
superlattice,290.0,20.0,0.01,0.5,59.69026041820608,2.4414062499999997e+21,0.0008743690490948155,0.0011658253987930874,4.0038821e-21,5.6515195215203e-07,0.9999961087856646,3.3260623848155108e-06,0.9999994348480494,-9.41172350927999e-20,-9.411728828336896e-20,8.558155725761755e-07,0.9999941047665944,5.039417833054841e-06,0.9999991441844275,-9.411712701306598e-20,-9.411720756003785e-20,5.651519521520515e-07,0.9999961087856633,3.3260623848298527e-06,0.9999994348480481,-9.411723509279974e-20,-9.411728828336892e-20,3.0307382090420703,8.699761305438596e-07,2.067124443580225e-06,1.8074296340938912e-09,12.545869455728681,-9.412133423313784e-20,9.317449319116983,0.11689136543167289,9.326165028703734,0.11712611612329256,13.769204699297685,0.23397811300059174,29.258169413381932,9.31741769652021,0.11689103744768425,Neel crossover,0.1168912993702897,0.11689126539422207,-1.465031108573584e-20,-9.812816750062888e-22,19.0,28.516660498395403,74.26542133780454,9.980927998682165e-22,1.2790709675031775e-23,4.966801792072317e-08,1.0,-23.506495132011977,-23.50650841676106,-23.506468138276595,-23.5064882554953,-23.50649513201194,-23.506508416761054,-23.50751892348125,-3.659026594648189,-0.24508256000002818,0.2492812662661112,0.9999994348480479,1.5543122344752192e-15
superlattice,291.0,20.0,0.01,0.5,59.69026041820608,2.4414062499999997e+21,0.0008743690490948155,0.0011658253987930874,4.01768859e-21,6.126984613461294e-07,0.9999959263669443,3.460934593820257e-06,0.9999993873015381,-9.411708933589692e-20,-9.411714700132812e-20,8.995107393410006e-07,0.9999940165625003,5.0839267602358515e-06,0.9999991004892606,-9.411698581695262e-20,-9.411707047626828e-20,6.126984613454253e-07,0.9999959263669448,3.4609345937864326e-06,0.9999993873015386,-9.411708933589696e-20,-9.411714700132812e-20,2.811484105852041,8.579732716507367e-07,2.038604807075591e-06,1.7824929466428042e-09,11.417963361909413,-9.412133423313784e-20,8.479982864022153,0.09456239179641455,8.487974484524797,0.09477259918226963,12.566203997375258,0.2036025236578831,26.615244439543357,8.479952892516103,0.09456194450592503,Neel crossover,0.09456233385818255,0.09456230673652759,-1.465031108573584e-20,-9.812816750062888e-22,19.0,28.516660498395403,74.26542133780454,9.980927998682165e-22,9.460712994956064e-23,3.4446811980615166e-07,1.0,-23.425680519429434,-23.42569487231665,-23.42565475363351,-23.425675825280493,-23.425680519429445,-23.42569487231665,-23.42673707151052,-3.6464526200961327,-0.24424035189006243,0.24842462961227574,0.9999993873015387,5.551115123125783e-16
superlattice,292.0,20.0,0.01,0.5,59.69026041820608,2.4414062499999997e+21,0.0008743690490948155,0.0011658253987930874,4.03149508e-21,6.638775887490996e-07,0.9999957358116491,3.6003107607451062e-06,0.9999993361224099,-9.411693931588443e-20,-9.411700179805277e-20,9.469049474876712e-07,0.9999939148717636,5.138223288906638e-06,0.9999990530950525,-9.411684010702382e-20,-9.411692922680974e-20,6.638775887493111e-07,0.9999957358116505,3.6003107607484617e-06,0.9999993361224112,-9.411693931588455e-20,-9.411700179805277e-20,2.6094333966185577,8.461877723601676e-07,2.0106016322665272e-06,1.7580078373133675e-09,10.397813319156818,-9.412133423313784e-20,7.722483611400291,0.07503199911005454,7.729815138475289,0.07521654563053914,11.475373751899708,0.1750152773029281,24.225939524536074,7.722455194373609,0.07503163033497584,Neel crossover,0.07503194929799178,0.07503192806188336,-1.465031108573584e-20,-9.812816750062888e-22,19.0,28.516660498395403,74.26542133780454,9.980927998682165e-22,9.952843228163248e-23,4.5341187449032816e-07,1.0,-23.34541837413936,-23.34543387264974,-23.345393765685515,-23.3454158715753,-23.345418374139392,-23.34543387264974,-23.34650851989576,-3.6339647686574477,-0.24340391232879513,0.24757386033278167,0.9999993361224112,1.3322676295501878e-15
superlattice,293.0,20.0,0.01,0.5,59.69026041820608,2.4414062499999997e+21,0.0008743690490948155,0.0011658253987930874,4.04530157e-21,7.189378460854228e-07,0.9999955367555673,3.744306584803936e-06,0.9999992810621521,-9.411678493167621e-20,-9.411685259584367e-20,9.982450338154355e-07,0.9999937996707486,5.202084217534412e-06,0.9999990017549661,-9.411668979800816e-20,-9.411678374962014e-20,7.189378460851093e-07,0.9999955367555692,3.7443065847915667e-06,0.999999281062154,-9.41167849316764e-20,-9.411685259584368e-20,2.423136548879933,8.346149149901256e-07,1.9831037096088946e-06,1.7339645048271306e-09,9.474500121802818,-9.412133423313784e-20,7.036886628609205,0.058299240443451174,7.043616078561736,0.05845770693443179,10.485624634136682,0.1484663318054129,22.064548374126304,7.036859675636187,0.05829905075717575,Neel crossover,0.058299198529920715,0.058299182246523924,-1.465031108573584e-20,-9.812816750062888e-22,19.0,28.516660498395403,74.26542133780454,9.980927998682165e-22,1.1043855403390515e-22,4.54092803359174e-08,1.0,-23.2657030144915,-23.265719741097982,-23.265679497414613,-23.265702722286818,-23.26570301449155,-23.265719741097985,-23.266827603445602,-3.621562158525511,-0.24257318225258762,0.2467288983521237,0.999999281062154,1.887379141862766e-15
superlattice,294.0,20.0,0.01,0.5,59.69026041820608,2.4414062499999997e+21,0.0008743690490948155,0.0011658253987930874,4.05910806e-21,7.781426692907924e-07,0.9999953288175993,3.893039731385129e-06,0.9999992218573307,-9.411662607999304e-20,-9.411669931621267e-20,1.0537933646336404e-06,0.9999936708919455,5.275314689725794e-06,0.9999989462066352,-9.411653480116294e-20,-9.411663398064735e-20,7.781426692905978e-07,0.9999953288175991,3.893039731380566e-06,0.9999992218573305,-9.411662607999304e-20,-9.411669931621269e-20,2.25127418959719,8.232500988275061e-07,1.9561001074849377e-06,1.7103533909158713e-09,8.638326099966081,-9.412133423313784e-20,6.415982009950342,0.044280256310644237,6.422162007452312,0.04441332274641113,9.587023508683625,0.12416003226702052,20.108103793475916,6.415956436363194,0.04428010883389523,Neel crossover,0.04428022185428739,0.04428020964840394,-1.465031108573584e-20,-9.812816750062888e-22,19.0,28.516660498395403,74.26542133780454,9.980927998682165e-22,2.0576639518748068e-22,7.870632201534278e-08,1.0,-23.186528835596715,-23.186546878038193,-23.186506348185997,-23.186530781998286,-23.186528835596715,-23.1865468780382,-23.18768873404613,-3.6092439198910706,-0.24174810340138836,0.2458896844121505,0.9999992218573307,0.0
superlattice,295.0,20.0,0.01,0.5,59.69026041820608,2.4414062499999997e+21,0.0008743690490948155,0.0011658253987930874,4.07291455e-21,8.417711819530276e-07,0.9999951115989736,4.04662984377912e-06,0.9999991582288174,-9.411646265529504e-20,-9.411654187988781e-20,1.113827759165765e-06,0.9999935284303847,5.357741856062284e-06,0.9999988861722408,-9.411637502458444e-20,-9.41164798541323e-20,8.417711819534119e-07,0.9999951115989741,4.046629843792755e-06,0.9999991582288179,-9.411646265529509e-20,-9.411654187988781e-20,2.0926447251958735,8.12088836923794e-07,1.929580164589561e-06,1.6871651736643918e-09,7.880605631067408,-9.412133423313784e-20,5.853319960534906,0.03281520467932036,5.858998265806026,0.03292398378192749,8.770666864357022,0.10224684682018302,18.336072066983974,5.85329568702955,0.032815073580136564,Neel crossover,0.032815177056426705,0.03281516812883446,-1.465031108573584e-20,-9.812816750062888e-22,19.0,28.516660498395403,74.26542133780454,9.980927998682165e-22,1.1939853527795953e-22,3.482337793681012e-07,1.0,-23.107890308009296,-23.10790975958182,-23.107868792529526,-23.107894530743913,-23.107890308009306,-23.10790975958182,-23.109086399354446,-3.5970091947388974,-0.24092861830511242,0.245056160058211,0.999999158228818,6.661338147750939e-16
superlattice,296.0,20.0,0.01,0.5,59.69026041820608,2.4414062499999997e+21,0.0008743690490948155,0.0011658253987930874,4.08672104e-21,9.101189903442505e-07,0.9999948846824542,4.205198554679854e-06,0.9999990898810089,-9.411629454971354e-20,-9.411638020681854e-20,1.1786424974134661e-06,0.9999933721429362,5.449214566544589e-06,0.9999988213575027,-9.411621037313183e-20,-9.41163213026278e-20,9.101189903441538e-07,0.9999948846824549,4.205198554695104e-06,0.9999990898810096,-9.411629454971359e-20,-9.411638020681852e-20,1.9461532026896715,8.011267529850265e-07,1.9035334825406653e-06,1.664390761049224e-09,7.1935614559885,-9.412133423313784e-20,5.343126876086159,0.02367993080408806,5.348346858082808,0.0237666116414706,8.028568738417043,0.08281469796348098,16.73008292688688,5.343103828352721,0.023679831028712912,fast Neel and Brownian,0.023679909252533327,0.02367990289391528,-1.465031108573584e-20,-9.812816750062888e-22,19.0,28.516660498395403,74.26542133780454,9.980927998682165e-22,1.1778729899997813e-23,2.6147706511103763e-07,1.0,-23.029781976435938,-23.029802936296953,-23.0297613788515,-23.029788522738954,-23.029781976435952,-23.02980293629695,-23.03101516151879,-3.5848571366485635,-0.2401146702702979,0.24422826762558192,0.9999990898810096,6.661338147750939e-16
superlattice,297.0,20.0,0.01,0.5,59.69026041820608,2.4414062499999997e+21,0.0008743690490948155,0.0011658253987930874,4.1005275300000004e-21,9.834990109916323e-07,0.9999946476314905,4.368869497461391e-06,0.999999016500988,-9.411612165297765e-20,-9.411621421618134e-20,1.2485493207736703e-06,0.9999932018479345,5.549602744710365e-06,0.9999987514506792,-9.411604074836697e-20,-9.411615825703243e-20,9.83499010991411e-07,0.9999946476314918,4.368869497444045e-06,0.9999990165009892,-9.411612165297777e-20,-9.411621421618135e-20,1.8108012812936158,7.903595783531431e-07,1.8779499187066212e-06,1.6420212846671945e-09,6.570213844877296,-9.412133423313784e-20,4.880231093144417,0.016603072431501532,4.88503215448725,0.0166700839574409,7.353561403686574,0.06588637176567852,15.273690797886147,4.880209201524684,0.01660300201555995,fast Neel and Brownian,0.0166030561023962,0.016603051701746724,-1.465031108573584e-20,-9.812816750062888e-22,19.0,28.516660498395403,74.26542133780454,9.980927998682165e-22,1.1620471964437023e-22,1.245048482090283e-07,1.0,-22.952198458469475,-22.95222103195618,-22.952178728176214,-22.952207385139157,-22.952198458469503,-22.952221031956185,-22.953469655924447,-3.572786910599241,-0.23930620336703087,0.24340595022616915,0.999999016500989,9.992007221626409e-16
superlattice,298.0,20.0,0.01,0.5,59.69026041820608,2.4414062499999997e+21,0.0008743690490948155,0.0011658253987930874,4.11433402e-21,1.0622423317474933e-06,0.9999943999893512,4.537768317229521e-06,0.9999989377576685,-9.411594385233933e-20,-9.411604382638517e-20,1.3238781745615163e-06,0.9999930173263836,5.6587954419688784e-06,0.9999986761218256,-9.411586604858109e-20,-9.411599064668697e-20,1.0622423317469146e-06,0.999994399989351,4.537768317219043e-06,0.9999989377576682,-9.411594385233932e-20,-9.411604382638517e-20,1.6856781983081814,7.797831490759282e-07,1.8528195792442492e-06,1.6200480936480503e-09,6.004335693885221,-9.412133423313784e-20,4.459997149855175,0.011284690455380407,4.464415108675804,0.011334875598667455,6.739207302949637,0.05141785951739517,13.952163547595,4.4599763490344095,0.011284653350383223,fast Neel and Brownian,0.011284678468304507,0.011284675515825009,-1.465031108573584e-20,-9.812816750062888e-22,19.0,28.516660498395403,74.26542133780454,9.980927998682165e-22,1.1465018508988845e-23,3.0092086455990597e-07,1.0,-22.875134443347733,-22.87515874230969,-22.875115532934075,-22.87514581684036,-22.87513444334773,-22.87515874230969,-22.876444589964972,-3.5607976927784386,-0.2385031624161348,0.24258915173547735,0.9999989377576682,2.220446049250313e-16
superlattice,299.0,20.0,0.01,0.5,59.69026041820608,2.4414062499999997e+21,0.0008743690490948155,0.0011658253987930874,4.1281405100000004e-21,1.1466991073334875e-06,0.9999941412782118,4.712022681650241e-06,0.9999988533008934,-9.411576103249453e-20,-9.411586895507737e-20,1.4049779887671021e-06,0.9999928183228715,5.7766991398352326e-06,0.9999985950220113,-9.411568616880659e-20,-9.411581839945983e-20,1.1466991073338343e-06,0.999994141278211,4.712022681651274e-06,0.9999988533008926,-9.411576103249445e-20,-9.411586895507738e-20,1.5699526257777612,7.693934030628337e-07,1.8281328123408496e-06,1.5984627487454993e-09,5.490311262142311,-9.412133423313784e-20,4.0782675421087635,0.007416537419653827,4.082334975339641,0.007452853929799157,6.179720902173737,0.039302544433567836,12.752295444417172,4.078247770817322,0.007416512751849673,fast Neel and Brownian,0.007416528915116995,0.007416526999582,-1.465031108573584e-20,-9.812816750062888e-22,19.0,28.516660498395403,74.26542133780454,9.980927998682165e-22,1.357477178283245e-22,3.3107497021678256e-07,1.0,-22.79858469073634,-22.798610833883018,-22.798566555770307,-22.798598587299498,-22.798584690736327,-22.79861083388302,-22.799934741837998,-3.548888670394564,-0.23770549297661595,0.24177781677984025,0.9999988533008927,7.771561172376096e-16
superlattice,300.0,20.0,0.01,0.5,59.69026041820608,2.4414062499999997e+21,0.0008743690490948155,0.0011658253987930874,4.141947e-21,1.2372394903463953e-06,0.9999938709982172,4.891762291555438e-06,0.9999987627605088,-9.411557307550158e-20,-9.41156895191494e-20,1.4922177956890092e-06,0.9999926045447545,5.903237449706904e-06,0.9999985077822042,-9.411550100073114e-20,-9.411564144176616e-20,1.2372394903474132e-06,0.9999938709982179,4.891762291608277e-06,0.9999987627605095,-9.411557307550163e-20,-9.411568951914939e-20,1.4628653256982243,7.591863773240398e-07,1.8038802016540213e-06,1.5772570166011905e-09,5.023122438309697,-9.412133423313784e-20,3.731311085337817,0.0047006861478828925,3.735057637551841,0.0047260303839117435,5.669899297288398,0.029378694602770414,11.662241435140619,3.731292286081784,0.00470066619171495,fast Neel and Brownian,0.0047006803320083545,0.0047006791334353705,-1.465031108573584e-20,-9.812816750062888e-22,19.0,28.516660498395403,74.26542133780454,9.980927998682165e-22,1.1162287636838678e-23,3.4690241590418225e-07,1.0,-22.722544029535285,-22.72257214279888,-22.722526628354043,-22.72256053536324,-22.722544029535296,-22.722572142798878,-22.723934959365206,-3.537059041493249,-0.23691314133336058,0.24097189072390748,0.9999987627605097,8.881784197001252e-16
