assembly,temperature_K,volume_fraction,escape_length_nm,p_free,p_bound,kBT_J,p_face,p_tip,U_total_per_NC_J,U_total_per_NC_kBT
dimer,120.0,0.0001,0.5,0.005428384816540331,0.9945716151834597,1.6567788e-21,0.9945684837162405,3.131467219122579e-06,-1.5597259414163193e-20,-9.41420750565084
dimer,122.0,0.0001,0.5,0.007389125166056841,0.9926108748339432,1.68439178e-21,0.9926070531176102,3.821716332930388e-06,-1.5565882130902053e-20,-9.241247977891494
dimer,124.0,0.0001,0.5,0.009951683607392469,0.9900483163926075,1.71200476e-21,0.9900436823302591,4.634062348519117e-06,-1.5525006308856292e-20,-9.068319593256442
dimer,126.0,0.0001,0.5,0.013265398584110917,0.9867346014158891,1.73961774e-21,0.9867290178248433,5.583591045751815e-06,-1.547228823032521e-20,-8.894073608564838
dimer,128.0,0.0001,0.5,0.01750561228389925,0.9824943877161008,1.76723072e-21,0.9824877020029378,6.685713163043161e-06,-1.5404977223495682e-20,-8.717015299222323
dimer,130.0,0.0001,0.5,0.022874639459565915,0.9771253605404341,1.7948437e-21,0.9771174048779778,7.95566245632622e-06,-1.5319900738143863e-20,-8.53550687346417
dimer,132.0,0.0001,0.5,0.029601334361031274,0.9703986656389687,1.82245668e-21,0.970389257820365,9.407818603727205e-06,-1.5213471447525663e-20,-8.347782207654813
dimer,134.0,0.0001,0.5,0.03793866653110872,0.9620613334688912,1.8500696600000002e-21,0.9620502786336314,1.1054835259963741e-05,-1.508172560826979e-20,-8.151977157589725
dimer,136.0,0.0001,0.5,0.04815865862777849,0.9518413413722215,1.8776826400000002e-21,0.951828434804516,1.2906567705478977e-05,-1.4920402804031285e-20,-7.946179235076319
dimer,138.0,0.0001,0.5,0.060544056928543734,0.9394559430714564,1.9052956200000002e-21,0.9394409742531438,1.4968818312685457e-05,-1.4725076912684558e-20,-7.728499849637274
dimer,140.0,0.0001,0.5,0.0753762450353039,0.9246237549646961,1.9329086000000003e-21,0.9246065130120066,1.7241952689547907e-05,-1.449134593032965e-20,-7.497170807936623
dimer,142.0,0.0001,0.5,0.09291922146657271,0.9070807785334273,1.9605215800000003e-21,0.9070610590495396,1.9719483887681828e-05,-1.4215083408720012e-20,-7.250664085380794
dimer,144.0,0.0001,0.5,0.11339997426857093,0.886600025731429,1.9881345600000003e-21,0.8865776389595731,2.238677185591398e-05,-1.389274621796315e-20,-6.987829947467513
dimer,146.0,0.0001,0.5,0.13698629217039396,0.8630137078296061,2.01574754e-21,0.8629884877986457,2.5220030960327915e-05,-1.3521722268640815e-20,-6.708043542318209
dimer,148.0,0.0001,0.5,0.16376387698672867,0.8362361230132713,2.04336052e-21,0.8362079371475597,2.8185865711576514e-05,-1.310068890033735e-20,-6.411344827361816
dimer,150.0,0.0001,0.5,0.1937154075146802,0.8062845924853198,2.0709735e-21,0.8062533509381136,3.124154720624756e-05,-1.2629940354556826e-20,-6.098552373826525
dimer,152.0,0.0001,0.5,0.22670472032749361,0.7732952796725062,2.09858648e-21,0.7732609434863368,3.433618616944819e-05,-1.2111634717336601e-20,-5.771329813073322
dimer,154.0,0.0001,0.5,0.2624692669378275,0.7375307330621724,2.12619946e-21,0.737493320213619,3.7412848553513696e-05,-1.1549910865893689e-20,-5.43218596523098
dimer,156.0,0.0001,0.5,0.30062330096479006,0.6993766990352099,2.15381244e-21,0.6993362875269226,4.041150828728526e-05,-1.0950837076643077e-20,-5.084396799492474
dimer,158.0,0.0001,0.5,0.34067283870897574,0.6593271612910242,2.18142542e-21,0.659283888722017,4.327256900715452e-05,-1.0322175103682964e-20,-4.731848730213735
dimer,160.0,0.0001,0.5,0.38204155300414555,0.6179584469958546,2.2090384e-21,0.6179125064411859,4.594055466861357e-05,-9.67297307950185e-21,-4.378816176079986
dimer,162.0,0.0001,0.5,0.4241048401297374,0.5758951598702625,2.23665138e-21,0.575846792361608,4.836750865452392e-05,-9.013030667586797e-21,-4.029698480586097
dimer,164.0,0.0001,0.5,0.46622785286323676,0.5337721471367632,2.2642643600000002e-21,0.5337216314612724,5.051567549078369e-05,-8.352302518185673e-21,-3.6887488341624883
dimer,166.0,0.0001,0.5,0.507802715396313,0.49219728460368695,2.2918773400000002e-21,0.49214492544059857,5.235916308839693e-05,-7.700315050009983e-21,-3.359828606713299
dimer,168.0,0.0001,0.5,0.5482805571963774,0.4517194428036227,2.3194903200000002e-21,0.45166555834033745,5.388446328526088e-05,-7.065664894821098e-21,-3.0462144350837805
dimer,170.0,0.0001,0.5,0.5871952452300779,0.41280475476992207,2.3471033000000003e-21,0.4127496648739777,5.5089895944376076e-05,-6.455647804766588e-21,-2.750474512462484
dimer,172.0,0.0001,0.5,0.6241773606031896,0.3758226393968103,2.3747162800000003e-21,0.37576665520525454,5.598419155575576e-05,-5.876040664768676e-21,-2.4744179817425076
dimer,174.0,0.0001,0.5,0.658958604849425,0.34104139515057497,2.4023292600000003e-21,0.34098481063906755,5.6584511507399885e-05,-5.331033557944767e-21,-2.219110280472031
dimer,176.0,0.0001,0.5,0.6913680811768548,0.3086319188231451,2.42994224e-21,0.3085750046037553,5.691421938978431e-05,-4.8232891060749505e-21,-1.984939817365762
dimer,178.0,0.0001,0.5,0.7213226085654879,0.27867739143451215,2.45755522e-21,0.2786203907592494,5.70006752627485e-05,-4.3540951772518616e-21,-1.7717181456666766
dimer,180.0,0.0001,0.5,0.7488134036584189,0.25118659634158114,2.4851682e-21,0.2511297230900588,5.6873251522359095e-05,-3.9235743197915864e-21,-1.5787962842078804
dimer,182.0,0.0001,0.5,0.7738912383514277,0.22610876164857224,2.51278118e-21,0.22605219996110612,5.656168746610139e-05,-3.5309168761271886e-21,-1.4051827927679674
dimer,184.0,0.0001,0.5,0.7966517244740733,0.20334827552592677,2.54039416e-21,0.20329218069875005,5.609482717671498e-05,-3.1746119114122685e-21,-1.2496532866428367
dimer,186.0,0.0001,0.5,0.8172218490770434,0.18277815092295646,2.56800714e-21,0.18272265119194117,5.5499731015300476e-05,-2.852658380073249e-21,-1.1108451902798249
dimer,188.0,0.0001,0.5,0.8357483956038996,0.16425160439610054,2.59562012e-21,0.16419680327925026,5.480111685027333e-05,-2.5627466113869476e-21,-0.9873350077849402
dimer,190.0,0.0001,0.5,0.8523884965646804,0.14761150343531962,2.6232331e-21,0.1475574823647071,5.402107061253724e-05,-2.3024063013708828e-21,-0.8776979450933593
dimer,192.0,0.0001,0.5,0.8673022893375111,0.132697710662489,2.65084608e-21,0.13264453170020682,5.3178962282170415e-05,-2.0691214877104997e-21,-0.7805513504995731
dimer,194.0,0.0001,0.5,0.880647478982783,0.11935252101721694,2.6784590600000002e-21,0.11930022950902924,5.229150818769139e-05,-1.8604156069678914e-21,-0.6945842983942757
dimer,196.0,0.0001,0.5,0.8925755284476158,0.10742447155238433,2.7060720400000002e-21,0.1073730986228513,5.137292953302648e-05,-1.6739110354811512e-21,-0.6185759324726444
dimer,198.0,0.0001,0.5,0.9032291724516195,0.09677082754838048,2.7336850200000003e-21,0.09672039238088823,5.043516749226606e-05,-1.5073678869579186e-21,-0.5514051091950303
dimer,200.0,0.0001,0.5,0.9127409645770573,0.08725903542294268,2.7612980000000003e-21,0.08720954729769767,4.948812524500537e-05,-1.3587066275665326e-21,-0.4920536021706214
dimer,202.0,0.0001,0.5,0.9212326004941342,0.07876739950586577,2.7889109800000003e-21,0.07871885958982971,4.85399160360592e-05,-1.226018542079674e-21,-0.4396047600198676
dimer,204.0,0.0001,0.5,0.9288148018773882,0.07118519812261191,2.8165239600000003e-21,0.0711376010192225,4.759710338941815e-05,-1.1075674296330298e-21,-0.3932391292822624
dimer,206.0,0.0001,0.5,0.9355875878707733,0.06441241212922677,2.8441369400000004e-21,0.06436574720422811,4.666492499866186e-05,-1.0017852429306207e-21,-0.35222820281312495
dimer,208.0,0.0001,0.5,0.941640799721494,0.05835920027850605,2.8717499200000004e-21,0.058313452782757354,4.574749574870103e-05,-9.072637761282341e-22,-0.31592715292153084
dimer,210.0,0.0001,0.5,0.947054777488651,0.05294522251134908,2.8993629e-21,0.05290037452328822,4.484798806086224e-05,-8.227439843380273e-22,-0.2837671628956925
dimer,212.0,0.0001,0.5,0.9519011150338067,0.048098884966193245,2.92697588e-21,0.04805491617662993,4.3968789563318416e-05,-7.471040895411757e-22,-0.2552477779697917
dimer,214.0,0.0001,0.5,0.9562434411174751,0.043756558882524936,2.95458886e-21,0.04371344724331404,4.311163921089724e-05,-6.793472888414008e-22,-0.22992955061822062
dimer,216.0,0.0001,0.5,0.9601381910528438,0.03986180894715614,2.98220184e-21,0.03981953120354658,4.227774360955364e-05,-6.185896204705803e-22,-0.20742714734244155
dimer,218.0,0.0001,0.5,0.963635345835841,0.036364654164159065,3.00981482e-21,0.03632318628856377,4.1467875595290996e-05,-5.640483476997975e-22,-0.18740300697296636
dimer,220.0,0.0001,0.5,0.9667791247977899,0.033220875202210044,3.0374278e-21,0.03318019274501962,4.068245719042282e-05,-5.150310779418816e-22,-0.1695615869262412
dimer,222.0,0.0001,0.5,0.9696086243473981,0.030391375652601933,3.06504078e-21,0.030351454023606703,3.992162899523226e-05,-4.70925732325843e-22,-0.15364419794957604
dimer,224.0,0.0001,0.5,0.9721583999031853,0.02784160009681478,3.0926537600000002e-21,0.02780241478888603,3.9185307928751133e-05,-4.311914101390809e-22,-0.1394244049288857
dimer,226.0,0.0001,0.5,0.9744589911696393,0.025541008830360572,3.1202667400000002e-21,0.025502535595312428,3.847323504814785e-05,-3.9535014486377045e-22,-0.1267039576442655
dimer,228.0,0.0001,0.5,0.9765373928776135,0.023462607122386486,3.1478797200000003e-21,0.023424822107408518,3.7785014977972514e-05,-3.6297951784964615e-22,-0.11530920814523565
dimer,230.0,0.0001,0.5,0.9784174742977161,0.02158252570228403,3.1754927000000003e-21,0.021545405553999624,3.712014828440656e-05,-3.337060771704563e-22,-0.10508796860734597
dimer,232.0,0.0001,0.5,0.9801203514757558,0.01987964852424415,3.2031056800000003e-21,0.019843170466299003,3.647805794514531e-05,-3.071994992849976e-22,-0.09590676361480448
dimer,234.0,0.0001,0.5,0.9816647164033211,0.018335283596679033,3.2307186600000003e-21,0.018299425485781496,3.585811089753709e-05,-2.8316742707732503e-22,-0.08764843271042518
dimer,236.0,0.0001,0.5,0.9830671273497436,0.016932872650256513,3.2583316400000004e-21,0.016897613014758395,3.5259635498118256e-05,-2.613509177203986e-22,-0.08021004200800093
dimer,238.0,0.0001,0.5,0.9843422644343669,0.015657735565633005,3.2859446200000004e-21,0.01562305363003711,3.468193559589592e-05,-2.4152043617941713e-22,-0.07350106715414367
dimer,240.0,0.0001,0.5,0.9855031542741425,0.014496845725857554,3.3135576e-21,0.014462721424048816,3.412430180873765e-05,-2.234723340448966e-22,-0.06744181360990875
dimer,242.0,0.0001,0.5,0.9865613672456262,0.013438632754373726,3.34117058e-21,0.013405046733878176,3.3586020495552446e-05,-2.0702575806579981e-22,-0.06196204387319842
dimer,244.0,0.0001,0.5,0.9875271905827024,0.01247280941729755,3.36878356e-21,0.012439743036462695,3.306638083485432e-05,-1.920199377669893e-22,-0.056999784743365735
dimer,246.0,0.0001,0.5,0.9884097802118142,0.011590219788185837,3.39639654e-21,0.011557655107834833,3.256468035100352e-05,-1.7831180657063403e-22,-0.052500290961500634
dimer,248.0,0.0001,0.5,0.9892172939178855,0.010782706082114655,3.42400952e-21,0.010750625852943453,3.208022917120177e-05,-1.6577391569990652e-22,-0.04841514450576251
dimer,250.0,0.0001,0.5,0.9899570081440439,0.01004299185595603,3.4516225e-21,0.01001137950270844,3.161235324758883e-05,-1.5429260470707238e-22,-0.044701471469453094
dimer,252.0,0.0001,0.5,0.9906354204608028,0.009364579539197282,3.47923548e-21,0.009333419142459156,3.116039673812536e-05,-1.4376639667393276e-22,-0.041321260805817245
dimer,254.0,0.0001,0.5,0.9912583394972008,0.008741660502799222,3.50684846e-21,0.008710936779093124,3.072372370609812e-05,-1.3410458995461727e-22,-0.03824077130342189
dimer,256.0,0.0001,0.5,0.9918309639076929,0.008169036092307088,3.53446144e-21,0.008138734373037125,3.030171926996312e-05,-1.2522602176752025e-22,-0.035430014980590716
dimer,258.0,0.0001,0.5,0.9923579517534297,0.007642048246570417,3.56207442e-21,0.007612154456258503,2.9893790311914195e-05,-1.1705798200859403e-22,-0.03286230668044101
dimer,260.0,0.0001,0.5,0.9928434815035604,0.007156518496439581,3.5896874e-21,0.0071270191306053365,2.949936583424438e-05,-1.0953525837530856e-22,-0.030513871033814408
dimer,262.0,0.0001,0.5,0.9932913057095581,0.006708694290441955,3.61730038e-21,0.006679576393405378,2.9117897036576265e-05,-1.0259929628712381e-22,-0.0283634991593161
dimer,264.0,0.0001,0.5,0.9937047982714192,0.006295201728580722,3.64491336e-21,0.0062664528714069,2.8748857173821424e-05,-9.619745919404033e-23,-0.02639224850986316
dimer,266.0,0.0001,0.5,0.9940869960970697,0.005913003902930326,3.67252634e-21,0.005884612161686517,2.8391741243809445e-05,-9.028237670943532e-23,-0.024583180173851474
dimer,268.0,0.0001,0.5,0.9944406358535609,0.005559364146439016,3.7001393200000004e-21,0.005531318080894501,2.8046065544515774e-05,-8.48113696155702e-23,-0.022921128714572345
dimer,270.0,0.0001,0.5,0.9947681864190063,0.0052318135809935745,3.7277523000000004e-21,0.00520410221386019,2.7711367133384193e-05,-7.974594219666091e-23,-0.021392500300156988
dimer,272.0,0.0001,0.5,0.9950718775660843,0.0049281224339157445,3.7553652800000004e-21,0.004900735230700631,2.738720321511393e-05,-7.505133357982154e-23,-0.019985095452504566
dimer,274.0,0.0001,0.5,0.9953537253399397,0.004646274660060225,3.7829782600000005e-21,0.00461920150958099,2.7073150479234694e-05,-7.069612083080407e-23,-0.018687953239996696
dimer,276.0,0.0001,0.5,0.9956155545341584,0.004384445465841548,3.8105912400000005e-21,0.0043576766614369065,2.6768804404641786e-05,-6.665186747923234e-23,-0.017491214166343468
dimer,278.0,0.0001,0.5,0.9958590186170424,0.004140981382957553,3.8382042200000005e-21,0.004114507604412703,2.647377854484952e-05,-6.289281195468284e-23,-0.01638599937620902
dimer,280.0,0.0001,0.5,0.9960856174156993,0.003914382584300684,3.8658172000000005e-21,0.0038881948804957663,2.61877038049178e-05,-5.93955911161994e-23,-0.015364304115621242
dimer,282.0,0.0001,0.5,0.9962967128265714,0.003703287173428613,3.8934301800000006e-21,0.0036773769457099053,2.591022771870791e-05,-5.613899466737615e-23,-0.014418903658720842
dimer,284.0,0.0001,0.5,0.9964935427872275,0.0035064572127725966,3.9210431600000006e-21,0.0034808161990393565,2.564101373324009e-05,-5.310374677909407e-23,-0.013543270148317894
dimer,286.0,0.0001,0.5,0.9966772337148362,0.00332276628516377,3.9486561400000006e-21,0.003297386544658383,2.5379740505387168e-05,-5.0272311702838526e-23,-0.012731499001287692
dimer,288.0,0.0001,0.5,0.9968488115911618,0.003151188408838257,3.976269120000001e-21,0.0031260623076233753,2.5126101214881867e-05,-4.76287205584389e-23,-0.01197824370560685
dimer,290.0,0.0001,0.5,0.9970092118516516,0.002990788148348468,4.0038821e-21,0.0029659083454518734,2.4879802896594553e-05,-4.5158416829001674e-23,-0.0112786579877069
dimer,292.0,0.0001,0.5,0.9971592882168,0.0028407117832000466,4.03149508e-21,0.0028160712174058362,2.4640565794210282e-05,-4.2848118399665817e-23,-0.01062834446015641
dimer,294.0,0.0001,0.5,0.9972998205870668,0.002700179412933174,4.05910806e-21,0.002675771290196411,2.4408122736762567e-05,-4.068569424158021e-23,-0.01002330897334628
dimer,296.0,0.0001,0.5,0.9974315221078967,0.002568477892103269,4.08672104e-21,0.0025442956735643235,2.4182218538945485e-05,-3.866005407336232e-23,-0.009459919993306497
dimer,298.0,0.0001,0.5,0.9975550454985236,0.0024449545014764095,4.11433402e-21,0.0024209918920507175,2.396260942569231e-05,-3.676104953374616e-23,-0.008934872413141157
dimer,300.0,0.0001,0.5,0.9976709887270148,0.002329011272985335,4.141947e-21,0.0023052622105041664,2.3749062481168872e-05,-3.497938557503308e-23,-0.008445155279638556
dimer,302.0,0.0001,0.5,0.9977799001041917,0.0022200998958082233,4.16955998e-21,0.002196558540686164,2.354135512205938e-05,-3.3306540940694004e-23,-0.007988022980951099
dimer,304.0,0.0001,0.5,0.9978822828604815,0.0021177171395184813,4.19717296e-21,0.002094377864923669,2.333927459481238e-05,-3.1734696724933155e-23,-0.007560969497176298
dimer,306.0,0.0001,0.5,0.9979785992622288,0.0020214007377713705,4.22478594e-21,0.0019982581202750162,2.3142617496354406e-05,-3.02566721297334e-23,-0.00716170536435117
dimer,308.0,0.0001,0.5,0.99806927431742,0.001930725682579954,4.25239892e-21,0.0019077744932622974,2.295118931765643e-05,-2.88658666380351e-23,-0.006788137044780149
dimer,310.0,0.0001,0.5,0.9981546991149899,0.0018453008850100178,4.2800119e-21,0.0018225360810005676,2.276480400945003e-05,-2.7556207912141354e-23,-0.006438348433596961
dimer,312.0,0.0001,0.5,0.9982352338368056,0.0017647661631944463,4.30762488e-21,0.0017421828796251196,2.258328356932682e-05,-2.6322104805824884e-23,-0.006110584263740459
dimer,314.0,0.0001,0.5,0.9983112104769769,0.0016887895230231363,4.33523786e-21,0.0016663830653737227,2.240645764941358e-05,-2.5158404948352802e-23,-0.005803235199729687
dimer,316.0,0.0001,0.5,0.9983829352992173,0.0016170647007827227,4.36285084e-21,0.0015948305375989322,2.223416318379057e-05,-2.4060356419969662e-23,-0.005514824435292787
dimer,318.0,0.0001,0.5,0.9984506910595308,0.0015493089404693043,4.39046382e-21,0.0015272426964344945,2.2066244034809716e-05,-2.302357309235498e-23,-0.005243995631503684
dimer,320.0,0.0001,0.5,0.9985147390184638,0.0014852609815361685,4.4180768e-21,0.0014633584308786998,2.190255065746867e-05,-2.2044003255122393e-23,-0.00498950205101061
dimer,322.0,0.0001,0.5,0.9985753207644819,0.001424679235518091,4.44568978e-21,0.0014029362957370852,2.1742939781005877e-05,-2.1117901191356388e-23,-0.0047501967605477835
dimer,324.0,0.0001,0.5,0.9986326598676606,0.0013673401323393145,4.47330276e-21,0.0013457528582324193,2.1587274106895122e-05,-2.0241801402190687e-23,-0.004525023788506255
dimer,326.0,0.0001,0.5,0.9986869633807978,0.0013130366192020814,4.50091574e-21,0.0012916011971796427,2.1435422022438857e-05,-1.941249521312507e-23,-0.004313010137160459
dimer,328.0,0.0001,0.5,0.9987384232031993,0.0012615767968006911,4.5285287200000004e-21,0.0012402895394715088,2.1287257329182415e-05,-1.862700952368766e-23,-0.004113258560428796
dimer,330.0,0.0001,0.5,0.9987872173207581,0.001212782679241958,4.5561417000000004e-21,0.0011916400202565606,2.114265898539729e-05,-1.7882587487634858e-23,-0.003924941027983141
dimer,332.0,0.0001,0.5,0.9988335109344977,0.0011664890655022507,4.5837546800000004e-21,0.0011454875546403412,2.100151086190966e-05,-1.717667093354951e-23,-0.0037472928052837045
dimer,334.0,0.0001,0.5,0.9988774574884633,0.0011225425115365332,4.6113676600000005e-21,0.001101678810025954,2.08637015105793e-05,-1.6506884355795388e-23,-0.003579607086847503
dimer,336.0,0.0001,0.5,0.9989191996067045,0.00108080039329553,4.6389806400000005e-21,0.0010600712693507662,2.0729123944763647e-05,-1.5871020323623852e-23,-0.003421230126889223
dimer,338.0,0.0001,0.5,0.9989588699480794,0.0010411300519206858,4.6665936200000005e-21,0.0010205323764895542,2.059767543113153e-05,-1.526702617207477e-23,-0.003271556817513235
dimer,340.0,0.0001,0.5,0.9989965919867123,0.0010034080132876283,4.6942066000000005e-21,0.0009829387559954074,2.0469257292220952e-05,-1.4692991852400872e-23,-0.0031300266699810083
dimer,342.0,0.0001,0.5,0.9990324807251291,0.0009675192748709419,4.7218195800000006e-21,0.0009471755001517776,2.0343774719164242e-05,-1.4147138832282874e-23,-0.002996120159314277
dimer,344.0,0.0001,0.5,0.9990666433463825,0.00093335665361743,4.7494325600000006e-21,0.0009131355170233972,2.0221136594032826e-05,-1.3627809947269426e-23,-0.0028693553966938367
dimer,346.0,0.0001,0.5,0.9990991798108481,0.000900820189151997,4.777045540000001e-21,0.0008807189338307155,2.0101255321281464e-05,-1.3133460114830411e-23,-0.0027492850978411247
dimer,348.0,0.0001,0.5,0.9991301834027912,0.0008698165972087186,4.804658520000001e-21,0.0008498325505409199,1.998404666779868e-05,-1.2662647831295515e-23,-0.0026354938188813287
dimer,350.0,0.0001,0.5,0.9991597412313129,0.0008402587686871807,4.832271500000001e-21,0.0008203893390760841,1.9869429611096568e-05,-1.2214027379881351e-23,-0.002527595434130998
dimer,352.0,0.0001,0.5,0.9991879346898119,0.0008120653101880437,4.85988448e-21,0.0007923079839928464,1.975732619519733e-05,-1.1786341685100606e-23,-0.0024252308328737487
dimer,354.0,0.0001,0.5,0.9992148398777123,0.0007851601222876507,4.88749746e-21,0.0007655124608938523,1.964766139379849e-05,-1.1378415755188916e-23,-0.0023280658145219614
dimer,356.0,0.0001,0.5,0.9992405279878249,0.0007594720121750165,4.91511044e-21,0.0007399316491946954,1.954036298032115e-05,-1.0989150659863024e-23,-0.002235789163643498
dimer,358.0,0.0001,0.5,0.9992650656623998,0.000734934337600247,4.94272342e-21,0.0007154989761957794,1.9435361404467503e-05,-1.0617517995811654e-23,-0.002148110888189583
dimer,360.0,0.0001,0.5,0.9992885153206243,0.0007114846793755676,4.9703364e-21,0.000692152089700633,1.933258967493455e-05,-1.0262554796883388e-23,-0.002064760605918623
dimer,362.0,0.0001,0.5,0.9993109354600677,0.0006890645399323888,4.99794938e-21,0.0006698325566844381,1.923198324795062e-05,-9.923358850030817e-24,-0.0019854860654932877
dimer,364.0,0.0001,0.5,0.9993323809343266,0.0006676190656733415,5.02556236e-21,0.0006484855857520215,1.913347992131988e-05,-9.599084381748305e-24,-0.0019100517900544577
dimer,366.0,0.0001,0.5,0.99935290320893,0.0006470967910700404,5.05317534e-21,0.0006280597713363627,1.9037019733677787e-05,-9.288938083047683e-24,-0.0018382378322632444
dimer,368.0,0.0001,0.5,0.9993725505973521,0.0006274494026478568,5.08078832e-21,0.0006085068577791798,1.8942544868676984e-05,-8.992175443990791e-24,-0.0017698386308663988
dimer,370.0,0.0001,0.5,0.9993913684788295,0.0006086315211705579,5.1084013e-21,0.0005897815216067187,1.8849999563839256e-05,-8.708097371476151e-24,-0.00170466195979477
dimer,372.0,0.0001,0.5,0.9994093994995076,0.0005906005004922906,5.13601428e-21,0.0005718411704684669,1.875933002382363e-05,-8.43604706639064e-24,-0.001642527961661088
dimer,374.0,0.0001,0.5,0.9994266837583162,0.0005733162416838322,5.16362726e-21,0.0005546457573459566,1.867048433787554e-05,-8.175407138413076e-24,-0.0015832682582927328
dimer,376.0,0.0001,0.5,0.9994432589788341,0.0005567410211658577,5.19124024e-21,0.0005381576087646235,1.858341240123431e-05,-7.925596938720606e-24,-0.0015267251316268512
dimer,378.0,0.0001,0.5,0.9994591606683044,0.0005408393316956554,5.21885322e-21,0.0005223412658553657,1.8498065840289758e-05,-7.686070092622418e-24,-0.0014727507689174706
dimer,380.0,0.0001,0.5,0.9994744222648436,0.000525577735156438,5.2464662e-21,0.0005071633372151482,1.841439794128977e-05,-7.456312215747991e-24,-0.0014212065667644996
dimer,382.0,0.0001,0.5,0.9994890752738086,0.0005109247261913393,5.27407918e-21,0.0004925923626089267,1.83323635824126e-05,-7.235838798867051e-24,-0.0013719624889793655
dimer,384.0,0.0001,0.5,0.9995031493941917,0.0004968506058082705,5.30169216e-21,0.00047859868663924324,1.8251919169027284e-05,-7.024193247730162e-24,-0.0013248964737571942
dimer,386.0,0.0001,0.5,0.999516672635842,0.0004833273641580391,5.3293051400000004e-21,0.00046515434158606283,1.8173022571976278e-05,-6.820945065507396e-24,-0.001279893886036219
dimer,388.0,0.0001,0.5,0.9995296714282429,0.00047032857175715166,5.3569181200000004e-21,0.00045223293868842826,1.809563306872341e-05,-6.625688166479637e-24,-0.0012368470112960467
dimer,390.0,0.0001,0.5,0.9995421707215106,0.00045782927848939456,5.3845311000000004e-21,0.00043980956720217584,1.8019711287218762e-05,-6.438039310613721e-24,-0.001195654587381568
dimer,392.0,0.0001,0.5,0.999554194080223,0.0004458059197771505,5.4121440800000005e-21,0.00042786070062480927,1.7945219152341228e-05,-6.2576366495394944e-24,-0.0011562213712424843
dimer,394.0,0.0001,0.5,0.999565763770635,0.0004342362293650336,5.4397570600000005e-21,0.0004163641095302477,1.787211983478593e-05,-6.0841383752518804e-24,-0.0011184577377527003
dimer,396.0,0.0001,0.5,0.9995769008417945,0.00042309915820539895,5.4673700400000005e-21,0.0004052987805031264,1.7800377702272554e-05,-5.917221463593076e-24,-0.0010822793080223036
dimer,398.0,0.0001,0.5,0.9995876252010221,0.0004123747989779707,5.4949830200000005e-21,0.0003946448407050144,1.772995827295638e-05,-5.7565805052353854e-24,-0.0010476066048399517
dimer,400.0,0.0001,0.5,0.9995979556841854,0.0004020443158146936,5.5225960000000006e-21,0.00038438348764376296,1.7660828170930692e-05,-5.601926617491032e-24,-0.0010143647330876696
dimer,402.0,0.0001,0.5,0.9996079101211637,0.0003920898788363085,5.5502089800000006e-21,0.00037449692375259263,1.759295508371586e-05,-5.452986430826707e-24,-0.0009824830831553133
dimer,404.0,0.0001,0.5,0.9996175053968607,0.00038249460313940863,5.5778219600000006e-21,0.00036496829541777343,1.7526307721635202e-05,-5.309501144463289e-24,-0.0009518950555501933
dimer,406.0,0.0001,0.5,0.9996267575080977,0.0003732424919021407,5.605434940000001e-21,0.00035578163612315686,1.7460855778983832e-05,-5.171225645899307e-24,-0.0009225378050502013
dimer,408.0,0.0001,0.5,0.9996356816166964,0.00036431838330356497,5.633047920000001e-21,0.0003469218134066631,1.739656989690194e-05,-5.037927689614995e-24,-0.0008943520028878068
dimer,410.0,0.0001,0.5,0.9996442920990237,0.00035570790097616794,5.660660900000001e-21,0.0003383744793483,1.733342162786795e-05,-4.909387130595139e-24,-0.000867281615578693
dimer,412.0,0.0001,0.5,0.9996526025922665,0.0003473974077334401,5.688273880000001e-21,0.00033012602433170747,1.7271383401732652e-05,-4.785395208657985e-24,-0.0008412736991239922
dimer,414.0,0.0001,0.5,0.9996606260376651,0.00033937396233486936,5.715886860000001e-21,0.0003221635338416507,1.7210428493218656e-05,-4.665753879895819e-24,-0.0008162782074199101
dimer,416.0,0.0001,0.5,0.9996683747209306,0.0003316252790694319,5.743499840000001e-21,0.0003144747480786177,1.7150530990814245e-05,-4.5502751918244716e-24,-0.0007922478138041475
dimer,418.0,0.0001,0.5,0.9996758603100443,0.00032413968995579387,5.77111282e-21,0.0003070480241887997,1.709166576699418e-05,-4.438780699105735e-24,-0.0007691377447557393
dimer,420.0,0.0001,0.5,0.9996830938906268,0.00031690610937312296,5.7987258e-21,0.00029987230092341934,1.7033808449703664e-05,-4.331100916950811e-24,-0.0007469056248444807
dimer,422.0,0.0001,0.5,0.9996900859990492,0.0003099140009507905,5.82633878e-21,0.00029293706555574546,1.6976935395045032e-05,-4.2270748095368156e-24,-0.0007255113320988203
dimer,424.0,0.0001,0.5,0.9996968466534416,0.000303153346558416,5.85395176e-21,0.0002862323228973059,1.6921023661110092e-05,-4.1265493109733955e-24,-0.00070491686302748
dimer,426.0,0.0001,0.5,0.9997033853827502,0.0002966146172498102,5.88156474e-21,0.0002797485662669066,1.686605098290364e-05,-4.029378876544675e-24,-0.0006850862065907779
dimer,428.0,0.0001,0.5,0.9997097112539746,0.0002902887460254609,5.90917772e-21,0.0002734767502771541,1.681199574830685e-05,-3.935425062124545e-24,-0.0006659852264731928
dimer,430.0,0.0001,0.5,0.9997158328977116,0.0002841671022883975,5.9367907e-21,0.0002674082653133655,1.675883697503208e-05,-3.84455612982172e-24,-0.0006475815510595177
dimer,432.0,0.0001,0.5,0.9997217585321223,0.00027824146787764676,5.96440368e-21,0.00026153491358912433,1.6706554288522408e-05,-3.756646678056749e-24,-0.0006298444705635265
dimer,434.0,0.0001,0.5,0.9997274959854279,0.0002725040145720857,5.99201666e-21,0.0002558488866713333,1.665512790075243e-05,-3.671577294407136e-24,-0.000612744840800749
dimer,436.0,0.0001,0.5,0.9997330527170346,0.00026694728296543837,6.01962964e-21,0.00025034274437554967,1.6604538589888717e-05,-3.589234229679811e-24,-0.0005962549931360578
dimer,438.0,0.0001,0.5,0.9997384358373795,0.00026156416262042634,6.04724262e-21,0.000245009394939656,1.6554767680770364e-05,-3.509509091783567e-24,-0.0005803486501726579
dimer,440.0,0.0001,0.5,0.9997436521265831,0.0002563478734168251,6.0748556e-21,0.0002398420763906529,1.6505797026172216e-05,-3.43229855807852e-24,-0.0005650008467820239
dimer,442.0,0.0001,0.5,0.9997487080519857,0.0002512919480143394,6.10246858e-21,0.00023483433902552405,1.6457608988815375e-05,-3.3575041049756846e-24,-0.0005501878561045675
dimer,444.0,0.0001,0.5,0.999753609784643,0.0002463902153569207,6.13008156e-21,0.00022998002893282973,1.6410186424090924e-05,-3.2850317536484084e-24,-0.0005358871201786112
dimer,446.0,0.0001,0.5,0.9997583632148496,0.00024163678515040708,6.1576945400000004e-21,0.00022527327248694193,1.6363512663465142e-05,-3.2147918307991724e-24,-0.0005220771848808162
dimer,448.0,0.0001,0.5,0.9997629739667497,0.00023702603325021808,6.1853075200000004e-21,0.00022070846175168248,1.6317571498535578e-05,-3.1466987435005495e-24,-0.0005087376388846951
dimer,450.0,0.0001,0.5,0.9997674474120997,0.00023255258790030864,6.2129205000000004e-21,0.00021628024073459977,1.6272347165708883e-05,-3.0806707671987855e-24,-0.0004958490563654863
dimer,452.0,0.0001,0.5,0.9997717886832314,0.00022821131676873245,6.2405334800000005e-21,0.0002119834924372592,1.6227824331473252e-05,-3.016629846032696e-24,-0.00048339294319957657
dimer,454.0,0.0001,0.5,0.999776002685271,0.00022399731472897872,6.2681464600000005e-21,0.00020781332665073982,1.6183988078238892e-05,-2.95450140467993e-24,-0.0004713516864250057
dimer,456.0,0.0001,0.5,0.9997800941076602,0.00021990589233978516,6.2957594400000005e-21,0.00020376506844906316,1.6140823890721978e-05,-2.894214170997573e-24,-0.0004597085067464987
dimer,458.0,0.0001,0.5,0.9997840674350206,0.00021593256497939617,6.3233724200000005e-21,0.00019983424733654808,1.6098317642848087e-05,-2.8357000087748043e-24,-0.0004484474138840622
dimer,460.0,0.0001,0.5,0.9997879269574068,0.00021207304259326384,6.3509854000000006e-21,0.00019601658700811085,1.6056455585152964e-05,-2.7788937599623142e-24,-0.00043755316457857297
dimer,462.0,0.0001,0.5,0.999791676779983,0.00020832322001698153,6.3785983800000006e-21,0.0001923079956843227,1.6015224332658825e-05,-2.7237330957866134e-24,-0.0004270112230810514
dimer,464.0,0.0001,0.5,0.999795320832161,0.00020467916783884486,6.4062113600000006e-21,0.00018870455698563897,1.5974610853205888e-05,-2.6701583761976986e-24,-0.0004168077239645896
dimer,466.0,0.0001,0.5,0.9997988628762313,0.0002011371237688278,6.433824340000001e-21,0.00018520252131260783,1.593460245621998e-05,-2.6181125171358038e-24,-0.0004069294371092207
dimer,468.0,0.0001,0.5,0.999802306515517,0.00019769348448299813,6.461437320000001e-21,0.00018179829770110094,1.5895186781897166e-05,-2.5675408651375693e-24,-0.00039736373472049237
dimer,470.0,0.0001,0.5,0.9998056552020856,0.000194344797914459,6.489050300000001e-21,0.00017848844612367075,1.5856351790788268e-05,-2.5183910788340375e-24,-0.00038809856025218934
dimer,472.0,0.0001,0.5,0.9998089122440362,0.0001910877559638214,6.516663280000001e-21,0.00017526967021005524,1.5818085753766186e-05,-2.470613016922608e-24,-0.0003791223991126035
dimer,474.0,0.0001,0.5,0.9998120808123959,0.00018791918760399559,6.544276260000001e-21,0.0001721388103616355,1.5780377242360086e-05,-2.4241586322227533e-24,-0.0003704242510420477
dimer,476.0,0.0001,0.5,0.9998151639476441,0.00018483605235574004,6.571889240000001e-21,0.00016909283723629887,1.5743215119441176e-05,-2.3789818714509282e-24,-0.0003619936040569862
dimer,478.0,0.0001,0.5,0.9998181645658881,0.0001818354341119417,6.599502220000001e-21,0.00016612884558169609,1.5706588530245614e-05,-2.335038580373878e-24,-0.0003538204098632575
dimer,480.0,0.0001,0.5,0.99982108546471,0.000178914535290036,6.6271152e-21,0.00016324404839631565,1.567048689372033e-05,-2.2922864140217966e-24,-0.00034589506064747395
dimer,482.0,0.0001,0.5,0.9998239293287068,0.00017607067129329492,6.65472818e-21,0.00016043577139911584,1.5634899894179078e-05,-2.250684751663296e-24,-0.0003382083671617818
dimer,484.0,0.0001,0.5,0.999826698734737,0.00017330126526294973,6.68234116e-21,0.00015770144778969435,1.5599817473255382e-05,-2.210194616263308e-24,-0.0003307515380228369
dimer,486.0,0.0001,0.5,0.9998293961568958,0.00017060384310426782,6.70995414e-21,0.00015503861328212685,1.5565229822140964e-05,-2.1707785981629004e-24,-0.0003235161601511185
dimer,488.0,0.0001,0.5,0.9998320239712293,0.00016797602877076763,6.73756712e-21,0.00015244490139666999,1.553112737409765e-05,-2.1324007827365306e-24,-0.00031649418028158074
dimer,490.0,0.0001,0.5,0.9998345844602081,0.000165415539791759,6.7651801e-21,0.00014991803899452692,1.5497500797232088e-05,-2.0950266817977532e-24,-0.0003096778874811852
dimer,492.0,0.0001,0.5,0.9998370798169708,0.00016292018302931788,6.79279308e-21,0.00014745584204179534,1.5464340987522536e-05,-2.0586231685387474e-24,-0.0003030598966130656
dimer,494.0,0.0001,0.5,0.9998395121493482,0.00016048785065167744,6.820406060000001e-21,0.0001450562115895897,1.543163906208776e-05,-2.0231584158024797e-24,-0.0002966331326909998
dimer,496.0,0.0001,0.5,0.9998418834836892,0.00015811651631082192,6.84801904e-21,0.0001427171299581333,1.5399386352688604e-05,-1.988601837498833e-24,-0.0002903908160715092
dimer,498.0,0.0001,0.5,0.9998441957684872,0.00015580423151281963,6.875632020000001e-21,0.00014043665711336683,1.536757439945279e-05,-1.954924032987616e-24,-0.00028432644843428016
dimer,500.0,0.0001,0.5,0.9998464508778299,0.00015354912217014353,6.903245e-21,0.00013821292722532904,1.533619494481449e-05,-1.922096734262428e-24,-0.0002784337995047877
dimer,502.0,0.0001,0.5,0.999848650614674,0.00015134938532587177,6.930857980000001e-21,0.00013604414539821188,1.530523992765991e-05,-1.8900927557792794e-24,-0.00027270689447589564
dimer,504.0,0.0001,0.5,0.9998507967139596,0.00014920328604028674,6.95847096e-21,0.00013392858456261528,1.5274701477671428e-05,-1.8588859467835972e-24,-0.00026714000208798703
dimer,506.0,0.0001,0.5,0.9998528908455689,0.00014710915443095167,6.986083940000001e-21,0.0001318645825210897,1.524457190986198e-05,-1.828451145997921e-24,-0.0002617276233296906
dimer,508.0,0.0001,0.5,0.999854934617142,0.00014506538285789021,7.01369692e-21,0.0001298505391385973,1.5214843719292892e-05,-1.798764138541008e-24,-0.00025646448072367064
dimer,510.0,0.0001,0.5,0.9998569295767541,0.00014307042324598407,7.041309900000001e-21,0.00012788491367001617,1.5185509575967912e-05,-1.769801614956709e-24,-0.00025134550816414264
dimer,512.0,0.0001,0.5,0.9998588772154627,0.0001411227845371823,7.06892288e-21,0.00012596622221728565,1.5156562319896673e-05,-1.741541132238322e-24,-0.0002463658412748622
dimer,514.0,0.0001,0.5,0.9998607789697345,0.0001392210302655449,7.09653586e-21,0.0001240930353092236,1.5127994956321304e-05,-1.7139610767408083e-24,-0.00024152080825824338
dimer,516.0,0.0001,0.5,0.9998626362237514,0.00013736377624855908,7.12414884e-21,0.00012226397559745908,1.5099800651099999e-05,-1.6870406288796505e-24,-0.0002368059212080766
dimer,518.0,0.0001,0.5,0.9998644503116115,0.00013554968838854972,7.15176182e-21,0.0001204777156623082,1.5071972726241532e-05,-1.660759729521098e-24,-0.0002322168678599951
dimer,520.0,0.0001,0.5,0.9998662225194216,0.0001337774805783585,7.1793748e-21,0.00011873297592277325,1.5044504655585275e-05,-1.635099047973971e-24,-0.00022774950375539256
dimer,522.0,0.0001,0.5,0.9998679540872942,0.0001320459127058171,7.20698778e-21,0.00011702852264519595,1.501739006062114e-05,-1.610039951498616e-24,-0.0002233998447959927
dimer,524.0,0.0001,0.5,0.9998696462112482,0.00013035378875183632,7.23460076e-21,0.00011536316604539204,1.4990622706444294e-05,-1.5855644762532436e-24,-0.00021916406016760537
dimer,526.0,0.0001,0.5,0.9998713000450227,0.0001286999549772492,7.26221374e-21,0.00011373575847940944,1.4964196497839746e-05,-1.5616552996026767e-24,-0.0002150384656129216
dimer,528.0,0.0001,0.5,0.9998729167018061,0.00012708329819380627,7.28982672e-21,0.00011214519271831423,1.4938105475492042e-05,-1.538295713718649e-24,-0.00021101951703437046
dimer,530.0,0.0001,0.5,0.9998744972558851,0.00012550274411499523,7.3174397e-21,0.00011059040030267988,1.4912343812315371e-05,-1.5154696004049522e-24,-0.00020710380440920506
dimer,532.0,0.0001,0.5,0.9998760427442174,0.00012395725578259072,7.34505268e-21,0.00010907034997269084,1.4886905809899867e-05,-1.4931614070843928e-24,-0.0002032880460000176
dimer,534.0,0.0001,0.5,0.999877554167935,0.0001224458320650791,7.37266566e-21,0.00010758404617000934,1.4861785895069767e-05,-1.471356123888197e-24,-0.00019956908284488747
dimer,536.0,0.0001,0.5,0.9998790324937756,0.00012096750622431027,7.400278640000001e-21,0.00010613052760776076,1.483697861654952e-05,-1.4500392617916642e-24,-0.00019594387351226333
dimer,538.0,0.0001,0.5,0.999880478655453,0.00011952134454693808,7.42789162e-21,0.00010470886590520419,1.4812478641733895e-05,-1.4291968317431711e-24,-0.0001924094891065698
dimer,540.0,0.0001,0.5,0.9998818935549627,0.00011810644503739415,7.455504600000001e-21,0.00010331816428383575,1.4788280753558403e-05,-1.4088153247364228e-24,-0.00018896310851131696
dimer,542.0,0.0001,0.5,0.9998832780638306,0.00011672193616932733,7.48311758e-21,0.0001019575563218609,1.4764379847466414e-05,-1.388881692778708e-24,-0.0001856020138572656
dimer,544.0,0.0001,0.5,0.9998846330243074,0.00011536697569259893,7.510730560000001e-21,0.00010062620476412927,1.4740770928469674e-05,-1.3693833307104319e-24,-0.00018232358620390074
dimer,546.0,0.0001,0.5,0.9998859592505069,0.00011404074949309245,7.53834354e-21,9.932330038479362e-05,1.4717449108298836e-05,-1.3503080588337282e-24,-0.00017912530142314637
dimer,548.0,0.0001,0.5,0.9998872575294973,0.00011274247050273708,7.565956520000001e-21,9.804806090009621e-05,1.4694409602640864e-05,-1.3316441063101521e-24,-0.0001760047262748679
dimer,550.0,0.0001,0.5,0.9998885286223428,0.00011147137765728899,7.5935695e-21,9.679972992882874e-05,1.4671647728460244e-05,-1.3133800952897125e-24,-0.0001729595146643107
dimer,552.0,0.0001,0.5,0.9998897732651004,0.00011022673489954467,7.621182480000001e-21,9.557757599814342e-05,1.464915890140125e-05,-1.2955050257354409e-24,-0.00016998740407216188
dimer,554.0,0.0001,0.5,0.9998909921697741,0.0001090078302257862,7.64879546e-21,9.438089159251796e-05,1.4626938633268241e-05,-1.278008260909712e-24,-0.00016708621214845662
dimer,556.0,0.0001,0.5,0.9998921860252267,0.00010781397477337184,7.676408440000001e-21,9.320899224379038e-05,1.4604982529581455e-05,-1.2608795134902386e-24,-0.0001642538334620244
dimer,558.0,0.0001,0.5,0.9998933554980524,0.00010664450194750032,7.70402142e-21,9.206121566029463e-05,1.4583286287205675e-05,-1.2441088322854288e-24,-0.00016148823639763825
dimer,560.0,0.0001,0.5,0.9998945012334147,0.00010549876658527708,7.731634400000001e-21,9.093692089322787e-05,1.4561845692049204e-05,-1.2276865895203649e-24,-0.00015878746019345726
dimer,562.0,0.0001,0.5,0.9998956238558447,0.00010437614415531229,7.75924738e-21,8.983548753848133e-05,1.4540656616830943e-05,-1.2116034686661978e-24,-0.00015614961211176098
dimer,564.0,0.0001,0.5,0.9998967239700088,0.0001032760299911679,7.786860360000001e-21,8.875631497225486e-05,1.4519715018913058e-05,-1.1958504527871247e-24,-0.00015357286473634984
dimer,566.0,0.0001,0.5,0.999897802161443,0.00010219783855706498,7.81447334e-21,8.769882161886783e-05,1.4499016938197143e-05,-1.1804188133805438e-24,-0.00015105545339035524
dimer,568.0,0.0001,0.5,0.9998988589972556,0.00010114100274433671,7.842086320000001e-21,8.6662444249255e-05,1.447855849508172e-05,-1.1653000996871432e-24,-0.0001485956736685274
dimer,570.0,0.0001,0.5,0.9998998950268029,0.00010010497319719922,7.8696993e-21,8.564663730872009e-05,1.4458335888479126e-05,-1.1504861284489857e-24,-0.0001461918790784021
dimer,572.0,0.0001,0.5,0.9999009107823335,9.908921766647584e-05,7.897312280000001e-21,8.465087227258633e-05,1.4438345393889516e-05,-1.135968974094681e-24,-0.000143842478785033
dimer,574.0,0.0001,0.5,0.9999019067796101,9.809322038998954e-05,7.92492526e-21,8.3674637028459e-05,1.4418583361530548e-05,-1.121740959331885e-24,-0.0001415459354542714
dimer,576.0,0.0001,0.5,0.9999028835185015,9.711648149839402e-05,7.952538240000001e-21,8.271743528387351e-05,1.4399046214520508e-05,-1.1077946461283028e-24,-0.0001393007631898294
dimer,578.0,0.0001,0.5,0.9999038414835547,9.615851644528452e-05,7.98015122e-21,8.17787859981713e-05,1.4379730447113232e-05,-1.0941228270633919e-24,-0.00013710552555962614
dimer,580.0,0.0001,0.5,0.9999047811445396,9.521885546048112e-05,8.0077642e-21,8.08582228374978e-05,1.4360632622983333e-05,-1.0807185170337827e-24,-0.0001349588337071392
dimer,582.0,0.0001,0.5,0.9999057029569746,9.429704302543664e-05,8.03537718e-21,7.995529365187677e-05,1.4341749373559874e-05,-1.067574945296373e-24,-0.00013285934454372096
dimer,584.0,0.0001,0.5,0.9999066073626304,9.33926373697712e-05,8.06299016e-21,7.906955997336435e-05,1.4323077396406851e-05,-1.0546855478337728e-24,-0.00013080575901803815
dimer,586.0,0.0001,0.5,0.9999074947900121,9.25052099879854e-05,8.09060314e-21,7.820059653433606e-05,1.4304613453649323e-05,-1.0420439600275865e-24,-0.00012879682045899814
dimer,588.0,0.0001,0.5,0.9999083656548245,9.163434517545313e-05,8.11821612e-21,7.734799080500976e-05,1.4286354370443366e-05,-1.029644009625728e-24,-0.0001268313129887121
dimer,590.0,0.0001,0.5,0.9999092203604172,9.077963958283323e-05,8.1458291e-21,7.651134254934464e-05,1.4268297033488578e-05,-1.017479709990626e-24,-0.00012490806000221952
dimer,592.0,0.0001,0.5,0.999910059298212,8.99407017880901e-05,8.17344208e-21,7.56902633985082e-05,1.4250438389581893e-05,-1.0055452536158563e-24,-0.00012302592271087046
dimer,594.0,0.0001,0.5,0.9999108828481147,8.911715188534282e-05,8.201055060000001e-21,7.48843764411317e-05,1.4232775444211135e-05,-9.938350058993014e-25,-0.00012118379874641414
dimer,596.0,0.0001,0.5,0.9999116913789102,8.830862108980966e-05,8.22866804e-21,7.40933158296223e-05,1.4215305260187372e-05,-9.823434991615613e-25,-0.0001193806208229979
dimer,598.0,0.0001,0.5,0.999912485248642,8.75147513581416e-05,8.256281020000001e-21,7.331672640182708e-05,1.4198024956314522e-05,-9.710654268988424e-25,-0.00011761535545441527
dimer,600.0,0.0001,0.5,0.9999132648049764,8.673519502347956e-05,8.283894e-21,7.255426331738422e-05,1.4180931706095333e-05,-9.599956382601153e-25,-0.00011588700172408233
dimer,602.0,0.0001,0.5,0.9999140303855555,8.596961444459707e-05,8.311506980000001e-21,7.180559170812464e-05,1.4164022736472419e-05,-9.491291327387733e-25,-0.0001141945901053401
dimer,604.0,0.0001,0.5,0.9999147823183315,8.521768166852209e-05,8.33911996e-21,7.107038634191883e-05,1.4147295326603255e-05,-9.384610550695336e-25,-0.00011253718132980708
dimer,606.0,0.0001,0.5,0.999915520921894,8.44790781060612e-05,8.366732940000001e-21,7.034833129939295e-05,1.4130746806668259e-05,-9.279866903217271e-25,-0.00011091386530161282
dimer,608.0,0.0001,0.5,0.9999162465057804,8.375349421967538e-05,8.39434592e-21,6.963911966296464e-05,1.4114374556710745e-05,-9.1770145918058e-25,-0.00010932376005545646
dimer,610.0,0.0001,0.5,0.9999169593707767,8.30406292231819e-05,8.421958900000001e-21,6.894245321767407e-05,1.4098176005507833e-05,-9.076009134084349e-25,-0.00010776601075652777
dimer,612.0,0.0001,0.5,0.9999176598092072,8.23401907927845e-05,8.44957188e-21,6.825804216331307e-05,1.4082148629471432e-05,-8.976807314782998e-25,-0.00010623978874043258
dimer,614.0,0.0001,0.5,0.9999183481052111,8.165189478895229e-05,8.477184860000001e-21,6.758560483737406e-05,1.4066289951578229e-05,-8.879367143724008e-25,-0.00010474429059134622
dimer,616.0,0.0001,0.5,0.9999190245350114,8.09754649886956e-05,8.50479784e-21,6.692486744836756e-05,1.405059754032804e-05,-8.78364781538826e-25,-0.00010327873725671367
dimer,618.0,0.0001,0.5,0.9999196893671721,8.031063282780192e-05,8.532410820000001e-21,6.627556381907255e-05,1.4035069008729373e-05,-8.689609669995946e-25,-0.00010184237319688676
dimer,620.0,0.0001,0.5,0.9999203428628474,7.965713715262187e-05,8.5600238e-21,6.563743513931021e-05,1.401970201331166e-05,-8.597214156038616e-25,-0.00010043446556817536
dimer,622.0,0.0001,0.5,0.9999209852760189,7.901472398100637e-05,8.587636780000001e-21,6.501022972784321e-05,1.4004494253163154e-05,-8.506423794202045e-25,-9.905430343785505e-05
dimer,624.0,0.0001,0.5,0.9999216168537279,7.838314627202113e-05,8.61524976e-21,6.439370280302731e-05,1.398944346899381e-05,-8.417202142622455e-25,-9.770119702974757e-05
dimer,626.0,0.0001,0.5,0.999922237836296,7.776216370407752e-05,8.642862740000001e-21,6.378761626185505e-05,1.3974547442222466e-05,-8.329513763421122e-25,-9.637447699905414e-05
dimer,628.0,0.0001,0.5,0.9999228484575389,7.715154246113587e-05,8.67047572e-21,6.319173846704851e-05,1.3959803994087367e-05,-8.243324190464911e-25,-9.50734937351847e-05
dimer,630.0,0.0001,0.5,0.9999234489449734,7.655105502665392e-05,8.698088700000001e-21,6.26058440418741e-05,1.394521098477982e-05,-8.158599898302692e-25,-9.379761669138521e-05
dimer,632.0,0.0001,0.5,0.9999240395200151,7.596047998496674e-05,8.72570168e-21,6.202971367236719e-05,1.3930766312599558e-05,-8.075308272229731e-25,-9.25462337400209e-05
dimer,634.0,0.0001,0.5,0.9999246203981702,7.537960182979788e-05,8.753314660000001e-21,6.146313391666582e-05,1.3916467913132057e-05,-7.993417579434428e-25,-9.131875055242705e-05
dimer,636.0,0.0001,0.5,0.9999251917892205,7.48082107796173e-05,8.78092764e-21,6.090589702117096e-05,1.390231375844634e-05,-7.912896941183742e-25,-9.01145900022898e-05
dimer,638.0,0.0001,0.5,0.9999257538974005,7.424610259957069e-05,8.808540620000001e-21,6.035780074325734e-05,1.3888301856313352e-05,-7.833716306005524e-25,-8.893319159156608e-05
dimer,640.0,0.0001,0.5,0.9999263069215703,7.369307842972001e-05,8.8361536e-21,5.981864818027625e-05,1.3874430249443745e-05,-7.755846423827988e-25,-8.777401089799964e-05
dimer,642.0,0.0001,0.5,0.9999268510553807,7.314894461934448e-05,8.86376658e-21,5.9288247604599515e-05,1.386069701474497e-05,-7.679258821038084e-25,-8.663651904333072e-05
dimer,644.0,0.0001,0.5,0.999927386487433,7.261351256706403e-05,8.89137956e-21,5.876641230446721e-05,1.3847100262596826e-05,-7.60392577642242e-25,-8.55202021813409e-05
dimer,646.0,0.0001,0.5,0.9999279134014334,7.208659856655484e-05,8.91899254e-21,5.825296043040981e-05,1.3833638136145037e-05,-7.529820297955869e-25,-8.44245610049122e-05
dimer,648.0,0.0001,0.5,0.9999284319763425,7.15680236576397e-05,8.94660552e-21,5.774771484702728e-05,1.3820308810612415e-05,-7.456916100404416e-25,-8.334911027131568e-05
dimer,650.0,0.0001,0.5,0.9999289423865174,7.105761348254297e-05,8.9742185e-21,5.725050298991608e-05,1.3807110492626889e-05,-7.385187583710506e-25,-8.229337834498354e-05
dimer,652.0,0.0001,0.5,0.999929444801853,7.055519814711042e-05,9.00183148e-21,5.676115672754416e-05,1.3794041419566262e-05,-7.314609812130272e-25,-8.125690675704886e-05
dimer,654.0,0.0001,0.5,0.9999299393879132,7.006061208680129e-05,9.02944446e-21,5.6279512227882446e-05,1.3781099858918844e-05,-7.2451584940934645e-25,-8.023924978097118e-05
dimer,656.0,0.0001,0.5,0.9999304263060629,6.957369393726992e-05,9.057057440000001e-21,5.580540982961011e-05,1.3768284107659813e-05,-7.176809962758079e-25,-7.923997402359499e-05
dimer,658.0,0.0001,0.5,0.9999309057135906,6.909428640936047e-05,9.08467042e-21,5.533869391771776e-05,1.375559249164272e-05,-7.109541157233026e-25,-7.825865803101997e-05
dimer,660.0,0.0001,0.5,0.9999313777638317,6.86222361683465e-05,9.112283400000001e-21,5.4879212803340766e-05,1.3743023365005736e-05,-7.043329604443073e-25,-7.729489190868529e-05
dimer,662.0,0.0001,0.5,0.9999318426062828,6.815739371725412e-05,9.13989638e-21,5.44268186076619e-05,1.3730575109592208e-05,-6.9781534016116315e-25,-7.634827695510079e-05
dimer,664.0,0.0001,0.5,0.999932300386716,6.76996132841143e-05,9.167509360000001e-21,5.3981367149729046e-05,1.3718246134385256e-05,-6.913991199337776e-25,-7.541842530867921e-05
dimer,666.0,0.0001,0.5,0.9999327512472871,6.724875271299601e-05,9.19512234e-21,5.3542717838040186e-05,1.3706034874955822e-05,-6.850822185245046e-25,-7.450495960715021e-05
dimer,668.0,0.0001,0.5,0.9999331953266413,6.680467335867858e-05,9.222735320000001e-21,5.31107335657546e-05,1.3693939792923984e-05,-6.788626068180388e-25,-7.360751265905772e-05
dimer,670.0,0.0001,0.5,0.9999336327600152,6.636723998482639e-05,9.2503483e-21,5.26852806093934e-05,1.3681959375432986e-05,-6.7273830629426e-25,-7.272572712686505e-05
dimer,672.0,0.0001,0.5,0.9999340636793345,6.593632066553693e-05,9.277961280000001e-21,5.226622853090101e-05,1.3670092134635915e-05,-6.66707387552038e-25,-7.185925522121148e-05
dimer,674.0,0.0001,0.5,0.9999344882133099,6.551178669013548e-05,9.30557426e-21,5.18534500829412e-05,1.365833660719429e-05,-6.607679688821057e-25,-7.100775840588538e-05
dimer,676.0,0.0001,0.5,0.9999349064875288,6.509351247109793e-05,9.333187240000001e-21,5.144682111730921e-05,1.3646691353788708e-05,-6.54918214887166e-25,-7.017090711309526e-05
dimer,678.0,0.0001,0.5,0.999935318624545,6.468137545498539e-05,9.36080022e-21,5.104622049634469e-05,1.3635154958640704e-05,-6.491563351474987e-25,-6.934838046864102e-05
dimer,680.0,0.0001,0.5,0.9999357247439636,6.427525603628121e-05,9.388413200000001e-21,5.065153000723519e-05,1.3623726029046021e-05,-6.434805829303719e-25,-6.853986602660094e-05
dimer,682.0,0.0001,0.5,0.999936124962526,6.387503747402382e-05,9.41602618e-21,5.0262634279105225e-05,1.361240319491861e-05,-6.378892539416699e-25,-6.774505951317032e-05
dimer,684.0,0.0001,0.5,0.9999365193941889,6.348060581113426e-05,9.443639160000001e-21,4.987942070278898e-05,1.3601185108345269e-05,-6.323806851181741e-25,-6.69636645792991e-05
dimer,686.0,0.0001,0.5,0.9999369081502038,6.309184979634019e-05,9.47125214e-21,4.95017793531896e-05,1.3590070443150592e-05,-6.26953253459033e-25,-6.619539256179416e-05
dimer,688.0,0.0001,0.5,0.9999372913391914,6.27086608086031e-05,9.498865120000001e-21,4.912960291413118e-05,1.3579057894471926e-05,-6.2160537489498275e-25,-6.543996225256251e-05
dimer,690.0,0.0001,0.5,0.9999376690672159,6.233093278395927e-05,9.5264781e-21,4.8762786605615156e-05,1.356814617834411e-05,-6.163355031939695e-25,-6.469709967568911e-05
dimer,692.0,0.0001,0.5,0.9999380414378554,6.19585621446867e-05,9.554091080000001e-21,4.840122811339298e-05,1.3557334031293713e-05,-6.111421289018489e-25,-6.396653787205144e-05
dimer,694.0,0.0001,0.5,0.9999384085522692,6.15914477307164e-05,9.58170406e-21,4.804482752077393e-05,1.3546620209942449e-05,-6.060237783169144e-25,-6.324801669118911e-05
dimer,696.0,0.0001,0.5,0.9999387705092667,6.12294907332081e-05,9.609317040000001e-21,4.7693487242588275e-05,1.3536003490619822e-05,-6.009790124970401e-25,-6.254128259015586e-05
dimer,698.0,0.0001,0.5,0.9999391274053698,6.087259463021304e-05,9.63693002e-21,4.7347111961228746e-05,1.3525482668984296e-05,-5.960064262982795e-25,-6.184608843909396e-05
dimer,700.0,0.0001,0.5,0.9999394793348757,6.0520665124351066e-05,9.664543000000001e-21,4.700560856469788e-05,1.3515056559653188e-05,-5.91104647443801e-25,-6.116219333328032e-05
dimer,120.0,0.001,0.5,0.0005455035645947062,0.9994544964354053,1.6567788e-21,0.9994513495941474,3.146841257896565e-06,-1.5673834659638202e-20,-9.460426859420341
dimer,122.0,0.001,0.5,0.0007438593393939338,0.9992561406606061,1.68439178e-21,0.9992522933588986,3.847301707411269e-06,-1.567009157209284e-20,-9.303115675435581
dimer,124.0,0.001,0.5,0.0010041621543851091,0.9989958378456149,1.71200476e-21,0.9989911619031161,4.6759424988021125e-06,-1.5665312922893782e-20,-9.150274163311193
dimer,126.0,0.001,0.5,0.0013425685951987307,0.9986574314048012,1.73961774e-21,0.9986517803465697,5.651058231629948e-06,-1.5659241704790288e-20,-9.001541743757043
dimer,128.0,0.001,0.5,0.0017785828926704028,0.9982214171073296,1.76723072e-21,0.998214624374311,6.792733018556969e-06,-1.5651568484060858e-20,-8.856550707799407
dimer,130.0,0.001,0.5,0.0023355462464524595,0.9976644537535475,1.7948437e-21,0.997656330863733,8.122889814617459e-06,-1.5641923768128827e-20,-8.714922512823165
dimer,132.0,0.001,0.5,0.003041153415283219,0.9969588465847168,1.82245668e-21,0.9969491812705359,9.665314180821014e-06,-1.562986995338427e-20,-8.576264184992462
dimer,134.0,0.001,0.5,0.003927986982553543,0.9960720130174464,1.8500696600000002e-21,0.9960605673729456,1.1445644500922445e-05,-1.5614893005043345e-20,-8.440164899003502
dimer,136.0,0.001,0.5,0.005034055904619186,0.9949659440953809,1.8776826400000002e-21,0.9949524527762251,1.3491319155774181e-05,-1.559639408054566e-20,-8.306192829553805
dimer,138.0,0.001,0.5,0.006403320387520757,0.9935966796124792,1.9052956200000002e-21,0.9935808481429113,1.583146956799387e-05,-1.5573681379509792e-20,-8.173892395506472
dimer,140.0,0.001,0.5,0.008086179785554305,0.9919138202144457,1.9329086000000003e-21,0.9918953234679924,1.8496746453263255e-05,-1.5545962587075406e-20,-8.042782047260488
dimer,142.0,0.001,0.5,0.010139894106144024,0.989860105893856,1.9605215800000003e-21,0.9898385868286623,2.1519065193721995e-05,-1.5512338372989846e-20,-7.912352779605642
dimer,144.0,0.001,0.5,0.012628902971683348,0.9873710970283166,1.9881345600000003e-21,0.9873461657731342,2.493125518247193e-05,-1.5471797513935045e-20,-7.782067584970226
dimer,146.0,0.001,0.5,0.015624998803125728,0.9843750011968742,2.01574754e-21,0.9843462345993318,2.876659754245717e-05,-1.5423214317014214e-20,-7.651362093198543
dimer,148.0,0.001,0.5,0.01920730401316577,0.9807926959868343,2.04336052e-21,0.9807596377506983,3.305823613594515e-05,-1.5365349130753523e-20,-7.519646670453201
dimer,150.0,0.001,0.5,0.02346199582570351,0.9765380041742965,2.0709735e-21,0.9765001657256389,3.7838448657521046e-05,-1.5296852825454295e-20,-7.386310266864494
dimer,152.0,0.001,0.5,0.028481717943492857,0.9715182820565071,2.09858648e-21,0.9714751442882102,4.313776829704954e-05,-1.521627619202078e-20,-7.250726304126756
dimer,154.0,0.001,0.5,0.03436461692551895,0.965635383074481,2.12619946e-21,0.9655863991220498,4.898395243121928e-05,-1.5122085227766617e-20,-7.112260873101067
dimer,156.0,0.001,0.5,0.041212944325538306,0.9587870556744617,2.15381244e-21,0.9587316548710041,5.540080345767951e-05,-1.5012683225462662e-20,-6.97028345953033
dimer,158.0,0.001,0.5,0.04913117506002252,0.9508688249399775,2.18142542e-21,0.9508064180815016,6.240685847584123e-05,-1.488644043185625e-20,-6.824180325108822
dimer,160.0,0.001,0.5,0.058223609767940866,0.9417763902320592,2.2090384e-21,0.9417063762530425,7.001397901654655e-05,-1.474173176839227e-20,-6.67337053461464
dimer,162.0,0.001,0.5,0.06859145542747583,0.9314085445725242,2.23665138e-21,0.9313303186835435,7.822588898065739e-05,-1.457698268930707e-20,-6.517324434041691
dimer,164.0,0.001,0.5,0.08032941482048873,0.9196705851795113,2.2642643600000002e-21,0.9195835484521575,8.703672735371092e-05,-1.439072268139162e-20,-6.355584151574782
dimer,166.0,0.001,0.5,0.09352186101450556,0.9064781389854945,2.2918773400000002e-21,0.9063817092850474,9.642970044709692e-05,-1.4181645194884432e-20,-6.187785422619707
dimer,168.0,0.001,0.5,0.10823872564661387,0.8917612743533861,2.3194903200000002e-21,0.8916548984193574,0.00010637593402859638,-1.394867197137416e-20,-6.013679751581873
dimer,170.0,0.001,0.5,0.12453128524168498,0.875468714758315,2.3471033000000003e-21,0.8753518811224585,0.00011683363585643064,-1.36910188685238e-20,-5.833155647015535
dimer,172.0,0.001,0.5,0.14242808183798883,0.8575719181620112,2.3747162800000003e-21,0.8574441704813065,0.0001277476807045872,-1.3408259470933883e-20,-5.646257442987624
dimer,174.0,0.001,0.5,0.1619312549351923,0.8380687450648077,2.4023292600000003e-21,0.8379296953446757,0.00013904972013199272,-1.310038214520134e-20,-5.4532000934798335
dimer,176.0,0.001,0.5,0.18301358261589054,0.8169864173841095,2.42994224e-21,0.816835758487989,0.00015065889612058525,-1.2767835879729705e-20,-5.254378342643117
dimer,178.0,0.001,0.5,0.20561652276517708,0.7943834772348229,2.45755522e-21,0.794220994033775,0.00016248320104788905,-1.2411560368468256e-20,-5.050368865554222
dimer,180.0,0.001,0.5,0.22964950532082531,0.7703504946791747,2.4851682e-21,0.7701760732009495,0.00017442147822522888,-1.2032996434458269e-20,-4.841924355244152
dimer,182.0,0.001,0.5,0.254990652444909,0.7450093475550911,2.51278118e-21,0.7448229815533116,0.00018636600177939744,-1.1634074057878896e-20,-4.629959086958338
dimer,184.0,0.001,0.5,0.2814889999676393,0.7185110000323607,2.54039416e-21,0.718312794513936,0.00019820551842469447,-1.1217176901471429e-20,-4.41552617231313
dimer,186.0,0.001,0.5,0.30896817068702986,0.6910318293129701,2.56800714e-21,0.6908220007286661,0.00020982858430407695,-1.0785084151649573e-20,-4.199787447495015
dimer,188.0,0.001,0.5,0.337231322961898,0.662768677038102,2.59562012e-21,0.662547550043035,0.00022112699506713848,-1.0340892482954221e-20,-3.983977625722142
dimer,190.0,0.001,0.5,0.36606708353526773,0.6339329164647323,2.6232331e-21,0.6337009173722025,0.00023199909252979566,-9.887922740075441e-21,-3.7693648879603723
dimer,192.0,0.001,0.5,0.39525608768573256,0.6047439123142675,2.65084608e-21,0.6045015595747758,0.00024235273949171075,-9.429617265320913e-21,-3.55721040782606
dimer,194.0,0.001,0.5,0.42457770444445075,0.5754222955555494,2.6784590600000002e-21,0.5751701877707872,0.00025210778476210535,-8.969434496439406e-21,-3.348729360992886
dimer,196.0,0.001,0.5,0.4538165250146612,0.5461834749853388,2.7060720400000002e-21,0.5459222770965613,0.0002611978887775367,-8.510747439232893e-21,-3.1450557536645967
dimer,198.0,0.001,0.5,0.48276823655880696,0.5172317634411931,2.7336850200000003e-21,0.5169621918018638,0.0002695716393293703,-8.056751916646365e-21,-2.947212958955441
dimer,200.0,0.001,0.5,0.511244582426995,0.488755417573005,2.7612980000000003e-21,0.4884782246244262,0.0002771929485788038,-7.610389249625916e-21,-2.756091247531384
dimer,202.0,0.001,0.5,0.5390772104757058,0.4609227895242942,2.7889109800000003e-21,0.4606387487454572,0.00028404077883705306,-7.174286442981894e-21,-2.572432929710038
dimer,204.0,0.001,0.5,0.566120318545384,0.4338796814546159,2.8165239600000003e-21,0.4335895731652326,0.00029010828938331296,-6.750715264302119e-21,-2.3968250794863177
dimer,206.0,0.001,0.5,0.5922521067888166,0.40774789321118343,2.8441369400000004e-21,0.4074524916848924,0.00029540152629105825,-6.34157002901108e-21,-2.2296992594917318
dimer,208.0,0.001,0.5,0.6173751299958993,0.3826248700041006,2.8717499200000004e-21,0.38232493221313835,0.0002999377909622714,-5.948362601677886e-21,-2.071337256859011
dimer,210.0,0.001,0.5,0.6414157032913467,0.3585842967086534,2.8993629e-21,0.3582805528863632,0.000303743822290201,-5.572232186424131e-21,-1.9218815921332686
dimer,212.0,0.001,0.5,0.6643225498727908,0.3356774501272092,2.92697588e-21,0.33537059621206816,0.00030685391514103305,-5.21396693360063e-21,-1.781349470362096
dimer,214.0,0.001,0.5,0.6860648916564773,0.3139351083435226,2.95458886e-21,0.3136258002655525,0.00030930807797011344,-4.874034205886275e-21,-1.6496488807198286
dimer,216.0,0.001,0.5,0.7066301770338704,0.2933698229661295,2.98220184e-21,0.2930586726574573,0.00031115030867225697,-4.55261645769055e-21,-1.5265956839764239
dimer,218.0,0.001,0.5,0.7260216197685633,0.2739783802314366,3.00981482e-21,0.2736659531879688,0.000312427043467781,-4.249650002922897e-21,-1.4119307190210781
dimer,220.0,0.001,0.5,0.744255694798788,0.25574430520121205,3.0374278e-21,0.2554311193900402,0.0003131858111718436,-3.9648643927513165e-21,-1.305336177127014
dimer,222.0,0.001,0.5,0.7613597051057817,0.23864029489421834,3.06504078e-21,0.23832682078811077,0.0003134741061076044,-3.697820622538796e-21,-1.2064507091285082
dimer,224.0,0.001,0.5,0.7773695025468597,0.22263049745314037,3.0926537600000002e-21,0.22231715897522616,0.0003133384779142202,-3.4479468781597485e-21,-1.1148829276510244
dimer,226.0,0.001,0.5,0.7923274171483371,0.20767258285166282,3.1202667400000002e-21,0.2073597590260193,0.00031282382564350674,-3.2145709772059606e-21,-1.0302231331690446
dimer,228.0,0.001,0.5,0.80628042524555,0.19371957475444995,3.1478797200000003e-21,0.19340760187797282,0.0003119728764771149,-2.996949037914783e-21,-0.9520532245478499
dimer,230.0,0.001,0.5,0.8192785676123081,0.18072143238769178,3.1754927000000003e-21,0.18041060656216334,0.00031082582552845227,-2.7942902093400604e-21,-0.8799548521525684
dimer,232.0,0.001,0.5,0.8313736142781367,0.16862638572186317,3.2031056800000003e-21,0.1683169656100367,0.00030942011182647015,-2.6057775215100193e-21,-0.8135159379162348
dimer,234.0,0.001,0.5,0.8426179626274493,0.15738203737255063,3.2307186600000003e-21,0.15707424706651973,0.00030779030603090364,-2.430585071454497e-21,-0.752335726891953
dimer,236.0,0.001,0.5,0.8530637489396361,0.14693625106036382,3.2583316400000004e-21,0.14663028297326725,0.00030596808709654677,-2.2678918606547966e-21,-0.6960285542495596
dimer,238.0,0.001,0.5,0.8627621500243086,0.13723784997569155,3.2859446200000004e-21,0.1369338676882002,0.0003039822874913738,-2.116892653316082e-21,-0.6442265156970545
dimer,240.0,0.001,0.5,0.8717628503187054,0.12823714968129465,3.3135576e-21,0.12793529069199663,0.0003018589892980256,-1.9768062440940727e-21,-0.5965812225790409
dimer,242.0,0.001,0.5,0.8801136501119351,0.11988634988806478,3.34117058e-21,0.11958672823174955,0.00029962165631522685,-1.846881518452133e-21,-0.5527648092879272
dimer,244.0,0.001,0.5,0.8878601919159469,0.11213980808405305,3.36878356e-21,0.11184251679411221,0.0002972912899408503,-1.7264016669443754e-21,-0.5124703431360771
dimer,246.0,0.001,0.5,0.895045783998526,0.10495421600147403,3.39639654e-21,0.1046593294024242,0.00029488659904983156,-1.6146868829444941e-21,-0.47541176771558424
dimer,248.0,0.001,0.5,0.9017113024142066,0.09828869758579337,3.42400952e-21,0.09799627340957277,0.0002924241762205969,-1.5110958365884967e-21,-0.4413234915855306
dimer,250.0,0.001,0.5,0.9078951552884311,0.09210484471156888,3.4516225e-21,0.09181492603707452,0.0002899186744943605,-1.4150261795005286e-21,-0.40995971590187763
dimer,252.0,0.001,0.5,0.9136332954746232,0.08636670452537665,3.47923548e-21,0.08607932154499717,0.0002873829803794769,-1.3259142976193866e-21,-0.381093577954484
dimer,254.0,0.001,0.5,0.9189592699156732,0.0810407300843267,3.50684846e-21,0.08075590170426618,0.00028482838006051923,-1.2432344946479398e-21,-0.35451617280546527
dimer,256.0,0.001,0.5,0.9239042960455871,0.07609570395441287,3.53446144e-21,0.07581343923764312,0.0002822647167697396,-1.1664977571569119e-21,-0.3300355024263362
dimer,258.0,0.001,0.5,0.9284973573390464,0.07150264266095355,3.56207442e-21,0.0712229421228925,0.00027970053806105347,-1.0952502245623848e-21,-0.30747539086013387
dimer,260.0,0.001,0.5,0.932765311652458,0.06723468834754201,3.5896874e-21,0.0669575451152144,0.0002771432323276039,-1.0290714631137032e-21,-0.2866743948550236
dimer,262.0,0.001,0.5,0.9367330073093173,0.0632669926906828,3.61730038e-21,0.06299239353632786,0.0002745991543549326,-9.675726225168383e-22,-0.2674847319472093
dimer,264.0,0.001,0.5,0.9404234029829168,0.05957659701708313,3.64491336e-21,0.05930452327705184,0.0002720737400312963,-9.103945365961673e-22,-0.24977124191401007
dimer,266.0,0.001,0.5,0.9438576883422622,0.05614231165773766,3.67252634e-21,0.05587274004716831,0.0002695716105693523,-8.572058151205518e-22,-0.2334103926727866
dimer,268.0,0.001,0.5,0.9470554031756085,0.05294459682439145,3.7001393200000004e-21,0.05267750015764117,0.00026709666675027417,-8.077009622219149e-22,-0.21828933787874635
dimer,270.0,0.001,0.5,0.9500345533130777,0.0499654466869223,3.7277523000000004e-21,0.04970079451312258,0.0002646521737997184,-7.615985473566781e-22,-0.20430503050234267
dimer,272.0,0.001,0.5,0.9528117221567567,0.047188277843243226,3.7553652800000004e-21,0.04692603700568406,0.00026224083755916185,-7.186394471649805e-22,-0.19136339439261696
dimer,274.0,0.001,0.5,0.9554021770129453,0.04459782298705482,3.7829782600000005e-21,0.04433795811441745,0.0002598648726373737,-6.785851705638881e-22,-0.17937855412467743
dimer,276.0,0.001,0.5,0.9578199697240177,0.04218003027598219,3.8105912400000005e-21,0.04192250421275792,0.00025752606322426117,-6.412162746983004e-22,-0.1682721221755342
dimer,278.0,0.001,0.5,0.9600780313316637,0.03992196866833617,3.8382042200000005e-21,0.03966674285110607,0.0002552258172300956,-6.063308757319628e-22,-0.15797254157882268
dimer,280.0,0.001,0.5,0.9621882606818161,0.03781173931818389,3.8658172000000005e-21,0.03755877410380124,0.0002529652143826577,-5.737432556905775e-22,-0.14841448159798593
dimer,282.0,0.001,0.5,0.9641616070152252,0.03583839298477485,3.8934301800000006e-21,0.03558764793589753,0.00025074504887730663,-5.432825644998252e-22,-0.13953828356563083
dimer,284.0,0.001,0.5,0.9660081466853501,0.03399185331465,3.9210431600000006e-21,0.033743287447516535,0.00024856586713346797,-5.147916148521811e-22,-0.1312894538126382
dimer,286.0,0.001,0.5,0.9677371542145172,0.03226284578548274,3.9486561400000006e-21,0.03201641778431488,0.0002464280011678638,-4.881257664706497e-22,-0.1236182005128078
dimer,288.0,0.001,0.5,0.9693571679462532,0.03064283205374687,3.976269120000001e-21,0.030398500455695292,0.00024433159805158105,-4.631518956193252e-22,-0.11647901126454066
dimer,290.0,0.001,0.5,0.9708760505813061,0.029123949418693913,4.0038821e-21,0.028881672772817935,0.00024227664587597806,-4.397474452620115e-22,-0.10983026829436648
dimer,292.0,0.001,0.5,0.9723010449011834,0.027698955098816633,4.03149508e-21,0.027458692102204422,0.00024026299661221345,-4.1779955102806818e-22,-0.10363389827777446
dimer,294.0,0.001,0.5,0.9736388249892509,0.02636117501074897,4.05910806e-21,0.02612288462453767,0.00023829038621129694,-3.972042380587771e-22,-0.09785505391516408
dimer,296.0,0.001,0.5,0.974895543258179,0.025104456741821025,4.08672104e-21,0.02486809828956466,0.00023635845225636492,-3.778656838375326e-22,-0.09246182456278752
dimer,298.0,0.001,0.5,0.9760768735857784,0.02392312641422154,4.11433402e-21,0.023688659664775163,0.000234466749446374,-3.5969554222142423e-22,-0.08742497339130094
dimer,300.0,0.001,0.5,0.977188050850694,0.022811949149305837,4.141947e-21,0.022579334386145126,0.0002326147631607117,-3.4261232406522627e-22,-0.08271769872121161
dimer,302.0,0.001,0.5,0.9782339071462095,0.02176609285379057,4.16955998e-21,0.021535290932463393,0.00023080192132717662,-3.2654083004215667e-22,-0.07831541736021666
dimer,304.0,0.001,0.5,0.9792189049355783,0.020781095064421815,4.19717296e-21,0.020552067459630494,0.00022902760479131891,-3.1141163150399873e-22,-0.07419556793866287
dimer,306.0,0.001,0.5,0.9801471673965299,0.01985283260347015,4.22478594e-21,0.019625541447107056,0.0002272911563630927,-2.9716059547496684e-22,-0.07033743240372714
dimer,308.0,0.001,0.5,0.9810225061864715,0.018977493813528503,4.25239892e-21,0.01875190192483154,0.00022559188869696379,-2.8372845013044196e-22,-0.0667219739888472
dimer,310.0,0.001,0.5,0.9818484468438302,0.0181515531561697,4.2800119e-21,0.017927624065025804,0.00022392909114389445,-2.710603873671163e-22,-0.06333169012149623
dimer,312.0,0.001,0.5,0.9826282520252481,0.01737174797475201,4.30762488e-21,0.017149445939054223,0.00022230203569778987,-2.591056993205827e-22,-0.06015047886913094
dimer,314.0,0.001,0.5,0.9833649427631569,0.016635057236843127,4.33523786e-21,0.016414347254698248,0.00022070998214487972,-2.478174459267963e-22,-0.05716351764993957
dimer,316.0,0.001,0.5,0.9840613179137804,0.015938682086219614,4.36285084e-21,0.015719529903707664,0.00021915218251194964,-2.3715215085296532e-22,-0.05435715305200883
dimer,318.0,0.001,0.5,0.9847199719518969,0.015280028048103116,4.39046382e-21,0.015062400163204932,0.0002176278848981835,-2.2706952333998124e-22,-0.0517188007120353
dimer,320.0,0.001,0.5,0.9853433112558304,0.014656688744169569,4.4180768e-21,0.014440552407404092,0.00021613633676547742,-2.1753220370175186e-22,-0.04923685430315558
dimer,322.0,0.001,0.5,0.98593356901411,0.014066430985889902,4.44568978e-21,0.013851754198136581,0.00021467678775331987,-2.085055304164884e-22,-0.04690060277136305
dimer,324.0,0.001,0.5,0.9864928188740614,0.013507181125938697,4.47330276e-21,0.013293932633862141,0.00021324849207655718,-1.9995732692121486e-22,-0.04470015504186773
dimer,326.0,0.001,0.5,0.9870229874422448,0.012977012557755218,4.50091574e-21,0.012765161847197724,0.00021185071055749487,-1.9185770638382798e-22,-0.042626371491199695
dimer,328.0,0.001,0.5,0.9875258657371093,0.012474134262890759,4.5285287200000004e-21,0.012263651550553051,0.00021048271233770784,-1.8417889287744503e-22,-0.04067080154842101
dimer,330.0,0.001,0.5,0.9880031196854343,0.011996880314565583,4.5561417000000004e-21,0.011787736538256025,0.00020914377630955753,-1.7689505752011345e-22,-0.038825626850041435
dimer,332.0,0.001,0.5,0.9884562997460724,0.011543700253927733,4.5837546800000004e-21,0.01133586706162506,0.00020783319230267122,-1.6998216826993994e-22,-0.037083609428666
dimer,334.0,0.001,0.5,0.9888868497370995,0.011113150262900542,4.6113676600000005e-21,0.010906600000844095,0.0002065502620564467,-1.634178521819894e-22,-0.03543804446553051
dimer,336.0,0.001,0.5,0.9892961149357299,0.01070388506427002,4.6389806400000005e-21,0.010498590764264074,0.00020529430000594662,-1.5718126903966766e-22,-0.03388271718238248
dimer,338.0,0.001,0.5,0.989685349514156,0.010314650485844023,4.6665936200000005e-21,0.010110585851938745,0.00020406463390527848,-1.5125299537043906e-22,-0.0324118634890773
dimer,340.0,0.001,0.5,0.9900557233688461,0.009944276631153846,4.6942066000000005e-21,0.00974141602584417,0.00020286060530967656,-1.4561491794433266e-22,-0.03102013404018746
dimer,342.0,0.001,0.5,0.9904083283956893,0.009591671604310794,4.7218195800000006e-21,0.009389990034375836,0.0002016815699349577,-1.4025013593445013e-22,-0.029702561387245998
dimer,344.0,0.001,0.5,0.9907441842586869,0.009255815741312998,4.7494325600000006e-21,0.009055288843402218,0.00020052689791077966,-1.3514287099222827e-22,-0.028454529943305114
dimer,346.0,0.001,0.5,0.9910642436956387,0.008935756304361173,4.777045540000001e-21,0.008736360330419022,0.0001993959739421502,-1.3027838455713157e-22,-0.02727174850360157
dimer,348.0,0.001,0.5,0.9913693974003784,0.008630602599621616,4.804658520000001e-21,0.008432314402229727,0.00019828819739188829,-1.2564290178133734e-22,-0.02615022509057258
dimer,350.0,0.001,0.5,0.9916604785175984,0.00833952148240162,4.832271500000001e-21,0.008142318500106417,0.0001972029822952024,-1.2122354150532305e-22,-0.02508624391351418
dimer,352.0,0.001,0.5,0.9919382667830885,0.008061733216911436,4.85988448e-21,0.007865593459595251,0.00019613975731618666,-1.1700825177058827e-22,-0.024076344253060985
dimer,354.0,0.001,0.5,0.992203492339298,0.007796507660701868,4.88749746e-21,0.007601409695047028,0.00019509796565484025,-1.1298575040147131e-22,-0.023117301098601762
dimer,356.0,0.001,0.5,0.9924568392534828,0.007543160746517313,4.91511044e-21,0.0073490836816051544,0.00019407706491215884,-1.0914547022957487e-22,-0.02220610738292482
dimer,358.0,0.001,0.5,0.9926989487632876,0.007301051236712521,4.94272342e-21,0.007107974709792609,0.00019307652691991263,-1.0547750857206931e-22,-0.021339957672984525
dimer,360.0,0.001,0.5,0.9929304222724297,0.007069577727570288,4.9703364e-21,0.006877481890029383,0.00019209583754090594,-1.0197258060945375e-22,-0.020516233188854933
dimer,362.0,0.001,0.5,0.9931518241171529,0.0068481758828470764,4.99794938e-21,0.006657041386402292,0.0001911344964447848,-9.86219763395256e-23,-0.019732488034827914
dimer,364.0,0.001,0.5,0.9933636841223186,0.006636315877681477,5.02556236e-21,0.006446123860817653,0.00019019201686382444,-9.541752081263885e-23,-0.018986436537350788
dimer,366.0,0.001,0.5,0.9935664999643554,0.006433500035644673,5.05317534e-21,0.006244232110312112,0.0001892679253325612,-9.235153737908133e-23,-0.01827594159419794
dimer,368.0,0.001,0.5,0.9937607393567934,0.00623926064320667,5.08078832e-21,0.0060508988817920325,0.00018836176141463808,-8.941681370280743e-23,-0.017599003948034472
dimer,370.0,0.001,0.5,0.9939468420727489,0.006053157927251244,5.1084013e-21,0.005865684849831448,0.00018747307741979574,-8.660657031704268e-23,-0.016953752305450764
dimer,372.0,0.001,0.5,0.994125221817491,0.005874778182509067,5.13601428e-21,0.005688176744395513,0.00018660143811355428,-8.391443151663616e-23,-0.016338434229710933
dimer,374.0,0.001,0.5,0.9942962679630964,0.005703732036903599,5.16362726e-21,0.005517985616481805,0.0001857464204217934,-8.133439839963988e-23,-0.015751407741936795
dimer,376.0,0.001,0.5,0.994460347156172,0.005539652843827985,5.19124024e-21,0.0053547452306958515,0.0001849076131321344,-7.886082388662053e-23,-0.015191133571314073
dimer,378.0,0.001,0.5,0.9946178048086962,0.005382195191303671,5.21885322e-21,0.005198110574709901,0.00018408461659377134,-7.648838956079136e-23,-0.014656168000216598
dimer,380.0,0.001,0.5,0.9947689664811796,0.005231033518820239,5.2464662e-21,0.005047756476403079,0.00018327704241715968,-7.421208418533359e-23,-0.01414515625495378
dimer,382.0,0.001,0.5,0.9949141391665706,0.00508586083342949,5.27407918e-21,0.004903376320254715,0.0001824845131747742,-7.202718376637301e-23,-0.013656826397204945
dimer,384.0,0.001,0.5,0.9950536124826285,0.00494638751737159,5.30169216e-21,0.004764680855267629,0.0001817066621039611,-6.992923304110005e-23,-0.013189983675155528
dimer,386.0,0.001,0.5,0.9951876597798459,0.0048123402201540435,5.3293051400000004e-21,0.004631397087341284,0.0001809431328127588,-6.791402828057014e-23,-0.012743505296934477
dimer,388.0,0.001,0.5,0.99531653917141,0.004683460828589996,5.3569181200000004e-21,0.004503267249600575,0.00018019357898942096,-6.597760130588496e-23,-0.0123163355922052
dimer,390.0,0.001,0.5,0.9954404944911625,0.0045595055088375296,5.3845311000000004e-21,0.004380047844721278,0.00017945766411625198,-6.41162046248115e-23,-0.011907481530715181
dimer,392.0,0.001,0.5,0.9955597561850302,0.004440243814969798,5.4121440800000005e-21,0.004261508753781532,0.00017873506118826714,-6.232629760352994e-23,-0.011516008569293287
dimer,394.0,0.001,0.5,0.9956745421409485,0.0043254578590514094,5.4397570600000005e-21,0.004147432406614325,0.00017802545243708373,-6.06045335951617e-23,-0.01114103680122099
dimer,396.0,0.001,0.5,0.9957850584618959,0.0042149415381040785,5.4673700400000005e-21,0.004037613009043694,0.00017732852906038432,-5.894774795309722e-23,-0.010781737384122114
dimer,398.0,0.001,0.5,0.9958915001862834,0.004108499813716666,5.4949830200000005e-21,0.003931855822759457,0.000176643990957209,-5.735294686295323e-23,-0.01043732922453202
dimer,400.0,0.001,0.5,0.995994051959605,0.004005948040395128,5.5225960000000006e-21,0.0038299764939258487,0.00017597154646927906,-5.581729693230834e-23,-0.010107075899143869
dimer,402.0,0.001,0.5,0.9960928886609407,0.003907111339059299,5.5502089800000006e-21,0.003731800426930797,0.00017531091212850229,-5.43381154822265e-23,-0.009790282794401462
dimer,404.0,0.001,0.5,0.9961881759876215,0.0038118240123784183,5.5778219600000006e-21,0.003637162199967661,0.00017466181241075705,-5.2912861489026935e-23,-0.009486294447631837
dimer,406.0,0.001,0.5,0.9962800710011017,0.0037199289988981772,5.605434940000001e-21,0.0035459050194021594,0.00017402397949601797,-5.153912712883284e-23,-0.009194492074299739
dimer,408.0,0.001,0.5,0.9963687226368488,0.00363127736315122,5.633047920000001e-21,0.0034578802101163683,0.00017339715303485155,-5.021462988116153e-23,-0.008914291267233091
dimer,410.0,0.001,0.5,0.9964542721808382,0.003545727819161799,5.660660900000001e-21,0.003372946739240524,0.0001727810799212748,-4.8937205151235517e-23,-0.008645139854824286
dimer,412.0,0.001,0.5,0.9965368537150434,0.0034631462849564415,5.688273880000001e-21,0.003290970770884489,0.0001721755140719526,-4.770479937382965e-23,-0.00838651590626815
dimer,414.0,0.001,0.5,0.9966165945341235,0.0033834054658764346,5.715886860000001e-21,0.0032118252496647543,0.00017158021621168027,-4.651546356434113e-23,-0.008137925872861157
dimer,416.0,0.001,0.5,0.996693615535343,0.003306384464657095,5.743499840000001e-21,0.00313538951099201,0.00017099495366508462,-4.536734728540726e-23,-0.007898902855267991
dimer,418.0,0.001,0.5,0.9967680315836059,0.003231968416394007,5.77111282e-21,0.0030615489162395476,0.00017041950015445938,-4.425869299981607e-23,-0.00766900498746723
dimer,420.0,0.001,0.5,0.9968399518533411,0.0031600481466589254,5.7987258e-21,0.002990194511055287,0.00016985363560363838,-4.318783078267768e-23,-0.007447813928825136
dimer,422.0,0.001,0.5,0.9969094801488408,0.0030905198511590906,5.82633878e-21,0.0029212227052112924,0.00016929714594779823,-4.215317336786729e-23,-0.007234933456421374
dimer,424.0,0.001,0.5,0.996976715204546,0.0030232847954540895,5.85395176e-21,0.0028545349725050124,0.00016874982294907753,-4.1153211505627937e-23,-0.007029988150368348
dimer,426.0,0.001,0.5,0.9970417509666447,0.0029582490333552778,5.88156474e-21,0.0027900375693373915,0.00016821146401788613,-4.0186509609947715e-23,-0.006832622165432071
dimer,428.0,0.001,0.5,0.9971046768572654,0.0028953231427346236,5.90917772e-21,0.0027276412706948457,0.00016768187203977788,-3.9251701675915655e-23,-0.006642498082781585
dimer,430.0,0.001,0.5,0.9971655780224362,0.002834421977563734,5.9367907e-21,0.0026672611223559775,0.00016716085520775684,-3.8347487448722106e-23,-0.006459295836169886
dimer,432.0,0.001,0.5,0.9972245355649096,0.002775464435090312,5.96440368e-21,0.002608816208230434,0.0001666482268598778,-3.747262882731617e-23,-0.006282711707286078
dimer,434.0,0.001,0.5,0.997281626762861,0.0027183732371388264,5.99201666e-21,0.002552229431816821,0.00016614380532200553,-3.662594648697455e-23,-0.006112457385419644
dimer,436.0,0.001,0.5,0.9973369252754041,0.002663074724595801,6.01962964e-21,0.0024974273108402047,0.0001656474137555964,-3.580631670617867e-23,-0.005948259086945865
dimer,438.0,0.001,0.5,0.9973905013357923,0.0026094986642076,6.04724262e-21,0.0024443397841972395,0.0001651588800103605,-3.501266838425236e-23,-0.0057898567304799755
dimer,440.0,0.001,0.5,0.9974424219331186,0.002557578066881368,6.0748556e-21,0.002392900030399701,0.00016467803648166735,-3.424398023718503e-23,-0.0056370031638587476
dimer,442.0,0.001,0.5,0.9974927509832627,0.0025072490167372384,6.10246858e-21,0.00234304429676468,0.00016420471997255829,-3.3499278159963823e-23,-0.005489463439394525
dimer,444.0,0.001,0.5,0.9975415494897867,0.0024584505102133052,6.13008156e-21,0.002294711738653079,0.00016373877156022624,-3.2777632744566673e-23,-0.005347014134109934
dimer,446.0,0.001,0.5,0.9975888756954259,0.002411124304574073,6.1576945400000004e-21,0.002247844268107242,0.0001632800364668316,-3.207815694353525e-23,-0.005209442711904194
dimer,448.0,0.001,0.5,0.9976347852247813,0.002365214775218587,6.1853075200000004e-21,0.0022023864112840673,0.00016282836393451957,-3.1400003869753893e-23,-0.005076546924825153
dimer,450.0,0.001,0.5,0.9976793312187735,0.0023206687812264834,6.2129205000000004e-21,0.0021582851741219775,0.00016238360710450615,-3.074236472371578e-23,-0.004948134250827092
dimer,452.0,0.001,0.5,0.9977225644613809,0.002277435538619207,6.2405334800000005e-21,0.002115489915719097,0.00016194562290010984,-3.010446684016304e-23,-0.004824021365584122
dimer,454.0,0.001,0.5,0.9977645334991504,0.0022354665008495755,6.2681464600000005e-21,0.0020739522289359782,0.00016151427191359749,-2.948557184654743e-23,-0.00470403364610396
dimer,456.0,0.001,0.5,0.9978052847539337,0.00219471524606629,6.2957594400000005e-21,0.0020336258277695637,0.00016108941829672644,-2.888497392627751e-23,-0.004588004704048462
dimer,458.0,0.001,0.5,0.9978448626292692,0.002155137370730858,6.3233724200000005e-21,0.0019944664410759994,0.00016067092965485892,-2.8301998180198216e-23,-0.004475775946816401
dimer,460.0,0.001,0.5,0.9978833096108071,0.0021166903891930615,6.3509854000000006e-21,0.0019564317122485264,0.00016025867694453527,-2.773599908019444e-23,-0.00436719616458171
dimer,462.0,0.001,0.5,0.9979206663611423,0.002079333638857587,6.3785983800000006e-21,0.0019194811044831977,0.0001598525343743895,-2.7186359009222083e-23,-0.004262121141607614
dimer,464.0,0.001,0.5,0.9979569718094009,0.0020430281905991408,6.4062113600000006e-21,0.001883575811289844,0.00015945237930929632,-2.6652486882453567e-23,-0.004160413290274826
dimer,466.0,0.001,0.5,0.997992263235894,0.0020077367641061234,6.433824340000001e-21,0.0018486786719284782,0.0001590580921776449,-2.6133816844579054e-23,-0.004061941306370676
dimer,468.0,0.001,0.5,0.9980265763521459,0.0019734236478542323,6.461437320000001e-21,0.0018147540914726027,0.00015866955638162958,-2.5629807038634843e-23,-0.00396657984428685
dimer,470.0,0.001,0.5,0.9980599453765691,0.0019400546234309873,6.489050300000001e-21,0.0017817679652205266,0.0001582866582104605,-2.5139938442035485e-23,-0.0038742092108664163
dimer,472.0,0.001,0.5,0.9980924031060494,0.001907596893950477,6.516663280000001e-21,0.0017496876071940843,0.00015790928675639272,-2.4663713765770958e-23,-0.0037847150767272657
dimer,474.0,0.001,0.5,0.9981239809836853,0.0018760190163146764,6.544276260000001e-21,0.0017184816824811972,0.00015753733383347933,-2.4200656412994015e-23,-0.003697988203968946
dimer,476.0,0.001,0.5,0.9981547091629065,0.0018452908370934116,6.571889240000001e-21,0.0016881201431944563,0.00015717069389895513,-2.3750309493468285e-23,-0.003613924189243987
dimer,478.0,0.001,0.5,0.9981846165681901,0.0018153834318097922,6.599502220000001e-21,0.0016585741678326286,0.00015680926397716356,-2.3312234890575756e-23,-0.0035324232212434583
dimer,480.0,0.001,0.5,0.9982137309525683,0.0017862690474316418,6.6271152e-21,0.0016298161038457064,0.00015645294358593534,-2.2886012377795028e-23,-0.003453389851710293
dimer,482.0,0.001,0.5,0.9982420789521179,0.0017579210478821184,6.65472818e-21,0.0016018194132167772,0.00015610163466534124,-2.2471238781759093e-23,-0.003376732779152986
dimer,484.0,0.001,0.5,0.9982696861376055,0.001730313862394603,6.68234116e-21,0.0015745586208858722,0.00015575524150873067,-2.206752718918509e-23,-0.0033023646444871263
dimer,486.0,0.001,0.5,0.998296577063452,0.0017034229365480147,6.70995414e-21,0.0015480092658520302,0.00015541367069598453,-2.1674506195140502e-23,-0.0032302018378832765
dimer,488.0,0.001,0.5,0.9983227753141711,0.0016772246858289398,6.73756712e-21,0.0015221478548000386,0.00015507683102890122,-2.129181919026933e-23,-0.0031601643161470027
dimer,490.0,0.001,0.5,0.9983483035484234,0.0016516964515766034,6.7651801e-21,0.0014969518181079584,0.0001547446334686451,-2.0919123684750982e-23,-0.0030921754300008925
dimer,492.0,0.001,0.5,0.9983731835408244,0.0016268164591756228,6.79279308e-21,0.0014723994681004368,0.00015441699107518608,-2.0556090666903105e-23,-0.0030261617606793206
dimer,494.0,0.001,0.5,0.99839743622163,0.0016025637783698694,6.820406060000001e-21,0.0014484699594212078,0.0001540938189486616,-2.0202403994469176e-23,-0.0029620529652847638
dimer,496.0,0.001,0.5,0.9984210817144213,0.0015789182855785228,6.84801904e-21,0.0014251432514059274,0.0001537750341725955,-1.9857759816752668e-23,-0.002899781630389957
dimer,498.0,0.001,0.5,0.9984441393718974,0.001555860628102673,6.875632020000001e-21,0.0014024000723437632,0.00015346055575890996,-1.952186602587145e-23,-0.002839283133402978
dimer,500.0,0.001,0.5,0.9984666278098823,0.0015333721901176613,6.903245e-21,0.0013802218855229918,0.00015315030459466946,-1.9194441735512978e-23,-0.0027804955112433324
dimer,502.0,0.001,0.5,0.9984885649396473,0.0015114350603526192,6.930857980000001e-21,0.0013585908569621239,0.00015284420339049514,-1.887521678566717e-23,-0.0027233593359053607
dimer,504.0,0.001,0.5,0.9985099679986355,0.0014900320013646886,6.95847096e-21,0.0013374898247340914,0.0001525421766305971,-1.8563931271907627e-23,-0.0026678175965122695
dimer,506.0,0.001,0.5,0.9985308535796793,0.0014691464203208592,6.986083940000001e-21,0.0013169022697964955,0.00015224415052436356,-1.8260335097876344e-23,-0.002613815587488681
dimer,508.0,0.001,0.5,0.9985512376587944,0.0014487623412056286,7.01369692e-21,0.0012968122882461703,0.00015195005295945836,-1.7964187549708423e-23,-0.0025613008025029433
dimer,510.0,0.001,0.5,0.9985711356216226,0.0014288643783774606,7.041309900000001e-21,0.001277204564921087,0.0001516598134563736,-1.767525689120743e-23,-0.0025102228338518984
dimer,512.0,0.001,0.5,0.9985905622885984,0.001409437711401641,7.06892288e-21,0.001258064348277254,0.0001513733631243869,-1.7393319978653615e-23,-0.0024605332769811763
dimer,514.0,0.001,0.5,0.9986095319389088,0.001390468061091301,7.09653586e-21,0.001239377426472424,0.00015109063461887703,-1.7118161894191632e-23,-0.0024121856398526863
dimer,516.0,0.001,0.5,0.9986280583333077,0.0013719416666924246,7.12414884e-21,0.0012211301045924724,0.00015081156209995208,-1.6849575596807043e-23,-0.0023651352568887433
dimer,518.0,0.001,0.5,0.9986461547358476,0.0013538452641523578,7.15176182e-21,0.0012033091829600142,0.0001505360811923436,-1.658736158995862e-23,-0.0023193392072386743
dimer,520.0,0.001,0.5,0.9986638339345851,0.001336166065414796,7.1793748e-21,0.001185901936468269,0.00015026412894652685,-1.6331327604986255e-23,-0.0022747562371289286
dimer,522.0,0.001,0.5,0.9986811082613123,0.0013188917386876143,7.20698778e-21,0.0011688960948865914,0.00014999564380102295,-1.608128829946726e-23,-0.002231346686072397
dimer,524.0,0.001,0.5,0.9986979896103672,0.0013020103896328173,7.23460076e-21,0.001152279824086972,0.00014973056554584525,-1.5837064969738804e-23,-0.0021890724167257024
dimer,526.0,0.001,0.5,0.9987144894565692,0.0012855105434309312,7.26221374e-21,0.0011360417081438812,0.00014946883528704996,-1.5598485276851172e-23,-0.0021478967481961186
dimer,528.0,0.001,0.5,0.9987306188723253,0.001269381127674734,7.28982672e-21,0.0011201707322623779,0.00014921039541235622,-1.53653829852565e-23,-0.0021077843926112553
dimer,530.0,0.001,0.5,0.99874638854395,0.0012536114560498582,7.3174397e-21,0.0011046562664920616,0.00014895518955779666,-1.5137597713578258e-23,-0.002068701394775861
dimer,532.0,0.001,0.5,0.9987618087872379,0.0012381912127620944,7.34505268e-21,0.0010894880501867272,0.00014870316257536737,-1.4914974696842548e-23,-0.002030615074750226
dimer,534.0,0.001,0.5,0.9987768895623265,0.0012231104376735555,7.37266566e-21,0.0010746561771719143,0.0001484542605016411,-1.469736455958801e-23,-0.0019934939731944944
dimer,536.0,0.001,0.5,0.998791640487888,0.0012083595121118796,7.400278640000001e-21,0.0010601510815845651,0.00014820843052731444,-1.448462309930235e-23,-0.0019573077993320464
dimer,538.0,0.001,0.5,0.9988060708546812,0.0011939291453187005,7.42789162e-21,0.0010459635243510446,0.00014796562096765597,-1.4276611079665376e-23,-0.0019220273813937766
dimer,540.0,0.001,0.5,0.9988201896384947,0.0011798103615054004,7.455504600000001e-21,0.0010320845802715734,0.00014772578123382695,-1.4073194033106086e-23,-0.0018876246194128945
dimer,542.0,0.001,0.5,0.998834005512514,0.0011659944874859941,7.48311758e-21,0.0010185056256809498,0.0001474888618050445,-1.387424207220913e-23,-0.0018540724402474416
dimer,544.0,0.001,0.5,0.9988475268591415,0.0011524731408585392,7.510730560000001e-21,0.001005218326656978,0.00014725481420156124,-1.367962970953067e-23,-0.0018213447547146024
dimer,546.0,0.001,0.5,0.9988607617812919,0.001139238218708111,7.53834354e-21,0.000992214627749677,0.00014702359095843378,-1.348923568540841e-23,-0.0017894164167275943
dimer,548.0,0.001,0.5,0.9988737181131943,0.0011262818868057623,7.565956520000001e-21,0.0009794867412057085,0.00014679514560005382,-1.3302942803372045e-23,-0.0017582631843319188
dimer,550.0,0.001,0.5,0.9988864034307207,0.0011135965692793018,7.5935695e-21,0.0009670271366638843,0.00014656943261541762,-1.3120637772782656e-23,-0.0017278616825437175
dimer,552.0,0.001,0.5,0.9988988250612669,0.001101174938732999,7.621182480000001e-21,0.0009548285312988884,0.00014634640743411083,-1.2942211058348328e-23,-0.001698189367898238
dimer,554.0,0.001,0.5,0.9989109900932055,0.0010890099067945558,7.64879546e-21,0.0009428838803915727,0.0001461260264029831,-1.2767556736183261e-23,-0.001669224494621701
dimer,556.0,0.001,0.5,0.9989229053849312,0.0010770946150688004,7.676408440000001e-21,0.000931186368305308,0.00014590824676349247,-1.2596572356094312e-23,-0.0016409460823445072
dimer,558.0,0.001,0.5,0.9989345775735212,0.0010654224264786836,7.70402142e-21,0.0009197293998489862,0.00014569302662969743,-1.2429158809796214e-23,-0.0016133338852783476
dimer,560.0,0.001,0.5,0.9989460130830248,0.0010539869169751298,7.731634400000001e-21,0.0009085065920082558,0.00014548032496687418,-1.2265220204772148e-23,-0.00158636836278396
dimer,562.0,0.001,0.5,0.9989572181324017,0.0010427818675983079,7.75924738e-21,0.0008975117660275655,0.0001452701015707424,-1.210466374351138e-23,-0.0015600306512603263
dimer,564.0,0.001,0.5,0.9989681987431263,0.0010318012568737308,7.786860360000001e-21,0.0008867389398264539,0.00014506231704727692,-1.1947399607869278e-23,-0.0015343025372897886
dimer,566.0,0.001,0.5,0.9989789607464726,0.001021039253527518,7.81447334e-21,0.0008761823207344297,0.00014485693279308833,-1.1793340848308865e-23,-0.0015091664319772144
dimer,568.0,0.001,0.5,0.9989895097904942,0.0010104902095058926,7.842086320000001e-21,0.0008658362985295387,0.00014465391097635388,-1.1642403277794604e-23,-0.0014846053464245216
dimer,570.0,0.001,0.5,0.9989998513467153,0.0010001486532848197,7.8696993e-21,0.0008556954387665368,0.00014445321451828284,-1.1494505370121937e-23,-0.001460602868285188
dimer,572.0,0.001,0.5,0.9990099907165436,0.0009900092834563366,7.897312280000001e-21,0.0008457544763812405,0.00014425480707509587,-1.1349568162476163e-23,-0.0014371431393461575
dimer,574.0,0.001,0.5,0.9990199330374212,0.0009800669625788807,7.92492526e-21,0.0008360083095583736,0.00014405865302050705,-1.1207515162025536e-23,-0.0014142108340874796
dimer,576.0,0.001,0.5,0.9990296832887205,0.0009703167112794935,7.952538240000001e-21,0.0008264519938508042,0.0001438647174286892,-1.1068272256362793e-23,-0.0013917911391725408
dimer,578.0,0.001,0.5,0.9990392462974036,0.0009607537025964465,7.98015122e-21,0.0008170807365387387,0.0001436729660577077,-1.0931767627619153e-23,-0.0013698697338243111
dimer,580.0,0.001,0.5,0.9990486267434486,0.0009513732565513706,8.0077642e-21,0.0008078898912179591,0.00014348336533341136,-1.0797931670083133e-23,-0.0013484327710452729
dimer,582.0,0.001,0.5,0.9990578291650596,0.0009421708349405292,8.03537718e-21,0.0007988749526067666,0.00014329588233376263,-1.0666696911165585e-23,-0.0013274668596410038
dimer,584.0,0.001,0.5,0.9990668579636646,0.0009331420363353864,8.06299016e-21,0.0007900315515617923,0.00014311048477359405,-1.0537997935559536e-23,-0.0013069590470093711
dimer,586.0,0.001,0.5,0.9990757174087168,0.0009242825912831,8.09060314e-21,0.000781355450293319,0.00014292714098978104,-1.041177131245142e-23,-0.0012868968026593156
dimer,588.0,0.001,0.5,0.9990844116423019,0.00091558835769806,8.11821612e-21,0.0007728425377712461,0.00014274581992681392,-1.0287955525647199e-23,-0.001267268002425045
dimer,590.0,0.001,0.5,0.9990929446835641,0.0009070553164359626,8.1458291e-21,0.0007644888253132033,0.00014256649112275938,-1.0166490906483445e-23,-0.001248060913343179
dimer,592.0,0.001,0.5,0.9991013204329575,0.0008986795670424192,8.17344208e-21,0.0007562904423468193,0.0001423891246955999,-1.0047319569400112e-23,-0.0012292641791620932
dimer,594.0,0.001,0.5,0.9991095426763316,0.0008904573236683813,8.201055060000001e-21,0.0007482436323384438,0.00014221369132993753,-9.930385350057325e-24,-0.001210866806454208
dimer,596.0,0.001,0.5,0.9991176150888549,0.0008823849111451338,8.22866804e-21,0.0007403447488810802,0.00014204016226405353,-9.81563374588462e-24,-0.0011928581513035031
dimer,598.0,0.001,0.5,0.9991255412387882,0.0008744587612118724,8.256281020000001e-21,0.0007325902519345617,0.0001418685092773106,-9.703011858956068e-24,-0.001175227906541881
dimer,600.0,0.001,0.5,0.9991333245911106,0.000866675408889287,8.283894e-21,0.000724976704211397,0.00014169870467789,-9.592468341090264e-24,-0.0011579660895093857
dimer,602.0,0.001,0.5,0.9991409685110072,0.0008590314889928305,8.311506980000001e-21,0.0007175007677019793,0.0001415307212908512,-9.483953341078447e-24,-0.0011410630303144431
dimer,604.0,0.001,0.5,0.9991484762672204,0.0008515237327796821,8.33911996e-21,0.0007101592003331767,0.00014136453244650534,-9.377418453949205e-24,-0.0011245093605715686
dimer,606.0,0.001,0.5,0.9991558510352763,0.0008441489647236956,8.366732940000001e-21,0.0007029488527546016,0.000141200111969094,-9.27281667218206e-24,-0.0011082960025950177
dimer,608.0,0.001,0.5,0.999163095900587,0.0008369040994128805,8.39434592e-21,0.0006958666652471174,0.00014103743416576302,-9.170102338786771e-24,-0.0010924141590279819
dimer,610.0,0.001,0.5,0.9991702138614358,0.0008297861385642157,8.421958900000001e-21,0.000688909664748393,0.00014087647381582266,-9.069231102168698e-24,-0.0010768553028878704
dimer,612.0,0.001,0.5,0.9991772078318492,0.0008227921681508699,8.44957188e-21,0.0006820749619905832,0.00014071720616028673,-8.970159872704756e-24,-0.0010616111680092312
dimer,614.0,0.001,0.5,0.9991840806443628,0.0008159193556370781,8.477184860000001e-21,0.0006753597487453972,0.0001405596068916808,-8.872846780957471e-24,-0.0010466737398666884
dimer,616.0,0.001,0.5,0.9991908350526838,0.0008091649473162027,8.50479784e-21,0.0006687612951720886,0.0001404036521441141,-8.777251137458656e-24,-0.001032035246761216
dimer,618.0,0.001,0.5,0.9991974737342524,0.0008025262657476511,8.532410820000001e-21,0.0006622769472640471,0.00014024931848360397,-8.683333393996606e-24,-0.0010176881513537584
dimer,620.0,0.001,0.5,0.9992039992927113,0.0007960007072885921,8.5600238e-21,0.0006559041243899427,0.00014009658289864944,-8.591055106344592e-24,-0.001003625142531098
dimer,622.0,0.001,0.5,0.9992104142602835,0.0007895857397165163,8.587636780000001e-21,0.000649640316925473,0.00013994542279104338,-8.50037889837055e-24,-0.000989839127589482
dimer,624.0,0.001,0.5,0.9992167211000611,0.0007832788999389401,8.61524976e-21,0.0006434830839720223,0.00013979581596691777,-8.411268427471106e-24,-0.0009763232247222866
dimer,626.0,0.001,0.5,0.9992229222082134,0.0007770777917866738,8.642862740000001e-21,0.0006374300511586576,0.00013964774062801607,-8.323688351275378e-24,-0.0009630707557986021
dimer,628.0,0.001,0.5,0.9992290199161128,0.0007709800838872505,8.67047572e-21,0.0006314789085240665,0.000139501175363184,-8.237604295566626e-24,-0.0009500752394202686
dimer,630.0,0.001,0.5,0.9992350164923847,0.0007649835076152659,8.698088700000001e-21,0.0006256274084751898,0.00013935609914007607,-8.152982823372001e-24,-0.0009373303842454492
dimer,632.0,0.001,0.5,0.9992409141448835,0.0007590858551165273,8.72570168e-21,0.0006198733638194613,0.00013921249129706612,-8.069791405173093e-24,-0.0009248300825674219
dimer,634.0,0.001,0.5,0.9992467150225969,0.0007532849774030297,8.753314660000001e-21,0.0006142146458676665,0.0001390703315353633,-7.987998390191802e-24,-0.0009125684041377533
dimer,636.0,0.001,0.5,0.999252421217484,0.0007475787825159416,8.78092764e-21,0.0006086491826046215,0.00013892959991132015,-7.907572978708425e-24,-0.0009005395902235705
dimer,638.0,0.001,0.5,0.9992580347662461,0.0007419652337538714,8.808540620000001e-21,0.0006031749569249373,0.00013879027682893414,-7.828485195370391e-24,-0.0008887380478890713
dimer,640.0,0.001,0.5,0.9992635576520361,0.0007364423479638329,8.8361536e-21,0.0005977900049313015,0.0001386523430325314,-7.750705863452258e-24,-0.000877158344491913
dimer,642.0,0.001,0.5,0.9992689918061075,0.000731008193892423,8.86376658e-21,0.0005924924142927908,0.00013851577959963214,-7.674206580029004e-24,-0.0008657952023855082
dimer,644.0,0.001,0.5,0.9992743391094051,0.0007256608905948528,8.89137956e-21,0.0005872803226608629,0.00013838056793398984,-7.59895969202658e-24,-0.0008546434938187003
dimer,646.0,0.001,0.5,0.9992796013941004,0.000720398605899546,8.91899254e-21,0.0005821519161407458,0.0001382466897588002,-7.524938273115081e-24,-0.0008436982360246576
dimer,648.0,0.001,0.5,0.9992847804450737,0.0007152195549261506,8.94660552e-21,0.0005771054278160747,0.00013811412711007594,-7.452116101411407e-24,-0.000832954586491191
dimer,650.0,0.001,0.5,0.999289878001345,0.000710121998654877,8.9742185e-21,0.0005721391363246962,0.00013798286233018082,-7.380467637959858e-24,-0.0008224078384050776
dimer,652.0,0.001,0.5,0.9992948957574548,0.0007051042425451799,9.00183148e-21,0.0005672513644836584,0.0001378528780615216,-7.309968005960286e-24,-0.0008120534162632741
dimer,654.0,0.001,0.5,0.9992998353647982,0.000700164635201879,9.02944446e-21,0.0005624404779614892,0.00013772415724038983,-7.24059297071487e-24,-0.0008018868716442462
dimer,656.0,0.001,0.5,0.999304698432913,0.0006953015670868957,9.057057440000001e-21,0.000557704883995943,0.00013759668309095273,-7.172318920265667e-24,-0.0007919038791329192
dimer,658.0,0.001,0.5,0.9993094865307253,0.0006905134692748645,9.08467042e-21,0.0005530430301554773,0.0001374704391193872,-7.105122846696538e-24,-0.0007821002323930798
dimer,660.0,0.001,0.5,0.9993142011877492,0.0006857988122509409,9.112283400000001e-21,0.0005484534031427877,0.00013734540910815326,-7.038982328073758e-24,-0.0007724718403812767
dimer,662.0,0.001,0.5,0.9993188438952509,0.0006811561047492125,9.13989638e-21,0.0005439345276388089,0.00013722157711040355,-6.973875511001187e-24,-0.0007630147236965926
dimer,664.0,0.001,0.5,0.9993234161073697,0.000676583892630175,9.167509360000001e-21,0.0005394849651856494,0.00013709892744452563,-6.909781093766442e-24,-0.0007537250110608495
dimer,666.0,0.001,0.5,0.9993279192422042,0.0006720807577958026,9.19512234e-21,0.0005351033131069905,0.000136977444688812,-6.846678310055842e-24,-0.0007445989359240914
dimer,668.0,0.001,0.5,0.9993323546828592,0.0006676453171408066,9.222735320000001e-21,0.0005307882034645502,0.00013685711367625628,-6.784546913216572e-24,-0.0007356328331903784
dimer,670.0,0.001,0.5,0.9993367237784612,0.0006632762215387241,9.2503483e-21,0.0005265383020492542,0.0001367379194894698,-6.723367161045651e-24,-0.0007268231360591742
dimer,672.0,0.001,0.5,0.9993410278451383,0.0006589721548615557,9.277961280000001e-21,0.0005223523074058367,0.0001366198474557191,-6.663119801085845e-24,-0.0007181663729777761
dimer,674.0,0.001,0.5,0.9993452681669683,0.0006547318330316917,9.30557426e-21,0.0005182289498896157,0.00013650288314207598,-6.6037860564097844e-24,-0.0007096591647004689
dimer,676.0,0.001,0.5,0.999349445996895,0.0006505540031049511,9.333187240000001e-21,0.0005141669907542682,0.000136387012350683,-6.54534761187405e-24,-0.0007012982214502373
dimer,678.0,0.001,0.5,0.9993535625576165,0.0006464374423835834,9.36080022e-21,0.0005101652212694581,0.00013627222111412535,-6.48778660082599e-24,-0.0006930803401790782
dimer,680.0,0.001,0.5,0.9993576190424419,0.0006423809575581334,9.388413200000001e-21,0.0005062224618672215,0.0001361584956909118,-6.431085592246425e-24,-0.0006850024019230879
dimer,682.0,0.001,0.5,0.9993616166161228,0.0006383833838771268,9.41602618e-21,0.0005023375613160691,0.00013604582256105765,-6.3752275783124674e-24,-0.0006770613692487064
dimer,684.0,0.001,0.5,0.9993655564156564,0.0006344435843435584,9.443639160000001e-21,0.0004985093959217889,0.00013593418842176955,-6.320195962364917e-24,-0.0006692542837866029
dimer,686.0,0.001,0.5,0.9993694395510628,0.0006305604489372154,9.47125214e-21,0.0004947368687539869,0.00013582358018322845,-6.265974547265657e-24,-0.0006615782638498796
dimer,688.0,0.001,0.5,0.999373267106138,0.0006267328938619021,9.498865120000001e-21,0.000491018908897434,0.00013571398496446817,-6.212547524130796e-24,-0.0006540305021333744
dimer,690.0,0.001,0.5,0.9993770401391833,0.0006229598608166876,9.5264781e-21,0.00048735447072733977,0.0001356053900893479,-6.159899461426121e-24,-0.0006466082634910083
dimer,692.0,0.001,0.5,0.9993807596837097,0.0006192403162902926,9.554091080000001e-21,0.00048374253320767783,0.00013549778308261478,-6.1080152944116924e-24,-0.0006393088827882193
dimer,694.0,0.001,0.5,0.9993844267491223,0.0006155732508778113,9.58170406e-21,0.00048018209921175606,0.00013539115166605513,-6.0568803149231966e-24,-0.0006321297628266758
dimer,696.0,0.001,0.5,0.9993880423213811,0.000611957678618972,9.609317040000001e-21,0.00047667219486423893,0.00013528548375473317,-6.006480161477926e-24,-0.0006250683723385533
dimer,698.0,0.001,0.5,0.9993916073636429,0.0006083926363571697,9.63693002e-21,0.0004732118689038576,0.00013518076745331207,-5.956800809693962e-24,-0.0006181222440477949
dimer,700.0,0.001,0.5,0.9993951228168816,0.0006048771831185428,9.664543000000001e-21,0.0004698001920660843,0.00013507699105245847,-5.907828563011345e-24,-0.0006112889727958522
dimer,120.0,0.01,0.5,5.457715128698584e-05,0.999945422848713,1.6567788e-21,0.9999422744617444,3.14838696857924e-06,-1.5681533558847397e-20,-9.465073767751855
dimer,122.0,0.01,0.5,7.443576670561741e-05,0.9999255642332944,1.68439178e-21,0.9999217143541953,3.8498790990823205e-06,-1.5680589309617486e-20,-9.30934803636805
dimer,124.0,0.01,0.5,0.00010050704827522513,0.9998994929517248,1.71200476e-21,0.9998948127795394,4.680172185408245e-06,-1.5679483192153476e-20,-9.158551166734767
dimer,126.0,0.01,0.5,0.00013441927991329379,0.9998655807200867,1.73961774e-21,0.9998599228253544,5.657894732234143e-06,-1.5678185840735805e-20,-9.012431570590792
dimer,128.0,0.01,0.5,0.00017814344786697603,0.9998218565521331,1.76723072e-21,0.9998150529283866,6.80362374648026e-06,-1.567666250342935e-20,-8.870750336113073
dimer,130.0,0.01,0.5,0.00023404658861362433,0.9997659534113864,1.7948437e-21,0.9997578134113599,8.140000026474618e-06,-1.5674872218204393e-20,-8.733279793780591
dimer,132.0,0.01,0.5,0.00030495000129245086,0.9996950499987075,1.82245668e-21,0.9996853581575886,9.691841118968415e-06,-1.567276691314664e-20,-8.599802170961144
dimer,134.0,0.01,0.5,0.00039419224205121503,0.9996058077579488,1.8500696600000002e-21,0.9995943215073895,1.1486250559330304e-05,-1.567029043219078e-20,-8.470108326726885
dimer,136.0,0.01,0.5,0.0005056967254901286,0.9994943032745098,1.8776826400000002e-21,0.9994807505527108,1.3552721799050735e-05,-1.5667377489289526e-20,-8.343996560190558
dimer,138.0,0.01,0.5,0.000644043654830965,0.999355956345169,1.9052956200000002e-21,0.9993400331101834,1.5923234985691116e-05,-1.5663952555583287e-20,-8.221271487299848
dimer,140.0,0.01,0.5,0.0008145458865897238,0.9991854541134103,1.9329086000000003e-21,0.9991668217689185,1.8632344491912444e-05,-1.565992868598083e-20,-8.101742982560493
dimer,142.0,0.01,0.5,0.0010233282062973189,0.9989766717937026,1.9605215800000003e-21,0.9989549545389115,2.171725479119497e-05,-1.565520629361422e-20,-7.985225183603548
dimer,144.0,0.01,0.5,0.0012774093480083413,0.9987225906519916,1.9881345600000003e-21,0.9986973727700434,2.5217881948320963e-05,-1.564967188290818e-20,-7.871535557889089
dimer,146.0,0.01,0.5,0.0015847859307567289,0.9984152140692433,2.01574754e-21,0.9983860371716092,2.9176897634006418e-05,-1.5643196754524062e-20,-7.76049403216638
dimer,148.0,0.01,0.5,0.0019545173086481563,0.9980454826913518,2.04336052e-21,0.9980118429391635,3.363975218843489e-05,-1.5635635698218843e-20,-7.651922186604076
dimer,150.0,0.01,0.5,0.0023968101370579423,0.997603189862942,2.0709735e-21,0.9975645351900888,3.865467285333709e-05,-1.5626825692708484e-20,-7.545642516772177
dimer,152.0,0.01,0.5,0.0029231012450119174,0.9970768987549881,2.09858648e-21,0.9970326261221131,4.4272632874994814e-05,-1.5616584634952846e-20,-7.441477767908257
dimer,154.0,0.01,0.5,0.003546137173532296,0.9964538628264678,2.12619946e-21,0.9964033155397048,5.054728676282524e-05,-1.5604710124874178e-20,-7.339250347130733
dimer,156.0,0.01,0.5,0.004280048492772753,0.9957199515072273,2.15381244e-21,0.9956624166406416,5.753486658571648e-05,-1.559097833536721e-20,-7.2387818204667855
dimer,158.0,0.01,0.5,0.005140416749691772,0.9948595832503082,2.18142542e-21,0.994794289216487,6.529403382128497e-05,-1.5575143001509076e-20,-7.139892502723781
dimer,160.0,0.01,0.5,0.0061443316270378065,0.9938556683729622,2.2090384e-21,0.9937817826919952,7.388568096700172e-05,-1.5556934567068834e-20,-7.042401149327613
dimer,162.0,0.01,0.5,0.007310435619822841,0.9926895643801772,2.23665138e-21,0.9926061917032698,8.337267690742595e-05,-1.5536059530640132e-20,-6.946124760238733
dimer,164.0,0.01,0.5,0.008658953265981716,0.9913410467340182,2.2642643600000002e-21,0.9912472271840733,9.38195499449289e-05,-1.5512200037848478e-20,-6.850878506893284
dimer,166.0,0.01,0.5,0.01021170171512141,0.9897882982848786,2.2918773400000002e-21,0.9896830061823946,0.00010529210248409529,-1.5485013769923035e-20,-6.756475793736428
dimer,168.0,0.01,0.5,0.011992079197868925,0.9880079208021311,2.3194903200000002e-21,0.987890063850472,0.00011785695165916024,-1.5454134182246486e-20,-6.66272846624619
dimer,170.0,0.01,0.5,0.014025027786377658,0.9859749722136223,2.3471033000000003e-21,0.9858433912228625,0.0001315809907598604,-1.5419171149017607e-20,-6.569447177300464
dimer,172.0,0.01,0.5,0.016336966735463695,0.9836630332645363,2.3747162800000003e-21,0.9835165024973399,0.0001465307671964185,-1.5379712071547903e-20,-6.476441923221203
dimer,174.0,0.01,0.5,0.018955692688163352,0.9810443073118367,2.4023292600000003e-21,0.9808815355378359,0.00016277177400076732,-1.533532350757879e-20,-6.38352275973144
dimer,176.0,0.01,0.5,0.021910243146371484,0.9780897568536285,2.42994224e-21,0.9779093892000924,0.00018036765353607876,-1.5285553376930297e-20,-6.29050070627617
dimer,178.0,0.01,0.5,0.025230719875394474,0.9747692801246055,2.45755522e-21,0.9745699008103869,0.00019937931421875924,-1.522993379432859e-20,-6.197188844582134
dimer,180.0,0.01,0.5,0.02894806935968206,0.9710519306403179,2.4851682e-21,0.9708320666766472,0.00021986396367056866,-1.5167984572963813e-20,-6.103403613873626
dimer,182.0,0.01,0.5,0.03309381808284486,0.9669061819171552,2.51278118e-21,0.9666643078523384,0.00024187406481682817,-1.5099217431782996e-20,-6.008966300751662
dimer,184.0,0.01,0.5,0.0376997612911393,0.9623002387088607,2.54039416e-21,0.9620347824838553,0.00026545622500547195,-1.5023140925385017e-20,-5.913704716351976
dimer,186.0,0.01,0.5,0.04279760503140956,0.9572023949685905,2.56800714e-21,0.9569117449364082,0.0002906500321821883,-1.4939266097424893e-20,-5.817455047038885
dimer,188.0,0.01,0.5,0.048418562636684016,0.951581437363316,2.59562012e-21,0.9512639505068969,0.00031748685641901813,-1.4847112836600422e-20,-5.720063857649717
dimer,190.0,0.01,0.5,0.05459290845555703,0.9454070915444429,2.6232331e-21,0.9450611029049308,0.00034598863951205863,-1.4746216888756476e-20,-5.621390218336478
dimer,192.0,0.01,0.5,0.06134949345755411,0.938650506542446,2.65084608e-21,0.9382743398427015,0.00037616669974451395,-1.4636137449855313e-20,-5.521307917604674
dimer,194.0,0.01,0.5,0.06871522934751136,0.9312847706524886,2.6784590600000002e-21,0.9308767500694746,0.0004080205830140952,-1.4516465233302228e-20,-5.419707715563226
dimer,196.0,0.01,0.5,0.07671454991653201,0.923285450083468,2.7060720400000002e-21,0.9228439130884001,0.0004415369950679908,-1.4386830872519154e-20,-5.316499583107608
dimer,198.0,0.01,0.5,0.08536886045126243,0.9146311395487375,2.7336850200000003e-21,0.9141544506964724,0.0004766888522651138,-1.4246913487209986e-20,-5.211614865274414
dimer,200.0,0.01,0.5,0.09469598800187831,0.9053040119981217,2.7612980000000003e-21,0.9047905775083476,0.000513434489774217,-1.409644921127571e-20,-5.105008300906208
dimer,202.0,0.01,0.5,0.10470964704032558,0.8952903529596744,2.7889109800000003e-21,0.8947386358935636,0.0005517170661108363,-1.393523945387934e-20,-4.996659826653677
dimer,204.0,0.01,0.5,0.11541893638243005,0.8845810636175699,2.8165239600000003e-21,0.8839895994164194,0.000591464201150447,-1.376315864493959e-20,-4.886576091807714
dimer,206.0,0.01,0.5,0.12682788405908804,0.8731721159409119,2.8441369400000004e-21,0.872539528059875,0.0006325878810369382,-1.3580161204539126e-20,-4.774791612016799
dimer,208.0,0.01,0.5,0.13893505697370692,0.8610649430262931,2.8717499200000004e-21,0.8603899583686476,0.0006749846576454701,-1.338628747435735e-20,-4.661369495000229
dimer,210.0,0.01,0.5,0.15173325157175907,0.8482667484282409,2.8993629e-21,0.8475482122657424,0.0007185361624985419,-1.3181668359854643e-20,-4.5464016801258795
dimer,212.0,0.01,0.5,0.165209280309125,0.834790719690875,2.92697588e-21,0.8340276097454096,0.0007631099454654196,-1.2966528455502248e-20,-4.430008646160162
dimer,214.0,0.01,0.5,0.17934386642488748,0.8206561335751125,2.95458886e-21,0.8198475729375658,0.00080856063754661,-1.2741187462023485e-20,-4.3123385573258695
dimer,216.0,0.01,0.5,0.19411165644678122,0.8058883435532188,2.98220184e-21,0.8050336121281638,0.0008547314250549488,-1.2506059753613261e-20,-4.193565836446959
dimer,218.0,0.01,0.5,0.20948135609189172,0.7905186439081083,3.00981482e-21,0.7896171880979318,0.0009014558101764817,-1.2261652012676697e-20,-4.073889174576094
dimer,220.0,0.01,0.5,0.22541599094031825,0.7745840090596817,3.0374278e-21,0.7736354494387462,0.0009485596209355804,-1.2008558917075507e-20,-3.9535290080230077
dimer,222.0,0.01,0.5,0.24187328867590668,0.7581267113240934,3.06504078e-21,0.7571308481013549,0.0009958632227384822,-1.1747456936702224e-20,-3.832724514909137
dimer,224.0,0.01,0.5,0.2588061750629593,0.7411938249370408,3.0926537600000002e-21,0.7401506410624052,0.0010431838746354802,-1.1479096368370909e-20,-3.711730202986224
dimer,226.0,0.01,0.5,0.27616337143464137,0.7238366285653586,3.1202667400000002e-21,0.722746290398522,0.001090338166836646,-1.1204291806236291e-20,-3.5908121772423502
dimer,228.0,0.01,0.5,0.2938900775746786,0.7061099224253214,3.1478797200000003e-21,0.7049727779530228,0.0011371444722986094,-1.0923911305075992e-20,-3.4702441887061655
dimer,230.0,0.01,0.5,0.3119287207161546,0.6880712792838455,3.1754927000000003e-21,0.6868878539392133,0.0011834253446321476,-1.0638864542122148e-20,-3.350303574031881
dimer,232.0,0.01,0.5,0.33021974914596197,0.669780250854038,3.2031056800000003e-21,0.6685512410568392,0.0012290097971989428,-1.0350090316859044e-20,-3.2312671984207038
dimer,234.0,0.01,0.5,0.3487024477103697,0.6512975522896304,3.2307186600000003e-21,0.650023816885749,0.0012737354038814025,-1.00585437455147e-20,-3.113407512096612
dimer,236.0,0.01,0.5,0.36731575240946457,0.6326842475905354,3.2583316400000004e-21,0.6313667974203125,0.001317450170222921,-9.765183507272254e-21,-2.9969888231733997
dimer,238.0,0.01,0.5,0.3859990422118427,0.6140009577881572,3.2859446200000004e-21,0.6126409436542766,0.0013600141338806916,-9.47095948312373e-21,-2.882263877935876
dimer,240.0,0.01,0.5,0.4046928881104863,0.5953071118895136,3.3135576e-21,0.5939058112245854,0.0014013006649281992,-9.176801097509534e-21,-2.7694708242010138
dimer,242.0,0.01,0.5,0.42333974211232417,0.5766602578876758,3.34117058e-21,0.5752190604389188,0.0014411974487570274,-8.88360663005403e-21,-2.6588306156024
dimer,244.0,0.01,0.5,0.4418845521028523,0.5581154478971476,3.36878356e-21,0.5566358407507104,0.0014796071464371768,-8.592233713070372e-21,-2.550544895520201
dimer,246.0,0.01,0.5,0.4602752921276055,0.5397247078723945,3.39639654e-21,0.538208260133645,0.0015164477387494273,-8.3034911736215e-21,-2.444794380111311
dimer,248.0,0.01,0.5,0.4784634013573037,0.5215365986426963,3.42400952e-21,0.5199849460725332,0.001551652570163126,-8.018132320347429e-21,-2.34173774153158
dimer,250.0,0.01,0.5,0.49640412864290406,0.5035958713570959,3.4516225e-21,0.5020107012396945,0.0015851701174014695,-7.736849718277245e-21,-2.241510975860554
dimer,252.0,0.01,0.5,0.5140567829409123,0.48594321705908783,3.47923548e-21,0.4843262535454157,0.001616963513672084,-7.46027144222562e-21,-2.144227226098999
dimer,254.0,0.01,0.5,0.5313848928584203,0.46861510714157967,3.50684846e-21,0.4669680972775257,0.0016470098640539875,-7.188958753275432e-21,-2.04997701933075
dimer,256.0,0.01,0.5,0.5483562810361559,0.45164371896384414,3.53446144e-21,0.44996841957387423,0.0016752993899699442,-6.923405104721143e-21,-1.9588288689099809
dimer,258.0,0.01,0.5,0.5649430610053737,0.4350569389946263,3.56207442e-21,0.4333551045533317,0.0017018344412946078,-6.664036354442255e-21,-1.870830187327264
dimer,260.0,0.01,0.5,0.5811215655103444,0.41887843448965556,3.5896874e-21,0.4171518060759606,0.0017266284136949327,-6.411212040113607e-21,-1.7860084530239615
dimer,262.0,0.01,0.5,0.596872216106298,0.403127783893702,3.61730038e-21,0.4013780792871404,0.0017497046065616288,-6.165227561525509e-21,-1.7043725745345781
dimer,264.0,0.01,0.5,0.6121793441730803,0.38782065582691977,3.64491336e-21,0.3860495607732368,0.0017710950536829818,-5.926317109765943e-21,-1.6259143975279409
dimer,266.0,0.01,0.5,0.6270309733954598,0.3729690266045403,3.67252634e-21,0.37117818724959517,0.0017908393549450974,-5.694657185018145e-21,-1.5506103041368915
dimer,268.0,0.01,0.5,0.6414185733299388,0.35858142667006127,3.7001393200000004e-21,0.35677244313695766,0.001808983533103561,-5.47037055201231e-21,-1.4784228589566486
dimer,270.0,0.01,0.5,0.6553367929858566,0.3446632070141434,3.7277523000000004e-21,0.34283762807883184,0.0018255789353115056,-5.253530493463391e-21,-1.4093024618248884
dimer,272.0,0.01,0.5,0.668783182473658,0.3312168175263419,3.7553652800000004e-21,0.3293761363315264,0.0018406811948155268,-5.044165235899935e-21,-1.3431889735903226
dimer,274.0,0.01,0.5,0.6817579097867139,0.31824209021328603,3.7829782600000005e-21,0.31638774094908245,0.0018543492642035925,-4.842262438026962e-21,-1.2800132872101044
dimer,276.0,0.01,0.5,0.69426347874664,0.3057365212533601,3.8105912400000005e-21,0.3038698767254378,0.0018666445279222857,-4.647773648207329e-21,-1.2196988224345282
dimer,278.0,0.01,0.5,0.7063044531066086,0.29369554689339133,3.8382042200000005e-21,0.2918179168948447,0.0018776299985466052,-4.460618654001599e-21,-1.1621629278500452
dimer,280.0,0.01,0.5,0.7178871908121461,0.28211280918785386,3.8658172000000005e-21,0.28022543958933394,0.001887369598519884,-4.2806896623666896e-21,-1.1073181790299575
dimer,282.0,0.01,0.5,0.7290195914933703,0.27098040850662963,3.8934301800000006e-21,0.26908448097983867,0.0018959275267909797,-4.1078552636340225e-21,-1.0550735659099508
dimer,284.0,0.01,0.5,0.7397108594256856,0.2602891405743144,3.9210431600000006e-21,0.2583857728663702,0.0019033677079441631,-3.941964145479173e-21,-1.005335566232118
dimer,286.0,0.01,0.5,0.7499712834586223,0.25002871654137765,3.9486561400000006e-21,0.24811896322136576,0.0019097533200119155,-3.782848534593603e-21,-0.9580091049897301
dimer,288.0,0.01,0.5,0.7598120347789341,0.24018796522106586,3.976269120000001e-21,0.23827281882492704,0.001915146396138825,-3.630327353619485e-21,-0.9129984022860819
dimer,290.0,0.01,0.5,0.7692449828431376,0.2307550171568624,4.0038821e-21,0.22883540966228497,0.0019196074945774153,-3.4842090891350185e-21,-0.8702077139421809
dimer,292.0,0.01,0.5,0.7782825293814191,0.2217174706185809,4.03149508e-21,0.2197942751874877,0.0019231954310932285,-3.344294373164984e-21,-0.8295419706093214
dimer,294.0,0.01,0.5,0.7869374600315883,0.2130625399684117,4.05910806e-21,0.21113657290072482,0.0019259670676868754,-3.210378285964585e-21,-0.7909073221284444
dimer,296.0,0.01,0.5,0.7952228128993176,0.2047771871006824,4.08672104e-21,0.2028492099491235,0.0019279771515588852,-3.0822523918321944e-21,-0.7542115944943956
dimer,298.0,0.01,0.5,0.8031517631491748,0.1968482368508252,4.11433402e-21,0.19491895865241943,0.001929278198405774,-2.959706522609743e-21,-0.7193646670937386
dimer,300.0,0.01,0.5,0.8107375225998553,0.1892624774001447,4.141947e-21,0.1873325569857384,0.0019299204144063197,-2.8425303254886095e-21,-0.6862787779487786
dimer,302.0,0.01,0.5,0.8179932532166241,0.18200674678337592,4.16955998e-21,0.18007679513177316,0.0019299516516027575,-2.7305145929103207e-21,-0.6548687645717284
dimer,304.0,0.01,0.5,0.8249319933552013,0.1750680066447986,4.19717296e-21,0.17313858925302245,0.0019294173917761485,-2.6234523928793006e-21,-0.6250522477585247
dimer,306.0,0.01,0.5,0.8315665956057443,0.16843340439425575,4.22478594e-21,0.1665050436399193,0.001928360754336442,-2.521140018020613e-21,-0.5967497652722762
dimer,308.0,0.01,0.5,0.837909675105909,0.16209032489409114,4.25239892e-21,0.16016350236991275,0.0019268225241783757,-2.4233777713343577e-21,-0.5698848619156262
dimer,310.0,0.01,0.5,0.8439735672317472,0.15602643276825276,4.2800119e-21,0.15410159157237177,0.0019248411958809758,-2.3299706059201165e-21,-0.5443841419973894
dimer,312.0,0.01,0.5,0.8497702936290535,0.1502297063709464,4.30762488e-21,0.1483072533399054,0.0019224530310410152,-2.240728635054098e-21,-0.5201772896840772
dimer,314.0,0.01,0.5,0.8553115356111446,0.14468846438885533,4.33523786e-21,0.14276877226293305,0.0019196921259222886,-2.155467527968716e-21,-0.49719706220888094
dimer,316.0,0.01,0.5,0.8606086140182846,0.13939138598171533,4.36285084e-21,0.13747479549474717,0.00191659048696817,-2.0740088055661964e-21,-0.47537926040263073
dimer,318.0,0.01,0.5,0.8656724747060794,0.13432752529392067,4.39046382e-21,0.13241434718185874,0.0019131781120619268,-1.9961800491404438e-21,-0.4546626805229985
dimer,320.0,0.01,0.5,0.870513678902842,0.12948632109715794,4.4180768e-21,0.12757683802143177,0.0019094830757261717,-1.921815034020042e-21,-0.4349890508965444
dimer,322.0,0.01,0.5,0.8751423977474444,0.12485760225255566,4.44568978e-21,0.12295207063582589,0.001905531616729756,-1.850753798907084e-21,-0.416302956457543
dimer,324.0,0.01,0.5,0.8795684103881596,0.12043158961184039,4.47330276e-21,0.11853024138502279,0.0019013482268176024,-1.7828426605912415e-21,-0.39855175387038666
dimer,326.0,0.01,0.5,0.8838011050886093,0.11619889491139063,4.50091574e-21,0.11430193917189244,0.0018969557394981848,-1.717934182679966e-21,-0.38168547955975857
dimer,328.0,0.01,0.5,0.8878494828484967,0.11215051715150323,4.5285287200000004e-21,0.11025814173348729,0.0018923754180159532,-1.6558871060130792e-21,-0.3656567526446159
dimer,330.0,0.01,0.5,0.8917221631039969,0.10827783689600322,4.5561417000000004e-21,0.10639020985419918,0.0018876270418040316,-1.5965662475282871e-21,-0.35042067447732955
dimer,332.0,0.01,0.5,0.8954273911253087,0.10457260887469139,4.5837546800000004e-21,0.10268987988383328,0.0018827289908581006,-1.5398423735159199e-21,-0.3359347262266487
dimer,334.0,0.01,0.5,0.8989730467769333,0.10102695322306675,4.6113676600000005e-21,0.09914925489546916,0.0018776983275975681,-1.4855920524460593e-21,-0.3221586657104802
dimer,336.0,0.01,0.5,0.9023666543498172,0.09763334565018289,4.6389806400000005e-21,0.09576079477429586,0.0018725508758870302,-1.4336974918677187e-21,-0.3090544244797104
dimer,338.0,0.01,0.5,0.9056153932137552,0.0943846067862448,4.6665936200000005e-21,0.09251730548926318,0.0018673012969816264,-1.3840463632648653e-21,-0.2965860059751389
dimer,340.0,0.01,0.5,0.9087261090736242,0.09127389092637568,4.6942066000000005e-21,0.08941192776413956,0.00186196316223612,-1.336531618203989e-21,-0.284719385423724
dimer,342.0,0.01,0.5,0.9117053256443526,0.08829467435564754,4.7218195800000006e-21,0.08643812533316646,0.001856549022481092,-1.291051298618493e-21,-0.2734224120055203
dimer,344.0,0.01,0.5,0.9145592565873266,0.08544074341267342,4.7494325600000006e-21,0.08358967293865124,0.0018510704740221887,-1.2475083436417918e-21,-0.2626647137067237
dimer,346.0,0.01,0.5,0.9172938175754747,0.08270618242452536,4.777045540000001e-21,0.08086064420326403,0.001845538221261324,-1.2058103950189245e-21,-0.2524176051750439
dimer,348.0,0.01,0.5,0.9199146383758121,0.08008536162418797,4.804658520000001e-21,0.07824539948821453,0.0018399621359734438,-1.165869602791337e-21,-0.24265399880933405
dimer,350.0,0.01,0.5,0.9224270748571198,0.07757292514288017,4.832271500000001e-21,0.07573857382957998,0.001834351313300178,-1.1276024326565052e-21,-0.23334831924417018
dimer,352.0,0.01,0.5,0.9248362208468534,0.07516377915314673,4.85988448e-21,0.07333506502860346,0.0018287141245432765,-1.0909294761492603e-21,-0.22447642133034001
dimer,354.0,0.01,0.5,0.9271469197756549,0.07285308022434518,4.88749746e-21,0.07103002195748791,0.0018230582668572757,-1.0557752645708575e-21,-0.2160155116624567
dimer,356.0,0.01,0.5,0.929363776060173,0.07063622393982714,4.91511044e-21,0.06881883312987402,0.0018173908099531118,-1.0220680874013628e-21,-0.20794407366385909
dimer,358.0,0.01,0.5,0.9314911661854987,0.06850883381450135,4.94272342e-21,0.06669711557456835,0.00181171823993299,-9.897398157673092e-22,-0.2002417962054023
dimer,360.0,0.01,0.5,0.9335332494576225,0.06646675054237763,4.9703364e-21,0.06466070404199512,0.0018060465003825155,-9.587257313967582e-22,-0.19288950570765354
dimer,362.0,0.01,0.5,0.935493978404055,0.06450602159594492,4.99794938e-21,0.06270564056509563,0.0018003810308492721,-9.289643613749262e-22,-0.18586910165443216
dimer,364.0,0.01,0.5,0.9373771088073388,0.06262289119266119,5.02556236e-21,0.060828164389822935,0.00179472680283826,-9.003973189128785e-22,-0.17916349542877397
dimer,366.0,0.01,0.5,0.9391862093617056,0.06081379063829434,5.05317534e-21,0.0590247022848402,0.0017890883534541437,-8.729691502571486e-22,-0.17275655236953416
dimer,368.0,0.01,0.5,0.9409246709477926,0.05907532905220741,5.08078832e-21,0.05729185923538884,0.0017834698168185728,-8.466271877974347e-22,-0.1666330369373536
dimer,370.0,0.01,0.5,0.9425957155241842,0.057404284475815706,5.1084013e-21,0.05562640952242762,0.0017778749533880942,-8.213214093708387e-22,-0.16077856087203618
dimer,372.0,0.01,0.5,0.9442024046377452,0.055797595362254884,5.13601428e-21,0.05402528818496021,0.0017723071772946686,-7.970043037129914e-22,-0.1551795342190893
dimer,374.0,0.01,0.5,0.945747647557307,0.054252352442693025,5.16362726e-21,0.05248558286086632,0.0017667695818267078,-7.736307419671739e-22,-0.14982311910081092
dimer,376.0,0.01,0.5,0.9472342090373861,0.05276579096261396,5.19124024e-21,0.051004525999449955,0.0017612649631640093,-7.51157855131137e-22,-0.1446971861065588
dimer,378.0,0.01,0.5,0.9486647167202745,0.05133528327972557,5.21885322e-21,0.04957948743725039,0.0017557958424751856,-7.295449172964947e-22,-0.1397902731773887
dimer,380.0,0.01,0.5,0.9500416681861605,0.04995833181383956,5.2464662e-21,0.04820796732735838,0.0017503644864811769,-7.087532345163888e-22,-0.13509154686184557
dimer,382.0,0.01,0.5,0.9513674376619258,0.04863256233807412,5.27407918e-21,0.04688758941149073,0.0017449729265833942,-6.887460391227436e-22,-0.1305907658221285
dimer,384.0,0.01,0.5,0.9526442823999995,0.047355717600000555,5.30169216e-21,0.045616094623350645,0.001739622976649906,-6.694883893040899e-22,-0.12627824647293173
dimer,386.0,0.01,0.5,0.9538743487391501,0.04612565126084994,5.3293051400000004e-21,0.04439133501130186,0.0017343162495480854,-6.509470737479999e-22,-0.12214483063884007
dimer,388.0,0.01,0.5,0.9550596778594264,0.04494032214057362,5.3569181200000004e-21,0.04321126796806644,0.0017290541725071822,-6.330905211481103e-22,-0.11818185512010593
dimer,390.0,0.01,0.5,0.9562022112436117,0.04379778875638841,5.3845311000000004e-21,0.04207395075499899,0.0017238380013894136,-6.158887143739453e-22,-0.1143811230608261
dimer,392.0,0.01,0.5,0.957303795857596,0.04269620414240402,5.4121440800000005e-21,0.04097753530846044,0.0017186688339435776,-5.993131091020145e-22,-0.11073487701791089
dimer,394.0,0.01,0.5,0.958366189062002,0.04163381093799788,5.4397570600000005e-21,0.0399202633158873,0.001713547622110584,-5.833365567084385e-22,-0.10723577363369209
dimer,396.0,0.01,0.5,0.9593910632672377,0.04060893673276235,5.4673700400000005e-21,0.03890046154931625,0.0017084751834461006,-5.67933231226477e-22,-0.1038768598195115
dimer,398.0,0.01,0.5,0.9603800103439263,0.03961998965607375,5.4949830200000005e-21,0.03791653744435245,0.0017034522117213003,-5.530785601764323e-22,-0.10065155036210326
dimer,400.0,0.01,0.5,0.961334545800386,0.038665454199613904,5.5225960000000006e-21,0.0369669749128551,0.0016984792867588024,-5.387491590803417e-22,-0.09755360686900538
dimer,402.0,0.01,0.5,0.9622561127385032,0.03774388726149686,5.5502089800000006e-21,0.03605033037793964,0.001693556883557228,-5.249227694793949e-22,-0.09457711797356409
dimer,404.0,0.01,0.5,0.9631460855989908,0.03685391440100904,5.5778219600000006e-21,0.03516522902025487,0.0016886853807541705,-5.11578200278008e-22,-0.09171648072431626
dimer,406.0,0.01,0.5,0.9640057737066521,0.035994226293348024,5.605434940000001e-21,0.03431036122487388,0.0016838650684741425,-4.986952722447968e-22,-0.08896638308762474
dimer,408.0,0.01,0.5,0.96483642462586,0.035163575374140006,5.633047920000001e-21,0.03348447921853512,0.0016790961556048946,-4.862547655072185e-22,-0.08632178749638941
dimer,410.0,0.01,0.5,0.9656392273360831,0.034360772663916885,5.660660900000001e-21,0.03268639388737435,0.0016743787765425395,-4.742383698832736e-22,-0.0837779153814484
dimer,412.0,0.01,0.5,0.9664153152368559,0.033584684763144176,5.688273880000001e-21,0.031914971765700996,0.001669712997443177,-4.626286379003645e-22,-0.08133023262592351
dimer,414.0,0.01,0.5,0.9671657689912029,0.032834231008797225,5.715886860000001e-21,0.031169132186781124,0.0016650988220161,-4.514089403580356e-22,-0.07897443588623368
dimer,416.0,0.01,0.5,0.9678916192161114,0.032108380783888654,5.743499840000001e-21,0.030447844586997425,0.0016605361968912292,-4.405634242979196e-22,-0.07670643972681289
dimer,418.0,0.01,0.5,0.9685938490282507,0.03140615097174931,5.77111282e-21,0.029750125955158146,0.0016560250165911648,-4.3007697325068e-22,-0.07452236451871685
dimer,420.0,0.01,0.5,0.9692733964527445,0.0307266035472556,5.7987258e-21,0.029075038419119497,0.001651565128136107,-4.1993516963604923e-22,-0.07241852505528874
dimer,422.0,0.01,0.5,0.969931156702422,0.030068843297577898,5.82633878e-21,0.028421686962269998,0.001647156335307899,-4.101242591982266e-22,-0.0703914198408879
dimer,424.0,0.01,0.5,0.9705679843346059,0.029432015665394124,5.85395176e-21,0.027789217262796477,0.0016427984025976475,-4.006311173648451e-22,-0.06843772101136089
dimer,426.0,0.01,0.5,0.9711846952921284,0.028815304707871692,5.88156474e-21,0.027176813649012123,0.0016384910588595682,-3.914432174234691e-22,-0.06655426484746457
dimer,428.0,0.01,0.5,0.9717820688349346,0.02821793116506548,5.90917772e-21,0.02658369716437333,0.0016342340006921488,-3.825486004151325e-22,-0.06473804284483975
dimer,430.0,0.01,0.5,0.972360849368288,0.027639150631711875,5.9367907e-21,0.026009123736145626,0.0016300268955662521,-3.739358466497349e-22,-0.06298619330638267
dimer,432.0,0.01,0.5,0.9729217481732821,0.02707825182671785,5.96440368e-21,0.02545238244199956,0.001625869384718288,-3.655940487532049e-22,-0.061295993424979725
dimer,434.0,0.01,0.5,0.973465445045052,0.026534554954947987,5.99201666e-21,0.024912793869122603,0.0016217610858253872,-3.5751278616122495e-22,-0.05966485182656767
dimer,436.0,0.01,0.5,0.9739925898437947,0.026007410156205335,6.01962964e-21,0.02438970856072708,0.0016177015954782564,-3.4968210097894156e-22,-0.058090301545352475
dimer,438.0,0.01,0.5,0.9745038039634224,0.025496196036577587,6.04724262e-21,0.023882505545111312,0.0016136904914662736,-3.4209247513052647e-22,-0.05656999340478362
dimer,440.0,0.01,0.5,0.9749996817224127,0.02500031827758739,6.0748556e-21,0.023390590942699047,0.0016097273348883456,-3.347348087266611e-22,-0.05510168977953337
dimer,442.0,0.01,0.5,0.9754807916811649,0.02451920831883521,6.10246858e-21,0.022913396646733114,0.0016058116721020949,-3.2760039958202543e-22,-0.053683258715282955
dimer,444.0,0.01,0.5,0.9759476778899367,0.024052322110063352,6.13008156e-21,0.022450379073540343,0.001601943036523009,-3.206809238186677e-22,-0.05231266838457328
dimer,446.0,0.01,0.5,0.9764008610712034,0.02359913892879656,6.1576945400000004e-21,0.02200101797851216,0.0015981209502843989,-3.1396841749474054e-22,-0.050987981858343454
dimer,448.0,0.01,0.5,0.97684083974007,0.0231591602599299,6.1853075200000004e-21,0.0215648153341617,0.0015943449257682,-3.0745525920150054e-22,-0.04970735217405981
dimer,450.0,0.01,0.5,0.977268091266162,0.022731908733838072,6.2129205000000004e-21,0.02114129426682215,0.0015906144670159224,-3.01134153574701e-22,-0.0484690176825377
dimer,452.0,0.01,0.5,0.9776830728802262,0.022316927119773938,6.2405334800000005e-21,0.020729998048745493,0.001586929071028445,-2.949981156695663e-22,-0.04727129765668147
dimer,454.0,0.01,0.5,0.9780862226284941,0.021913777371506064,6.2681464600000005e-21,0.020330489142543408,0.0015832882289626559,-2.8904045615142325e-22,-0.04611258814642044
dimer,456.0,0.01,0.5,0.9784779602776823,0.021522039722317768,6.2957594400000005e-21,0.01994234829508535,0.0015796914272324198,-2.8325476725680004e-22,-0.044991358065104216
dimer,458.0,0.01,0.5,0.9788586881733465,0.02114131182665353,6.3233724200000005e-21,0.019565173678132743,0.0015761381485207841,-2.7763490948237765e-22,-0.04390614549354308
dimer,460.0,0.01,0.5,0.9792287920541477,0.020771207945852372,6.3509854000000006e-21,0.0191985800731425,0.0015726278727098736,-2.7217499896161824e-22,-0.04285555418874341
dimer,462.0,0.01,0.5,0.9795886418244468,0.020411358175553087,6.3785983800000006e-21,0.018842198097818664,0.001569160077734425,-2.668693954911832e-22,-0.0418382502851956
dimer,464.0,0.01,0.5,0.9799385922875061,0.020061407712493855,6.4062113600000006e-21,0.01849567347212935,0.0015657342403645044,-2.617126911714285e-22,-0.040852959177330124
dimer,466.0,0.01,0.5,0.9802789838414424,0.01972101615855763,6.433824340000001e-21,0.018158666321635042,0.001562349836922587,-2.5669969962730003e-22,-0.03989846257246433
dimer,468.0,0.01,0.5,0.9806101431399625,0.019389856860037365,6.461437320000001e-21,0.01783085051609764,0.001559006343939727,-2.5182544577788287e-22,-0.038973595704226816
dimer,470.0,0.01,0.5,0.9809323837197902,0.01906761628020981,6.489050300000001e-21,0.017511913041454507,0.0015557032387553008,-2.470851561246674e-22,-0.038077244697065665
dimer,472.0,0.01,0.5,0.981246006596585,0.018753993403415072,6.516663280000001e-21,0.017201553403350653,0.001552440000064421,-2.4247424953030677e-22,-0.03720834407302793
dimer,474.0,0.01,0.5,0.981551300831058,0.01844869916894193,6.544276260000001e-21,0.016899483060525078,0.0015492161084168538,-2.379883284612519e-22,-0.036365874392541596
dimer,476.0,0.01,0.5,0.9818485440668854,0.018151455933114586,6.571889240000001e-21,0.016605424886443593,0.001546031046670996,-2.336231706691662e-22,-0.03554886002143977
dimer,478.0,0.01,0.5,0.9821380030419324,0.01786199695806751,6.599502220000001e-21,0.016319112657661283,0.0015428843004062236,-2.2937472128744655e-22,-0.03475636701694246
dimer,480.0,0.01,0.5,0.9824199340742189,0.01758006592578115,6.6271152e-21,0.016040290567484503,0.0015397753582966445,-2.2523908532053145e-22,-0.033987501125758525
dimer,482.0,0.01,0.5,0.9826945835239691,0.017305416476030958,6.65472818e-21,0.015768712763581803,0.0015367037124491558,-2.2121252050493483e-22,-0.033241405887886294
dimer,484.0,0.01,0.5,0.9829621882330214,0.01703781176697857,6.68234116e-21,0.01550414290827018,0.0015336688587083921,-2.1729143052214277e-22,-0.032517260840082995
dimer,486.0,0.01,0.5,0.9832229759427944,0.016777024057205592,6.70995414e-21,0.015246353760274514,0.0015306702969310792,-2.134723585446297e-22,-0.03181427981333859
dimer,488.0,0.01,0.5,0.9834771656919427,0.016522834308057382,6.73756712e-21,0.014995126776825353,0.00152770753123203,-2.0975198109731184e-22,-0.03113170931903263
dimer,490.0,0.01,0.5,0.983724968194772,0.016275031805228112,6.7651801e-21,0.014750251735024174,0.0015247800702039359,-2.0612710221774842e-22,-0.03046882701877344
dimer,492.0,0.01,0.5,0.9839665862014224,0.016033413798577534,6.79279308e-21,0.014511526371464628,0.0015218874271129036,-2.0259464789933923e-22,-0.029824940273219573
dimer,494.0,0.01,0.5,0.9842022148407732,0.015797785159226883,6.820406060000001e-21,0.01427875603915531,0.0015190291200715745,-1.9915166080265103e-22,-0.02919938476546527
dimer,496.0,0.01,0.5,0.9844320419469663,0.015567958053033742,6.84801904e-21,0.014051753380842212,0.0015162046721915302,-1.9579529522083694e-22,-0.028591523194835763
dimer,498.0,0.01,0.5,0.9846562483704041,0.015343751629595863,6.875632020000001e-21,0.013830338017879303,0.0015134136117165597,-1.9252281228588954e-22,-0.028000744037184454
dimer,500.0,0.01,0.5,0.9848750082740189,0.015124991725981203,6.903245e-21,0.013614336253842941,0.0015106554721382624,-1.893315754032197e-22,-0.027426460368018185
dimer,502.0,0.01,0.5,0.9850884894155748,0.014911510584425117,6.930857980000001e-21,0.013403580792129792,0.0015079297922953227,-1.8621904590272653e-22,-0.02686810874499069
dimer,504.0,0.01,0.5,0.9852968534167217,0.014703146583278322,6.95847096e-21,0.013197910466820539,0.001505236116457783,-1.831827788952014e-22,-0.026325148146511972
dimer,506.0,0.01,0.5,0.9855002560194724,0.014499743980527542,6.986083940000001e-21,0.012997169986130132,0.0015025739943974102,-1.802204193235028e-22,-0.02579705896340873
dimer,508.0,0.01,0.5,0.985698847330751,0.014301152669248923,7.01369692e-21,0.012801209687803603,0.0014999429814453206,-1.7732969819853764e-22,-0.025283342040753255
dimer,510.0,0.01,0.5,0.9858927720556119,0.014107227944388123,7.041309900000001e-21,0.012609885305850279,0.0014973426385378442,-1.7450842901061537e-22,-0.024783517767143774
dimer,512.0,0.01,0.5,0.986082169719705,0.013917830280294991,7.06892288e-21,0.012423057748043425,0.0014947725322515648,-1.7175450430727227e-22,-0.024297125208879385
dimer,514.0,0.01,0.5,0.986267174881529,0.013732825118470935,7.09653586e-21,0.012240592883642501,0.001492232234828432,-1.690658924291328e-22,-0.023823721286618398
dimer,516.0,0.01,0.5,0.9864479173349832,0.013552082665016877,7.12414884e-21,0.012062361340825126,0.0014897213241917508,-1.6644063439584504e-22,-0.023362879992249716
dimer,518.0,0.01,0.5,0.9866245223027027,0.013375477697297225,7.15176182e-21,0.011888238313343432,0.0014872393839537956,-1.6387684093455472e-22,-0.02291419164383675
dimer,520.0,0.01,0.5,0.9867971106206392,0.013202889379360818,7.1793748e-21,0.011718103375945052,0.0014847860034157658,-1.6137268964378202e-22,-0.022477262176614877
dimer,522.0,0.01,0.5,0.9869657989143146,0.013034201085685412,7.20698778e-21,0.011551840308124697,0.0014823607775607155,-1.5892642228596342e-22,-0.022051712468140666
dimer,524.0,0.01,0.5,0.9871306997671658,0.012869300232834087,7.23460076e-21,0.011389336925794009,0.0014799633070400788,-1.5653634220226584e-22,-0.021637177695796695
dimer,526.0,0.01,0.5,0.9872919218813649,0.012708078118635068,7.26221374e-21,0.011230484920480732,0.0014775931981543368,-1.542008118436363e-22,-0.02123330672495964
dimer,528.0,0.01,0.5,0.9874495702314839,0.01255042976851609,7.28982672e-21,0.011075179705687725,0.0014752500628283647,-1.5191825041235967e-22,-0.020839761526232774
dimer,530.0,0.01,0.5,0.9876037462113554,0.012396253788644666,7.3174397e-21,0.010923320270062747,0.0014729335185819196,-1.496871316087113e-22,-0.020456216620235532
dimer,532.0,0.01,0.5,0.9877545477744567,0.012245452225543253,7.34505268e-21,0.010774809037047514,0.001470643188495739,-1.4750598147756712e-22,-0.02008235854852536
dimer,534.0,0.01,0.5,0.9879020695681336,0.012097930431866376,7.37266566e-21,0.010629551730692731,0.001468378701173644,-1.4537337635011703e-22,-0.019717885369308477
dimer,536.0,0.01,0.5,0.9880464030619576,0.011953596938042484,7.400278640000001e-21,0.010487457247341429,0.0014661396907010545,-1.4328794087606686e-22,-0.019362506176668348
dimer,538.0,0.01,0.5,0.9881876366705007,0.01181236332949936,7.42789162e-21,0.010348437532899104,0.0014639257966002554,-1.412483461419711e-22,-0.01901594064211334
dimer,540.0,0.01,0.5,0.988325855870794,0.011674144129205904,7.455504600000001e-21,0.010212407465423142,0.0014617366637827605,-1.39253307871554e-22,-0.01867791857730917
dimer,542.0,0.01,0.5,0.9884611433147225,0.011538856685277625,7.48311758e-21,0.010079284742778567,0.001459571942499057,-1.373015847040987e-22,-0.018348179516925175
dimer,544.0,0.01,0.5,0.9885935789365947,0.011406421063405314,7.510730560000001e-21,0.009948989775119271,0.001457431288286044,-1.3539197654718134e-22,-0.01802647232058093
dimer,546.0,0.01,0.5,0.9887232400561203,0.01127675994387973,7.53834354e-21,0.009821445581967321,0.0014553143619124092,-1.335233230002272e-22,-0.017712554792936274
dimer,548.0,0.01,0.5,0.9888502014770042,0.011149798522995769,7.565956520000001e-21,0.009696577693673582,0.0014532208293221885,-1.3169450184553565e-22,-0.017406193321017872
dimer,550.0,0.01,0.5,0.9889745355813687,0.011025464418631333,7.5935695e-21,0.009574314057054598,0.0014511503615767343,-1.2990442760360452e-22,-0.01710716252792636
dimer,552.0,0.01,0.5,0.9890963124201938,0.01090368757980608,7.621182480000001e-21,0.00945458494501077,0.0014491026347953114,-1.2815205014973401e-22,-0.016815244942112183
dimer,554.0,0.01,0.5,0.9892155997999644,0.010784400200035474,7.64879546e-21,0.00933732286994098,0.0014470773300944944,-1.2643635338905566e-22,-0.016530230681453685
dimer,556.0,0.01,0.5,0.9893324633656956,0.01066753663430428,7.676408440000001e-21,0.009222462500777724,0.001445074133526555,-1.247563539872654e-22,-0.016251917151410118
dimer,558.0,0.01,0.5,0.9894469666805069,0.010553033319493156,7.70402142e-21,0.00910994058347615,0.0014430927360170056,-1.2311110015448473e-22,-0.015980108756562195
dimer,560.0,0.01,0.5,0.9895591713019003,0.01044082869809972,7.731634400000001e-21,0.008999695864798285,0.001441132833301435,-1.21499670479799e-22,-0.01571461662488839
dimer,562.0,0.01,0.5,0.989669136854896,0.010330863145103895,7.75924738e-21,0.008891669019242095,0.0014391941258618001,-1.1992117281414834e-22,-0.01545525834416022
dimer,564.0,0.01,0.5,0.9897769211021658,0.010223078897834168,7.786860360000001e-21,0.008785802578971892,0.0014372763188622768,-1.18374743199356e-22,-0.015201857709871142
dimer,566.0,0.01,0.5,0.9898825800113007,0.010117419988699207,7.81447334e-21,0.008682040866614405,0.0014353791220848011,-1.1685954484119861e-22,-0.014954244484145698
dimer,568.0,0.01,0.5,0.9899861678193447,0.010013832180655241,7.842086320000001e-21,0.008580329930790836,0.001433502249864405,-1.1537476712451594e-22,-0.01471225416510283
dimer,570.0,0.01,0.5,0.9900877370947133,0.00991226290528665,7.8696993e-21,0.008480617484262192,0.0014316454210244575,-1.1391962466846545e-22,-0.01447572776617595
dimer,572.0,0.01,0.5,0.9901873387966174,0.00981266120338252,7.897312280000001e-21,0.008382852844570647,0.001429808358811874,-1.1249335642011394e-22,-0.01424451160491705
dimer,574.0,0.01,0.5,0.9902850223321016,0.009714977667898318,7.92492526e-21,0.008286986877065902,0.001427990790832415,-1.1109522478464995e-22,-0.014018457100837056
dimer,576.0,0.01,0.5,0.9903808356108035,0.009619164389196496,7.952538240000001e-21,0.008192971940210372,0.001426192448986125,-1.0972451479058288e-22,-0.013797420581857255
dimer,578.0,0.01,0.5,0.9904748250975344,0.00952517490246566,7.98015122e-21,0.008100761833062685,0.001424413069402976,-1.0838053328837587e-22,-0.013581263098968677
dimer,580.0,0.01,0.5,0.9905670358627777,0.009432964137222255,8.0077642e-21,0.008010311744843443,0.0014226523923788112,-1.070626081810307e-22,-0.013369850248716203
dimer,582.0,0.01,0.5,0.9906575116311964,0.009342488368803574,8.03537718e-21,0.007921578206491952,0.0014209101623116208,-1.0577008768522081e-22,-0.013163052003144526
dimer,584.0,0.01,0.5,0.9907462948282348,0.00925370517176521,8.06299016e-21,0.007834519044127018,0.0014191861276381917,-1.0450233962162833e-22,-0.012960742546860348
dimer,586.0,0.01,0.5,0.9908334266248999,0.009166573375100082,8.09060314e-21,0.0077490933343288574,0.0014174800407712256,-1.0325875073321108e-22,-0.012762800120883332
dimer,588.0,0.01,0.5,0.9909189469807996,0.009081053019200433,8.11821612e-21,0.007665261361163515,0.0014157916580369177,-1.020387260301838e-22,-0.012569106872974429
dimer,590.0,0.01,0.5,0.9910028946855126,0.008997105314487266,8.1458291e-21,0.007582984574874208,0.0014141207396130581,-1.0084168816055475e-22,-0.012379548714145592
dimer,592.0,0.01,0.5,0.9910853073983639,0.008914692601636201,8.17344208e-21,0.007502225552168498,0.0014124670494677033,-9.96670768051167e-23,-0.012194015181070042
dimer,594.0,0.01,0.5,0.991166221686669,0.008833778313330898,8.201055060000001e-21,0.007422947958032485,0.0014108303552984132,-9.851434809583804e-23,-0.012012399304125393
dimer,596.0,0.01,0.5,0.9912456730625204,0.008754326937479566,8.22866804e-21,0.007345116509007442,0.0014092104284721256,-9.738297405665592e-23,-0.011834597480816096
dimer,598.0,0.01,0.5,0.9913236960181679,0.00867630398183207,8.256281020000001e-21,0.007268696937866418,0.0014076070439656527,-9.627244206571208e-23,-0.011660509354333009
dimer,600.0,0.01,0.5,0.9914003240600612,0.008599675939938815,8.283894e-21,0.007193655959631965,0.00140601998030685,-9.518225433812517e-23,-0.01149003769702089
dimer,602.0,0.01,0.5,0.9914755897416053,0.008524410258394814,8.311506980000001e-21,0.0071199612388783496,0.0014044490195164647,-9.411192742842703e-23,-0.011323088298534645
dimer,604.0,0.01,0.5,0.9915495246946849,0.008450475305315121,8.33911996e-21,0.007047581358264447,0.001402893947050674,-9.306099175183773e-23,-0.011159569858476737
dimer,606.0,0.01,0.5,0.9916221596600096,0.008377840339990348,8.366732940000001e-21,0.006976485788246,0.0014013545517443477,-9.202899112358673e-23,-0.01099939388331746
dimer,608.0,0.01,0.5,0.9916935245163269,0.008306475483673177,8.39434592e-21,0.00690664485791815,0.0013998306257550276,-9.101548231552856e-23,-0.01084247458740997
dimer,610.0,0.01,0.5,0.9917636483085509,0.008236351691449019,8.421958900000001e-21,0.006838029726941376,0.0013983219645076416,-9.002003462933057e-23,-0.010688728797920228
dimer,612.0,0.01,0.5,0.9918325592748537,0.008167440725146318,8.44957188e-21,0.006770612358506351,0.0013968283666399666,-8.904222948554895e-23,-0.010538075863501493
dimer,614.0,0.01,0.5,0.9919002848727565,0.008099715127243603,8.477184860000001e-21,0.006704365493294773,0.001395349633948829,-8.808166002793381e-23,-0.010390437566550106
dimer,616.0,0.01,0.5,0.9919668518042674,0.00803314819573278,8.50479784e-21,0.0066392626243957,0.001393885571337079,-8.713793074234126e-23,-0.01024573803888809
dimer,618.0,0.01,0.5,0.9920322860401006,0.007967713959899462,8.532410820000001e-21,0.006575277973138155,0.0013924359867613064,-8.621065708964982e-23,-0.010103903680724296
dimer,620.0,0.01,0.5,0.9920966128430164,0.007903387156983514,8.5600238e-21,0.0065123864658031844,0.0013910006911803286,-8.529946515211415e-23,-0.009964863082753829
dimer,622.0,0.01,0.5,0.992159856790316,0.00784014320968385,8.587636780000001e-21,0.006450563711179409,0.0013895794985044401,-8.440399129260729e-23,-0.009828546951261168
dimer,624.0,0.01,0.5,0.992222041795526,0.007777958204473859,8.61524976e-21,0.0063897859789284394,0.0013881722255454185,-8.352388182623171e-23,-0.00969488803609934
dimer,626.0,0.01,0.5,0.9922831911293052,0.007716808870694824,8.642862740000001e-21,0.00633003017872752,0.001386778691967304,-8.265879270379962e-23,-0.009563821061422943
dimer,628.0,0.01,0.5,0.9923433274396037,0.007656672560396302,8.67047572e-21,0.006271273840158379,0.0013853987202379233,-8.180838920670686e-23,-0.009435282659058856
dimer,630.0,0.01,0.5,0.9924024727711063,0.007597527228893805,8.698088700000001e-21,0.006213495093312606,0.0013840321355811985,-8.097234565274458e-23,-0.009309211304403526
dimer,632.0,0.01,0.5,0.9924606485839845,0.007539351416015424,8.72570168e-21,0.006156672650085251,0.0013826787659301733,-8.015034511241307e-23,-0.009185547254741015
dimer,634.0,0.01,0.5,0.9925178757719899,0.0074821242280100906,8.753314660000001e-21,0.006100785786129261,0.0013813384418808299,-7.9342079135321e-23,-0.009064232489880695
dimer,636.0,0.01,0.5,0.9925741746799083,0.0074258253200916845,8.78092764e-21,0.0060458143234450685,0.0013800109966466167,-7.854724748627236e-23,-0.00894521065501826
dimer,638.0,0.01,0.5,0.992629565120406,0.007370434879593965,8.808540620000001e-21,0.0059917386135802195,0.0013786962660137453,-7.776555789065884e-23,-0.00882842700572786
dimer,640.0,0.01,0.5,0.9926840663902875,0.007315933609712571,8.8361536e-21,0.0059385395214153714,0.0013773940882972008,-7.699672578879377e-23,-0.00871382835499756
dimer,642.0,0.01,0.5,0.9927376972861888,0.007262302713811321,8.86376658e-21,0.005886198409513829,0.0013761043042974928,-7.624047409883762e-23,-0.008601363022224083
dimer,644.0,0.01,0.5,0.992790476119729,0.007209523880271027,8.89137956e-21,0.005834697123012898,0.0013748267572581286,-7.549653298798185e-23,-0.008490980784086766
dimer,646.0,0.01,0.5,0.9928424207321401,0.007157579267859825,8.91899254e-21,0.0057840179750360335,0.0013735612928237916,-7.476463965157066e-23,-0.008382632827224078
dimer,648.0,0.01,0.5,0.9928935485083947,0.0071064514916051365,8.94660552e-21,0.005734143732605895,0.0013723077589992412,-7.404453809985368e-23,-0.008276271702639424
dimer,650.0,0.01,0.5,0.992943876390852,0.007056123609148014,8.9742185e-21,0.005685057603039118,0.0013710660061088964,-7.333597895207775e-23,-0.008171851281766512
dimer,652.0,0.01,0.5,0.9929934208924385,0.00700657910756157,9.00183148e-21,0.005636743220804441,0.0013698358867571282,-7.263871923763533e-23,-0.008069326714127214
dimer,654.0,0.01,0.5,0.9930421981093841,0.00695780189061584,9.02944446e-21,0.005589184634826618,0.0013686172557892224,-7.19525222040013e-23,-0.007968654386518182
dimer,656.0,0.01,0.5,0.9930902237335276,0.006909776266472275,9.057057440000001e-21,0.005542366296219252,0.0013674099702530229,-7.127715713119928e-23,-0.007869791883664953
dimer,658.0,0.01,0.5,0.9931375130642084,0.006862486935791664,9.08467042e-21,0.0054962730464304214,0.001366213889361243,-7.061239915255154e-23,-0.007772697950285305
dimer,660.0,0.01,0.5,0.9931840810197601,0.0068159189802399845,9.112283400000001e-21,0.005450890105785554,0.001365028874454431,-6.995802908147415e-23,-0.007677332454505767
dimer,662.0,0.01,0.5,0.9932299421486226,0.006770057851377386,9.13989638e-21,0.0054062030624128015,0.0013638547889645836,-6.931383324409182e-23,-0.007583656352578017
dimer,664.0,0.01,0.5,0.9932751106400841,0.006724889359916,9.167509360000001e-21,0.005362197861536591,0.0013626914983794083,-6.867960331745308e-23,-0.007491631654843827
dimer,666.0,0.01,0.5,0.9933196003346672,0.006680399665332924,9.19512234e-21,0.0053188607951257195,0.0013615388702072045,-6.805513617313816e-23,-0.007401221392899723
dimer,668.0,0.01,0.5,0.9933634247341746,0.006636575265825338,9.222735320000001e-21,0.00527617849188296,0.001360396773942378,-6.744023372605895e-23,-0.007312389587914461
dimer,670.0,0.01,0.5,0.993406597011405,0.006593402988595025,9.2503483e-21,0.005234137907563472,0.0013592650810315531,-6.683470278825897e-23,-0.007225101220054489
dimer,672.0,0.01,0.5,0.9934491300195495,0.006550869980450441,9.277961280000001e-21,0.005192726315610133,0.0013581436648403087,-6.623835492752874e-23,-0.007139322198974378
dimer,674.0,0.01,0.5,0.9934910363012854,0.006508963698714552,9.30557426e-21,0.005151931298094066,0.0013570324006204853,-6.56510063306606e-23,-0.00705501933533123
dimer,676.0,0.01,0.5,0.9935323280975726,0.006467671902427471,9.333187240000001e-21,0.00511174073694937,0.0013559311654781014,-6.507247767117208e-23,-0.006972160313283511
dimer,678.0,0.01,0.5,0.993573017356167,0.006426982643833125,9.36080022e-21,0.005072142805491306,0.0013548398383418198,-6.450259398133629e-23,-0.006890713663936766
dimer,680.0,0.01,0.5,0.9936131157398602,0.006386884260139759,9.388413200000001e-21,0.005033125960207755,0.0013537582999320048,-6.394118452836168e-23,-0.006810648739699876
dimer,682.0,0.01,0.5,0.9936526346344556,0.006347365365544423,9.41602618e-21,0.004994678932814105,0.0013526864327303172,-6.338808269457229e-23,-0.00673193568951741
dimer,684.0,0.01,0.5,0.9936915851564879,0.00630841484351199,9.443639160000001e-21,0.00495679072256212,0.00135162412094987,-6.28431258614432e-23,-0.00665454543494472
dimer,686.0,0.01,0.5,0.9937299781607003,0.006270021839299638,9.47125214e-21,0.00491945058879372,0.001350571250505918,-6.230615529735391e-23,-0.006578449647034094
dimer,688.0,0.01,0.5,0.9937678242472819,0.006232175752718009,9.498865120000001e-21,0.00488264804373093,0.0013495277089870794,-6.17770160489255e-23,-0.006503620724001342
dimer,690.0,0.01,0.5,0.9938051337688791,0.006194866231120825,9.5264781e-21,0.004846372845493748,0.001348493385627077,-6.125555683581502e-23,-0.006430031769643707
dimer,692.0,0.01,0.5,0.9938419168373854,0.006158083162614693,9.554091080000001e-21,0.004810614991337699,0.0013474681712769942,-6.074162994884336e-23,-0.006357656572480922
dimer,694.0,0.01,0.5,0.9938781833305186,0.006121816669481516,9.58170406e-21,0.00477536471110349,0.0013464519583780256,-6.02350911513394e-23,-0.006286469585592628
dimer,696.0,0.01,0.5,0.993913942898194,0.006086057101806048,9.609317040000001e-21,0.004740612460871307,0.001345444640934741,-5.973579958358669e-23,-0.006216445907126266
dimer,698.0,0.01,0.5,0.9939492049686987,0.006050795031301345,9.63693002e-21,0.0047063489168125295,0.001344446114488815,-5.924361767026388e-23,-0.006147561261450758
dimer,700.0,0.01,0.5,0.9939839787546746,0.006016021245325344,9.664543000000001e-21,0.004672564969232095,0.0013434562760932488,-5.875841103077409e-23,-0.006079791980932165
dimer,120.0,0.1,0.5,5.457983221756999e-06,0.9999945420167783,1.6567788e-21,0.9999913934751551,3.148541623168492e-06,-1.56823038647709e-20,-9.46553870967621
dimer,122.0,0.1,0.5,7.44407536547326e-06,0.9999925559246345,1.68439178e-21,0.9999887057876062,3.850137028193774e-06,-1.5681639857014847e-20,-9.309971731763525
dimer,124.0,0.1,0.5,1.005161405977611e-05,0.9999899483859402,1.71200476e-21,0.9999852677903652,4.680595574969115e-06,-1.5680901629176812e-20,-9.159379690729839
dimer,126.0,0.1,0.5,1.34435543569359e-05,0.999986556445643,1.73961774e-21,0.9999808978663509,5.65857929217255e-06,-1.5680082775627916e-20,-9.013522002614158
dimer,128.0,0.1,0.5,1.781720140261789e-05,0.9999821827985974,1.76723072e-21,0.9999753780838572,6.804714740291289e-06,-1.567917633170765e-20,-8.872172803621051
dimer,130.0,0.1,0.5,2.3409589902554222e-05,0.9999765904100975,1.7948437e-21,0.9999684486950845,8.141715013036458e-06,-1.567817469917802e-20,-8.73511977626688
dimer,132.0,0.1,0.5,3.0503371932224235e-05,0.9999694966280678,1.82245668e-21,0.9999598021262444,9.694501823477655e-06,-1.5677069563291868e-20,-8.602163077638624
dimer,134.0,0.1,0.5,3.943321404547179e-05,0.9999605667859546,1.8500696600000002e-21,0.9999490764589372,1.1490327017322277e-05,-1.567585180144168e-20,-8.473114359078608
dimer,136.0,0.1,0.5,5.0592698654852e-05,0.9999494073013452,1.8776826400000002e-21,0.9999358484085272,1.355889281798013e-05,-1.5674511383461775e-20,-8.34779586792248
dimer,138.0,0.1,0.5,6.44417184349745e-05,0.999935558281565,1.9052956200000002e-21,0.9999196258114937,1.5932470071320813e-05,-1.5673037263764777e-20,-8.226039623061105
dimer,140.0,0.1,0.5,8.15143461167671e-05,0.9999184856538832,1.9329086000000003e-21,0.9998998396401609,1.864601372231337e-05,-1.5671417265604482e-20,-8.107686657095156
dimer,142.0,0.1,0.5,0.00010242715556737651,0.9998975728444326,1.9605215800000003e-21,0.9998758355697117,2.1737274720909923e-05,-1.5669637957868503e-20,-7.992586318722643
dimer,144.0,0.1,0.5,0.0001278879635529604,0.999872112036447,1.9881345600000003e-21,0.9998468651289265,2.5246907520428372e-05,-1.5667684524914576e-20,-7.8805956297618875
dimer,146.0,0.1,0.5,0.00015870495511768358,0.9998412950448823,2.01574754e-21,0.9998120764725842,2.9218572298071723e-05,-1.5665540630073477e-20,-7.7715786918799745
dimer,148.0,0.1,0.5,0.00019579614913101454,0.999804203850869,2.04336052e-21,0.9997705048198751,3.369903099386085e-05,-1.566318827354918e-20,-7.66540613868236
dimer,150.0,0.1,0.5,0.0002401991542969327,0.999759800845703,2.0709735e-21,0.9997210626094721,3.873823623089805e-05,-1.566060764555009e-20,-7.561954629332577
dimer,152.0,0.1,0.5,0.0002930811598140195,0.999706918840186,2.09858648e-21,0.9996625294280397,4.438941214631403e-05,-1.5657776975587158e-20,-7.461106380322796
dimer,154.0,0.1,0.5,0.0003557490989470337,0.9996442509010529,2.12619946e-21,0.9995935417749247,5.0709126128306074e-05,-1.5654672378970462e-20,-7.36274873241218
dimer,156.0,0.1,0.5,0.0004296599180334007,0.9995703400819665,2.15381244e-21,0.9995125827315463,5.7757350420268014e-05,-1.5651267701629916e-20,-7.266773750099575
dimer,158.0,0.1,0.5,0.0005164308779105599,0.9994835691220895,2.18142542e-21,0.9994179716095712,6.55975125181628e-05,-1.564753436447374e-20,-7.1730778513040985
dimer,160.0,0.1,0.5,0.0006178498094160596,0.999382150190584,2.2090384e-21,0.9993078536573319,7.429653325213807e-05,-1.5643441208585086e-20,-7.081561465199104
dimer,162.0,0.1,0.5,0.000735885239482417,0.9992641147605176,2.23665138e-21,0.9991801899091094,8.392485140823675e-05,-1.5638954342634997e-20,-6.992128716382701
dimer,164.0,0.1,0.5,0.0008726962994230612,0.9991273037005769,2.2642643600000002e-21,0.9990327472668655,9.455643371138318e-05,-1.5634036993968945e-20,-6.904687133780149
dimer,166.0,0.1,0.5,0.0010306423222852827,0.9989693576777147,2.2918773400000002e-21,0.9988630889087574,0.00010626876895729785,-1.5628649364895112e-20,-6.819147382859115
dimer,168.0,0.1,0.5,0.0012122920316357823,0.9987877079683642,2.3194903200000002e-21,0.9986685651233147,0.0001191428450494838,-1.562274849577119e-20,-6.735423019903436
dimer,170.0,0.1,0.5,0.001420432219854681,0.9985795677801453,2.3471033000000003e-21,0.9984463046724763,0.00013326310766902176,-1.561628813654927e-20,-6.653430267235902
dimer,172.0,0.1,0.5,0.0016580758099633934,0.9983419241900366,2.3747162800000003e-21,0.9981932067907556,0.00014871739928095233,-1.5609218628498218e-20,-6.573087808408934
dimer,174.0,0.1,0.5,0.0019284691912291128,0.9980715308087709,2.4023292600000003e-21,0.9979059339316079,0.000165596877163027,-1.5601486797875864e-20,-6.494316602494306
dimer,176.0,0.1,0.5,0.002235098715314973,0.997764901284685,2.42994224e-21,0.9975809053755527,0.0001839959091324045,-1.5593035863371194e-20,-6.4170397167017414
dimer,178.0,0.1,0.5,0.0025816962366343407,0.9974183037633657,2.45755522e-21,0.9972142918177203,0.00020401194564539102,-1.5583805359177666e-20,-6.3411821766420635
dimer,180.0,0.1,0.5,0.002972243577890178,0.9970277564221098,2.4851682e-21,0.9968020110551531,0.00022574536695683264,-1.5573731075592578e-20,-6.266670833625096
dimer,182.0,0.1,0.5,0.003410975799622407,0.9965890242003775,2.51278118e-21,0.9963397248963259,0.0002492993040516466,-1.5562745019060432e-20,-6.193434248445156
dimer,184.0,0.1,0.5,0.0039023831510489274,0.9960976168489509,2.54039416e-21,0.9958228374168473,0.00027477943210369354,-1.555077539359252e-20,-6.12140259116031
dimer,186.0,0.1,0.5,0.004451211578691422,0.9955487884213086,2.56800714e-21,0.9952464946860291,0.00030229373527955586,-1.5537746605494983e-20,-6.050507556413952
dimer,188.0,0.1,0.5,0.0050624616693586925,0.9949375383306414,2.59562012e-21,0.994605586088852,0.00033195224178933627,-1.5523579293323822e-20,-5.980682293880439
dimer,190.0,0.1,0.5,0.0057413859051718705,0.9942586140948281,2.6232331e-21,0.9938947473666317,0.00036386672819625575,-1.55081903849539e-20,-5.91186135343973
dimer,192.0,0.1,0.5,0.006493484110620533,0.9935065158893794,2.65084608e-21,0.9931083654972453,0.0003981503921341341,-1.5491493183598756e-20,-5.843980644699958
dimer,194.0,0.1,0.5,0.0073244969753135806,0.9926755030246864,2.6784590600000002e-21,0.992240585531937,0.00043491749274946704,-1.5473397484544328e-20,-5.7769774104907645
dimer,196.0,0.1,0.5,0.008240397541317095,0.9917596024586829,2.7060720400000002e-21,0.9912853195002979,0.0004742829583850201,-1.5453809724262417e-20,-5.710790213945086
dimer,198.0,0.1,0.5,0.00924738055093986,0.9907526194490601,2.7336850200000003e-21,0.9902362574878035,0.0005163619612566903,-1.5432633163442924e-20,-5.645358938771564
dimer,200.0,0.1,0.5,0.010351849559722051,0.989648150440278,2.7612980000000003e-21,0.9890868809811314,0.0005612694591464549,-1.540976810532821e-20,-5.580624802295228
dimer,202.0,0.1,0.5,0.011560401730381956,0.988439598269618,2.7889109800000003e-21,0.9878304785651755,0.000609119704442577,-1.538511215054256e-20,-5.516530380809272
dimer,204.0,0.1,0.5,0.01287981023674208,0.9871201897632579,2.8165239600000003e-21,0.9864601640420536,0.0006600257212042429,-1.5358560489384572e-20,-5.453019646736672
dimer,206.0,0.1,0.5,0.014317004222334102,0.9856829957776659,2.8441369400000004e-21,0.9849688970263547,0.0007140987513111672,-1.53300062322874e-20,-5.390038017046886
dimer,208.0,0.1,0.5,0.015879046276583413,0.9841209537234166,2.8717499200000004e-21,0.9833495060522385,0.0007714476711780964,-1.5299340778850073e-20,-5.327532412310495
dimer,210.0,0.1,0.5,0.017573107412271232,0.9824268925877288,2.8993629e-21,0.9815947142067616,0.0008321783809672344,-1.5266454225500607e-20,-5.265451325703522
dimer,212.0,0.1,0.5,0.019406439551396357,0.9805935604486037,2.92697588e-21,0.9796971672798885,0.0008963931687151158,-1.5231235811470734e-20,-5.2037449011949946
dimer,214.0,0.1,0.5,0.02138634555257679,0.9786136544474232,2.95458886e-21,0.9776494643951236,0.0009641900522996624,-1.5193574402340425e-20,-5.142365020065913
dimer,216.0,0.1,0.5,0.023520146841652323,0.9764798531583477,2.98220184e-21,0.9754441910556456,0.001035662102702153,-1.515335900995242e-20,-5.08126539481728
dimer,218.0,0.1,0.5,0.025815148738005285,0.9741848512619947,3.00981482e-21,0.9730739545094342,0.001110896752560486,-1.5110479347004897e-20,-5.020401669430579
dimer,220.0,0.1,0.5,0.028278603602062455,0.9717213963979375,3.0374278e-21,0.9705314213033818,0.0011899750945558196,-1.5064826414107424e-20,-4.959731524847248
dimer,222.0,0.1,0.5,0.030917671964144022,0.9690823280358559,3.06504078e-21,0.9678093568611413,0.0012729711747145353,-1.5016293116539028e-20,-4.899214788437179
dimer,224.0,0.1,0.5,0.03373938183086802,0.966260618169132,3.0926537600000002e-21,0.9649006668829013,0.0013599512862306575,-1.4964774907383077e-20,-4.838813546131681
dimer,226.0,0.1,0.5,0.03675058640219017,0.9632494135978098,3.1202667400000002e-21,0.9617984403279017,0.0014509732699080683,-1.4910170453140234e-20,-4.778492255806384
dimer,228.0,0.1,0.5,0.039957920469257495,0.9600420795307425,3.1478797200000003e-21,0.9584959937029685,0.001546085827774082,-1.4852382317349033e-20,-4.71821786041718
dimer,230.0,0.1,0.5,0.043367755799913234,0.9566322442000867,3.1754927000000003e-21,0.9549869163432737,0.0016453278568130637,-1.4791317657182133e-20,-4.657959899319602
dimer,232.0,0.1,0.5,0.0469861558541324,0.9530138441458677,3.2031056800000003e-21,0.9512651163357717,0.001748727810095949,-1.4726888927449617e-20,-4.597690616142773
dimer,234.0,0.1,0.5,0.050818830205104956,0.9491811697948951,3.2307186600000003e-21,0.9473248667020688,0.0018563030928261204,-1.4659014585940088e-20,-4.537385061545436
dimer,236.0,0.1,0.5,0.054871089072230116,0.9451289109277698,3.2583316400000004e-21,0.9431608514268002,0.0019680595009696606,-1.4587619793580124e-20,-4.4770211891568295
dimer,238.0,0.1,0.5,0.05914779839906456,0.9408522016009353,3.2859446200000004e-21,0.9387682108907588,0.0020839907101765733,-1.4512637102505327e-20,-4.41657994300139
dimer,240.0,0.1,0.5,0.06365333593139903,0.936346664068601,3.3135576e-21,0.9341425862459827,0.002204077822618307,-1.4434007124828188e-20,-4.356045334726696
dimer,242.0,0.1,0.5,0.06839154876723946,0.9316084512327606,3.34117058e-21,0.9292801622536045,0.002328288979156013,-1.4351679174668836e-20,-4.295404508999608
dimer,244.0,0.1,0.5,0.07336571286074392,0.9266342871392561,3.36878356e-21,0.9241777080953489,0.0024565790439071084,-1.4265611875900094e-20,-4.234647795508742
dimer,246.0,0.1,0.5,0.07857849496538791,0.9214215050346121,3.39639654e-21,0.9188326156668214,0.0025888893677907896,-1.4175773728055544e-20,-4.173768746112179
dimer,248.0,0.1,0.5,0.08403191749717953,0.9159680825028205,3.42400952e-21,0.9132429348658153,0.0027251476370052357,-1.4082143622971562e-20,-4.112764155799299
dimer,250.0,0.1,0.5,0.08972732678615492,0.9102726732138451,3.4516225e-21,0.9074074054022221,0.0028652678116230326,-1.3984711304982344e-20,-4.05163406629269
dimer,252.0,0.1,0.5,0.09566536516336231,0.9043346348366377,3.47923548e-21,0.9013254846780441,0.0030091501585935436,-1.3883477767870474e-20,-3.990381751300856
dimer,254.0,0.1,0.5,0.10184594730097628,0.8981540526990237,3.50684846e-21,0.8949973713166021,0.003156681382421662,-1.3778455582290266e-20,-3.929013682641498
dimer,256.0,0.1,0.5,0.10826824118518666,0.8917317588148134,3.53446144e-21,0.8884240239591475,0.003307734855665902,-1.3669669148027452e-20,-3.8675394766868503
dimer,258.0,0.1,0.5,0.11493065405540812,0.8850693459445919,3.56207442e-21,0.8816071749944092,0.0034621709501826917,-1.3557154866227847e-20,-3.8059718208323807
dimer,260.0,0.1,0.5,0.12183082358971974,0.8781691764102802,3.5896874e-21,0.8745493389415205,0.003619837468759717,-1.3440961227611918e-20,-3.7443263799549555
dimer,262.0,0.1,0.5,0.1289656145560543,0.8710343854439457,3.61730038e-21,0.867253815268493,0.003780570175452645,-1.3321148813676056e-20,-3.6826216831006042
dimer,264.0,0.1,0.5,0.13633112108251583,0.8636688789174842,3.64491336e-21,0.8597246854958904,0.003944193421593676,-1.3197790208949915e-20,-3.6208789909206276
dimer,266.0,0.1,0.5,0.14392267462949554,0.8560773253705045,3.67252634e-21,0.8519668045074003,0.004110520863104227,-1.3070969823511113e-20,-3.5591221446518233
dimer,268.0,0.1,0.5,0.1517348576723546,0.8482651423276454,3.7001393200000004e-21,0.8439857860641979,0.004279356263447478,-1.2940783626133959e-20,-3.497377397706732
dimer,270.0,0.1,0.5,0.15976152302780672,0.8402384769721933,3.7277523000000004e-21,0.8357879825968662,0.004450494375327137,-1.2807338789642017e-20,-3.4356732311967226
dimer,272.0,0.1,0.5,0.16799581868134647,0.8320041813186535,3.7553652800000004e-21,0.8273804594255485,0.004623721893105067,-1.2670753251220905e-20,-3.374040154948896
dimer,274.0,0.1,0.5,0.17643021789875274,0.8235697821012473,3.7829782600000005e-21,0.8187709636343492,0.004798818466898077,-1.2531155191603345e-20,-3.312510495792102
dimer,276.0,0.1,0.5,0.18505655433339888,0.8149434456666012,3.8105912400000005e-21,0.8099678878981554,0.004975557768445614,-1.23886824381367e-20,-3.2511181750726688
dimer,278.0,0.1,0.5,0.19386606177442886,0.8061339382255711,3.8382042200000005e-21,0.8009802296274346,0.005153708598136418,-1.224348179776119e-20,-3.189898477512796
dimer,280.0,0.1,0.5,0.20284941812015642,0.7971505818798436,3.8658172000000005e-21,0.7918175458577869,0.005333036022056769,-1.2095708326843153e-20,-3.1288878136408393
dimer,282.0,0.1,0.5,0.21199679310766814,0.7880032068923318,3.8934301800000006e-21,0.7824899043647427,0.005513302527589143,-1.194552454560183e-20,-3.0681234781001847
dimer,284.0,0.1,0.5,0.22129789928456362,0.7787021007154364,3.9210431600000006e-21,0.7730078315294853,0.005694269185951226,-1.179309960552567e-20,-3.007643406181142
dimer,286.0,0.1,0.5,0.23074204567295484,0.7692579543270451,3.9486561400000006e-21,0.7633822575169208,0.0058756968101243146,-1.1638608418681207e-20,-2.9474859309175514
dimer,288.0,0.1,0.5,0.2403181935498555,0.7596818064501445,3.976269120000001e-21,0.7536244593532733,0.006057347096871211,-1.1482230758167647e-20,-2.8876895430477414
dimer,290.0,0.1,0.5,0.2500150137522581,0.7499849862477419,4.0038821e-21,0.7437460025057631,0.0062389837419788065,-1.1324150339157526e-20,-2.8282926560593595
dimer,292.0,0.1,0.5,0.25982094490961455,0.7401790550903854,4.03149508e-21,0.7337586815719198,0.006420373518465694,-1.1164553889989681e-20,-2.7693333784223992
dimer,294.0,0.1,0.5,0.26972425201089567,0.7302757479891043,4.05910806e-21,0.7236744606808523,0.0066012873082520185,-1.1003630222648953e-20,-2.7108492949677605
dimer,296.0,0.1,0.5,0.27971308472751655,0.7202869152724835,4.08672104e-21,0.7135054141938042,0.006781501078679243,-1.0841569311685535e-20,-2.6528772591939713
dimer,298.0,0.1,0.5,0.2897755349364575,0.7102244650635424,4.11433402e-21,0.7032636682672782,0.006960796796264277,-1.0678561390207188e-20,-2.595453198087011
dimer,300.0,0.1,0.5,0.2998996929191192,0.7001003070808808,4.141947e-21,0.6929613438097253,0.0071389632711554695,-1.051479607103447e-20,-2.538611930822502
dimer,302.0,0.1,0.5,0.3100737017497186,0.6899262982502814,4.16955998e-21,0.6826105013233846,0.00731579692689681,-1.0350461500458281e-20,-2.482387002490915
dimer,304.0,0.1,0.5,0.32028580943134644,0.6797141905686536,4.19717296e-21,0.6722230880773739,0.007491102491279617,-1.0185743551300847e-20,-2.426810533750519
dimer,306.0,0.1,0.5,0.3305244183868254,0.6694755816131747,4.22478594e-21,0.6618108880079349,0.007664693605239733,-1.0020825061172731e-20,-2.3719130870741183
dimer,308.0,0.1,0.5,0.34077813196411916,0.6592218680358808,4.25239892e-21,0.6513854746879594,0.007836393347921437,-9.85588512096259e-21,-2.317723550019759
dimer,310.0,0.1,0.5,0.35103579767086235,0.6489642023291377,4.2800119e-21,0.6409581676519843,0.008006034677153311,-9.69109841770959e-21,-2.2642690357261834
dimer,312.0,0.1,0.5,0.36128654690850837,0.6387134530914916,4.30762488e-21,0.6305399923058432,0.00817346078564845,-9.52663463511349e-21,-2.2115748006157605
dimer,314.0,0.1,0.5,0.3715198310323913,0.6284801689676087,4.33523786e-21,0.6201416435933746,0.008338525374234034,-9.362657914049407e-21,-2.1596641790836837
dimer,316.0,0.1,0.5,0.3817254536186549,0.618274546381345,4.36285084e-21,0.6097734535370247,0.00850109284432028,-9.199326374590766e-21,-2.108558534765485
dimer,318.0,0.1,0.5,0.3918935988715663,0.6081064011284338,4.39046382e-21,0.5994453627158076,0.008661038412626238,-9.03679170021986e-21,-2.058277227807758
dimer,320.0,0.1,0.5,0.40201485615436056,0.5979851438456395,4.4180768e-21,0.5891668956937581,0.008818248151881357,-8.875198784131735e-21,-2.008837597420609
dimer,322.0,0.1,0.5,0.41208024067284127,0.5879197593271587,4.44568978e-21,0.5789471403653437,0.00897261896181511,-8.71468543682534e-21,-1.9602549588660996
dimer,324.0,0.1,0.5,0.4220812103828708,0.5779187896171291,4.47330276e-21,0.568794731141901,0.00912405847522809,-8.55538215353236e-21,-1.9125426139348456
dimer,326.0,0.1,0.5,0.43200967923032085,0.5679903207696793,4.50091574e-21,0.5587178358653685,0.009272484904310726,-8.397411939465347e-21,-1.8657118738831013
dimer,328.0,0.1,0.5,0.4418580268647132,0.5581419731352867,4.5285287200000004e-21,0.5487241463026444,0.009417826832642296,-8.240890190376013e-21,-1.8197720937443922
dimer,330.0,0.1,0.5,0.4516191049955515,0.5483808950044486,4.5561417000000004e-21,0.5388208720459802,0.009560022958468466,-8.085924625501765e-21,-1.7747307168918307
dimer,332.0,0.1,0.5,0.46128624058322826,0.5387137594167717,4.5837546800000004e-21,0.5290147376218437,0.009699021794927994,-7.932615269645142e-21,-1.7305933287086692
dimer,334.0,0.1,0.5,0.47085323607448976,0.5291467639255104,4.6113676600000005e-21,0.519311982592624,0.009834781332886317,-7.781054480872989e-21,-1.687363718223454
dimer,336.0,0.1,0.5,0.4803143669059345,0.5196856330940655,4.6389806400000005e-21,0.509718364422121,0.009967268671944517,-7.631327020137341e-21,-1.64504394658076
dimer,338.0,0.1,0.5,0.48966437650816297,0.510335623491837,4.6665936200000005e-21,0.5002391638668008,0.010096459625036157,-7.48351015900319e-21,-1.603634421246903
dimer,340.0,0.1,0.5,0.4988984690483391,0.5011015309516609,4.6942066000000005e-21,0.4908791926498487,0.010222338301812161,-7.337673821614012e-21,-1.5631339748902426
dimer,342.0,0.1,0.5,0.5080123001503806,0.49198769984961943,4.7218195800000006e-21,0.48164280317386526,0.010344896675754129,-7.19388075702834e-21,-1.5235399479258247
dimer,344.0,0.1,0.5,0.5170019658302077,0.4829980341697922,4.7494325600000006e-21,0.47253390003013246,0.010464134139659721,-7.052186738113326e-21,-1.4848482737721673
dimer,346.0,0.1,0.5,0.5258639898788181,0.47413601012118184,4.777045540000001e-21,0.4635559530673635,0.010580057053818355,-6.912640783276972e-21,-1.4470535659320867
dimer,348.0,0.1,0.5,0.5345953099188201,0.46540469008117996,4.804658520000001e-21,0.45471201179032994,0.010692678290849997,-6.775285397453834e-21,-1.4101492060779863
dimer,350.0,0.1,0.5,0.5431932623509299,0.45680673764907004,4.832271500000001e-21,0.4460047208682468,0.010802016780823305,-6.640156828922291e-21,-1.3741274323932937
dimer,352.0,0.1,0.5,0.5516555663960693,0.44834443360393067,4.85988448e-21,0.4374363365440247,0.010908097059905994,-6.507285338718845e-21,-1.3389794274943023
dimer,354.0,0.1,0.5,0.5599803074266138,0.4400196925733862,4.88749746e-21,0.4290087437479466,0.011010948825439576,-6.3766954796210845e-21,-1.3046954053293942
dimer,356.0,0.1,0.5,0.5681659197672543,0.4318340802327458,4.91511044e-21,0.4207234737327706,0.011110606499975197,-6.248406381889747e-21,-1.2712646965242447
dimer,358.0,0.1,0.5,0.5762111691322384,0.4237888308677616,4.94272342e-21,0.4125817220612987,0.011207108806462892,-6.122432043187375e-21,-1.2386758317112907
dimer,360.0,0.1,0.5,0.584115134851691,0.415884865148309,4.9703364e-21,0.4045843667918523,0.011300498356456731,-5.998781620322188e-21,-1.206916622448772
dimer,362.0,0.1,0.5,0.5918771920255367,0.4081228079744634,4.99794938e-21,0.3967319867215781,0.011390821252885245,-5.8774597206964104e-21,-1.175974239398241
dimer,364.0,0.1,0.5,0.599496993729493,0.4005030062705069,5.02556236e-21,0.3890248795618631,0.01147812670864379,-5.7584666915661734e-21,-1.1458352874893334
dimer,366.0,0.1,0.5,0.6069744533838166,0.39302554661618344,5.05317534e-21,0.3814630799341907,0.011562466681992775,-5.641798905441557e-21,-1.1164858778562703
dimer,368.0,0.1,0.5,0.6143097273821445,0.38569027261785555,5.08078832e-21,0.3740463770883601,0.011643895529495477,-5.527449040168819e-21,-1.0879116963819542
dimer,370.0,0.1,0.5,0.6215031980650079,0.3784968019349922,5.1084013e-21,0.36677433225799067,0.01172246967700149,-5.415406352439959e-21,-1.060098068732376
dimer,372.0,0.1,0.5,0.6285554571104639,0.3714445428895361,5.13601428e-21,0.35964629558056005,0.011798247308976125,-5.305656943666928e-21,-1.0330300218065063
dimer,374.0,0.1,0.5,0.6354672894029044,0.3645327105970956,5.16362726e-21,0.3526614225208026,0.011871288076292997,-5.1981840173369136e-21,-1.0066923415647382
dimer,376.0,0.1,0.5,0.6422396574304858,0.35776034256951417,5.19124024e-21,0.34581868974706925,0.011941652822444943,-5.092968127131895e-21,-0.9810696272326427
dimer,378.0,0.1,0.5,0.6488736862518076,0.35112631374819236,5.21885322e-21,0.3391169104202049,0.01200940332798743,-4.989987415248514e-21,-0.9561463419062232
dimer,380.0,0.1,0.5,0.6553706490634786,0.3446293509365214,5.2464662e-21,0.3325547488636148,0.012074602072906657,-4.889217840493998e-21,-0.9319068596103788
dimer,382.0,0.1,0.5,0.6617319533920263,0.33826804660797366,5.27407918e-21,0.3261307345914722,0.012137312016501466,-4.79063339586017e-21,-0.9083355088840682
dimer,384.0,0.1,0.5,0.6679591279262403,0.3320408720737596,5.30169216e-21,0.319843275679478,0.012197596394281598,-4.6942063153908175e-21,-0.8854166129839605
dimer,386.0,0.1,0.5,0.6740538099994242,0.3259461900005758,5.3293051400000004e-21,0.3136906714692615,0.012255518531314277,-4.5999072702583395e-21,-0.863134526813441
dimer,388.0,0.1,0.5,0.6800177337252048,0.31998226627479526,5.3569181200000004e-21,0.30767112460340007,0.012311141671395173,-4.507705554054531e-21,-0.8414736706960402
dimer,390.0,0.1,0.5,0.6858527187853951,0.31414728121460495,5.3845311000000004e-21,0.30178275239322894,0.012364528821376012,-4.417569257377453e-21,-0.8204185611217758
dimer,392.0,0.1,0.5,0.6915606598639388,0.30843934013606117,5.4121440800000005e-21,0.2960235975261111,0.012415742609950037,-4.329465431863295e-21,-0.7999538386020378
dimer,394.0,0.1,0.5,0.6971435167171333,0.30285648328286674,5.4397570600000005e-21,0.2903916381226921,0.012464845160174669,-4.243360243868897e-21,-0.780064292773563
dimer,396.0,0.1,0.5,0.7026033048670542,0.29739669513294575,5.4673700400000005e-21,0.28488479715794646,0.012511897974999292,-4.159219118058405e-21,-0.7607348848951158
dimer,398.0,0.1,0.5,0.7079420869023817,0.29205791309761836,5.4949830200000005e-21,0.279500951262557,0.012556961835061395,-4.077006871186844e-21,-0.7419507678818712
dimer,400.0,0.1,0.5,0.7131619643685845,0.2868380356314155,5.5225960000000006e-21,0.27423793892339837,0.01260009670801714,-3.996687836405276e-21,-0.7236973040224698
dimer,402.0,0.1,0.5,0.7182650702276211,0.28173492977237896,5.5502089800000006e-21,0.2690935681036974,0.012641361668681557,-3.9182259784371486e-21,-0.7059600805224362
dimer,404.0,0.1,0.5,0.7232535618659106,0.2767464381340895,5.5778219600000006e-21,0.26406562330482325,0.012680814829266277,-3.841584999994201e-21,-0.6887249230153271
dimer,406.0,0.1,0.5,0.7281296146282835,0.2718703853717165,5.605434940000001e-21,0.2591518720926954,0.01271851327902109,-3.766728439813754e-21,-0.6719779071798045
dimer,408.0,0.1,0.5,0.7328954158548855,0.26710458414511457,5.633047920000001e-21,0.2543500711125081,0.012754513032606395,-3.6936197627077116e-21,-0.6557053685969195
dimer,410.0,0.1,0.5,0.7375531593975632,0.26244684060243684,5.660660900000001e-21,0.24965797161588968,0.012788868986547125,-3.622222442017901e-21,-0.6398939109774091
dimer,412.0,0.1,0.5,0.7421050405920401,0.25789495940796,5.688273880000001e-21,0.24507332452481517,0.012821634883144807,-3.552500034873177e-21,-0.6245304128839128
dimer,414.0,0.1,0.5,0.7465532516621955,0.2534467483378045,5.715886860000001e-21,0.2405938850565533,0.012852863281251193,-3.484416250641133e-21,-0.6096020330677315
dimer,416.0,0.1,0.5,0.7508999775329414,0.2491000224670587,5.743499840000001e-21,0.2362174169337231,0.012882605533335567,-3.4179350129622116e-21,-0.5950962145342745
dimer,418.0,0.1,0.5,0.7551473920285173,0.24485260797148267,5.77111282e-21,0.2319416962031763,0.012910911768306367,-3.353020515746604e-21,-0.5810006874456847
dimer,420.0,0.1,0.5,0.7592976544334932,0.24070234556650685,5.7987258e-21,0.22776451468692965,0.012937830879577183,-3.289637273505098e-21,-0.5673034709634137
dimer,422.0,0.1,0.5,0.7633529063943272,0.23664709360567293,5.82633878e-21,0.22368368308777703,0.01296341051789592,-3.227750166374306e-21,-0.5539928741277735
dimer,424.0,0.1,0.5,0.7673152691399879,0.2326847308600122,5.85395176e-21,0.21969703377152694,0.012987697088485253,-3.1673244801847867e-21,-0.541057495865799
dimer,426.0,0.1,0.5,0.7711868410008611,0.2288131589991389,5.88156474e-21,0.21580242324706872,0.013010735752070162,-3.1083259419076335e-21,-0.5284862242131222
dimer,428.0,0.1,0.5,0.7749696952059382,0.22503030479406186,5.90917772e-21,0.21199773436466554,0.013032570429396328,-3.050720750801693e-21,-0.5162682348300894
dimer,430.0,0.1,0.5,0.7786658779390931,0.22133412206090675,5.9367907e-21,0.20828087825203664,0.013053243808870123,-2.9944756055694588e-21,-0.5043929888869855
dimer,432.0,0.1,0.5,0.7822774066360884,0.2177225933639117,5.96440368e-21,0.20464979600693547,0.013072797356976201,-2.9395577278154072e-21,-0.49285023038806236
dimer,434.0,0.1,0.5,0.7858062685048024,0.2141937314951976,5.99201666e-21,0.20110246016404354,0.013091271331154081,-2.8859348820861927e-21,-0.4816299829991115
dimer,436.0,0.1,0.5,0.7892544192520284,0.21074558074797164,6.01962964e-21,0.19763687595313295,0.013108704794838694,-2.8335753927576143e-21,-0.4707225464385238
dimer,438.0,0.1,0.5,0.7926237820010514,0.20737621799894868,6.04724262e-21,0.1942510823645562,0.01312513563439247,-2.7824481580190532e-21,-0.46011849248725084
dimer,440.0,0.1,0.5,0.7959162463850519,0.204083753614948,6.0748556e-21,0.19094315303726994,0.013140600577678052,-2.7325226611919425e-21,-0.4498086606687314
dimer,442.0,0.1,0.5,0.799133667802226,0.20086633219777386,6.10246858e-21,0.18771119698373262,0.013155135214041245,-2.683768979605154e-21,-0.4397841536457618
dimer,444.0,0.1,0.5,0.8022778668193213,0.19772213318067874,6.13008156e-21,0.18455335916518603,0.013168774015492718,-2.636157791236677e-21,-0.43003633237739125
dimer,446.0,0.1,0.5,0.8053506287110845,0.1946493712889154,6.1576945400000004e-21,0.18146782093001995,0.013181550358895469,-2.5896603793180623e-21,-0.4205568110752798
dimer,448.0,0.1,0.5,0.8083537031238853,0.19164629687611462,6.1853075200000004e-21,0.17845280032713293,0.013193496548981708,-2.5442486350855234e-21,-0.4113374519955191
dimer,450.0,0.1,0.5,0.8112888038525207,0.18871119614747942,6.2129205000000004e-21,0.17550655230544074,0.013204643842038682,-2.4998950588495442e-21,-0.40237036009869176
dimer,452.0,0.1,0.5,0.8141576087199194,0.18584239128008073,6.2405334800000005e-21,0.17262736880996252,0.013215022470118222,-2.4565727595433126e-21,-0.3936478776079433
dimer,454.0,0.1,0.5,0.816961759550151,0.18303824044984893,6.2681464600000005e-21,0.1698135787842109,0.013224661665638016,-2.414255452899228e-21,-0.38516257849202007
dimer,456.0,0.1,0.5,0.8197028622257927,0.18029713777420744,6.2957594400000005e-21,0.16706354808795137,0.013233589686256077,-2.3729174583922967e-21,-0.37690726289762694
dimer,458.0,0.1,0.5,0.8223824868213298,0.17761751317867017,6.3233724200000005e-21,0.164375679338759,0.013241833839911184,-2.33253369507917e-21,-0.36887495155301475
dimer,460.0,0.1,0.5,0.8250021678048635,0.17499783219513662,6.3509854000000006e-21,0.1617484116852028,0.013249420509933841,-2.2930796764522108e-21,-0.36105888016247223
dimer,462.0,0.1,0.5,0.8275634043009469,0.17243659569905317,6.3785983800000006e-21,0.1591802205189114,0.013256375180141777,-2.2545315044189567e-21,-0.3534524938092993
dimer,464.0,0.1,0.5,0.8300676604079145,0.16993233959208542,6.4062113600000006e-21,0.15666961713224156,0.01326272245984385,-2.2168658625089684e-21,-0.34604944138292815
dimer,466.0,0.1,0.5,0.8325163655635589,0.16748363443644113,6.433824340000001e-21,0.15421514832775604,0.013268486108685083,-2.180060008402093e-21,-0.3388435700440794
dimer,468.0,0.1,0.5,0.8349109149534846,0.16508908504651543,6.461437320000001e-21,0.15181539598524266,0.013273689061272763,-2.1440917658647145e-21,-0.33182891974021567
dimer,470.0,0.1,0.5,0.837252669956914,0.16274733004308603,6.489050300000001e-21,0.1494689765915543,0.013278353451531746,-2.1089395161735556e-21,-0.3249997177820544
dimer,472.0,0.1,0.5,0.8395429586251314,0.16045704137486863,6.516663280000001e-21,0.14717454073812547,0.01328250063674317,-2.0745821891000456e-21,-0.3183503734905335
dimer,474.0,0.1,0.5,0.8417830761881437,0.15821692381185626,6.544276260000001e-21,0.14493077259062911,0.01328615122122713,-2.0409992535221347e-21,-0.31187547292236933
dimer,476.0,0.1,0.5,0.8439742855855015,0.15602571441449842,6.571889240000001e-21,0.142736389334863,0.013289325079635426,-2.008170707724729e-21,-0.3055697736812023
dimer,478.0,0.1,0.5,0.8461178180175644,0.15388218198243558,6.599502220000001e-21,0.14059014060260994,0.013292041379825656,-1.976077069444538e-21,-0.29942819982027946
dimer,480.0,0.1,0.5,0.8482148735138108,0.1517851264861893,6.6271152e-21,0.1384908078808972,0.01329431860529208,-1.9446993657102197e-21,-0.29344583684168035
dimer,482.0,0.1,0.5,0.8502666215150911,0.14973337848490886,6.65472818e-21,0.13643720390777514,0.013296174577133732,-1.9140191225240535e-21,-0.2876179267962307
dimer,484.0,0.1,0.5,0.8522742014670008,0.14772579853299916,6.68234116e-21,0.13442817205745625,0.013297626475542905,-1.8840183544270764e-21,-0.2819398634874662
dimer,486.0,0.1,0.5,0.8542387234217976,0.1457612765782024,6.70995414e-21,0.1324625857174007,0.013298690860801697,-1.854679553985672e-21,-0.27640718778231055
dimer,488.0,0.1,0.5,0.8561612686465363,0.14383873135346367,6.73756712e-21,0.1305393476596873,0.013299383693776373,-1.825985681233901e-21,-0.27101558303049617
dimer,490.0,0.1,0.5,0.8580428902353067,0.1419571097646933,6.7651801e-21,0.12865738940879054,0.013299720355902746,-1.7979201531024562e-21,-0.2657608705941851
dimer,492.0,0.1,0.5,0.8598846137236682,0.1401153862763317,6.79279308e-21,0.12681567060767382,0.013299715668657883,-1.7704668328619926e-21,-0.26063900548873964
dimer,494.0,0.1,0.5,0.8616874377035628,0.1383125622964371,6.820406060000001e-21,0.12501317838392137,0.013299383912515728,-1.7436100196056598e-21,-0.2556460721351332
dimer,496.0,0.1,0.5,0.8634523344371603,0.1365476655628397,6.84801904e-21,0.1232489267174534,0.013298738845386283,-1.7173344377930382e-21,-0.2507782802240921
dimer,498.0,0.1,0.5,0.8651802504682561,0.134819749531744,6.875632020000001e-21,0.12152195581120444,0.01329779372053957,-1.6916252268751201e-21,-0.24603196069168343
dimer,500.0,0.1,0.5,0.8668721072299824,0.13312789277001752,6.903245e-21,0.11983133146600028,0.013296561304017254,-1.6664679310178711e-21,-0.24140356180576975
dimer,502.0,0.1,0.5,0.8685288016477398,0.13147119835226012,6.930857980000001e-21,0.11817614446072418,0.01329505389153596,-1.6418484889396513e-21,-0.23688964536244198
dimer,504.0,0.1,0.5,0.8701512067363695,0.12984879326363052,6.95847096e-21,0.11655550993874259,0.013293283324887937,-1.6177532238760304e-21,-0.23248688299132175
dimer,506.0,0.1,0.5,0.8717401721907152,0.12825982780928483,6.986083940000001e-21,0.1149685668014398,0.01329126100784501,-1.5941688336836816e-21,-0.2281920525683923
dimer,508.0,0.1,0.5,0.8732965249688185,0.12670347503118157,7.01369692e-21,0.11341447710960814,0.013288997921573427,-1.5710823810935078e-21,-0.2240020347348439
dimer,510.0,0.1,0.5,0.8748210698670946,0.12517893013290543,7.041309900000001e-21,0.11189242549333793,0.0132865046395675,-1.5484812841216476e-21,-0.21991380952024953
dimer,512.0,0.1,0.5,0.8763145900869207,0.12368540991307933,7.06892288e-21,0.11040161857096878,0.013283791342110532,-1.5263533066457582e-21,-0.2159244530682669
dimer,514.0,0.1,0.5,0.8777778477921522,0.12222215220784775,7.09653586e-21,0.10894128437757535,0.0132808678302724,-1.5046865491526662e-21,-0.21203113446293023
dimer,516.0,0.1,0.5,0.8792115846571549,0.12078841534284508,7.12414884e-21,0.10751067180339167,0.013277743539453409,-1.4834694396624623e-21,-0.20823111265351696
dimer,518.0,0.1,0.5,0.8806165224050064,0.11938347759499367,7.15176182e-21,0.10610905004250948,0.013274427552484196,-1.4626907248331084e-21,-0.20452173347589314
dimer,520.0,0.1,0.5,0.8819933633355878,0.11800663666441219,7.1793748e-21,0.10473570805211996,0.013270928612292255,-1.442339461248645e-21,-0.20090042676816997
dimer,522.0,0.1,0.5,0.8833427908433317,0.11665720915666825,7.20698778e-21,0.10338995402252296,0.013267255134145277,-1.4224050068934224e-21,-0.19736470357847927
dimer,524.0,0.1,0.5,0.8846654699244544,0.1153345300755456,7.23460076e-21,0.10207111485806349,0.013263415217482127,-1.4028770128138704e-21,-0.1939121534626149
dimer,526.0,0.1,0.5,0.8859620476735345,0.11403795232646552,7.26221374e-21,0.10077853566912345,0.01325941665734206,-1.3837454149688209e-21,-0.19054044186928887
dimer,528.0,0.1,0.5,0.8872331537693523,0.1127668462306477,7.28982672e-21,0.09951157927524452,0.01325526695540317,-1.3650004262686801e-21,-0.18724730761071917
dimer,530.0,0.1,0.5,0.8884794009499304,0.11152059905006952,7.3174397e-21,0.09826962571942896,0.013250973330640554,-1.346632528803302e-21,-0.18403056041627536
dimer,532.0,0.1,0.5,0.889701385476759,0.1102986145232409,7.34505268e-21,0.0970520717936256,0.013246542729615297,-1.3286324662578725e-21,-0.18088807856690176
dimer,534.0,0.1,0.5,0.8908996875882107,0.10910031241178932,7.37266566e-21,0.09585833057538463,0.013241981836404682,-1.3109912365157807e-21,-0.17781780660806212
dimer,536.0,0.1,0.5,0.892074871942183,0.10792512805781693,7.400278640000001e-21,0.09468783097563244,0.013237297082184506,-1.2937000844469545e-21,-0.17481775313894862
dimer,538.0,0.1,0.5,0.8932274880480267,0.10677251195197336,7.42789162e-21,0.09354001729749954,0.013232494654473827,-1.27675049487995e-21,-0.17188598867574081
dimer,540.0,0.1,0.5,0.8943580706878389,0.10564192931216107,7.455504600000001e-21,0.09241434880610847,0.01322758050605261,-1.260134185755678e-21,-0.16902064358671012
dimer,542.0,0.1,0.5,0.8954671403272216,0.10453285967277838,7.48311758e-21,0.09131029930921603,0.013222560363562362,-1.2438431014604741e-21,-0.16621990609700857
dimer,544.0,0.1,0.5,0.8965552035156189,0.10344479648438104,7.510730560000001e-21,0.09022735674858108,0.013217439735799965,-1.2278694063359417e-21,-0.16348202036100487
dimer,546.0,0.1,0.5,0.897622753276363,0.10237724672363706,7.53834354e-21,0.08916502280192261,0.013212223921714457,-1.2122054783628844e-21,-0.1608052846000813
dimer,548.0,0.1,0.5,0.8986702694865701,0.10132973051342989,7.565956520000001e-21,0.0881228124953135,0.0132069180181164,-1.1968439030163796e-21,-0.15818804930382807
dimer,550.0,0.1,0.5,0.8996982192470407,0.10030178075295929,7.5935695e-21,0.08710025382584996,0.013201526927109316,-1.1817774672890262e-21,-0.15562871549263177
dimer,552.0,0.1,0.5,0.9007070572423227,0.09929294275767726,7.621182480000001e-21,0.08609688739442473,0.01319605536325254,-1.1669991538791711e-21,-0.1531257330396806
dimer,554.0,0.1,0.5,0.901697226091109,0.09830277390889097,7.64879546e-21,0.08511226604842667,0.013190507860464298,-1.1525021355409356e-21,-0.15067759905047004
dimer,556.0,0.1,0.5,0.9026691566871456,0.09733084331285435,7.676408440000001e-21,0.08414595453418039,0.013184888778673963,-1.1382797695926963e-21,-0.14828285629792468
dimer,558.0,0.1,0.5,0.9036232685308304,0.09637673146916961,7.70402142e-21,0.08319752915893755,0.013179202310232074,-1.1243255925806816e-21,-0.14594009171130803
dimer,560.0,0.1,0.5,0.9045599700516891,0.0954400299483108,7.731634400000001e-21,0.0822665774622245,0.013173452486086298,-1.1106333150942728e-21,-0.1436479349171338
dimer,562.0,0.1,0.5,0.9054796589219171,0.09452034107808298,7.75924738e-21,0.08135269789635126,0.013167643181731721,-1.0971968167295901e-21,-0.14140505683034302
dimer,564.0,0.1,0.5,0.9063827223611776,0.09361727763882252,7.786860360000001e-21,0.08045549951587946,0.01316177812294306,-1.0840101411978941e-21,-0.1392101682940535
dimer,566.0,0.1,0.5,0.9072695374328517,0.09273046256714836,7.81447334e-21,0.0795746016758517,0.013155860891296651,-1.0710674915753895e-21,-0.1370620187662435
dimer,568.0,0.1,0.5,0.9081404713319327,0.09185952866806736,7.842086320000001e-21,0.07870963373857774,0.013149894929489625,-1.0583632256909445e-21,-0.13495939505176785
dimer,570.0,0.1,0.5,0.9089958816647582,0.09100411833524187,7.8696993e-21,0.07786023478877846,0.013143883546463422,-1.0458918516483362e-21,-0.1329011200781631
dimer,572.0,0.1,0.5,0.9098361167207778,0.09016388327922219,7.897312280000001e-21,0.07702605335688359,0.013137829922338608,-1.0336480234795796e-21,-0.1308860517137331
dimer,574.0,0.1,0.5,0.9106615157365467,0.08933848426345317,7.92492526e-21,0.07620674715028526,0.013131737113167908,-1.0216265369259853e-21,-0.1289130816264613
dimer,576.0,0.1,0.5,0.9114724091521408,0.08852759084785919,7.952538240000001e-21,0.07540198279234529,0.013125608055513898,-1.0098223253435833e-21,-0.12698113418233412
dimer,578.0,0.1,0.5,0.9122691188601812,0.0877308811398188,7.98015122e-21,0.07461143556896123,0.013119445570857587,-9.982304557296243e-22,-0.12508916538170867
dimer,580.0,0.1,0.5,0.9130519584476617,0.08694804155233828,8.0077642e-21,0.07383478918249393,0.013113252369844335,-9.86846124866873e-22,-0.12323616183239675
dimer,582.0,0.1,0.5,0.9138212334307626,0.08617876656923726,8.03537718e-21,0.07307173551286444,0.013107031056372813,-9.756646555825162e-22,-0.1214211397581857
dimer,584.0,0.1,0.5,0.9145772414828384,0.08542275851716169,8.06299016e-21,0.07232197438562907,0.013100784131532628,-9.646814931184922e-22,-0.11964314404155148
dimer,586.0,0.1,0.5,0.9153202726557592,0.08467972734424074,8.09060314e-21,0.07158521334684419,0.01309451399739656,-9.538922016101535e-22,-0.11790124729936431
dimer,588.0,0.1,0.5,0.9160506095947891,0.08394939040521084,8.11821612e-21,0.07086116744453849,0.013088222960672337,-9.432924606702137e-22,-0.11619454899042694
dimer,590.0,0.1,0.5,0.9167685277471739,0.08323147225282615,8.1458291e-21,0.07014955901660681,0.01308191323621933,-9.328780620749774e-22,-0.11452217455372066
dimer,592.0,0.1,0.5,0.9174742955646127,0.08252570443538733,8.17344208e-21,0.06945011748495215,0.013075586950435173,-9.226449065499438e-22,-0.11288327457627788
dimer,594.0,0.1,0.5,0.9181681746997867,0.08183182530021321,8.201055060000001e-21,0.06876257915569624,0.013069246144516974,-9.125890006518932e-22,-0.11127702398962959
dimer,596.0,0.1,0.5,0.9188504201971068,0.08114957980289311,8.22866804e-21,0.06808668702529118,0.013062892777601942,-9.02706453744676e-22,-0.1097026212938195
dimer,598.0,0.1,0.5,0.9195212806778472,0.08047871932215284,8.256281020000001e-21,0.06742219059236108,0.013056528729791753,-8.92993475065939e-22,-0.10815928780800375
dimer,600.0,0.1,0.5,0.9201809985198232,0.07981900148017698,8.283894e-21,0.06676884567511192,0.013050155805065062,-8.834463708821391e-22,-0.1066462669466967
dimer,602.0,0.1,0.5,0.9208298100317701,0.07917018996822993,8.311506980000001e-21,0.0661264142341476,0.01304377573408233,-8.740615417292067e-22,-0.10516282352074817
dimer,604.0,0.1,0.5,0.9214679456225774,0.07853205437742254,8.33911996e-21,0.06549466420053567,0.013037390176886873,-8.648354797363273e-22,-0.10370824306217646
dimer,606.0,0.1,0.5,0.922095629965524,0.07790437003447616,8.366732940000001e-21,0.06487336930896999,0.013031000725506175,-8.557647660303445e-22,-0.10228183117200636
dimer,608.0,0.1,0.5,0.9227130821576627,0.07728691784233742,8.39434592e-21,0.06426230893588039,0.013024608906457026,-8.468460682183769e-22,-0.10088291289029662
dimer,610.0,0.1,0.5,0.9233205158744985,0.07667948412550156,8.421958900000001e-21,0.06366126794234338,0.013018216183158182,-8.380761379462741e-22,-0.09951083208756505
dimer,612.0,0.1,0.5,0.9239181395200933,0.07608186047990675,8.44957188e-21,0.0630700365216528,0.013011823958253963,-8.29451808530635e-22,-0.09816495087685259
dimer,614.0,0.1,0.5,0.9245061563727375,0.0754938436272625,8.477184860000001e-21,0.06248841005141043,0.013005433575852068,-8.209699926621312e-22,-0.09684464904568933
dimer,616.0,0.1,0.5,0.9250847647263173,0.07491523527368264,8.50479784e-21,0.061916188950003635,0.012999046323679006,-8.126276801779933e-22,-0.09554932350725849
dimer,618.0,0.1,0.5,0.9256541580275078,0.07434584197249226,8.532410820000001e-21,0.061353178537336295,0.012992663435155954,-8.044219359015117e-22,-0.09427838777007125
dimer,620.0,0.1,0.5,0.9262145250089133,0.07378547499108677,8.5600238e-21,0.06079918889968853,0.01298628609139825,-7.963498975465319e-22,-0.09303127142549907
dimer,622.0,0.1,0.5,0.9267660498182813,0.07323395018171874,8.587636780000001e-21,0.06025403475857745,0.012979915423141293,-7.884087736849236e-22,-0.09180741965252559
dimer,624.0,0.1,0.5,0.9273089121439035,0.07269108785609647,8.61524976e-21,0.059717535343500924,0.012973552512595549,-7.805958417751016e-22,-0.09060629273910935
dimer,626.0,0.1,0.5,0.927843287336321,0.07215671266367893,8.642862740000001e-21,0.059189514268445466,0.012967198395233462,-7.729084462497038e-22,-0.08942736561956596
dimer,628.0,0.1,0.5,0.928369346526445,0.07163065347355498,8.67047572e-21,0.05866979941204438,0.012960854061510606,-7.653439966606105e-22,-0.08827012742740377
dimer,630.0,0.1,0.5,0.9288872567402009,0.0711127432597991,8.698088700000001e-21,0.0581582228012752,0.012954520458523909,-7.578999658795197e-22,-0.08713408106306385
dimer,632.0,0.1,0.5,0.9293971810098016,0.07060281899019834,8.72570168e-21,0.05765462049858964,0.012948198491608701,-7.505738883523678e-22,-0.08601874277603859
dimer,634.0,0.1,0.5,0.929899278481753,0.07010072151824691,8.753314660000001e-21,0.05715883249236925,0.012941889025877663,-7.433633584059151e-22,-0.08492364176085897
dimer,636.0,0.1,0.5,0.9303937045216888,0.06960629547831121,8.78092764e-21,0.05667070259060816,0.012935592887703035,-7.362660286048859e-22,-0.08384831976646215
dimer,638.0,0.1,0.5,0.9308806108161334,0.06911938918386665,8.808540620000001e-21,0.05619007831772172,0.012929310866144923,-7.292796081580837e-22,-0.08279233071846623
dimer,640.0,0.1,0.5,0.931360145471286,0.0686398545287141,8.8361536e-21,0.055716810814386966,0.012923043714327129,-7.224018613719667e-22,-0.08175524035389863
dimer,642.0,0.1,0.5,0.9318324531089156,0.06816754689108435,8.86376658e-21,0.05525075474032143,0.012916792150762923,-7.156306061501969e-22,-0.08073662586793852
dimer,644.0,0.1,0.5,0.9322976749594567,0.06770232504054324,8.89137956e-21,0.054791768179910896,0.01291055686063235,-7.089637125377405e-22,-0.07973607557225242
dimer,646.0,0.1,0.5,0.9327559489523893,0.06724405104761068,8.91899254e-21,0.054339712550597746,0.01290433849701293,-7.023991013081285e-22,-0.07875318856451566
dimer,648.0,0.1,0.5,0.9332074098039882,0.06679259019601179,8.94660552e-21,0.05389445251394617,0.012898137682065618,-6.95934742592528e-22,-0.07778757440872704
dimer,650.0,0.1,0.5,0.9336521891025208,0.06634781089747921,8.9742185e-21,0.053455855889301726,0.012891955008177487,-6.8956865454933175e-22,-0.07683885282594041
dimer,652.0,0.1,0.5,0.9340904153909715,0.06590958460902856,9.00183148e-21,0.0530237935699656,0.012885791039062958,-6.832989020729937e-22,-0.07590665339504818
dimer,654.0,0.1,0.5,0.9345222142473686,0.06547778575263141,9.02944446e-21,0.05259813944180648,0.012879646310824935,-6.7712359554089755e-22,-0.07499061526326699
dimer,656.0,0.1,0.5,0.9349477083627873,0.06505229163721274,9.057057440000001e-21,0.0521787703042353,0.012873521332977441,-6.71040889597061e-22,-0.07409038686598646
dimer,658.0,0.1,0.5,0.9353670176170985,0.0646329823829014,9.08467042e-21,0.05176556579347021,0.012867416589431184,-6.6504898197154375e-22,-0.07320562565565739
dimer,660.0,0.1,0.5,0.9357802591525352,0.06421974084746487,9.112283400000001e-21,0.0513584083080215,0.012861332539443373,-6.591461123344363e-22,-0.07233599783940392
dimer,662.0,0.1,0.5,0.9361875474451384,0.06381245255486166,9.13989638e-21,0.05095718293632853,0.012855269618533125,-6.533305611833604e-22,-0.07148117812505883
dimer,664.0,0.1,0.5,0.9365889943741534,0.06341100562584652,9.167509360000001e-21,0.05056177738648271,0.01284922823936381,-6.476006487634354e-22,-0.07064084947532961
dimer,666.0,0.1,0.5,0.9369847092894342,0.06301529071056575,9.19512234e-21,0.05017208191797229,0.012843208792593463,-6.419547340187046e-22,-0.06981470286981571
dimer,668.0,0.1,0.5,0.9373747990769178,0.06262520092308216,9.222735320000001e-21,0.04978798927538766,0.01283721164769449,-6.363912135740428e-22,-0.06900243707460561
dimer,670.0,0.1,0.5,0.9377593682222302,0.06224063177776992,9.2503483e-21,0.04940939462402619,0.01283123715374374,-6.309085207466033e-22,-0.06820375841919414
dimer,672.0,0.1,0.5,0.938138518872476,0.06186148112752391,9.277961280000001e-21,0.0490361954873397,0.01282528564018422,-6.255051245858794e-22,-0.06741838058046729
dimer,674.0,0.1,0.5,0.9385123508962735,0.06148764910372642,9.30557426e-21,0.04866829168616723,0.01281935741755919,-6.201795289415101e-22,-0.0666460243735146
dimer,676.0,0.1,0.5,0.9388809619420806,0.06111903805791929,9.333187240000001e-21,0.04830558527969925,0.012813452778220037,-6.149302715579532e-22,-0.06588641754903368
dimer,678.0,0.1,0.5,0.9392444474948713,0.06075555250512865,9.36080022e-21,0.04794798050812021,0.012807571997008448,-6.09755923195212e-22,-0.06513929459710358
dimer,680.0,0.1,0.5,0.9396029009312076,0.06039709906879243,9.388413200000001e-21,0.04759538373687813,0.012801715331914307,-6.046550867747981e-22,-0.06440439655710914
dimer,682.0,0.1,0.5,0.939956413572758,0.06004358642724208,9.41602618e-21,0.047247703402532315,0.012795883024709765,-5.996263965501644e-22,-0.06368147083360853
dimer,684.0,0.1,0.5,0.9403050747383088,0.05969492526169117,9.443639160000001e-21,0.046904849960130494,0.012790075301560686,-5.946685173008427e-22,-0.06297027101794121
dimer,686.0,0.1,0.5,0.9406489717943144,0.059351028205685545,9.47125214e-21,0.046566735832069446,0.012784292373616096,-5.897801435495693e-22,-0.06227055671538371
dimer,688.0,0.1,0.5,0.9409881902040299,0.05901180979597002,9.498865120000001e-21,0.04623327535839346,0.012778534437576561,-5.849599988016789e-22,-0.06158209337766434
dimer,690.0,0.1,0.5,0.9413228135752695,0.058677186424730535,9.5264781e-21,0.045904384748488375,0.012772801676242165,-5.80206834806098e-22,-0.06090465214065815
dimer,692.0,0.1,0.5,0.9416529237068318,0.05834707629316813,9.554091080000001e-21,0.04557998203412722,0.01276709425904091,-5.755194308372644e-22,-0.060238009667086444
dimer,694.0,0.1,0.5,0.9419786006336339,0.05802139936636617,9.58170406e-21,0.04525998702382801,0.012761412342538157,-5.708965929973419e-22,-0.059581947994054606
dimer,696.0,0.1,0.5,0.9422999226705884,0.05770007732941165,9.609317040000001e-21,0.04494432125848364,0.012755756070928015,-5.66337153538102e-22,-0.05893625438526502
dimer,698.0,0.1,0.5,0.9426169664552677,0.05738303354473225,9.63693002e-21,0.04463290796822528,0.012750125576506979,-5.618399702018823e-22,-0.05830072118775044
dimer,700.0,0.1,0.5,0.9429298069893867,0.057070193010613425,9.664543000000001e-21,0.04432567203048259,0.012744520980130831,-5.574039255810319e-22,-0.05767514569297604
superlattice,120.0,0.0001,0.5,1.946239627220119e-19,1.0,1.6567788e-21,0.9999999999997301,2.6983732317284523e-13,-9.412133423007566e-20,-56.80983739656474
superlattice,122.0,0.0001,0.5,4.93922247111669e-19,1.0,1.68439178e-21,0.9999999999995741,4.259198520611088e-13,-9.412133422859943e-20,-55.878528585908576
superlattice,124.0,0.0001,0.5,1.2163923909211452e-18,1.0,1.71200476e-21,0.9999999999993375,6.624595545675221e-13,-9.412133422649649e-20,-54.97726199458492
superlattice,126.0,0.0001,0.5,2.9111388839548497e-18,1.0,1.73961774e-21,0.999999999998984,1.016016992472868e-12,-9.412133422353539e-20,-54.10460704058777
superlattice,128.0,0.0001,0.5,6.7796729184149254e-18,1.0,1.76723072e-21,0.9999999999984625,1.5375815438021264e-12,-9.412133421941283e-20,-53.259222553245806
superlattice,130.0,0.0001,0.5,1.538359240666538e-17,1.0,1.7948437e-21,0.9999999999977025,2.297411677922429e-12,-9.412133421373461e-20,-52.439849895416856
superlattice,132.0,0.0001,0.5,3.405049920785503e-17,1.0,1.82245668e-21,0.9999999999966088,3.391209612890712e-12,-9.412133420599322e-20,-51.645306710935486
superlattice,134.0,0.0001,0.5,7.36018504033582e-17,0.9999999999999999,1.8500696600000002e-21,0.9999999999950518,4.947914958582491e-12,-9.412133419554168e-20,-50.874481231988675
superlattice,136.0,0.0001,0.5,1.5552777024834871e-16,0.9999999999999999,1.8776826400000002e-21,0.9999999999928604,7.13944281423361e-12,-9.412133418156105e-20,-50.12632708877845
superlattice,138.0,0.0001,0.5,3.215949424427146e-16,0.9999999999999997,1.9052956200000002e-21,0.9999999999898069,1.0192734713263118e-11,-9.412133416302619e-20,-49.39985857051735
superlattice,140.0,0.0001,0.5,6.513226074059795e-16,0.9999999999999993,1.9329086000000003e-21,0.9999999999855949,1.4404535280111319e-11,-9.412133413866172e-20,-48.694146292619166
superlattice,142.0,0.0001,0.5,1.2931522514961484e-15,0.9999999999999987,1.9605215800000003e-21,0.9999999999798395,2.015935289351491e-11,-9.412133410689296e-20,-48.00831323004001
superlattice,144.0,0.0001,0.5,2.5190074918206854e-15,0.9999999999999974,1.9881345600000003e-21,0.9999999999720465,2.7951108381183872e-11,-9.412133406579171e-20,-47.34153108117174
superlattice,146.0,0.0001,0.5,4.818097283746564e-15,0.9999999999999952,2.01574754e-21,0.9999999999615862,3.840902109153705e-11,-9.412133401301259e-20,-46.69301693058873
superlattice,148.0,0.0001,0.5,9.055441165315116e-15,0.9999999999999909,2.04336052e-21,0.9999999999476626,5.232832584966733e-11,-9.412133394571971e-20,-46.06203018237805
superlattice,150.0,0.0001,0.5,1.6735399607822977e-14,0.9999999999999832,2.0709735e-21,0.9999999999292769,7.070645653544874e-11,-9.412133386051093e-20,-45.447869738802034
superlattice,152.0,0.0001,0.5,3.0432907261229266e-14,0.9999999999999696,2.09858648e-21,0.9999999999051842,9.478537154477128e-11,-9.412133375332205e-20,-44.84987140168846
superlattice,154.0,0.0001,0.5,5.4488537618265394e-14,0.9999999999999455,2.12619946e-21,0.9999999998738448,1.261007324453046e-10,-9.412133361933533e-20,-44.267405476311865
superlattice,156.0,0.0001,0.5,9.611267484974113e-14,0.9999999999999039,2.15381244e-21,0.9999999998333652,1.6653867897929972e-10,-9.412133345286358e-20,-43.6998745595803
superlattice,158.0,0.0001,0.5,1.6711532920429624e-13,0.9999999999998329,2.18142542e-21,0.999999999781432,2.1840097050570725e-10,-9.41213332472356e-20,-43.14671149620857
superlattice,160.0,0.0001,0.5,2.865800950935992e-13,0.9999999999997135,2.2090384e-21,0.9999999997152341,2.844792853787071e-10,-9.412133299466222e-20,-42.60737748816961
superlattice,162.0,0.0001,0.5,4.84944798195972e-13,0.999999999999515,2.23665138e-21,0.9999999996313755,3.681394850681488e-10,-9.412133268609592e-20,-42.08136034418378
superlattice,164.0,0.0001,0.5,8.101524068662089e-13,0.9999999999991899,2.2642643600000002e-21,0.9999999995257732,4.734166585600463e-10,-9.412133231107647e-20,-41.56817285728795
superlattice,166.0,0.0001,0.5,1.3368130577569189e-12,0.9999999999986632,2.2918773400000002e-21,0.9999999993935413,6.051217643446627e-10,-9.412133185756631e-20,-41.06735129968443
superlattice,168.0,0.0001,0.5,2.1796961886527064e-12,0.9999999999978203,2.3194903200000002e-21,0.9999999992288595,7.689606818162339e-10,-9.412133131177202e-20,-40.57845402509462
superlattice,170.0,0.0001,0.5,3.5133819048142065e-12,0.9999999999964866,2.3471033000000003e-21,0.9999999990248202,9.716664709844177e-10,-9.412133065795382e-20,-40.10106016976492
superlattice,172.0,0.0001,0.5,5.600581741207161e-12,0.9999999999943994,2.3747162800000003e-21,0.9999999987732539,1.2211456189510361e-09,-9.412132987822587e-20,-39.634768444096345
superlattice,174.0,0.0001,0.5,8.832539069464431e-12,0.9999999999911675,2.4023292600000003e-21,0.9999999984645284,1.5266390236568178e-09,-9.412132895233727e-20,-39.17919600760192
superlattice,176.0,0.0001,0.5,1.3786097510035776e-11,0.9999999999862139,2.42994224e-21,0.9999999980873155,1.898898430077119e-09,-9.41213278574458e-20,-38.733977420568564
superlattice,178.0,0.0001,0.5,2.130355337914128e-11,0.9999999999786965,2.45755522e-21,0.9999999976283175,2.3503789915633405e-09,-9.412132656787764e-20,-38.298763666387785
superlattice,180.0,0.0001,0.5,3.2603371370912546e-11,0.9999999999673966,2.4851682e-21,0.999999997071948,2.8954485797034225e-09,-9.41213250548693e-20,-37.8732212390571
superlattice,182.0,0.0001,0.5,4.943234365950374e-11,0.9999999999505677,2.51278118e-21,0.9999999963999532,3.550614410310814e-09,-9.41213232862981e-20,-37.45703129084169
superlattice,184.0,0.0001,0.5,7.427293211556525e-11,0.9999999999257271,2.54039416e-21,0.9999999955909595,4.3347674914238385e-09,-9.41213212264e-20,-37.049888835518345
superlattice,186.0,0.0001,0.5,1.1062349255119114e-10,0.9999999998893765,2.56800714e-21,0.9999999946199313,5.269445332051416e-09,-9.41213188354662e-20,-36.651502003014755
superlattice,188.0,0.0001,0.5,1.6337400257261823e-10,0.999999999836626,2.59562012e-21,0.9999999934575128,6.379113278442352e-09,-9.412131606952283e-20,-36.26159134161852
superlattice,190.0,0.0001,0.5,2.3930598905245204e-10,0.999999999760694,2.6232331e-21,0.9999999920692292,7.691464768534718e-09,-9.412131287999408e-20,-35.87988916425081
superlattice,192.0,0.0001,0.5,3.477527922882575e-10,0.9999999996522472,2.65084608e-21,0.9999999904145065,9.23774071564811e-09,-9.412130921333987e-20,-35.506138935588396
superlattice,194.0,0.0001,0.5,5.014653547851293e-10,0.9999999994985347,2.6784590600000002e-21,0.9999999884454664,1.1053068150132164e-08,-9.412130501066669e-20,-35.14009469708553
superlattice,196.0,0.0001,0.5,7.177396564254596e-10,0.9999999992822604,2.7060720400000002e-21,0.9999999861054422,1.3176818163312504e-08,-9.41213002073091e-20,-34.781520527187844
superlattice,198.0,0.0001,0.5,1.019875039008655e-09,0.9999999989801249,2.7336850200000003e-21,0.9999999833271419,1.565298311241869e-08,-9.412129473237756e-20,-34.430190034248184
superlattice,200.0,0.0001,0.5,1.4390483085408286e-09,0.9999999985609517,2.7612980000000003e-21,0.9999999800303788,1.8530572958970308e-08,-9.412128850825357e-20,-34.08588587984838
superlattice,202.0,0.0001,0.5,2.016707043038405e-09,0.999999997983293,2.7889109800000003e-21,0.9999999761192624,2.186403052707368e-08,-9.412128145004619e-20,-33.74839933042473
superlattice,204.0,0.0001,0.5,2.807607370073565e-09,0.9999999971923926,2.8165239600000003e-21,0.9999999714787272,2.5713665382921904e-08,-9.412127346497254e-20,-33.417529835241496
superlattice,206.0,0.0001,0.5,3.883647048012473e-09,0.9999999961163529,2.8441369400000004e-21,0.999999965970247,3.014610595319937e-08,-9.412126445166837e-20,-33.0930846289238
superlattice,208.0,0.0001,0.5,5.3386744564264906e-09,0.9999999946613255,2.8717499200000004e-21,0.9999999594265561,3.523476941868507e-08,-9.412125429940605e-20,-32.77487835688911
superlattice,210.0,0.0001,0.5,7.2944885741549734e-09,0.9999999927055114,2.8993629e-21,0.9999999516451625,4.106034884073494e-08,-9.41212428871972e-20,-32.462732722142924
superlattice,212.0,0.0001,0.5,9.908284726915509e-09,0.9999999900917153,2.92697588e-21,0.9999999423803984,4.771131690306314e-08,-9.412123008276524e-20,-32.156476152022556
superlattice,214.0,0.0001,0.5,1.3381846376004962e-08,0.9999999866181536,2.95458886e-21,0.9999999313337081,5.528444557981919e-08,-9.41212157413485e-20,-31.855943483571007
superlattice,216.0,0.0001,0.5,1.7972835075176558e-08,0.9999999820271649,2.98220184e-21,0.999999918141824,6.388534097385589e-08,-9.412119970431924e-20,-31.56097566632822
superlattice,218.0,0.0001,0.5,2.400858954408246e-08,0.9999999759914104,3.00981482e-21,0.999999902362418,7.362899250663275e-08,-9.41211817975577e-20,-31.271419481401082
superlattice,220.0,0.0001,0.5,3.190291120964894e-08,0.9999999680970888,3.0374278e-21,0.9999998834567532,8.464033558384593e-08,-9.412116182956149e-20,-30.987127275769808
superlattice,222.0,0.0001,0.5,4.217638817849346e-08,0.9999999578236118,3.06504078e-21,0.999999860768785,9.705482680873553e-08,-9.412113958922014e-20,-30.70795671084681
superlattice,224.0,0.0001,0.5,5.5480893057062374e-08,0.9999999445191069,3.0926537600000002e-21,0.9999998335000762,1.110190307684897e-07,-9.412111484320569e-20,-30.433770524381522
superlattice,226.0,0.0001,0.5,7.262898296467043e-08,0.9999999273710171,3.1202667400000002e-21,0.9999998006797998,1.2669121737824296e-07,-9.412108733290998e-20,-30.164436304862182
superlattice,228.0,0.0001,0.5,9.462903311503922e-08,0.9999999053709668,3.1478797200000003e-21,0.9999997611289981,1.442419687320467e-07,-9.41210567708489e-20,-29.899826277621845
superlattice,230.0,0.0001,0.5,1.227270490884157e-07,0.9999998772729509,3.1754927000000003e-21,0.9999997134181565,1.6385479438084907e-07,-9.412102283644738e-20,-29.63981710190906
superlattice,232.0,0.0001,0.5,1.5845622797328157e-07,0.999999841543772,3.2031056800000003e-21,0.9999996558170181,1.8572675393399847e-07,-9.412098517110448e-20,-29.384289678230182
superlattice,234.0,0.0001,0.5,2.0369547549139608e-07,0.9999997963045245,3.2307186600000003e-21,0.9999995862354386,2.1006908586290446e-07,-9.412094337242683e-20,-29.13312896531412
superlattice,236.0,0.0001,0.5,2.6073823556538877e-07,0.9999997392617644,3.2583316400000004e-21,0.9999995021539231,2.3710784137321962e-07,-9.412089698749939e-20,-28.8862238060885
superlattice,238.0,0.0001,0.5,3.3237315103537315e-07,0.999999667626849,3.2859446200000004e-21,0.9999994005423268,2.670845222049714e-07,-9.412084550505828e-20,-28.64346676209603
superlattice,240.0,0.0001,0.5,4.2197824982153146e-07,0.9999995780217502,3.3135576e-21,0.999999277765029,3.002567212182561e-07,-9.412078834639864e-20,-28.404753955808292
superlattice,242.0,0.0001,0.5,5.336305401479793e-07,0.9999994663694598,3.34117058e-21,0.9999991294706952,3.368987646251229e-07,-9.41207248548466e-20,-28.16998492032891
superlattice,244.0,0.0001,0.5,6.722331018094075e-07,0.9999993277668981,3.36878356e-21,0.9999989504645435,3.7730235473572105e-07,-9.412065428359778e-20,-27.939062456003487
superlattice,246.0,0.0001,0.5,8.436619781247911e-07,0.9999991563380218,3.39639654e-21,0.9999987345608098,4.217772120983203e-07,-9.412057578170473e-20,-27.711892493479198
superlattice,248.0,0.0001,0.5,1.0549354053514308e-06,0.9999989450645946,3.42400952e-21,0.9999984744128787,4.7065171592791694e-07,-9.412048837797521e-20,-27.48838396278034
superlattice,250.0,0.0001,0.5,1.314408163012562e-06,0.999998685591837,3.4516225e-21,0.9999981613182952,5.242735417362971e-07,-9.41203909625216e-20,-27.268448667987766
superlattice,252.0,0.0001,0.5,1.6319940898152612e-06,0.9999983680059101,3.47923548e-21,0.9999977849956152,5.830102950972496e-07,-9.412028226567332e-20,-27.052001167128047
superlattice,254.0,0.0001,0.5,2.0194200854972227e-06,0.9999979805799145,3.50684846e-21,0.999997333329774,6.472501405031223e-07,-9.412016083393991e-20,-26.838958656896143
superlattice,256.0,0.0001,0.5,2.4905152088320335e-06,0.9999975094847912,3.53446144e-21,0.9999967920823669,7.174024242928604e-07,-9.41200250026862e-20,-26.629240861851414
superlattice,258.0,0.0001,0.5,3.0615387858246724e-06,0.9999969384612142,3.56207442e-21,0.9999961445629236,7.938982906560566e-07,-9.411987286515128e-20,-26.422769927740948
superlattice,260.0,0.0001,0.5,3.7515517594086246e-06,0.9999962484482406,3.5896874e-21,0.9999953712569509,8.771912897415388e-07,-9.411970223741249e-20,-26.219470318616736
superlattice,262.0,0.0001,0.5,4.5828358421606065e-06,0.9999954171641579,3.61730038e-21,0.9999944494061809,9.677579769221947e-07,-9.411951061886705e-20,-26.019268717425962
superlattice,264.0,0.0001,0.5,5.5813653759998545e-06,0.999994418634624,3.64491336e-21,0.9999933525361216,1.0660985022884491e-06,-9.411929514776549e-20,-25.822093929762293
superlattice,266.0,0.0001,0.5,6.777337156729206e-06,0.9999932226628433,3.67252634e-21,0.9999920499256538,1.172737189461066e-06,-9.411905255130954e-20,-25.627876790479203
superlattice,268.0,0.0001,0.5,8.205763845658173e-06,0.9999917942361544,3.7001393200000004e-21,0.9999905060130515,1.288223102827475e-06,-9.411877908977764e-20,-25.43655007287067
superlattice,270.0,0.0001,0.5,9.907136964342483e-06,0.9999900928630356,3.7277523000000004e-21,0.9999886797324333,1.4131306023149352e-06,-9.411847049411925e-20,-25.248048400136252
superlattice,272.0,0.0001,0.5,1.1928165850442083e-05,0.9999880718341495,3.7553652800000004e-21,0.9999865237742648,1.5480598848158823e-06,-9.41181218964159e-20,-25.06230815885263
superlattice,274.0,0.0001,0.5,1.4322599341453223e-05,0.9999856774006586,3.7829782600000005e-21,0.9999839837631472,1.6936375113755136e-06,-9.41177277525715e-20,-24.879267414180564
superlattice,276.0,0.0001,0.5,1.7152137347059183e-05,0.9999828478626529,3.8105912400000005e-21,0.9999809973457338,1.8505169192374388e-06,-9.411728175656003e-20,-24.698865826542974
superlattice,278.0,0.0001,0.5,2.0487439868333227e-05,0.9999795125601316,3.8382042200000005e-21,0.9999774931812139,2.0193789178179206e-06,-9.411677674551731e-20,-24.52104456951415
superlattice,280.0,0.0001,0.5,2.4409241421111902e-05,0.9999755907585789,3.8658172000000005e-21,0.9999733898264113,2.2009321676425057e-06,-9.411620459493093e-20,-24.345746248666625
superlattice,282.0,0.0001,0.5,2.900957921941185e-05,0.9999709904207806,3.8934301800000006e-21,0.9999685945071394,2.3959136412275643e-06,-9.411555610313826e-20,-24.172914821125225
superlattice,284.0,0.0001,0.5,3.4393143870464174e-05,0.9999656068561296,3.9210431600000006e-21,0.9999630017670647,2.605089064823156e-06,-9.411482086431426e-20,-24.002495515584748
superlattice,286.0,0.0001,0.5,4.067876172320428e-05,0.9999593212382768,3.9486561400000006e-21,0.9999564919849369,2.829253339849049e-06,-9.411398712908431e-20,-23.834434752549583
superlattice,288.0,0.0001,0.5,4.800101839406079e-05,0.9999519989816059,3.976269120000001e-21,0.9999489297506632,3.06923094275277e-06,-9.411304165186979e-20,-23.66868006456006
superlattice,290.0,0.0001,0.5,5.651203336449117e-05,0.9999434879666355,4.0038821e-21,0.9999401620903337,3.325876301892519e-06,-9.411196952403317e-20,-23.505180016173096
superlattice,292.0,0.0001,0.5,6.638339590047873e-05,0.9999336166040995,4.03149508e-21,0.9999300165299496,3.600074149899077e-06,-9.411075399186148e-20,-23.343884123470513
superlattice,294.0,0.0001,0.5,7.780827288130124e-05,0.9999221917271187,4.05910806e-21,0.9999182989872688,3.892739849794365e-06,-9.410937625838947e-20,-23.184742772871505
superlattice,296.0,0.0001,0.5,9.100369943911509e-05,0.9999089963005608,4.08672104e-21,0.999904791480868,4.204819692940768e-06,-9.410781526804182e-20,-23.027707139032376
superlattice,298.0,0.0001,0.5,0.00010621306359752795,0.9998937869364025,4.11433402e-21,0.9998892496452357,4.537291166657414e-06,-9.410604747303669e-20,-22.872729101619388
superlattice,300.0,0.0001,0.5,0.00012370879635123286,0.9998762912036487,4.141947e-21,0.9998714000404597,4.891163189070566e-06,-9.410404658048108e-20,-22.71976116074906
superlattice,302.0,0.0001,0.5,0.00014379527884408698,0.9998562047211559,4.16955998e-21,0.9998509372448474,5.267476308456447e-06,-9.410178327906031e-20,-22.568756350894443
superlattice,304.0,0.0001,0.5,0.0001668119784733301,0.9998331880215267,4.19717296e-21,0.9998275207186627,5.667302863986827e-06,-9.409922494420693e-20,-22.419668153062467
superlattice,306.0,0.0001,0.5,0.00019313682586577513,0.9998068631741343,4.22478594e-21,0.9998007714270299,6.091747104396714e-06,-9.409633532063588e-20,-22.272450405057892
superlattice,308.0,0.0001,0.5,0.00022318984472968208,0.9997768101552703,4.25239892e-21,0.9997702682100097,6.54194526065528e-06,-9.409307418110723e-20,-22.127057209653138
superlattice,310.0,0.0001,0.5,0.00025743704657477004,0.9997425629534252,4.2800119e-21,0.999735543887857,7.019065568233963e-06,-9.408939696030097e-20,-21.983442840497936
superlattice,312.0,0.0001,0.5,0.0002963946022023511,0.9997036053977977,4.30762488e-21,0.9996960810895636,7.524308234025927e-06,-9.408525436267933e-20,-21.841561645609058
superlattice,314.0,0.0001,0.5,0.00034063330168676483,0.9996593666983132,4.33523786e-21,0.9996513077929708,8.058905342374651e-06,-9.408059194324395e-20,-21.701367948296138
superlattice,316.0,0.0001,0.5,0.00039078331428564505,0.9996092166857143,4.36285084e-21,0.9996005925650203,8.624120694014684e-06,-9.407534966010768e-20,-21.56281594538943
superlattice,318.0,0.0001,0.5,0.00044753925931626204,0.9995524607406837,4.39046382e-21,0.9995432394911127,9.221249571011557e-06,-9.406946139785434e-20,-21.42585960265454
superlattice,320.0,0.0001,0.5,0.000511665598502653,0.9994883344014973,4.4180768e-21,0.9994784827830774,9.851618420005578e-06,-9.406285446069747e-20,-21.29045254729331
superlattice,322.0,0.0001,0.5,0.0005840023596164653,0.9994159976403836,4.44568978e-21,0.9994054810559383,1.0516584445216456e-05,-9.405544903452197e-20,-21.15654795745149
superlattice,324.0,0.0001,0.5,0.0006654712003842876,0.9993345287996157,4.47330276e-21,0.999323311264514,1.1217535101748542e-05,-9.404715761696826e-20,-21.0240984486747
superlattice,326.0,0.0001,0.5,0.0007570818205946716,0.9992429181794054,4.50091574e-21,0.9992309622919266,1.1955887478748019e-05,-9.403788441482e-20,-20.893055957279483
superlattice,328.0,0.0001,0.5,0.0008599387290859484,0.999140061270914,4.5285287200000004e-21,0.9991273281833533,1.273308756090321e-05,-9.402752470807492e-20,-20.7633716206342
superlattice,330.0,0.0001,0.5,0.0009752483708058067,0.9990247516291942,4.5561417000000004e-21,0.9990112010198385,1.3550609355648379e-05,-9.40159641802146e-20,-20.63499565437453
superlattice,332.0,0.0001,0.5,0.0011043266173775988,0.9988956733826224,4.5837546800000004e-21,0.9988812634287502,1.4409953872227992e-05,-9.400307821436258e-20,-20.50787722661514
superlattice,334.0,0.0001,0.5,0.0012486066225560666,0.9987513933774439,4.6113676600000005e-21,0.9987360807295064,1.5312647937505297e-05,-9.398873115520616e-20,-20.381964329256313
superlattice,336.0,0.0001,0.5,0.0014096470415739138,0.9985903529584261,4.6389806400000005e-21,0.9985740927155939,1.6260242832062052e-05,-9.397277553678819e-20,-20.257203646529593
superlattice,338.0,0.0001,0.5,0.0015891406106347348,0.9984108593893652,4.6665936200000005e-21,0.9983936050766364,1.7254312728734416e-05,-9.395505127653086e-20,-20.133540420974313
superlattice,340.0,0.0001,0.5,0.0017889230796594904,0.9982110769203405,4.6942066000000005e-21,0.9981927804674261,1.8296452914276903e-05,-9.393538483615159e-20,-20.010918317091452
superlattice,342.0,0.0001,0.5,0.002010982487802336,0.9979890175121977,4.7218195800000006e-21,0.9979696292344243,1.9388277773342147e-05,-9.391358835046938e-20,-19.889279282981278
superlattice,344.0,0.0001,0.5,0.0022574687671750586,0.997742531232825,4.7494325600000006e-21,0.9977219998143125,2.0531418512432514e-05,-9.38894587254844e-20,-19.768563410338093
superlattice,346.0,0.0001,0.5,0.0025307036556124645,0.9974692963443875,4.777045540000001e-21,0.9974475688237876,2.1727520599919345e-05,-9.386277670754979e-20,-19.64870879324918
superlattice,348.0,0.0001,0.5,0.002833190894128389,0.9971668091058716,4.804658520000001e-21,0.9971438308649749,2.2978240896668487e-05,-9.383330592593881e-20,-19.529651386325536
superlattice,350.0,0.0001,0.5,0.0031676266789064794,0.9968323733210935,4.832271500000001e-21,0.9968080880766432,2.4285244450269663e-05,-9.380079191166159e-20,-19.411324862781733
superlattice,352.0,0.0001,0.5,0.0035369103311941007,0.9964630896688059,4.85988448e-21,0.9964374394678815,2.5650200924369268e-05,-9.376496109599289e-20,-19.293660473179166
superlattice,354.0,0.0001,0.5,0.003944155141276327,0.9960558448587237,4.88749746e-21,0.9960287700780904,2.7074780633185526e-05,-9.372551979285128e-20,-19.17658690565361
superlattice,356.0,0.0001,0.5,0.004392699334754739,0.9956073006652453,4.91511044e-21,0.9955787400150953,2.8560650149971536e-05,-9.36821531699173e-20,-19.06003014856311
superlattice,358.0,0.0001,0.5,0.004886117100602995,0.995113882899397,4.94272342e-21,0.99508377343194,3.010946745703191e-05,-9.363452421420567e-20,-18.943913356617813
superlattice,360.0,0.0001,0.5,0.0054282296108817225,0.9945717703891183,4.9703364e-21,0.9945400475125143,3.172287660393554e-05,-9.35822726986995e-20,-18.82815672168578
superlattice,362.0,0.0001,0.5,0.006023115951542474,0.9939768840484575,4.99794938e-21,0.9939434815466176,3.340250183986462e-05,-9.352501415765332e-20,-18.712677349615998
superlattice,364.0,0.0001,0.5,0.006675123872414777,0.9933248761275852,5.02556236e-21,0.9932897261863995,3.514994118564258e-05,-9.346233887922147e-20,-18.59738914456958
superlattice,366.0,0.0001,0.5,0.0073888802522489114,0.9926111197477511,5.05317534e-21,0.9925741529883401,3.6966759410985056e-05,-9.339381092523144e-20,-18.482202702515256
superlattice,368.0,0.0001,0.5,0.008169301161589157,0.9918306988384108,5.08078832e-21,0.9917918443580279,3.8854480382970454e-05,-9.331896718914386e-20,-18.367025215713742
superlattice,370.0,0.0001,0.5,0.00902160139231105,0.990978398607689,5.1084013e-21,0.9909375840289363,4.0814578752737215e-05,-9.323731650455581e-20,-18.251760390194054
superlattice,372.0,0.0001,0.5,0.0099513033079265,0.9900486966920735,5.13601428e-21,0.9900058482211244,4.2848470949062565e-05,-9.31483388179889e-20,-18.136308378408344
superlattice,374.0,0.0001,0.5,0.01096424485332687,0.9890357551466731,5.16362726e-21,0.9889907976412232,4.495750544987114e-05,-9.30514844411492e-20,-18.02056572943826
superlattice,376.0,0.0001,0.5,0.012066586546617393,0.9879334134533826,5.19124024e-21,0.9878862705010767,4.71429523059672e-05,-9.294617339935737e-20,-17.90442535931594
superlattice,378.0,0.0001,0.5,0.013264817259250853,0.9867351827407491,5.21885322e-21,0.9866857767488536,4.940599189549264e-05,-9.283179489438305e-20,-17.78777654420851
superlattice,380.0,0.0001,0.5,0.014565758574003827,0.9854342414259962,5.2464662e-21,0.9853824937231033,5.1747702892914965e-05,-9.270770690148989e-20,-17.670504939398995
superlattice,382.0,0.0001,0.5,0.015976567493702663,0.9840234325062973,5.27407918e-21,0.9839692634568545,5.416904944284235e-05,-9.257323592205222e-20,-17.552492627168373
superlattice,384.0,0.0001,0.5,0.017504737257316598,0.9824952627426834,5.30169216e-21,0.9824385918751466,5.6670867536797585e-05,-9.242767691463327e-20,-17.433618196842506
superlattice,386.0,0.0001,0.5,0.01915809600446112,0.9808419039955388,5.3293051400000004e-21,0.9807826501449386,5.925385060035157e-05,-9.227029342887676e-20,-17.3137568604069
superlattice,388.0,0.0001,0.5,0.02094480301493634,0.9790551969850637,5.3569181200000004e-21,0.9789932784507549,6.19185343088406e-05,-9.210031796791025e-20,-17.19278060720298
superlattice,390.0,0.0001,0.5,0.022873342237175298,0.9771266577628247,5.3845311000000004e-21,0.9770619924821623,6.466528066236504e-05,-9.191695260614753e-20,-17.070558401296545
superlattice,392.0,0.0001,0.5,0.024952512808976538,0.9750474871910234,5.4121440800000005e-21,0.9749799929296585,6.749426136496576e-05,-9.1719369890366e-20,-16.94695642514491
superlattice,394.0,0.0001,0.5,0.027191416266302875,0.9728085837336972,5.4397570600000005e-21,0.9727381782931283,7.040544056885767e-05,-9.150671405262799e-20,-16.82183837316955
superlattice,396.0,0.0001,0.5,0.029599440131965485,0.9704005598680345,5.4673700400000005e-21,0.9703271613109721,7.339855706235878e-05,-9.1278102563984e-20,-16.695065798762727
superlattice,398.0,0.0001,0.5,0.03218623757648362,0.9678137624235164,5.4949830200000005e-21,0.9677372893175167,7.64731059997236e-05,-9.103262805784094e-20,-16.56649851810478
superlattice,400.0,0.0001,0.5,0.03496170284914621,0.9650382971508538,5.5225960000000006e-21,0.9649586688305615,7.96283202923093e-05,-9.076936065131736e-20,-16.435995073932144
superlattice,402.0,0.0001,0.5,0.037935942189216074,0.962064057810784,5.5502089800000006e-21,0.9619811946589806,8.286315180333261e-05,-9.048735069178796e-20,-16.30341326206927
superlattice,404.0,0.0001,0.5,0.04111923994620267,0.9588807600537973,5.5778219600000006e-21,0.9587945838012847,8.617625251262028e-05,-9.01856319540054e-20,-16.168610723101207
superlattice,406.0,0.0001,0.5,0.0445220196651195,0.9554779803348805,5.605434940000001e-21,0.9553884143790375,8.956595584299651e-05,-8.986322531064227e-20,-16.03144560101562
superlattice,408.0,0.0001,0.5,0.04815479992850941,0.9518452000714905,5.633047920000001e-21,0.9517521698131247,9.303025836587028e-05,-8.951914289571005e-20,-15.8917772699704
superlattice,410.0,0.0001,0.5,0.05202814479257565,0.9479718552074243,5.660660900000001e-21,0.9478752884052947,9.656680212971348e-05,-8.91523927760007e-20,-15.74946712953618
superlattice,412.0,0.0001,0.5,0.05615260871071865,0.9438473912892813,5.688273880000001e-21,0.9437472184314004,0.0001001728578809156,-8.876198414043194e-20,-15.604379467824064
superlattice,414.0,0.0001,0.5,0.06053867590465585,0.9394613240953441,5.715886860000001e-21,0.939357478785873,0.00010384530947121011,-8.834693301086536e-20,-15.456382390827335
superlattice,416.0,0.0001,0.5,0.06519669422145559,0.9348033057785444,5.743499840000001e-21,0.9346957251387756,0.00010758063976879717,-8.79062684706019e-20,-15.30534881508796
superlattice,418.0,0.0001,0.5,0.07013680360424952,0.9298631963957504,5.77111282e-21,0.92975182147734,0.00011137491841044806,-8.743903939834432e-20,-15.151157519451218
superlattice,420.0,0.0001,0.5,0.07536885940485105,0.924631140595149,5.7987258e-21,0.9245159168034006,0.00011522379174840298,-8.694432168594769e-20,-14.993694250200223
superlattice,422.0,0.0001,0.5,0.08090235087728553,0.9190976491227144,5.82633878e-21,0.9189785266473568,0.00011912247535762964,-8.64212259078666e-20,-14.832852872291541
superlattice,424.0,0.0001,0.5,0.08674631531120425,0.9132536846887958,5.85395176e-21,0.9131306189393207,0.00012306574947497747,-8.586890539890954e-20,-14.668536557757616
superlattice,426.0,0.0001,0.5,0.0929092483916769,0.9070907516083231,5.88156474e-21,0.9069637036505822,0.00012704795774080586,-8.5286564684927e-20,-14.500659000639853
superlattice,428.0,0.0001,0.5,0.09939901150476532,0.9006009884952347,5.90917772e-21,0.90046992548563,0.00013106300960475376,-8.46734681985652e-20,-14.329145646099334
superlattice,430.0,0.0001,0.5,0.10622273684384309,0.8937772631561569,5.9367907e-21,0.8936421587694175,0.00013510438673940725,-8.402894919947492e-20,-14.15393491966542
superlattice,432.0,0.0001,0.5,0.11338673130659832,0.8866132686934016,5.96440368e-21,0.8864741035396237,0.0001391651537779121,-8.335241880569323e-20,-13.97497944097795
superlattice,434.0,0.0001,0.5,0.12089638030324107,0.8791036196967589,5.99201666e-21,0.8789603817231055,0.00014323797365336477,-8.264337503065302e-20,-13.792247204908977
superlattice,436.0,0.0001,0.5,0.12875605271841548,0.8712439472815845,6.01962964e-21,0.8710966321538158,0.0001473151277686592,-8.190141170883754e-20,-13.605722711677911
superlattice,438.0,0.0001,0.5,0.13696900837809456,0.8630309916219054,6.04724262e-21,0.8628796030807401,0.00015138854116530367,-8.112622718290295e-20,-13.415408026559872
superlattice,440.0,0.0001,0.5,0.1455373094635008,0.8544626905364993,6.0748556e-21,0.8543072407237106,0.0001554498127887403,-8.031763261658902e-20,-13.221323749092738
superlattice,442.0,0.0001,0.5,0.15446173738201516,0.8455382626179848,6.10246858e-21,0.8453787723671182,0.00015949025086662972,-7.947555979141575e-20,-13.023509871379911
superlattice,444.0,0.0001,0.5,0.1637417166453082,0.8362582833546918,6.13008156e-21,0.8360947824413653,0.000163500913326431,-7.860006824141184e-20,-12.82202650520882
superlattice,446.0,0.0001,0.5,0.173375247313287,0.826624752686713,6.1576945400000004e-21,0.826457280033632,0.0001674726530811003,-7.769135157940707e-20,-12.61695445831697
superlattice,448.0,0.0001,0.5,0.183358847535023,0.816641152464977,6.1853075200000004e-21,0.8164697562970683,0.00017139616790874765,-7.67497428710509e-20,-12.408395641264882
superlattice,450.0,0.0001,0.5,0.19368750765177548,0.8063124923482246,6.2129205000000004e-21,0.8061372302936782,0.00017526205454625993,-7.577571891899893e-20,-12.19647328804528
superlattice,452.0,0.0001,0.5,0.2043546572206598,0.7956453427793402,6.2405334800000005e-21,0.7954662819128292,0.00017906086651095393,-7.476990332979565e-20,-11.981331975771347
superlattice,454.0,0.0001,0.5,0.21535214616985107,0.7846478538301489,6.2681464600000005e-21,0.7844650706550874,0.00018278317506149303,-7.373306824992196e-20,-11.763137431527397
superlattice,456.0,0.0001,0.5,0.22667024110841633,0.7733297588915836,6.2957594400000005e-21,0.7731433392589706,0.00018641963261294971,-7.266613467520233e-20,-11.542076117699047
superlattice,458.0,0.0001,0.5,0.23829763758831407,0.7617023624116859,6.3233724200000005e-21,0.7615124013738513,0.00018996103783441802,-7.157017125902155e-20,-11.318354590764645
superlattice,460.0,0.0001,0.5,0.2502214888569401,0.7497785111430599,6.3509854000000006e-21,0.7495851127414755,0.00019339840158438617,-7.044639156922675e-20,-11.092198632550273
superlattice,462.0,0.0001,0.5,0.26242745135136647,0.7375725486486335,6.3785983800000006e-21,0.7373758256358514,0.00019672301278223127,-6.929614977062417e-20,-10.863852157223318
superlattice,464.0,0.0001,0.5,0.2748997468773281,0.7251002531226719,6.4062113600000006e-21,0.7249003266193954,0.0001999265032764988,-6.812093473898926e-20,-10.633575901715059
superlattice,466.0,0.0001,0.5,0.28762124109522924,0.7123787589047708,6.433824340000001e-21,0.7121757579940166,0.0002030009107541998,-6.692236264267321e-20,-10.401645911686984
superlattice,468.0,0.0001,0.5,0.30057353761135913,0.6994264623886408,6.461437320000001e-21,0.6992205236498991,0.00020593873874177326,-6.570216805837683e-20,-10.168351839459897
superlattice,470.0,0.0001,0.5,0.31373708665480826,0.6862629133451917,6.489050300000001e-21,0.6860541803324135,0.00020873301277828316,-6.446219371750734e-20,-9.933995074365093
superlattice,472.0,0.0001,0.5,0.32709130701938505,0.672908692980615,6.516663280000001e-21,0.6726973156487202,0.00021137733189480754,-6.320437900784133e-20,-9.69888672962727
superlattice,474.0,0.0001,0.5,0.3406147196747045,0.6593852803252955,6.544276260000001e-21,0.6591714144106857,0.00021386591460971664,-6.193074738103398e-20,-9.463345513019949
superlattice,476.0,0.0001,0.5,0.35428509121065455,0.6457149087893455,6.571889240000001e-21,0.6454987151505995,0.00021619363874586577,-6.064339283903571e-20,-9.22769551104542
superlattice,478.0,0.0001,0.5,0.3680795850823295,0.6319204149176704,6.599502220000001e-21,0.6317020588431805,0.0002183560744898493,-5.93444656909367e-20,-8.992263918192409
superlattice,480.0,0.0001,0.5,0.3819749184746732,0.6180250815253269,6.6271152e-21,0.6178047320150848,0.0002203495102421267,-5.803615778559665e-20,-8.757378743860775
superlattice,482.0,0.0001,0.5,0.39594752251185744,0.6040524774881425,6.65472818e-21,0.6038303065171965,0.00022217097094598257,-5.672068743418668e-20,-8.523366529778633
superlattice,484.0,0.0001,0.5,0.4099737034984411,0.5900262965015588,6.68234116e-21,0.58980247827283,0.00022381822872874455,-5.54002842402662e-20,-8.290550110175188
superlattice,486.0,0.0001,0.5,0.42402980289781117,0.5759701971021888,6.70995414e-21,0.575744907296353,0.00022528980583586702,-5.4077174053180257e-20,-8.059246445636699
superlattice,488.0,0.0001,0.5,0.43809235382680256,0.5619076461731974,6.73756712e-21,0.5616810612032144,0.00022658496998302584,-5.275356425359118e-20,-7.829764559524147
superlattice,490.0,0.0001,0.5,0.4521382319697928,0.5478617680302073,6.7651801e-21,0.5476340643078182,0.00022770372238892494,-5.143162956816249e-20,-7.602403603144651
superlattice,492.0,0.0001,0.5,0.4661447989858526,0.5338552010141474,6.79279308e-21,0.5336265542352691,0.00022864677887832853,-5.011349859433683e-20,-7.377451072650196
superlattice,494.0,0.0001,0.5,0.48009003669156397,0.5199099633084359,6.820406060000001e-21,0.5196805477638784,0.00022941554455748457,-4.8801241196414094e-20,-7.155181196999594
superlattice,496.0,0.0001,0.5,0.4939526705422436,0.5060473294577563,6.84801904e-21,0.5058173173750963,0.00023001208266005586,-4.7496856911503405e-20,-6.935853512390848
superlattice,498.0,0.0001,0.5,0.507712281196783,0.4922877188032169,6.875632020000001e-21,0.49205727972497804,0.00023043907823892522,-4.620226447919139e-20,-6.71971163447915
superlattice,500.0,0.0001,0.5,0.5213494032273094,0.4786505967726905,6.903245e-21,0.47841989697525383,0.00023069979743669224,-4.4919292582778603e-20,-6.506982235568722
superlattice,502.0,0.0001,0.5,0.5348456103157339,0.46515438968426615,6.930857980000001e-21,0.4649235916411612,0.00023079804310495363,-4.3649671863500907e-20,-6.2978742299233925
superlattice,504.0,0.0001,0.5,0.5481835865565413,0.4518164134434587,6.95847096e-21,0.4515856753358988,0.00023073810755987659,-4.23950282430668e-20,-6.092578166492312
superlattice,506.0,0.0001,0.5,0.5613471837516439,0.43865281624835606,6.986083940000001e-21,0.4384222915250959,0.0002305247232601944,-4.1156877564780734e-20,-5.8912658247820495
superlattice,508.0,0.0001,0.5,0.5743214648319942,0.42567853516800586,7.01369692e-21,0.42544837215583076,0.0002301630121750513,-3.993662154013101e-20,-5.694090006405781
superlattice,510.0,0.0001,0.5,0.5870927337668813,0.4129072662331187,7.041309900000001e-21,0.4126776077985435,0.00022965843457515154,-3.87355449664624e-20,-5.5011845120554055
superlattice,512.0,0.0001,0.5,0.5996485525211633,0.4003514474788368,7.06892288e-21,0.4001224307409031,0.0002290167379336889,-3.755481416264092e-20,-5.312664291315754
superlattice,514.0,0.0001,0.5,0.6119777457904867,0.38802225420951336,7.09653586e-21,0.3877940103029473,0.00022824390656606347,-3.6395476553677915e-20,-5.128625750885435
superlattice,516.0,0.0001,0.5,0.6240703943832037,0.37592960561679634,7.12414884e-21,0.3757022595042243,0.00022734611257197227,-3.525846132228496e-20,-4.949147205392323
superlattice,518.0,0.0001,0.5,0.6359178182249292,0.36408218177507085,7.15176182e-21,0.3638558521064982,0.00022632966857265066,-3.414458103528518e-20,-4.774289454075413
superlattice,520.0,0.0001,0.5,0.6475125500380638,0.3524874499619361,7.1793748e-21,0.3522622489792739,0.00022520098266220426,-3.305453414566746e-20,-4.604096466125081
superlattice,522.0,0.0001,0.5,0.6588483007958204,0.34115169920417965,7.20698778e-21,0.34092773268826226,0.00022396651591737515,-3.1988908266676534e-20,-4.438596157391644
superlattice,524.0,0.0001,0.5,0.6699199180703976,0.3300800819296024,7.23460076e-21,0.3298574491868658,0.000222632742736607,-3.094818411248144e-20,-4.277801241444239
superlattice,526.0,0.0001,0.5,0.6807233383908704,0.3192766616091295,7.26221374e-21,0.3190554554949208,0.00022120611420866208,-2.99327400003927e-20,-4.121710138538652
superlattice,528.0,0.0001,0.5,0.6912555347011148,0.3087444652988852,7.28982672e-21,0.3085247722742406,0.0002196930246445816,-2.8942856812010996e-20,-3.970307926881833
superlattice,530.0,0.0001,0.5,0.7015144599649662,0.29848554003503375,7.3174397e-21,0.2982674402536882,0.00021809978134557787,-2.7978723314782313e-20,-3.8235673216114527
superlattice,532.0,0.0001,0.5,0.7114989879082717,0.28850101209172824,7.34505268e-21,0.288284579514104,0.00021643257762422673,-2.7040441750878243e-20,-3.681449668088458
superlattice,534.0,0.0001,0.5,0.7212088518186205,0.2787911481813795,7.37266566e-21,0.27857645071233195,0.00021469746904756806,-2.6128033606826182e-20,-3.5439059373846855
superlattice,536.0,0.0001,0.5,0.7306445822466412,0.26935541775335875,7.400278640000001e-21,0.26914251740053013,0.00021290035282865274,-2.5241445484570876e-20,-3.4108777131898473
superlattice,538.0,0.0001,0.5,0.7398074443705015,0.2601925556294984,7.42789162e-21,0.2599815086792407,0.00021104695025770529,-2.4380555002405016e-20,-3.2822981607269353
superlattice,540.0,0.0001,0.5,0.7486993757003731,0.2513006242996268,7.455504600000001e-21,0.2510914815075916,0.0002091427920352181,-2.3545176662205997e-20,-3.158092969616838
superlattice,542.0,0.0001,0.5,0.7573229247141479,0.24267707528585222,7.48311758e-21,0.2424698820795056,0.0002071932063466448,-2.2735067627466285e-20,-3.038181263946715
superlattice,544.0,0.0001,0.5,0.7656811909317669,0.23431880906823313,7.510730560000001e-21,0.23411360575873164,0.0002052033095014899,-2.194993336450958e-20,-2.9224764740474964
superlattice,546.0,0.0001,0.5,0.7737777668544331,0.2262222331455668,7.53834354e-21,0.22601905514661882,0.0002031779989479904,-2.118943310691643e-20,-2.8108871656592647
superlattice,548.0,0.0001,0.5,0.7816166821181191,0.2183833178818809,7.565956520000001e-21,0.21818219593341323,0.00020112194846767816,-2.0453185110415435e-20,-2.703317823245359
superlattice,550.0,0.0001,0.5,0.7892023501390064,0.21079764986099364,7.5935695e-21,0.2105986102556423,0.00019903960535134905,-1.9740771672247907e-20,-2.599669585199412
superlattice,552.0,0.0001,0.5,0.7965395174624326,0.20346048253756754,7.621182480000001e-21,0.2032635473482088,0.00019693518935874334,-1.9051743895226266e-20,-2.499840929570061
superlattice,554.0,0.0001,0.5,0.8036332159669891,0.19636678403301083,7.64879546e-21,0.19617197133974285,0.0001948126932679884,-1.838562618233986e-20,-2.403728309704318
superlattice,556.0,0.0001,0.5,0.8104887180217718,0.1895112819782282,7.676408440000001e-21,0.18931860609340115,0.00019267588482703684,-1.7741920452803353e-20,-2.3112267398845376
superlattice,558.0,0.0001,0.5,0.8171114946474655,0.18288850535253445,7.70402142e-21,0.182697977042607,0.00019052830992746043,-1.7120110074887803e-20,-2.2222303316087877
superlattice,560.0,0.0001,0.5,0.823507176690798,0.17649282330920216,7.731634400000001e-21,0.17630445001237163,0.0001883732968305279,-1.651966351473902e-20,-2.136632781645627
superlattice,562.0,0.0001,0.5,0.8296815189866324,0.17031848101336758,7.75924738e-21,0.1701322670520814,0.00018621396128615594,-1.5940037703697166e-20,-2.0543278133886695
superlattice,564.0,0.0001,0.5,0.8356403674523548,0.1643596325476452,7.786860360000001e-21,0.16417557933524857,0.00018405321239664738,-1.5380681129410314e-20,-1.975209573349831
superlattice,566.0,0.0001,0.5,0.8413896290347256,0.15861037096527447,7.81447334e-21,0.1584284772061856,0.00018189375908887173,-1.4841036658330633e-20,-1.8991729848720211
superlattice,568.0,0.0001,0.5,0.846935244409671,0.15306475559032906,7.842086320000001e-21,0.1528850174732587,0.0001797381170703689,-1.4320544099026158e-20,-1.82611406131859
superlattice,570.0,0.0001,0.5,0.8522831633200952,0.1477168366799048,7.8696993e-21,0.14753924806374816,0.00017758861615662416,-1.3818642517183277e-20,-1.7559301811167392
superlattice,572.0,0.0001,0.5,0.8574393224252316,0.14256067757476856,7.897312280000001e-21,0.14238523016690036,0.00017544740786820426,-1.333477231425388e-20,-1.6885203271022073
superlattice,574.0,0.0001,0.5,0.8624096255268907,0.1375903744731094,7.92492526e-21,0.1374170579999019,0.00017331647320751665,-1.2868377082463483e-20,-1.6237852926405367
superlattice,576.0,0.0001,0.5,0.8671999260327761,0.13280007396722396,7.952538240000001e-21,0.1326288763366885,0.00017119763053545788,-1.241890524937785e-20,-1.5616278569919644
superlattice,578.0,0.0001,0.5,0.8718160115143428,0.12818398848565712,7.98015122e-21,0.12801489594217896,0.00016909254347815603,-1.1985811525472262e-20,-1.5019529323496028
superlattice,580.0,0.0001,0.5,0.8762635902162097,0.1237364097837903,8.0077642e-21,0.12356940705498703,0.000167002728803264,-1.1568558168187533e-20,-1.444667684918536
superlattice,582.0,0.0001,0.5,0.8805482793754091,0.11945172062459102,8.03537718e-21,0.11928679106037714,0.0001649295642138624,-1.116661607583027e-20,-1.3896816323226122
superlattice,584.0,0.0001,0.5,0.884675595211544,0.1153244047884558,8.06299016e-21,0.1151615304924399,0.0001628742960159026,-1.0779465724409438e-20,-1.336906719530145
superlattice,586.0,0.0001,0.5,0.8886509444529128,0.11134905554708721,8.09060314e-21,0.11118821750046487,0.00016083804662232992,-1.0406597960121431e-20,-1.2862573753829472
superlattice,588.0,0.0001,0.5,0.892479617268524,0.10752038273147592,8.11821612e-21,0.10736156090961238,0.00015882182186353363,-1.0047514659733866e-20,-1.2376505516995113
superlattice,590.0,0.0001,0.5,0.8961667814815893,0.10383321851841058,8.1458291e-21,0.10367639200033095,0.0001568265180796288,-9.701729270583971e-21,-1.1910057468040878
superlattice,592.0,0.0001,0.5,0.8997174779461555,0.10028252205384451,8.17344208e-21,0.10012766912486919,0.00015485292897531822,-9.368767241330744e-21,-1.146245015212825
superlattice,594.0,0.0001,0.5,0.9031366169750387,0.09686338302496149,8.201055060000001e-21,0.09671048127273879,0.0001529017522227069,-9.048166353988129e-21,-1.103292965086876
superlattice,596.0,0.0001,0.5,0.9064289757138596,0.09357102428614046,8.22866804e-21,0.09342005069033893,0.0001509735958015429,-8.73947696713821e-21,-1.0620767449428195
superlattice,598.0,0.0001,0.5,0.9095991963627483,0.0904008036372516,8.256281020000001e-21,0.09025173465318168,0.00014906898406992212,-8.44226217958612e-21,-1.022526020993665
superlattice,600.0,0.0001,0.5,0.9126517851539745,0.08734821484602565,8.283894e-21,0.08720102648246404,0.0001471883635615987,-8.156097923086121e-21,-0.9845729463807867
superlattice,602.0,0.0001,0.5,0.915591112000414,0.08440888799958605,8.311506980000001e-21,0.08426355589107735,0.00014533210850870592,-7.880572992142188e-21,-0.9481521234482784
superlattice,604.0,0.0001,0.5,0.9184214107361878,0.08157858926381223,8.33911996e-21,0.08143508873772126,0.00014350052609097094,-7.615289018280286e-21,-0.913200560108058
superlattice,606.0,0.0001,0.5,0.9211467798770615,0.07885322012293852,8.366732940000001e-21,0.0787115262615241,0.000141693861414416,-7.359860395600171e-21,-0.8796576212459066
superlattice,608.0,0.0001,0.5,0.9237711838341627,0.07622881616583736,8.39434592e-21,0.07608890386361322,0.00013991230222414852,-7.113914163852695e-21,-0.8474649760267081
superlattice,610.0,0.0001,0.5,0.9262984545202858,0.0737015454797143,8.421958900000001e-21,0.07356338949635716,0.0001381559833571491,-6.877089854750335e-21,-0.8165665418707202
superlattice,612.0,0.0001,0.5,0.9287322932934399,0.07126770670656012,8.44957188e-21,0.07113128171561808,0.00013642499094203395,-6.649039306711789e-21,-0.786908425792549
superlattice,614.0,0.0001,0.5,0.9310762731873883,0.06892372681261176,8.477184860000001e-21,0.06878900744625815,0.00013471936635360394,-6.429426452761559e-21,-0.758438863719855
superlattice,616.0,0.0001,0.5,0.9333338413836897,0.06666615861631034,8.50479784e-21,0.06653311950637969,0.0001330391099306439,-6.217927085857722e-21,-0.7311081583401542
superlattice,618.0,0.0001,0.5,0.9355083218842205,0.06449167811577945,8.532410820000001e-21,0.06436029393131354,0.00013138418446590434,-6.014228605500397e-21,-0.7048686159605705
superlattice,620.0,0.0001,0.5,0.9376029183472742,0.06239708165272586,8.5600238e-21,0.06226732713424833,0.0001297545184775293,-5.818029749085788e-21,-0.6796744828076048
superlattice,622.0,0.0001,0.5,0.9396207170541916,0.06037928294580848,8.587636780000001e-21,0.06025113293653709,0.0001281500092713941,-5.62904031110818e-21,-0.6554818811407833
superlattice,624.0,0.0001,0.5,0.9415646899770065,0.05843531002299356,8.61524976e-21,0.058308739497189656,0.00012657052580391135,-5.446980852979884e-21,-0.6322487455058858
superlattice,626.0,0.0001,0.5,0.9434376979208522,0.05656230207914783,8.642862740000001e-21,0.05643728616779296,0.00012501591135486497,-5.271582405932635e-21,-0.6099347594096622
superlattice,628.0,0.0001,0.5,0.9452424937178636,0.05475750628213643,8.67047572e-21,0.05463402029611668,0.00012348598601975491,-5.102586169182619e-21,-0.5885012926583247
superlattice,630.0,0.0001,0.5,0.9469817254520473,0.053018274547952646,8.698088700000001e-21,0.052896293998921644,0.00012198054903100264,-4.939743205284201e-21,-0.5679113395663808
superlattice,632.0,0.0001,0.5,0.9486579396970864,0.05134206030291359,8.72570168e-21,0.051221560921996416,0.00012049938091717213,-4.78281413436297e-21,-0.5481294582102846
superlattice,634.0,0.0001,0.5,0.9502735847513079,0.04972641524869217,8.753314660000001e-21,0.04960737300318304,0.00011904224550913101,-4.631568828705708e-21,-0.5291217108726339
superlattice,636.0,0.0001,0.5,0.9518310138561108,0.0481689861438892,8.78092764e-21,0.04805137725208739,0.00011760889180181423,-4.485786108991193e-21,-0.5108556057969285
superlattice,638.0,0.0001,0.5,0.9533324883860069,0.04666751161399305,8.808540620000001e-21,0.046551312558313095,0.00011619905567995508,-4.3452534432708526e-21,-0.493300040350027
superlattice,640.0,0.0001,0.5,0.9547801810001066,0.0452198189998933,8.8361536e-21,0.04510500653837745,0.00011481246151585033,-4.2097666496506676e-21,-0.4764252456691866
superlattice,642.0,0.0001,0.5,0.9561761787464004,0.0438238212535996,8.86376658e-21,0.04371037242995271,0.00011344882364689213,-4.07912960348336e-21,-0.46020273285257923
superlattice,644.0,0.0001,0.5,0.9575224861115372,0.042477513888462735,8.89137956e-21,0.04236540604072246,0.00011210784774027849,-3.953153949752706e-21,-0.4446052407364224
superlattice,646.0,0.0001,0.5,0.9588210280100209,0.04117897198997908,8.91899254e-21,0.0410681827579271,0.00011078923205197483,-3.831658821217644e-21,-0.4296066852879825
superlattice,648.0,0.0001,0.5,0.960073652707829,0.03992634729217101,8.94660552e-21,0.03981685462358435,0.00010949266858666601,-3.714470562781743e-21,-0.41518211063157984
superlattice,650.0,0.0001,0.5,0.9612821346764242,0.038717865323575865,8.9742185e-21,0.03860964747941076,0.00010821784416510443,-3.601422462463567e-21,-0.4013076417142693
superlattice,652.0,0.0001,0.5,0.9624481773739865,0.03755182262601356,9.00183148e-21,0.03744485818460863,0.00010696444140493188,-3.492354489262301e-21,-0.3879604386086886
superlattice,654.0,0.0001,0.5,0.9635734159514512,0.03642658404854885,9.02944446e-21,0.036320851908928115,0.00010573213962073348,-3.3871130381425992e-21,-0.3751186524428325
superlattice,656.0,0.0001,0.5,0.9646594198816079,0.03534058011839222,9.057057440000001e-21,0.03523605950274346,0.00010452061564876418,-3.2855506822993512e-21,-0.362761382939772
superlattice,658.0,0.0001,0.5,0.9657076955101024,0.03429230448989773,9.08467042e-21,0.03418897494529624,0.00010332954460148756,-3.1875259328083455e-21,-0.3508686375447339
superlattice,660.0,0.0001,0.5,0.9667196885276969,0.033280311472303224,9.112283400000001e-21,0.033178152871746455,0.0001021586005567718,-3.0929030057205922e-21,-0.3394212921122045
superlattice,662.0,0.0001,0.5,0.9676967863635919,0.03230321363640815,9.13989638e-21,0.03220220617922186,0.00010100745718630345,-3.0015515966159895e-21,-0.3284010531217849
superlattice,664.0,0.0001,0.5,0.9686403205000013,0.03135967949999881,9.167509360000001e-21,0.031259803711671294,9.987578832750937e-05,-2.9133466625959683e-21,-0.31779042138834185
superlattice,666.0,0.0001,0.5,0.9695515687085065,0.030448431291493574,9.19512234e-21,0.030349668022990557,9.876326850301552e-05,-2.828168211663088e-21,-0.3075726572293858
superlattice,668.0,0.0001,0.5,0.9704317572090011,0.029568242790998813,9.222735320000001e-21,0.02947057321760739,9.766957339142371e-05,-2.745901099409195e-21,-0.29773174705063477
superlattice,670.0,0.0001,0.5,0.9712820627522831,0.028717937247716884,9.2503483e-21,0.02862134286746393,9.659438025295233e-05,-2.6664348329106215e-21,-0.28825237130915615
superlattice,672.0,0.0001,0.5,0.9721036146275528,0.027896385372447326,9.277961280000001e-21,0.02780084800413407,9.553736831325642e-05,-2.5896633817099553e-21,-0.27911987381240233
superlattice,674.0,0.0001,0.5,0.9728974965962516,0.027102503403748313,9.30557426e-21,0.027008005184639774,9.449821910853834e-05,-2.5154849957478663e-21,-0.27032023231072105
superlattice,676.0,0.0001,0.5,0.9736647487538127,0.026335251246187193,9.333187240000001e-21,0.026241774629392343,9.347661679484936e-05,-2.443802030095485e-21,-0.261840030340534
superlattice,678.0,0.0001,0.5,0.9744063693210078,0.02559363067899209,9.36080022e-21,0.025501158430567796,9.247224842429605e-05,-2.374520776326958e-21,-0.25366643027522684
superlattice,680.0,0.0001,0.5,0.9751233163666708,0.024876683633329087,9.388413200000001e-21,0.024785198829138405,9.148480419068477e-05,-2.307551300363812e-21,-0.24578714754095096
superlattice,682.0,0.0001,0.5,0.9758165094636411,0.02418349053635884,9.41602618e-21,0.024092976558711874,9.051397764696534e-05,-2.242807286615987e-21,-0.23819042595482537
superlattice,684.0,0.0001,0.5,0.9764868312798249,0.023513168720175042,9.443639160000001e-21,0.023423609254278364,8.955946589667751e-05,-2.1802058882398913e-21,-0.2308650141435403
superlattice,686.0,0.0001,0.5,0.9771351291063055,0.022864870893694437,9.47125214e-21,0.022776249923932988,8.862096976145063e-05,-2.1196675833306737e-21,-0.22380014300101544
superlattice,688.0,0.0001,0.5,0.9777622163244553,0.022237783675544725,9.498865120000001e-21,0.02215008548161826,8.769819392646661e-05,-2.0611160368638793e-21,-0.21698550414450762
superlattice,690.0,0.0001,0.5,0.9783688738140107,0.021631126185989353,9.5264781e-21,0.02154433533892369,8.67908470656645e-05,-2.0044779682010387e-21,-0.21041122932944534
superlattice,692.0,0.0001,0.5,0.9789558513040698,0.021044148695930135,9.554091080000001e-21,0.020958250053981796,8.589864194833705e-05,-1.9496830239739548e-21,-0.20406787078420385
superlattice,694.0,0.0001,0.5,0.979523868668961,0.020476131331039118,9.58170406e-21,0.020391110035510463,8.502129552865679e-05,-1.896663656163532e-21,-0.19794638242704524
superlattice,696.0,0.0001,0.5,0.9800736171709111,0.01992638282908881,9.609317040000001e-21,0.019842224300069256,8.415852901955596e-05,-1.8453550051907574e-21,-0.19203810192849638
superlattice,698.0,0.0001,0.5,0.980605760651422,0.01939423934857795,9.63693002e-21,0.01931092928062566,8.331006795228768e-05,-1.7956947878400444e-21,-0.186334733583553
superlattice,700.0,0.0001,0.5,0.981120936673224,0.018879063326776014,9.664543000000001e-21,0.018796587684553123,8.247564222289146e-05,-1.7476231898377993e-21,-0.18082833195918308
superlattice,120.0,0.001,0.5,1.9462396272201186e-20,1.0,1.6567788e-21,0.9999999999997302,2.698373231728452e-13,-9.412133423007566e-20,-56.80983739656474
superlattice,122.0,0.001,0.5,4.939222471116691e-20,1.0,1.68439178e-21,0.9999999999995741,4.259198520611088e-13,-9.412133422859943e-20,-55.878528585908576
superlattice,124.0,0.001,0.5,1.2163923909211452e-19,1.0,1.71200476e-21,0.9999999999993376,6.624595545675222e-13,-9.412133422649651e-20,-54.977261994584936
superlattice,126.0,0.001,0.5,2.911138883954849e-19,1.0,1.73961774e-21,0.9999999999989839,1.0160169924728679e-12,-9.412133422353537e-20,-54.10460704058776
superlattice,128.0,0.001,0.5,6.779672918414925e-19,1.0,1.76723072e-21,0.9999999999984625,1.5375815438021266e-12,-9.412133421941284e-20,-53.25922255324581
superlattice,130.0,0.001,0.5,1.5383592406665378e-18,1.0,1.7948437e-21,0.9999999999977026,2.2974116779224285e-12,-9.412133421373462e-20,-52.43984989541686
superlattice,132.0,0.001,0.5,3.4050499207855024e-18,1.0,1.82245668e-21,0.9999999999966089,3.3912096128907114e-12,-9.412133420599323e-20,-51.64530671093549
superlattice,134.0,0.001,0.5,7.36018504033582e-18,1.0,1.8500696600000002e-21,0.9999999999950521,4.947914958582491e-12,-9.412133419554169e-20,-50.87448123198868
superlattice,136.0,0.001,0.5,1.5552777024834873e-17,1.0,1.8776826400000002e-21,0.9999999999928605,7.1394428142336116e-12,-9.412133418156107e-20,-50.12632708877847
superlattice,138.0,0.001,0.5,3.215949424427147e-17,1.0,1.9052956200000002e-21,0.9999999999898073,1.0192734713263122e-11,-9.412133416302622e-20,-49.399858570517374
superlattice,140.0,0.001,0.5,6.513226074059799e-17,1.0,1.9329086000000003e-21,0.9999999999855955,1.4404535280111328e-11,-9.412133413866177e-20,-48.694146292619195
superlattice,142.0,0.001,0.5,1.2931522514961496e-16,0.9999999999999999,1.9605215800000003e-21,0.9999999999798406,2.015935289351493e-11,-9.412133410689309e-20,-48.00831323004008
superlattice,144.0,0.001,0.5,2.5190074918206905e-16,0.9999999999999998,1.9881345600000003e-21,0.9999999999720486,2.795110838118393e-11,-9.412133406579191e-20,-47.34153108117184
superlattice,146.0,0.001,0.5,4.818097283746584e-16,0.9999999999999996,2.01574754e-21,0.9999999999615905,3.8409021091537206e-11,-9.412133401301299e-20,-46.69301693058893
superlattice,148.0,0.001,0.5,9.055441165315188e-16,0.9999999999999991,2.04336052e-21,0.9999999999476707,5.232832584966775e-11,-9.412133394572047e-20,-46.06203018237842
superlattice,150.0,0.001,0.5,1.6735399607823226e-15,0.9999999999999983,2.0709735e-21,0.9999999999292919,7.070645653544981e-11,-9.412133386051235e-20,-45.44786973880272
superlattice,152.0,0.001,0.5,3.0432907261230094e-15,0.999999999999997,2.09858648e-21,0.9999999999052116,9.478537154477386e-11,-9.412133375332464e-20,-44.84987140168969
superlattice,154.0,0.001,0.5,5.448853761826805e-15,0.9999999999999946,2.12619946e-21,0.9999999998738938,1.2610073244531074e-10,-9.412133361933997e-20,-44.267405476314046
superlattice,156.0,0.001,0.5,9.611267484974944e-15,0.9999999999999903,2.15381244e-21,0.9999999998334518,1.6653867897931412e-10,-9.412133345287171e-20,-43.699874559584075
superlattice,158.0,0.001,0.5,1.6711532920432136e-14,0.9999999999999832,2.18142542e-21,0.9999999997815824,2.1840097050574008e-10,-9.412133324724976e-20,-43.146711496215055
superlattice,160.0,0.001,0.5,2.8658009509367303e-14,0.9999999999999714,2.2090384e-21,0.999999999715492,2.844792853787805e-10,-9.412133299468651e-20,-42.6073774881806
superlattice,162.0,0.001,0.5,4.849447981961837e-14,0.9999999999999515,2.23665138e-21,0.9999999996318121,3.681394850683095e-10,-9.412133268613702e-20,-42.081360344202146
superlattice,164.0,0.001,0.5,8.101524068667994e-14,0.999999999999919,2.2642643600000002e-21,0.9999999995265023,4.734166585603914e-10,-9.41213323111451e-20,-41.56817285731825
superlattice,166.0,0.001,0.5,1.3368130577585273e-13,0.9999999999998663,2.2918773400000002e-21,0.9999999993947446,6.051217643453909e-10,-9.412133185767956e-20,-41.06735129973384
superlattice,168.0,0.001,0.5,2.179696188656982e-13,0.9999999999997821,2.3194903200000002e-21,0.9999999992308214,7.689606818177424e-10,-9.412133131195667e-20,-40.578454025174224
superlattice,170.0,0.001,0.5,3.513381904825316e-13,0.9999999999996486,2.3471033000000003e-21,0.9999999990279822,9.716664709874903e-10,-9.412133065825144e-20,-40.101060169891724
superlattice,172.0,0.001,0.5,5.600581741235391e-13,0.9999999999994399,2.3747162800000003e-21,0.9999999987782944,1.2211456189571914e-09,-9.412132987870028e-20,-39.63476844429612
superlattice,174.0,0.001,0.5,8.832539069534642e-13,0.9999999999991167,2.4023292600000003e-21,0.9999999984724777,1.5266390236689532e-09,-9.412132895308547e-20,-39.17919600791336
superlattice,176.0,0.001,0.5,1.3786097510206823e-12,0.9999999999986214,2.42994224e-21,0.999999998099723,1.898898430100679e-09,-9.41213278586136e-20,-38.733977421049154
superlattice,178.0,0.001,0.5,2.1303553379549735e-12,0.9999999999978696,2.45755522e-21,0.9999999976474906,2.350378991608405e-09,-9.412132656968224e-20,-38.29876366712209
superlattice,180.0,0.001,0.5,3.260337137186923e-12,0.9999999999967396,2.4851682e-21,0.9999999971012911,2.895448579788384e-09,-9.412132505763111e-20,-37.87322124016842
superlattice,182.0,0.001,0.5,4.943234366170294e-12,0.9999999999950567,2.51278118e-21,0.9999999964444423,3.550614410468778e-09,-9.412132329048547e-20,-37.45703129250812
superlattice,184.0,0.001,0.5,7.427293212053007e-12,0.9999999999925727,2.54039416e-21,0.9999999956578052,4.334767491713598e-09,-9.412132123269161e-20,-37.04988883799497
superlattice,186.0,0.001,0.5,1.1062349256220493e-11,0.9999999999889376,2.56800714e-21,0.9999999947194923,5.269445332576047e-09,-9.412131884483702e-20,-36.65150200666382
superlattice,188.0,0.001,0.5,1.6337400259664018e-11,0.9999999999836626,2.59562012e-21,0.9999999936045494,6.379113279380316e-09,-9.41213160833621e-20,-36.2615913469503
superlattice,190.0,0.001,0.5,2.3930598910399268e-11,0.9999999999760694,2.6232331e-21,0.9999999922846047,7.691464770191271e-09,-9.412131290026552e-20,-35.87988917197847
superlattice,192.0,0.001,0.5,3.477527923970963e-11,0.9999999999652247,2.65084608e-21,0.999999990727484,9.237740718539314e-09,-9.412130924279774e-20,-35.50613894670102
superlattice,194.0,0.001,0.5,5.0146535501144995e-11,0.9999999999498534,2.6784590600000002e-21,0.9999999888967853,1.105306815512062e-08,-9.41213050531454e-20,-35.14009471294491
superlattice,196.0,0.001,0.5,7.177396568890947e-11,0.9999999999282261,2.7060720400000002e-21,0.9999999867514078,1.3176818171824277e-08,-9.412130026810825e-20,-34.781520549655525
superlattice,198.0,0.001,0.5,1.0198750399447855e-10,0.9999999998980125,2.7336850200000003e-21,0.9999999842450293,1.5652983126786366e-08,-9.412129481877032e-20,-34.43019006585123
superlattice,200.0,0.001,0.5,1.4390483104046021e-10,0.9999999998560952,2.7612980000000003e-21,0.9999999813255221,1.8530572982970054e-08,-9.412128863015415e-20,-34.08588592399449
superlattice,202.0,0.001,0.5,2.0167070466988013e-10,0.9999999997983293,2.7889109800000003e-21,0.9999999779342987,2.186403056675769e-08,-9.412128162087973e-20,-33.7483993916793
superlattice,204.0,0.001,0.5,2.8076073771679576e-10,0.9999999997192393,2.8165239600000003e-21,0.9999999740055737,2.5713665447896388e-08,-9.412127370280258e-20,-33.41752991968247
superlattice,206.0,0.001,0.5,3.883647061586916e-10,0.9999999996116353,2.8441369400000004e-21,0.9999999694655293,3.014610605856852e-08,-9.412126478064877e-20,-33.09308474459347
superlattice,208.0,0.001,0.5,5.338674482077791e-10,0.9999999994661326,2.8717499200000004e-21,0.999999964231363,3.5234769587981334e-08,-9.412125475164054e-20,-32.77487851436609
superlattice,210.0,0.001,0.5,7.294488622043579e-10,0.9999999992705512,2.8993629e-21,0.999999958210202,4.106034911029775e-08,-9.412124350510692e-20,-32.46273293526206
superlattice,212.0,0.001,0.5,9.908284815272205e-10,0.9999999990091715,2.92697588e-21,0.9999999512978542,4.771131732852672e-08,-9.41212309220872e-20,-32.15647643877653
superlattice,214.0,0.001,0.5,1.338184653717139e-09,0.9999999986618153,2.95458886e-21,0.999999943377369,5.528444624564635e-08,-9.412121687491257e-20,-31.85594386723321
superlattice,216.0,0.001,0.5,1.797283536589708e-09,0.9999999982027165,2.98220184e-21,0.9999999343173744,6.388534200723652e-08,-9.41212012267816e-20,-31.56097617684442
superlattice,218.0,0.001,0.5,2.40085900628536e-09,0.999999997599141,3.00981482e-21,0.9999999239701468,7.362899409758821e-08,-9.412118383130286e-20,-31.2714201571055
superlattice,220.0,0.001,0.5,3.190291212566513e-09,0.9999999968097087,3.0374278e-21,0.9999999121693708,8.46403380140918e-08,-9.412116453202672e-20,-30.987128165491445
superlattice,222.0,0.001,0.5,4.217638977945647e-09,0.999999995782361,3.06504078e-21,0.9999998987275306,9.705483049281552e-08,-9.412114316194102e-20,-30.70795787648248
superlattice,224.0,0.001,0.5,5.548089582737906e-09,0.9999999944519105,3.0926537600000002e-21,0.9999998834328742,1.1101903631198145e-07,-9.412111954293708e-20,-30.43377204402509
superlattice,226.0,0.001,0.5,7.2628987712142986e-09,0.9999999927371013,3.1202667400000002e-21,0.9999998660458755,1.2669122565955234e-07,-9.412109348523732e-20,-30.1644382765934
superlattice,228.0,0.001,0.5,9.46290411742284e-09,0.9999999905370959,3.1478797200000003e-21,0.9999998462951148,1.4424198101657796e-07,-9.412106478677572e-20,-29.899828824074547
superlattice,230.0,0.001,0.5,1.227270626441529e-08,0.9999999877272937,3.1754927000000003e-21,0.9999998238724812,1.6385481247932487e-07,-9.412103323252438e-20,-29.639820375755978
superlattice,232.0,0.001,0.5,1.5845625057082332e-08,0.999999984154375,3.2031056800000003e-21,0.9999997984275946,1.85726780420607e-07,-9.412099859375706e-20,-29.384293868742116
superlattice,234.0,0.001,0.5,2.03695512834065e-08,0.9999999796304487,3.2307186600000003e-21,0.9999997695613244,2.1006912437402164e-07,-9.41209606272393e-20,-29.13313430617301
superlattice,236.0,0.001,0.5,2.6073829675138782e-08,0.9999999739261703,3.2583316400000004e-21,0.9999997368182733,2.371078970140048e-07,-9.412091907432951e-20,-28.88623058465881
superlattice,238.0,0.001,0.5,3.323732504601232e-08,0.999999966762675,3.2859446200000004e-21,0.9999996996780729,2.6708460209954707e-07,-9.412087365998449e-20,-28.643475330385964
superlattice,240.0,0.001,0.5,4.2197841008067126e-08,0.999999957802159,3.3135576e-21,0.9999996575453237,3.002568352499245e-07,-9.41208240916452e-20,-28.404764743381918
superlattice,242.0,0.001,0.5,5.3363079643350046e-08,0.9999999466369204,3.34117058e-21,0.9999996097379941,3.3689892642672337e-07,-9.412077005799225e-20,-28.169998449463254
superlattice,244.0,0.001,0.5,6.722335085172624e-08,0.9999999327766491,3.36878356e-21,0.9999995554740662,3.7730258300747816e-07,-9.412071122754967e-20,-27.93907935942007
superlattice,246.0,0.001,0.5,8.436626187142575e-08,0.9999999156337381,3.39639654e-21,0.9999994938562058,4.217775323522208e-07,-9.412064724711502e-20,-27.711913535018212
superlattice,248.0,0.001,0.5,1.0549364069522203e-07,0.9999998945063593,3.42400952e-21,0.9999994238541966,4.706521627847841e-07,-9.412057773999206e-20,-27.48841006142765
superlattice,250.0,0.001,0.5,1.3144097179163384e-07,0.9999998685590282,3.4516225e-21,0.9999993442848663,5.242741619355114e-07,-9.412050230400248e-20,-27.268480925710293
superlattice,252.0,0.001,0.5,1.63199648688302e-07,0.9999998368003513,3.47923548e-21,0.9999992537892,5.830111514209276e-07,-9.41204205092463e-20,-27.052040901021822
superlattice,254.0,0.001,0.5,2.0194237557556265e-07,0.9999997980576244,3.50684846e-21,0.9999991508063076,6.47251316868201e-07,-9.412033189557975e-20,-26.839007436203772
superlattice,256.0,0.001,0.5,2.4905207912439504e-07,0.9999997509479209,3.53446144e-21,0.9999990335438885,7.174040323279483e-07,-9.412023596977742e-20,-26.629300550461632
superlattice,258.0,0.001,0.5,3.0615472215656785e-07,0.9999996938452779,3.56207442e-21,0.9999988999447996,7.939004781574517e-07,-9.412013220234304e-20,-26.422842732843026
superlattice,260.0,0.001,0.5,3.751564426177934e-07,0.9999996248435574,3.5896874e-21,0.9999987476493059,8.771942514972124e-07,-9.412002002392651e-20,-26.219558846245636
superlattice,262.0,0.001,0.5,4.58285474438449e-07,0.9999995417145255,3.61730038e-21,0.9999985739525571,9.677619685070072e-07,-9.411989882130824e-20,-26.019376035702138
superlattice,264.0,0.001,0.5,5.581393412616203e-07,0.9999994418606587,3.64491336e-21,0.9999983757568012,1.0661038575720913e-06,-9.411976793289803e-20,-25.822223640700756
superlattice,266.0,0.001,0.5,6.7773784960504e-07,0.9999993222621504,3.67252634e-21,0.9999981495178076,1.1727443427364944e-06,-9.411962664370808e-20,-25.628033111318153
superlattice,268.0,0.001,0.5,8.205824447209988e-07,0.9999991794175552,3.7001393200000004e-21,0.9999978911849385,1.2882326166668423e-06,-9.411947417973819e-20,-25.436737927948666
superlattice,270.0,0.001,0.5,9.907225301356679e-07,0.9999990092774699,3.7277523000000004e-21,0.9999975961342673,1.413143202497867e-06,-9.411930970172223e-20,-25.24827352442978
superlattice,272.0,0.001,0.5,1.1928293904843291e-06,0.9999988071706095,3.7553652800000004e-21,0.9999972590941055,1.5480765039578418e-06,-9.411913229817367e-20,-25.062577214372517
superlattice,274.0,0.001,0.5,1.4322783966999815e-06,0.9999985677216033,3.7829782600000005e-21,0.9999968740622601,1.693659343219288e-06,-9.411894097766537e-20,-24.879588120515752
superlattice,276.0,0.001,0.5,1.715240212738059e-06,0.9999982847597872,3.8105912400000005e-21,0.9999964342143013,1.8505454859667467e-06,-9.411873466027747e-20,-24.699247106933846
superlattice,278.0,0.001,0.5,2.048781763697191e-06,0.9999979512182363,3.8382042200000005e-21,0.999995931802083,2.019416153218228e-06,-9.411851216814e-20,-24.521496713934617
superlattice,280.0,0.001,0.5,2.4409777662852303e-06,0.9999975590222338,3.8658172000000005e-21,0.9999953580417142,2.200980519480882e-06,-9.411827221499671e-20,-24.346281095494298
superlattice,282.0,0.001,0.5,2.901033663930488e-06,0.999997098966336,3.8934301800000006e-21,0.9999947029901393,2.395976196862726e-06,-9.411801339470724e-20,-24.173545959082084
superlattice,284.0,0.001,0.5,3.4394208502929397e-06,0.9999965605791498,3.9210431600000006e-21,0.999993955409445,2.605169704801974e-06,-9.41177341686091e-20,-24.003238507736572
superlattice,286.0,0.001,0.5,4.068025106322014e-06,0.9999959319748937,3.9486561400000006e-21,0.9999931026179686,2.829356925111617e-06,-9.411743285164681e-20,-23.835307384260304
superlattice,288.0,0.001,0.5,4.800309217164005e-06,0.9999951996907829,3.976269120000001e-21,0.9999921303272408,3.0693635420710266e-06,-9.411710759718147e-20,-23.66970261740771
superlattice,290.0,0.001,0.5,5.651490775960876e-06,0.9999943485092241,4.0038821e-21,0.9999910224637567,3.3260454673256976e-06,-9.411675638038222e-20,-23.506375569945536
superlattice,292.0,0.001,0.5,6.63873622171727e-06,0.9999933612637782,4.03149508e-21,0.999989760974529,3.600289249383015e-06,-9.41163769801039e-20,-23.34527888847229
superlattice,294.0,0.001,0.5,7.781372197748342e-06,0.9999922186278023,4.05910806e-21,0.9999883256153347,3.893012467513128e-06,-9.411596695914515e-20,-23.186366454886926
superlattice,296.0,0.001,0.5,9.101115355561247e-06,0.9999908988846444,4.08672104e-21,0.9999866937205345,4.205164109882442e-06,-9.411552364278537e-20,-23.0295933394038
superlattice,298.0,0.001,0.5,1.0622321766156367e-05,0.9999893776782338,4.11433402e-21,0.9999848399532981,4.5377249357578845e-06,-9.41150440954843e-20,-22.87491575501308
superlattice,300.0,0.001,0.5,1.2372257136457934e-05,0.9999876277428635,4.141947e-21,0.999982736035042,4.891707821628609e-06,-9.411452509563797e-20,-22.7222910132935
superlattice,302.0,0.001,0.5,1.4381389062674088e-05,0.9999856186109374,4.16955998e-21,0.9999803504528463,5.2681580910919805e-06,-9.411396310827176e-20,-22.57167748148613
superlattice,304.0,0.001,0.5,1.6683702584625772e-05,0.9999833162974153,4.19717296e-21,0.999977648143587,5.668153828345784e-06,-9.411335425554865e-20,-22.423034540742073
superlattice,306.0,0.001,0.5,1.9317040335247435e-05,0.9999806829596648,4.22478594e-21,0.9999745901534897,6.0928061751174635e-06,-9.411269428497897e-20,-22.276322545463444
superlattice,308.0,0.001,0.5,2.2323468607311273e-05,0.9999776765313927,4.25239892e-21,0.9999711332717819,6.543259610842193e-06,-9.411197853519607e-20,-22.13150278365607
superlattice,310.0,0.001,0.5,2.5749670684731216e-05,0.9999742503293153,4.2800119e-21,0.9999672296370994,7.020692215876032e-06,-9.411120189918082e-20,-21.988537438220867
superlattice,312.0,0.001,0.5,2.9647368808310957e-05,0.9999703526311917,4.30762488e-21,0.9999628263152741,7.5263159174971e-06,-9.411035878479895e-20,-21.84738954911017
superlattice,314.0,0.001,0.5,3.4073776165264985e-05,0.9999659262238347,4.33523786e-21,0.9999578648471164,8.06137671840561e-06,-9.410944307252626e-20,-21.70802297628169
superlattice,316.0,0.001,0.5,3.909208030799907e-05,0.999960907919692,4.36285084e-21,0.9999522807647846,8.62715490738349e-06,-9.410844807022292e-20,-21.570402363382865
superlattice,318.0,0.001,0.5,4.4771959420227565e-05,0.9999552280405798,4.39046382e-21,0.9999460030753281,9.224965251715933e-06,-9.410736646482984e-20,-21.434493102104604
superlattice,320.0,0.001,0.5,5.119013285723455e-05,0.9999488098671427,4.4180768e-21,0.9999389537099719,9.856157170907587e-06,-9.410619027084843e-20,-21.300261297143685
superlattice,322.0,0.001,0.5,5.8430947391682765e-05,0.9999415690526083,4.44568978e-21,0.9999310469377172,1.0522114891148585e-05,-9.41049107754719e-20,-21.167673731717713
superlattice,324.0,0.001,0.5,6.6587000596524e-05,0.9999334129994035,4.47330276e-21,0.9999221887418236,1.1224257579897144e-05,-9.410351848023133e-20,-21.036697833578188
superlattice,326.0,0.001,0.5,7.57598027919502e-05,0.999924240197208,4.50091574e-21,0.9999122761577481,1.1964039459846351e-05,-9.410200303902413e-20,-20.90730164147088
superlattice,328.0,0.001,0.5,8.606047897361661e-05,0.9999139395210264,4.5285287200000004e-21,0.999901196571125,1.2742949901431946e-05,-9.410035319239264e-20,-20.779453771995207
superlattice,330.0,0.001,0.5,9.761051212421106e-05,0.9999023894878758,4.5561417000000004e-21,0.999888826974383,1.3562513492917581e-05,-9.409855669791794e-20,-20.65312338681607
superlattice,332.0,0.001,0.5,0.0001105425292894618,0.9998894574707106,4.5837546800000004e-21,0.9998750331806237,1.4424290086959815e-05,-9.409660025660387e-20,-20.52828016018603
superlattice,334.0,0.001,0.5,0.00012500113177246893,0.9998749988682275,4.6113676600000005e-21,0.9998596689934052,1.532987482240889e-05,-9.409446943512051e-20,-20.404894246736443
superlattice,336.0,0.001,0.5,0.00014114377076639907,0.9998588562292337,4.6389806400000005e-21,0.9998425753311136,1.6280898119944107e-05,-9.409214858378601e-20,-20.282936249500278
superlattice,338.0,0.001,0.5,0.00015914166970462817,0.9998408583302953,4.6665936200000005e-21,0.9998235793046455,1.7279025649969726e-05,-9.408962075016688e-20,-20.16237718813126
superlattice,340.0,0.001,0.5,0.00017918079455888532,0.9998208192054411,4.6942066000000005e-21,0.9998024932471701,1.8325958271014004e-05,-9.408686758818082e-20,-20.043188467286637
superlattice,342.0,0.001,0.5,0.00020146287325929367,0.9997985371267407,4.7218195800000006e-21,0.999779113694804,1.9423431936672044e-05,-9.408386926259396e-20,-19.925341845143933
superlattice,344.0,0.001,0.5,0.00022620646534491008,0.9997737935346551,4.7494325600000006e-21,0.9997532203170862,2.0573217568924442e-05,-9.408060434880736e-20,-19.808809402024092
superlattice,346.0,0.001,0.5,0.00025364808287876877,0.9997463519171212,4.777045540000001e-21,0.9997245747962258,2.177712089543225e-05,-9.407704972783971e-20,-19.693563509097235
superlattice,348.0,0.001,0.5,0.0002840433635769403,0.9997159566364231,4.804658520000001e-21,0.9996929196541748,2.3036982248168826e-05,-9.407318047641554e-20,-19.57957679714885
superlattice,350.0,0.001,0.5,0.00031766829700602303,0.999682331702994,4.832271500000001e-21,0.9996579770266735,2.435467632049169e-05,-9.406896975208114e-20,-19.46682212538785
superlattice,352.0,0.001,0.5,0.0003548205045969958,0.999645179495403,4.85988448e-21,0.9996194473835235,2.5732111879484257e-05,-9.406438867327926e-20,-19.355272550280713
superlattice,354.0,0.001,0.5,0.00039582057410477307,0.9996041794258952,4.88749746e-21,0.9995770081944652,2.717123143011142e-05,-9.405940619432535e-20,-19.244901294398904
superlattice,356.0,0.001,0.5,0.0004410134490111541,0.9995589865509888,4.91511044e-21,0.9995303125401613,2.867401082742929e-05,-9.40539889752396e-20,-19.13568171526978
superlattice,358.0,0.001,0.5,0.0004907698732233149,0.9995092301267767,4.94272342e-21,0.9994789876679439,3.0242458832772286e-05,-9.404810124640705e-20,-19.02758727422524
superlattice,360.0,0.001,0.5,0.0005454878912595132,0.9994545121087405,4.9703364e-21,0.9994226334921309,3.1878616609505834e-05,-9.404170466804267e-20,-18.92059150524352
superlattice,362.0,0.001,0.5,0.000605594403937315,0.9993944055960627,4.99794938e-21,0.9993608210389091,3.358455715359017e-05,-9.40347581844716e-20,-18.814667983786503
superlattice,364.0,0.001,0.5,0.0006715467793861491,0.9993284532206138,5.02556236e-21,0.9992930908359601,3.536238465383206e-05,-9.402721787323561e-20,-18.709790295634818
superlattice,366.0,0.001,0.5,0.0007438345189943958,0.9992561654810056,5.05317534e-21,0.9992189512472293,3.721423377633232e-05,-9.401903678907106e-20,-18.605932005729898
superlattice,368.0,0.001,0.5,0.0008229809776700769,0.9991770190223299,5.08078832e-21,0.9991378767534627,3.914226886724241e-05,-9.40101648028162e-20,-18.503066627034013
superlattice,370.0,0.001,0.5,0.000909545137542405,0.9990904548624576,5.1084013e-21,0.9990493061793901,4.1148683067545756e-05,-9.400054843533379e-20,-18.401167589424464
superlattice,372.0,0.001,0.5,0.0010041234339575676,0.9989958765660424,5.13601428e-21,0.9989526408687093,4.32356973331654e-05,-9.399013068656115e-20,-18.30020820864251
superlattice,374.0,0.001,0.5,0.001107351632324672,0.9988926483676753,5.16362726e-21,0.9988472428083222,4.5405559353277594e-05,-9.397885085982446e-20,-18.20016165532143
superlattice,376.0,0.001,0.5,0.0012199067540455838,0.9987800932459544,5.19124024e-21,0.9987324327035952,4.766054235928049e-05,-9.396664438159047e-20,-18.101000924124147
superlattice,378.0,0.001,0.5,0.00134250904941351,0.9986574909505865,5.21885322e-21,0.9986074880067701,5.000294381642719e-05,-9.395344261685414e-20,-18.00269880302442
superlattice,380.0,0.001,0.5,0.0014759240149886921,0.9985240759850114,5.2464662e-21,0.9984716409010216,5.243508398969633e-05,-9.393917268040385e-20,-17.905227842772312
superlattice,382.0,0.001,0.5,0.001620964452553265,0.9983790355474468,5.27407918e-21,0.9983240762430716,5.4959304375021376e-05,-9.392375724423947e-20,-17.808560326589458
superlattice,384.0,0.001,0.5,0.0017784925663102765,0.9982215074336898,5.30169216e-21,0.9981639294677032,5.757796598656252e-05,-9.39071143414593e-20,-17.712668240145295
superlattice,386.0,0.001,0.5,0.0019494220945221773,0.9980505779054777,5.3293051400000004e-21,0.9979902844579874,6.029344749026413e-05,-9.388915716698143e-20,-17.617523241872657
superlattice,388.0,0.001,0.5,0.002134720471280259,0.9978652795287197,5.3569181200000004e-21,0.9978021713855462,6.310814317350736e-05,-9.38697938755079e-20,-17.523096633686816
superlattice,390.0,0.001,0.5,0.0023354110135573383,0.9976645889864426,5.3845311000000004e-21,0.9975985645257024,6.6024460740248e-05,-9.384892737718875e-20,-17.429359332178198
superlattice,392.0,0.001,0.5,0.002552575128119912,0.9974474248718801,5.4121440800000005e-21,0.9973783800529595,6.904481892062509e-05,-9.382645513150681e-20,-17.33628184035832
superlattice,394.0,0.001,0.5,0.002787354532261937,0.997212645467738,5.4397570600000005e-21,0.9971404738228543,7.217164488364719e-05,-9.380226893995088e-20,-17.243834220043436
superlattice,396.0,0.001,0.5,0.0030409534816688215,0.9969590465183312,5.4673700400000005e-21,0.9968836391468899,7.540737144119301e-05,-9.377625473811266e-20,-17.151986064969666
superlattice,398.0,0.001,0.5,0.0033146409980272947,0.9966853590019727,5.4949830200000005e-21,0.9966066045679415,7.875443403126214e-05,-9.374829238790914e-20,-17.060706474741597
superlattice,400.0,0.001,0.5,0.003609753088262169,0.9963902469117378,5.5225960000000006e-21,0.9963080316442697,8.221526746810391e-05,-9.371825547069343e-20,-16.969964029723236
superlattice,402.0,0.001,0.5,0.003927694946506396,0.9960723050534936,5.5502089800000006e-21,0.9959865127510469,8.579230244663849e-05,-9.368601108210193e-20,-16.87972676699138
superlattice,404.0,0.001,0.5,0.004269943129093934,0.9957300568709061,5.5778219600000006e-21,0.9956405689091177,8.948796178838623e-05,-9.365141962955043e-20,-16.789962157478115
superlattice,406.0,0.001,0.5,0.004638047692008163,0.9953619523079918,5.605434940000001e-21,0.9952686476515759,9.330465641601752e-05,-9.361433463337817e-20,-16.700637084439723
superlattice,408.0,0.001,0.5,0.005033634279321556,0.9949663657206784,5.633047920000001e-21,0.9948691209396349,9.724478104359154e-05,-9.357460253272802e-20,-16.611717823399594
superlattice,410.0,0.001,0.5,0.005458406150226151,0.9945415938497738,5.660660900000001e-21,0.9944402831402042,0.00010131070956958598,-9.353206249732378e-20,-16.52317002371998
superlattice,412.0,0.001,0.5,0.005914146131283015,0.994085853868717,5.688273880000001e-21,0.9939803490785569,0.00010550479015997941,-9.348654624641422e-20,-16.434958691970404
superlattice,414.0,0.001,0.5,0.006402718479511492,0.9935972815204885,5.715886860000001e-21,0.9934874521804796,0.00010982934000886729,-9.343787787623684e-20,-16.34704817726865
superlattice,416.0,0.001,0.5,0.006926070640903634,0.9930739293590963,5.743499840000001e-21,0.9929596427193319,0.0001142866397644878,-9.338587369745257e-20,-16.25940215878069
superlattice,418.0,0.001,0.5,0.007486234887885145,0.9925137651121149,5.77111282e-21,0.9923948861845058,0.00011887892760900497,-9.333034208410778e-20,-16.17198363557685
superlattice,420.0,0.001,0.5,0.008085329818161265,0.9919146701818388,5.7987258e-21,0.9917910617888577,0.00012360839298106768,-9.327108333577248e-20,-16.084754919050056
superlattice,422.0,0.001,0.5,0.008725561696287566,0.9912744383037124,5.82633878e-21,0.9911459611337815,0.00012847716993095708,-9.320788955461767e-20,-15.997677628113768
superlattice,424.0,0.001,0.5,0.009409225618199998,0.9905907743818,5.85395176e-21,0.9904572870517009,0.00013348733009912396,-9.314054453928546e-20,-15.910712687404423
superlattice,426.0,0.001,0.5,0.010138706477835236,0.9898612935221648,5.88156474e-21,0.9897226526468547,0.00013864087531008785,-9.306882369751744e-20,-15.823820328723855
superlattice,428.0,0.001,0.5,0.010916479713880963,0.989083520286119,5.90917772e-21,0.9889395805563439,0.00014393972977506806,-9.299249397960742e-20,-15.736960095965335
superlattice,430.0,0.001,0.5,0.011745111813626643,0.9882548881863733,5.9367907e-21,0.988105502454475,0.00014938573189829938,-9.291131383483941e-20,-15.650090853773808
superlattice,432.0,0.001,0.5,0.012627260549854073,0.9873727394501459,5.96440368e-21,0.9872177588244622,0.00015498062568383998,-9.282503319317366e-20,-15.563170800198698
superlattice,434.0,0.001,0.5,0.013565674925725716,0.9864343250742743,5.99201666e-21,0.9862735990225325,0.00016072605174177566,-9.273339347452912e-20,-15.476157483602377
superlattice,436.0,0.001,0.5,0.014563194801716016,0.985436805198284,6.01962964e-21,0.9852701816603888,0.00016662353789507122,-9.263612762809965e-20,-15.389007824092587
superlattice,438.0,0.001,0.5,0.015622750177802536,0.9843772498221974,6.04724262e-21,0.9842045753328065,0.0001726744893909713,-9.253296020421827e-20,-15.301678139749958
superlattice,440.0,0.001,0.5,0.016747360103410085,0.98325263989659,6.0748556e-21,0.9830737597178661,0.00017888017872376674,-9.242360746133973e-20,-15.214124177921155
superlattice,442.0,0.001,0.5,0.017940131187007293,0.9820598688129927,6.10246858e-21,0.9818746270779137,0.00018524173507899406,-9.230777751078533e-20,-15.126301151850475
superlattice,444.0,0.001,0.5,0.019204255676804685,0.9807957443231953,6.13008156e-21,0.9806039841897827,0.00019176013341263776,-9.218517050191317e-20,-15.03816378291599
superlattice,446.0,0.001,0.5,0.020543009083735218,0.9794569909162648,6.1576945400000004e-21,0.9792585547330819,0.00019843618318280076,-9.205547885041788e-20,-14.949666348733478
superlattice,448.0,0.001,0.5,0.021959747317822995,0.978040252682177,6.1853075200000004e-21,0.9778349821654215,0.000205270516755421,-9.191838751245639e-20,-14.86076273738066
superlattice,450.0,0.001,0.5,0.023457903309203994,0.9765420966907961,6.2129205000000004e-21,0.9763298331132859,0.00021226357751012734,-9.177357430728461e-20,-14.771406507983581
superlattice,452.0,0.001,0.5,0.025040983085476844,0.9749590169145231,6.2405334800000005e-21,0.9747396013068461,0.00021941560767709857,-9.162071029105303e-20,-14.68155095789231
superlattice,454.0,0.001,0.5,0.02671256127775808,0.9732874387222419,6.2681464600000005e-21,0.9730607120863011,0.00022672663594085286,-9.145946018433041e-20,-14.59114919665269
superlattice,456.0,0.001,0.5,0.028476276028834863,0.9715237239711652,6.2957594400000005e-21,0.9712895275063128,0.0002341964648522728,-9.12894828558383e-20,-14.500154226959836
superlattice,458.0,0.001,0.5,0.03033582327816676,0.9696641767218332,6.3233724200000005e-21,0.9694223520637375,0.0002418246580957565,-9.111043186473783e-20,-14.40851903275022
superlattice,460.0,0.001,0.5,0.032294950400229915,0.9677050495997701,6.3509854000000006e-21,0.9674554390721058,0.00024961052766424963,-9.092195606365692e-20,-14.316196674559654
superlattice,462.0,0.001,0.5,0.03435744917483382,0.9656425508251661,6.3785983800000006e-21,0.9653849977041653,0.0002575531210009025,-9.072370026442719e-20,-14.223140392235697
superlattice,464.0,0.001,0.5,0.03652714807062068,0.9634728519293794,6.4062113600000006e-21,0.963207200721207,0.00026565120817229765,-9.05153059682706e-20,-14.129303715054228
superlattice,466.0,0.001,0.5,0.03880790382598313,0.9611920961740169,6.433824340000001e-21,0.9609181929048725,0.0002739032691444235,-9.029641216187306e-20,-14.034640579241094
superlattice,468.0,0.001,0.5,0.04120359231515092,0.9587964076848491,6.461437320000001e-21,0.9585141002036102,0.0002823074812388848,-9.006665618046685e-20,-13.939105452850983
superlattice,470.0,0.001,0.5,0.043718098691198394,0.9562819013088016,6.489050300000001e-21,0.9559910396019485,0.00029086170685305255,-8.982567463864556e-20,-13.842653467895842
superlattice,472.0,0.001,0.5,0.04635530680224686,0.9536446931977531,6.516663280000001e-21,0.9533451297162191,0.000299563481534025,-8.95731044292271e-20,-13.745240559556285
superlattice,474.0,0.001,0.5,0.049119087882165256,0.9508809121178348,6.544276260000001e-21,0.9505725021153327,0.0003084100025021456,-8.930858378998863e-20,-13.646823612239837
superlattice,476.0,0.001,0.5,0.05201328852263133,0.9479867114773687,6.571889240000001e-21,0.9476693133596432,0.00031739811772548196,-8.903175343758806e-20,-13.547360612180379
superlattice,478.0,0.001,0.5,0.055041717939475696,0.9449582820605243,6.599502220000001e-21,0.9446317577448724,0.0003265243156518222,-8.874225776740158e-20,-13.446810806194648
superlattice,480.0,0.001,0.5,0.05820813455279854,0.9417918654472015,6.6271152e-21,0.941456080731492,0.00033578471570947947,-8.843974611739976e-20,-13.345134866132968
superlattice,482.0,0.001,0.5,0.06151623190737773,0.9384837680926224,6.65472818e-21,0.9381385930329301,0.0003451750596921857,-8.81238740935125e-20,-13.242295058475626
superlattice,484.0,0.001,0.5,0.06496962396736604,0.935030376032634,6.68234116e-21,0.9346756853284873,0.00035469070414668075,-8.779430495324382e-20,-13.138255418441375
superlattice,486.0,0.001,0.5,0.06857182982712559,0.9314281701728744,6.70995414e-21,0.9310638435589905,0.0003643266138839362,-8.7450711043539e-20,-13.032981927882297
superlattice,488.0,0.001,0.5,0.07232625788825539,0.9276737421117446,6.73756712e-21,0.9272996647550082,0.0003740773567363803,-8.709277528816018e-20,-12.926442696152343
superlattice,490.0,0.001,0.5,0.07623618956130576,0.9237638104386943,6.7651801e-21,0.9233798733390106,0.00038393709968363813,-8.672019271901015e-20,-12.81860814304266
superlattice,492.0,0.001,0.5,0.08030476255932693,0.919695237440673,6.79279308e-21,0.9193013378342048,0.0003938996064683404,-8.633267204505528e-20,-12.709451182790229
superlattice,494.0,0.001,0.5,0.08453495385909629,0.9154650461409037,6.820406060000001e-21,0.9150610879040827,0.00040395823682102226,-8.592993725166357e-20,-12.598947408076105
superlattice,496.0,0.001,0.5,0.08892956241457244,0.9110704375854276,6.84801904e-21,0.9106563316380184,0.00041410594740926503,-8.551172922237144e-20,-12.48707527284729
superlattice,498.0,0.001,0.5,0.09349119171567008,0.9065088082843299,6.875632020000001e-21,0.9060844729897093,0.0004243352946206841,-8.507780737429099e-20,-12.373816272717134
superlattice,500.0,0.001,0.5,0.09822223229371532,0.9017777677062847,6.903245e-21,0.9013431292670026,0.0004346384392821509,-8.462795129759401e-20,-12.259155121626714
superlattice,502.0,0.001,0.5,0.10312484428281472,0.8968751557171852,6.930857980000001e-21,0.8964301485637765,0.0004450071534087439,-8.416196238877632e-20,-12.143079923385807
superlattice,504.0,0.001,0.5,0.10820094015364987,0.8917990598463501,6.95847096e-21,0.8913436270172851,0.00045543282906515027,-8.367966546673011e-20,-12.02558233665893
superlattice,506.0,0.001,0.5,0.1134521677428208,0.8865478322571793,6.986083940000001e-21,0.8860819257677696,0.00046590648940984076,-8.318091036003293e-20,-11.906657731918536
superlattice,508.0,0.001,0.5,0.11887989370656082,0.8811201062934393,7.01369692e-21,0.8806436874914613,0.0004764188019780191,-8.266557345334031e-20,-11.786305338859767
superlattice,510.0,0.001,0.5,0.12448518753235711,0.8755148124676427,7.041309900000001e-21,0.8750278523733994,0.00048696009424342924,-8.213355918032552e-20,-11.664528382755247
superlattice,512.0,0.001,0.5,0.13026880624552797,0.869731193754472,7.06892288e-21,0.8692336733829906,0.000497520371481488,-8.158480145029984e-20,-11.541334208232279
superlattice,514.0,0.001,0.5,0.13623117995002199,0.863768820049978,7.09653586e-21,0.8632607307130408,0.00050808933693714,-8.101926499543602e-20,-11.416734388972147
superlattice,516.0,0.001,0.5,0.1423723983434542,0.8576276016565458,7.12414884e-21,0.8571089452422656,0.0005186564142803658,-8.043694662546761e-20,-11.290744821870904
superlattice,518.0,0.001,0.5,0.1486921983455884,0.8513078016544116,7.15176182e-21,0.8507785908821008,0.0005292107723107133,-7.983787637681595e-20,-11.163385804257103
superlattice,520.0,0.001,0.5,0.15518995297697225,0.8448100470230278,7.1793748e-21,0.8442703056711781,0.0005397413518496431,-7.922211854334415e-20,-11.034682092839637
superlattice,522.0,0.001,0.5,0.16186466162021307,0.8381353383797869,7.20698778e-21,0.8375851014850506,0.0005502368947363912,-7.858977257634725e-20,-10.904662943156433
superlattice,524.0,0.001,0.5,0.16871494179032132,0.8312850582096787,7.23460076e-21,0.8307243722348593,0.0005606859748194432,-7.794097384196252e-20,-10.773362128411701
superlattice,526.0,0.001,0.5,0.17573902253268503,0.824260977467315,7.26221374e-21,0.8236899004365027,0.0005710770308122161,-7.727589422493883e-20,-10.640817936727215
superlattice,528.0,0.001,0.5,0.18293473955754613,0.8170652604424539,7.28982672e-21,0.8164838620415955,0.0005813984008582766,-7.659474256862024e-20,-10.507073145988336
superlattice,530.0,0.001,0.5,0.19029953220835089,0.8097004677916492,7.3174397e-21,0.8091088294330202,0.0005916383586288416,-7.58977649420919e-20,-10.372174975639622
superlattice,532.0,0.001,0.5,0.1978304423481949,0.8021695576518051,7.34505268e-21,0.8015677725010512,0.000601785150753874,-7.518524472667983e-20,-10.236175014973455
superlattice,534.0,0.001,0.5,0.20552411523376612,0.794475884766234,7.37266566e-21,0.793864057730866,0.000611827035367941,-7.445750251539571e-20,-10.09912912765879
superlattice,536.0,0.001,0.5,0.21337680242998955,0.7866231975700104,7.400278640000001e-21,0.7860014452484766,0.0006217523215338034,-7.371489582044855e-20,-9.961097332471327
superlattice,538.0,0.001,0.5,0.22138436680105003,0.77861563319895,7.42789162e-21,0.7779840837896594,0.0006315494092905584,-7.295781858559548e-20,-9.822143660409989
superlattice,540.0,0.001,0.5,0.22954228959496015,0.7704577104050399,7.455504600000001e-21,0.7698165035749802,0.0006412068300596372,-7.218670050185128e-20,-9.682335988613202
superlattice,542.0,0.001,0.5,0.237845679619413,0.762154320380587,7.48311758e-21,0.761503607093456,0.0006507132871310319,-7.140200612689859e-20,-9.541745851720078
superlattice,544.0,0.001,0.5,0.2462892844868125,0.7537107155131876,7.510730560000001e-21,0.7530506578172431,0.0006600576959445208,-7.060423381041407e-20,-9.4004482315518
superlattice,546.0,0.001,0.5,0.25486750388616036,0.7451324961138396,7.53834354e-21,0.7444632668899636,0.0006692292238761236,-6.979391442941946e-20,-9.258521326214256
superlattice,548.0,0.001,0.5,0.26357440481936484,0.7364255951806352,7.565956520000001e-21,0.7357473778513961,0.0006782173292389914,-6.897160993965782e-20,-9.116046299940647
superlattice,550.0,0.001,0.5,0.27240373871975454,0.7275962612802455,7.5935695e-21,0.726909249481035,0.0006870117992104565,-6.813791175084807e-20,-8.973107015198593
superlattice,552.0,0.001,0.5,0.2813489603514647,0.7186510396485353,7.621182480000001e-21,0.7179554368621323,0.0006956027864030549,-6.729343893546475e-20,-8.829789748777245
superlattice,554.0,0.001,0.5,0.29040324837020953,0.7095967516297905,7.64879546e-21,0.7088927707859836,0.0007039808438069462,-6.64388362823867e-20,-8.686182893742421
superlattice,556.0,0.001,0.5,0.29955952740904646,0.7004404725909535,7.676408440000001e-21,0.6997283356331093,0.0007121369578442,-6.557477220833938e-20,-8.542376649299209
superlattice,558.0,0.001,0.5,0.30881049153738344,0.6911895084626166,7.70402142e-21,0.6904694458833247,0.0007200625792918344,-6.470193654148974e-20,-8.39846270072932
superlattice,560.0,0.001,0.5,0.31814862892788726,0.6818513710721128,7.731634400000001e-21,0.681123621420263,0.0007277496518498533,-6.382103819281738e-20,-8.254533891672034
superlattice,562.0,0.001,0.5,0.3275662475543231,0.6724337524456769,7.75924738e-21,0.6716985618075242,0.0007351906381527448,-6.293280273196775e-20,-8.110683891092508
superlattice,564.0,0.001,0.5,0.3370555017339568,0.6629444982660432,7.786860360000001e-21,0.6622021197229957,0.0007423785430475338,-6.203796988516088e-20,-7.967006857326111
superlattice,566.0,0.001,0.5,0.34660841932100184,0.6533915806789983,7.81447334e-21,0.65264227374501,0.0007493069339882121,-6.113729097339185e-20,-7.823597101604783
superlattice,568.0,0.001,0.5,0.35621692935286575,0.6437830706471342,7.842086320000001e-21,0.6430271006887096,0.0007559699584246233,-6.023152630958275e-20,-7.68054875345758
superlattice,570.0,0.001,0.5,0.36587288994869277,0.6341271100513073,7.8696993e-21,0.6333647476932137,0.0007623623580935428,-5.93214425735508e-20,-7.537955430336557
superlattice,572.0,0.001,0.5,0.3755681162598625,0.6244318837401376,7.897312280000001e-21,0.6236634042599877,0.0007684794801498392,-5.840781018362036e-20,-7.395909913748573
superlattice,574.0,0.001,0.5,0.38529440827469597,0.614705591725304,7.92492526e-21,0.6139312744401978,0.0007743172851062425,-5.749140068345433e-20,-7.254503834078345
superlattice,576.0,0.001,0.5,0.39504357828456843,0.6049564217154316,7.952538240000001e-21,0.604176549363851,0.000779872351580559,-5.657298416219898e-20,-7.113827366166675
superlattice,578.0,0.001,0.5,0.4048074778256935,0.5951925221743066,7.98015122e-21,0.5944073802964278,0.00078514187787887,-5.565332672535726e-20,-6.973968937565729
superlattice,580.0,0.001,0.5,0.41457802392006504,0.5854219760799351,8.0077642e-21,0.5846318523994631,0.0007901236804719055,-5.473318803293118e-20,-6.835014951230853
superlattice,582.0,0.001,0.5,0.4243472244500052,0.5756527755499948,8.03537718e-21,0.5748579593605458,0.000794816189448975,-5.381331892032673e-20,-6.697049524229891
superlattice,584.0,0.001,0.5,0.43410720251339435,0.5658927974866056,8.06299016e-21,0.5650935790455465,0.0007992184410591204,-5.289445911632106e-20,-6.5601542438594596
superlattice,586.0,0.001,0.5,0.44385021962071153,0.5561497803792884,8.09060314e-21,0.5553464503118158,0.0008033300674725164,-5.197733507106055e-20,-6.424407942355277
superlattice,588.0,0.001,0.5,0.4535686976100638,0.5464313023899362,8.11821612e-21,0.5456241511060204,0.0008071512839158383,-5.1062657905635487e-20,-6.289886491176031
superlattice,590.0,0.001,0.5,0.4632552391724579,0.5367447608275421,8.1458291e-21,0.5359340779541885,0.000810682873353689,-5.01511214932613e-20,-6.156662615627585
superlattice,592.0,0.001,0.5,0.4729026468960681,0.527097353103932,8.17344208e-21,0.5262834269350284,0.0008139261689036496,-4.92434006805371e-20,-6.024805730382945
superlattice,594.0,0.001,0.5,0.48250394075521075,0.5174960592447893,8.201055060000001e-21,0.516679176210604,0.0008168830341852029,-4.834014965565994e-20,-5.894381796244145
superlattice,596.0,0.001,0.5,0.49205237398664364,0.5079476260133562,8.22866804e-21,0.5071280701715436,0.0008195558418125853,-4.744200046887575e-20,-5.7654531982889115
superlattice,598.0,0.001,0.5,0.5015414473126576,0.4984585526873424,8.256281020000001e-21,0.49763660523709374,0.0008219474502486283,-4.654956170886893e-20,-5.6380786453498075
superlattice,600.0,0.001,0.5,0.510964921486727,0.489035078513273,8.283894e-21,0.4882110173340322,0.0008240611792407077,-4.5663417337255936e-20,-5.512313090589514
superlattice,602.0,0.001,0.5,0.52031682815335,0.47968317184664994,8.311506980000001e-21,0.4788572710625884,0.0008259007840615012,-4.4784125681863585e-20,-5.3882076727635235
superlattice,604.0,0.001,0.5,0.5295914790285924,0.4704085209714076,8.33911996e-21,0.46958105054263155,0.0008274704287760567,-4.391221858807158e-20,-5.265809677604348
superlattice,606.0,0.001,0.5,0.5387834734219674,0.46121652657803264,8.366732940000001e-21,0.4603877519192794,0.0008287746587532855,-4.3048200726180294e-20,-5.145162518618682
superlattice,608.0,0.001,0.5,0.5478877041331591,0.45211229586684093,8.39434592e-21,0.45128247749420664,0.0008298183726343093,-4.219254905155524e-20,-5.026305736463532
superlattice,610.0,0.001,0.5,0.5568993617689455,0.4431006382310545,8.421958900000001e-21,0.4422700314370919,0.0008306067939625656,-4.134571241319369e-20,-4.90927501595783
superlattice,612.0,0.001,0.5,0.5658139375361485,0.43418606246385155,8.44957188e-21,0.4333549170211803,0.0008311454426712445,-4.0508111305380766e-20,-4.794102219695037
superlattice,614.0,0.001,0.5,0.5746272245756905,0.4253727754243095,8.477184860000001e-21,0.4245413353176966,0.0008314401066129078,-3.9680137756236666e-20,-4.68081543714698
superlattice,616.0,0.001,0.5,0.5833353179107091,0.41666468208929075,8.50479784e-21,0.41583318527598656,0.0008314968133041936,-3.886215534622754e-20,-4.569439048092358
superlattice,618.0,0.001,0.5,0.5919346130883055,0.4080653869116945,8.532410820000001e-21,0.4072340651096489,0.0008313218020456333,-3.805449934909387e-20,-4.459993799160958
superlattice,620.0,0.001,0.5,0.600421803599692,0.39957819640030806,8.5600238e-21,0.3987472749037451,0.0008309214965629185,-3.7257476987170556e-20,-4.3524968922598735
superlattice,622.0,0.001,0.5,0.6087938771675915,0.3912061228324085,8.587636780000001e-21,0.39037582035410656,0.0008303024783019473,-3.6471367792698104e-20,-4.246962083636017
superlattice,624.0,0.001,0.5,0.6170481109924757,0.3829518890075243,8.61524976e-21,0.38212241754702875,0.0008294714604955624,-3.569642406647068e-20,-4.14339979233181
superlattice,626.0,0.001,0.5,0.6251820660509141,0.3748179339490858,8.642862740000001e-21,0.3739894986859803,0.0008284352631055168,-3.4932871425020147e-20,-4.0418172168056605
superlattice,628.0,0.001,0.5,0.6331935805398767,0.36680641946012327,8.67047572e-21,0.36597921867139444,0.000827200788728867,-3.418090942748458e-20,-3.942218458514359
superlattice,630.0,0.001,0.5,0.6410807625604705,0.3589192374395295,8.698088700000001e-21,0.3580934624399854,0.000825774999544063,-3.344071227335269e-20,-3.844604651289965
superlattice,632.0,0.001,0.5,0.6488419821333257,0.35115801786667433,8.72570168e-21,0.3503338529713159,0.0008241648953584014,-3.271242956240118e-20,-3.748974095387728
superlattice,634.0,0.001,0.5,0.6564758626357772,0.3435241373642227,8.753314660000001e-21,0.3427017598714172,0.0008223774928054917,-3.199618710833972e-20,-3.6553223951325102
superlattice,636.0,0.001,0.5,0.6639812717482989,0.336018728251701,8.78092764e-21,0.33519830844597187,0.0008204198057291045,-3.129208779794063e-20,-3.563642599148059
superlattice,638.0,0.001,0.5,0.6713573119943059,0.32864268800569396,8.808540620000001e-21,0.3278243891789159,0.0008182988267780971,-3.0600212487745764e-20,-3.4739253422147196
superlattice,640.0,0.001,0.5,0.6786033109536396,0.3213966890463604,8.8361536e-21,0.320580667536134,0.0008160215102263905,-2.9920620930807054e-20,-3.3861589878662874
superlattice,642.0,0.001,0.5,0.6857188112258631,0.3142811887741369,8.86376658e-21,0.3134675940181149,0.0008135947560219672,-2.925335272631488e-20,-3.300329770903656
superlattice,644.0,0.001,0.5,0.6927035602149675,0.30729643978503257,8.89137956e-21,0.30648541438997273,0.0008110253950598342,-2.859842828539674e-20,-3.2164219390715942
superlattice,646.0,0.001,0.5,0.6995574998023529,0.300442500197647,8.91899254e-21,0.29963418002198133,0.0008083201756656948,-2.795584980681746e-20,-3.134417893213919
superlattice,648.0,0.001,0.5,0.7062807559700818,0.2937192440299182,8.94660552e-21,0.2929137582786484,0.000805485751269815,-2.732560225677269e-20,-3.054298325290717
superlattice,650.0,0.001,0.5,0.7128736284314013,0.2871263715685986,8.9742185e-21,0.28632384289935453,0.0008025286692441219,-2.6707654347440365e-20,-2.9760423537091687
superlattice,652.0,0.001,0.5,0.7193365803205742,0.2806634196794259,9.00183148e-21,0.27986396431855576,0.0007994553608700491,-2.6101959509420644e-20,-2.899627655484686
superlattice,654.0,0.001,0.5,0.725670227989085,0.27432977201091496,9.02944446e-21,0.27353349987851505,0.0007962721323998963,-2.5508456853666287e-20,-2.8250305948131706
superlattice,656.0,0.001,0.5,0.7318753309504462,0.26812466904955384,9.057057440000001e-21,0.2673316838923833,0.0007929851571705173,-2.4927072118960075e-20,-2.752226347695557
superlattice,658.0,0.001,0.5,0.737952782011082,0.26204721798891806,9.08467042e-21,0.2612576175201931,0.0007896004687249409,-2.435771860144384e-20,-2.6811890223139034
superlattice,660.0,0.001,0.5,0.7439035976201939,0.2560964023798061,9.112283400000001e-21,0.25531027842491105,0.0007861239548950139,-2.3800298063133333e-20,-2.611891774912678
superlattice,662.0,0.001,0.5,0.7497289084671445,0.2502710915328556,9.13989638e-21,0.24948853018005931,0.0007825613527962656,-2.3254701616764477e-20,-2.544306920989894
superlattice,664.0,0.001,0.5,0.7554299503507153,0.24457004964928475,9.167509360000001e-21,0.24379113140459985,0.0007789182446849098,-2.2720810584709618e-20,-2.4784060416502935
superlattice,666.0,0.001,0.5,0.7610080553406814,0.23899194465931853,9.19512234e-21,0.2382167446046924,0.0007752000546261403,-2.219849733006963e-20,-2.4141600850162948
superlattice,668.0,0.001,0.5,0.7664646432484287,0.2335353567515713,9.222735320000001e-21,0.23276394470564873,0.0007714120459225779,-2.1687626058396435e-20,-2.3515394626327013
superlattice,670.0,0.001,0.5,0.7718012134199344,0.22819878658006573,9.2503483e-21,0.2274312272608138,0.0007675593192519287,-2.1188053588821003e-20,-2.290514140837378
superlattice,672.0,0.001,0.5,0.7770193368612329,0.22298066313876713,9.277961280000001e-21,0.22221701632730376,0.0007636468114633612,-2.0699630093660743e-20,-2.2310537271029376
superlattice,674.0,0.001,0.5,0.7821206487035769,0.2178793512964231,9.30557426e-21,0.21711967200144006,0.0007596792949830631,-2.022219980585379e-20,-2.173127551383786
superlattice,676.0,0.001,0.5,0.7871068410128239,0.21289315898717615,9.333187240000001e-21,0.21213749760939563,0.0007556613777804909,-1.9755601693818134e-20,-2.116704742528891
superlattice,678.0,0.001,0.5,0.7919796559451819,0.20802034405481803,9.36080022e-21,0.20726874655096977,0.0007515975038482586,-1.9299670103557958e-20,-2.061754299843177
superlattice,680.0,0.001,0.5,0.7967408792492536,0.20325912075074634,9.388413200000001e-21,0.20251162879659618,0.0007474919541501727,-1.8854235368045413e-20,-2.008245159900441
superlattice,682.0,0.001,0.5,0.8013923341123846,0.19860766588761528,9.41602618e-21,0.19786431703962162,0.0007433488479936453,-1.841912438408504e-20,-1.9561462587272713
superlattice,684.0,0.001,0.5,0.8059358753476117,0.19406412465238823,9.443639160000001e-21,0.19332495250760365,0.0007391721447846079,-1.7994161157029598e-20,-1.9054265894917566
superlattice,686.0,0.001,0.5,0.8103733839159792,0.1896266160840207,9.47125214e-21,0.18889165043789574,0.0007349656461249724,-1.757916731385683e-20,-1.856055255842532
superlattice,688.0,0.001,0.5,0.8147067617777091,0.18529323822229093,9.498865120000001e-21,0.18456250522407622,0.0007307329982147332,-1.7173962585237167e-20,-1.8080015210529872
superlattice,690.0,0.001,0.5,0.8189379270645736,0.18106207293542637,9.5264781e-21,0.1803355952409035,0.000726477694522868,-1.6778365257327538e-20,-1.7612348531329263
superlattice,692.0,0.001,0.5,0.8230688095648799,0.17693119043511998,9.554091080000001e-21,0.17620898735642673,0.0007222030786932558,-1.6392192594113843e-20,-1.7157249660753537
superlattice,694.0,0.001,0.5,0.8271013465116874,0.17289865348831257,9.58170406e-21,0.17218074114065865,0.0007179123476539379,-1.601526123119727e-20,-1.671441857409784
superlattice,696.0,0.001,0.5,0.8310374786642499,0.16896252133575,9.609317040000001e-21,0.16824891278084989,0.0007136085549000912,-1.564738754197839e-20,-1.6283558422356297
superlattice,698.0,0.001,0.5,0.8348791466721555,0.16512085332784462,9.63693002e-21,0.1644115587139215,0.0007092946139231346,-1.528838797723985e-20,-1.5864375839101348
superlattice,700.0,0.001,0.5,0.8386282877112808,0.16137171228871908,9.664543000000001e-21,0.16066673898695877,0.0007049733017603366,-1.4938079379161605e-20,-1.5456581215647343
superlattice,120.0,0.01,0.5,1.9462396272201182e-21,1.0,1.6567788e-21,0.9999999999997301,2.698373231728452e-13,-9.412133423007565e-20,-56.80983739656473
superlattice,122.0,0.01,0.5,4.939222471116689e-21,1.0,1.68439178e-21,0.999999999999574,4.259198520611087e-13,-9.412133422859942e-20,-55.87852858590857
superlattice,124.0,0.01,0.5,1.216392390921145e-20,1.0,1.71200476e-21,0.9999999999993375,6.624595545675222e-13,-9.41213342264965e-20,-54.97726199458493
superlattice,126.0,0.01,0.5,2.911138883954849e-20,1.0,1.73961774e-21,0.9999999999989839,1.0160169924728679e-12,-9.412133422353539e-20,-54.10460704058777
superlattice,128.0,0.01,0.5,6.779672918414924e-20,1.0,1.76723072e-21,0.9999999999984625,1.5375815438021264e-12,-9.412133421941284e-20,-53.25922255324581
superlattice,130.0,0.01,0.5,1.5383592406665376e-19,1.0,1.7948437e-21,0.9999999999977026,2.2974116779224285e-12,-9.412133421373464e-20,-52.43984989541687
superlattice,132.0,0.01,0.5,3.405049920785502e-19,1.0,1.82245668e-21,0.9999999999966087,3.391209612890711e-12,-9.41213342059932e-20,-51.64530671093548
superlattice,134.0,0.01,0.5,7.360185040335821e-19,1.0,1.8500696600000002e-21,0.9999999999950521,4.947914958582492e-12,-9.412133419554169e-20,-50.87448123198868
superlattice,136.0,0.01,0.5,1.555277702483487e-18,1.0,1.8776826400000002e-21,0.9999999999928606,7.139442814233611e-12,-9.412133418156107e-20,-50.12632708877847
superlattice,138.0,0.01,0.5,3.2159494244271465e-18,1.0,1.9052956200000002e-21,0.9999999999898074,1.0192734713263122e-11,-9.412133416302624e-20,-49.39985857051738
superlattice,140.0,0.01,0.5,6.513226074059798e-18,1.0,1.9329086000000003e-21,0.9999999999855954,1.4404535280111328e-11,-9.412133413866175e-20,-48.69414629261919
superlattice,142.0,0.01,0.5,1.2931522514961497e-17,1.0,1.9605215800000003e-21,0.9999999999798407,2.0159352893514936e-11,-9.412133410689309e-20,-48.00831323004008
superlattice,144.0,0.01,0.5,2.5190074918206912e-17,1.0,1.9881345600000003e-21,0.9999999999720489,2.7951108381183936e-11,-9.412133406579193e-20,-47.34153108117185
superlattice,146.0,0.01,0.5,4.8180972837465856e-17,1.0,2.01574754e-21,0.999999999961591,3.8409021091537225e-11,-9.412133401301304e-20,-46.69301693058895
superlattice,148.0,0.01,0.5,9.055441165315195e-17,1.0,2.04336052e-21,0.9999999999476716,5.232832584966779e-11,-9.412133394572055e-20,-46.062030182378464
superlattice,150.0,0.01,0.5,1.673539960782325e-16,0.9999999999999998,2.0709735e-21,0.9999999999292934,7.070645653544992e-11,-9.412133386051251e-20,-45.447869738802794
superlattice,152.0,0.01,0.5,3.0432907261230177e-16,0.9999999999999997,2.09858648e-21,0.9999999999052143,9.478537154477413e-11,-9.41213337533249e-20,-44.84987140168982
superlattice,154.0,0.01,0.5,5.448853761826831e-16,0.9999999999999994,2.12619946e-21,0.9999999998738986,1.2610073244531136e-10,-9.412133361934041e-20,-44.26740547631425
superlattice,156.0,0.01,0.5,9.611267484975027e-16,0.999999999999999,2.15381244e-21,0.9999999998334604,1.6653867897931554e-10,-9.412133345287254e-20,-43.69987455958446
superlattice,158.0,0.01,0.5,1.6711532920432386e-15,0.9999999999999983,2.18142542e-21,0.9999999997815974,2.1840097050574334e-10,-9.412133324725118e-20,-43.14671149621571
superlattice,160.0,0.01,0.5,2.8658009509368042e-15,0.9999999999999971,2.2090384e-21,0.9999999997155179,2.844792853787879e-10,-9.412133299468894e-20,-42.607377488181704
superlattice,162.0,0.01,0.5,4.849447981962048e-15,0.9999999999999951,2.23665138e-21,0.9999999996318557,3.681394850683256e-10,-9.412133268614111e-20,-42.08136034420398
superlattice,164.0,0.01,0.5,8.101524068668584e-15,0.9999999999999919,2.2642643600000002e-21,0.9999999995265753,4.73416658560426e-10,-9.412133231115197e-20,-41.56817285732129
superlattice,166.0,0.01,0.5,1.3368130577586879e-14,0.9999999999999867,2.2918773400000002e-21,0.9999999993948648,6.051217643454635e-10,-9.412133185769089e-20,-41.06735129973879
superlattice,168.0,0.01,0.5,2.1796961886574093e-14,0.9999999999999782,2.3194903200000002e-21,0.9999999992310175,7.689606818178931e-10,-9.412133131197512e-20,-40.57845402518218
superlattice,170.0,0.01,0.5,3.513381904826426e-14,0.9999999999999649,2.3471033000000003e-21,0.9999999990282984,9.716664709877976e-10,-9.41213306582812e-20,-40.10106016990441
superlattice,172.0,0.01,0.5,5.600581741238213e-14,0.999999999999944,2.3747162800000003e-21,0.9999999987787984,1.2211456189578068e-09,-9.412132987874771e-20,-39.634768444316094
superlattice,174.0,0.01,0.5,8.832539069541663e-14,0.9999999999999116,2.4023292600000003e-21,0.9999999984732727,1.526639023670167e-09,-9.412132895316031e-20,-39.17919600794451
superlattice,176.0,0.01,0.5,1.378609751022393e-13,0.9999999999998621,2.42994224e-21,0.9999999981009637,1.8988984301030352e-09,-9.412132785873037e-20,-38.73397742109721
superlattice,178.0,0.01,0.5,2.1303553379590576e-13,0.999999999999787,2.45755522e-21,0.999999997649408,2.350378991612911e-09,-9.41213265698627e-20,-38.29876366719552
superlattice,180.0,0.01,0.5,3.2603371371964893e-13,0.9999999999996739,2.4851682e-21,0.9999999971042254,2.89544857979688e-09,-9.41213250579073e-20,-37.87322124027955
superlattice,182.0,0.01,0.5,4.943234366192286e-13,0.9999999999995057,2.51278118e-21,0.9999999964488913,3.5506144104845744e-09,-9.412132329090422e-20,-37.45703129267476
superlattice,184.0,0.01,0.5,7.427293212102655e-13,0.9999999999992573,2.54039416e-21,0.9999999956644898,4.334767491742575e-09,-9.412132123332078e-20,-37.04988883824264
superlattice,186.0,0.01,0.5,1.106234925633063e-12,0.9999999999988938,2.56800714e-21,0.9999999947294484,5.269445332628511e-09,-9.41213188457741e-20,-36.651502007028725
superlattice,188.0,0.01,0.5,1.6337400259904237e-12,0.9999999999983663,2.59562012e-21,0.9999999936192531,6.379113279474113e-09,-9.412131608474603e-20,-36.26159134748348
superlattice,190.0,0.01,0.5,2.393059891091467e-12,0.9999999999976069,2.6232331e-21,0.9999999923061421,7.691464770356926e-09,-9.412131290229264e-20,-35.87988917275123
superlattice,192.0,0.01,0.5,3.4775279240798016e-12,0.9999999999965224,2.65084608e-21,0.9999999907587818,9.237740718828435e-09,-9.412130924574352e-20,-35.50613894781228
superlattice,194.0,0.01,0.5,5.01465355034082e-12,0.9999999999949853,2.6784590600000002e-21,0.9999999889419172,1.1053068155619464e-08,-9.412130505739328e-20,-35.14009471453085
superlattice,196.0,0.01,0.5,7.177396569354581e-12,0.9999999999928226,2.7060720400000002e-21,0.9999999868160043,1.3176818172675454e-08,-9.412130027418814e-20,-34.78152055190228
superlattice,198.0,0.01,0.5,1.0198750400383983e-11,0.9999999999898013,2.7336850200000003e-21,0.9999999843368181,1.5652983128223132e-08,-9.412129482740959e-20,-34.43019006901153
superlattice,200.0,0.01,0.5,1.4390483105909796e-11,0.9999999999856095,2.7612980000000003e-21,0.9999999814550365,1.8530572985370032e-08,-9.41212886423442e-20,-34.0858859284091
superlattice,202.0,0.01,0.5,2.016707047064841e-11,0.9999999999798329,2.7889109800000003e-21,0.9999999781158024,2.1864030570726088e-08,-9.412128163796311e-20,-33.74839939780477
superlattice,204.0,0.01,0.5,2.8076073778773964e-11,0.9999999999719239,2.8165239600000003e-21,0.9999999742582584,2.5713665454393836e-08,-9.412127372658558e-20,-33.41752992812658
superlattice,206.0,0.01,0.5,3.88364706294436e-11,0.9999999999611635,2.8441369400000004e-21,0.9999999698150575,3.014610606910544e-08,-9.412126481354682e-20,-33.093084756160444
superlattice,208.0,0.01,0.5,5.3386744846429206e-11,0.9999999999466133,2.8717499200000004e-21,0.9999999647118437,3.523476960491097e-08,-9.412125479686396e-20,-32.774878530113774
superlattice,210.0,0.01,0.5,7.29448862683244e-11,0.9999999999270551,2.8993629e-21,0.999999958866706,4.1060349137254046e-08,-9.412124356689789e-20,-32.46273295657397
superlattice,212.0,0.01,0.5,9.908284824107875e-11,0.9999999999009171,2.92697588e-21,0.9999999521895998,4.7711317371073085e-08,-9.41212310060194e-20,-32.15647646745193
superlattice,214.0,0.01,0.5,1.3381846553288032e-10,0.9999999998661815,2.95458886e-21,0.9999999445817352,5.528444631222907e-08,-9.412121698826899e-20,-31.85594390559944
superlattice,216.0,0.01,0.5,1.7972835394969134e-10,0.9999999998202717,2.98220184e-21,0.9999999359349296,6.388534211057461e-08,-9.412120137902784e-20,-31.56097622789604
superlattice,218.0,0.01,0.5,2.4008590114730714e-10,0.999999999759914,3.00981482e-21,0.9999999261309198,7.362899425668376e-08,-9.41211840346774e-20,-31.271420224675946
superlattice,220.0,0.01,0.5,3.190291221726675e-10,0.9999999996809709,3.0374278e-21,0.9999999150406327,8.464033825711639e-08,-9.412116480227325e-20,-30.98712825446361
superlattice,222.0,0.01,0.5,4.217638993955277e-10,0.9999999995782362,3.06504078e-21,0.9999999025234052,9.705483086122351e-08,-9.412114351921312e-20,-30.707957993046055
superlattice,224.0,0.01,0.5,5.548089610441073e-10,0.999999999445191,3.0926537600000002e-21,0.9999998884261542,1.1101903686633064e-07,-9.412112001291024e-20,-30.43377219598945
superlattice,226.0,0.01,0.5,7.262898818689028e-10,0.9999999992737101,3.1202667400000002e-21,0.9999998725824837,1.2669122648768333e-07,-9.412109410047011e-20,-30.164438473766545
superlattice,228.0,0.01,0.5,9.46290419801474e-10,0.9999999990537096,3.1478797200000003e-21,0.9999998548117273,1.4424198224503122e-07,-9.412106558836847e-20,-29.899829078719836
superlattice,230.0,0.01,0.5,1.2272706399972678e-09,0.9999999987727294,3.1754927000000003e-21,0.9999998349179151,1.6385481428917267e-07,-9.412103427213223e-20,-29.639820703140717
superlattice,232.0,0.01,0.5,1.5845625283057784e-09,0.9999999984154375,3.2031056800000003e-21,0.9999998126886543,1.8572678306926825e-07,-9.412099993602251e-20,-29.38429428779337
superlattice,234.0,0.01,0.5,2.0369551656833263e-09,0.9999999979630448,3.2307186600000003e-21,0.9999997878939166,2.1006912822513412e-07,-9.412096235272087e-20,-29.133134840258997
superlattice,236.0,0.01,0.5,2.6073830286998927e-09,0.999999997392617,3.2583316400000004e-21,0.9999997602847144,2.3710790257808474e-07,-9.41209212830131e-20,-28.886231262516016
superlattice,238.0,0.01,0.5,3.323732604026015e-09,0.9999999966762674,3.2859446200000004e-21,0.9999997295916573,2.670846100890073e-07,-9.412087647547803e-20,-28.643476187215235
superlattice,240.0,0.01,0.5,4.2197842610659194e-09,0.9999999957802157,3.3135576e-21,0.9999996955233691,3.002568466530962e-07,-9.412082766617135e-20,-28.40476582213973
superlattice,242.0,0.01,0.5,5.336308220620659e-09,0.9999999946636918,3.34117058e-21,0.9999996577647492,3.3689894260689194e-07,-9.412077457830918e-20,-28.1699998023774
superlattice,244.0,0.01,0.5,6.722335491880749e-09,0.9999999932776645,3.36878356e-21,0.9999996159750586,3.7730260583466907e-07,-9.412071692194863e-20,-27.93908104976285
superlattice,246.0,0.01,0.5,8.436626827732575e-09,0.9999999915633732,3.39639654e-21,0.9999995697858087,4.2177756437763764e-07,-9.412065439366201e-20,-27.711915639173867
superlattice,248.0,0.01,0.5,1.0549365071124038e-08,0.999999989450635,3.42400952e-21,0.9999995187984274,4.706522074705175e-07,-9.412058667620309e-20,-27.48841267129511
superlattice,250.0,0.01,0.5,1.3144098734069184e-08,0.9999999868559013,3.4516225e-21,0.9999994625816773,5.242742239555135e-07,-9.412051343816505e-20,-27.268484151486742
superlattice,252.0,0.01,0.5,1.631996726590183e-08,0.9999999836800327,3.47923548e-21,0.9999994006687957,5.830112370534338e-07,-9.412043433362593e-20,-27.052044874417618
superlattice,254.0,0.01,0.5,2.0194241227822004e-08,0.9999999798057587,3.50684846e-21,0.9999993325543243,6.47251434504944e-07,-9.41203490017779e-20,-26.839012314144277
superlattice,256.0,0.01,0.5,2.4905213494865188e-08,0.9999999750947866,3.53446144e-21,0.9999992576905934,7.174041931318537e-07,-9.412025706653857e-20,-26.629306519337373
superlattice,258.0,0.01,0.5,3.061548065142336e-08,0.9999999693845193,3.56207442e-21,0.9999991754838224,7.939006969082543e-07,-9.412015813614081e-20,-26.422850013375296
superlattice,260.0,0.01,0.5,3.75156569285957e-08,0.9999999624843431,3.5896874e-21,0.9999990852897953,8.771945476738799e-07,-9.412005180269595e-20,-26.219567699041413
superlattice,262.0,0.01,0.5,4.582856634615453e-08,0.9999999541714336,3.61730038e-21,0.999998986409066,9.677623676672992e-07,-9.411993764172852e-20,-26.019386767578453
superlattice,264.0,0.01,0.5,5.58139621629333e-08,0.9999999441860379,3.64491336e-21,0.9999988780816447,1.0661043931034147e-06,-9.411981521167252e-20,-25.82223661186627
superlattice,266.0,0.01,0.5,6.777382630010257e-08,0.9999999322261737,3.67252634e-21,0.9999987594811156,1.1727450580688369e-06,-9.411968405333314e-20,-25.628048743506938
superlattice,268.0,0.01,0.5,8.2058305074144e-08,0.999999917941695,3.7001393200000004e-21,0.9999986297081269,1.288233568058508e-06,-9.411954368929892e-20,-25.436756713609075
superlattice,270.0,0.01,0.5,9.907234135144741e-08,0.9999999009276587,3.7277523000000004e-21,0.9999984877831961,1.4131444625285185e-06,-9.411939362330564e-20,-25.24829603707994
superlattice,272.0,0.01,0.5,1.192830671043463e-07,0.9999998807169329,3.7553652800000004e-21,0.9999983326387669,1.5480781658916633e-06,-9.411923333954262e-20,-25.062604120242227
superlattice,274.0,0.01,0.5,1.4322802429816264e-07,0.9999998567719757,3.7829782600000005e-21,0.9999981631104493,1.693661526434622e-06,-9.411906230189507e-20,-24.879620191604026
superlattice,276.0,0.01,0.5,1.715242860586235e-07,0.9999998284757139,3.8105912400000005e-21,0.9999979779273712,1.8505483426881865e-06,-9.411887995311638e-20,-24.699285235620383
superlattice,278.0,0.01,0.5,2.0487855414602002e-07,0.9999997951214459,3.8382042200000005e-21,0.9999977757015689,2.019419876833783e-06,-9.411868571392221e-20,-24.521541929293747
superlattice,280.0,0.01,0.5,2.440983128832221e-07,0.9999997559016871,3.8658172000000005e-21,0.9999975549163324,2.200985354781566e-06,-9.411847898199986e-20,-24.346334581469566
superlattice,282.0,0.01,0.5,2.9010412383469513e-07,0.9999997098958762,3.8934301800000006e-21,0.9999973139134236,2.395982452605904e-06,-9.411825913092157e-20,-24.17360907469042
superlattice,284.0,0.01,0.5,3.4394314969801024e-07,0.9999996560568503,3.9210431600000006e-21,0.9999970508790812,2.6051777690744375e-06,-9.411802550895849e-20,-24.003312809481667
superlattice,286.0,0.01,0.5,4.068040000321983e-07,0.999999593196,3.9486561400000006e-21,0.9999967638287158,2.8293672840550485e-06,-9.411777743778022e-20,-23.83539465094578
superlattice,288.0,0.01,0.5,4.800329955925324e-07,0.9999995199670044,3.976269120000001e-21,0.9999964505902017,3.0693768026330073e-06,-9.411751421103532e-20,-23.669804877551975
superlattice,290.0,0.01,0.5,5.651519521520278e-07,0.9999994348480479,4.0038821e-21,0.999996108785663,3.326062384815497e-06,-9.411723509279961e-20,-23.506495132011906
superlattice,292.0,0.01,0.5,6.638775887491025e-07,0.9999993361224112,4.03149508e-21,0.9999957358116505,3.6003107607451257e-06,-9.41169393158846e-20,-23.345418374139403
superlattice,294.0,0.01,0.5,7.781426692907936e-07,0.9999992218573307,4.05910806e-21,0.9999953288175993,3.893039731385146e-06,-9.411662607999293e-20,-23.186528835596686
superlattice,296.0,0.01,0.5,9.101189903442512e-07,0.9999990898810096,4.08672104e-21,0.9999948846824549,4.2051985546798655e-06,-9.411629454971354e-20,-23.029781976435938
superlattice,298.0,0.01,0.5,1.062242331747494e-06,0.9999989377576682,4.11433402e-21,0.999994399989351,4.537768317229533e-06,-9.411594385233933e-20,-22.875134443347733
superlattice,300.0,0.01,0.5,1.2372394903463957e-06,0.9999987627605097,4.141947e-21,0.9999938709982181,4.8917622915554385e-06,-9.411557307550155e-20,-22.722544029535275
superlattice,302.0,0.01,0.5,1.4381575206999634e-06,0.9999985618424793,4.16955998e-21,0.9999932936162003,5.268226279062591e-06,-9.411518126460638e-20,-22.571969636135652
superlattice,304.0,0.01,0.5,1.668395309972608e-06,0.99999833160469,4.19717296e-21,0.9999926633657512,5.668238938837156e-06,-9.411476742005827e-20,-22.423371235113045
superlattice,306.0,0.01,0.5,1.931737617432869e-06,0.9999980682623826,4.22478594e-21,0.9999919753502802,6.092912102443421e-06,-9.411433049426543e-20,-22.276709833555596
superlattice,308.0,0.01,0.5,2.2323917119847983e-06,0.9999977676082881,4.25239892e-21,0.9999912242172131,6.543391074908914e-06,-9.411386938840398e-20,-22.131947439306558
superlattice,310.0,0.01,0.5,2.5750267439547163e-06,0.999997424973256,4.2800119e-21,0.999990404118334,7.0208549221079846e-06,-9.411338294893702e-20,-21.989047027868548
superlattice,312.0,0.01,0.5,2.964815989924888e-06,0.9999970351840101,4.30762488e-21,0.9999895086672652,7.526516744773097e-06,-9.411286996386785e-20,-21.847972510519032
superlattice,314.0,0.01,0.5,3.4074821117309835e-06,0.9999965925178883,4.33523786e-21,0.9999885308939488,8.061623939378285e-06,-9.411232915872059e-20,-21.70868870358144
superlattice,316.0,0.01,0.5,3.909345572805883e-06,0.9999960906544272,4.36285084e-21,0.9999874631959811,8.627458446152079e-06,-9.411175919222637e-20,-21.57116129879571
superlattice,318.0,0.01,0.5,4.477376356844058e-06,0.9999955226236431,4.39046382e-21,0.9999862972866587,9.22533698448773e-06,-9.411115865170836e-20,-21.43535683473833
superlattice,320.0,0.01,0.5,5.119249135262481e-06,0.9999948807508647,4.4180768e-21,0.9999850241395887,9.856611276024254e-06,-9.411052604814693e-20,-21.30124266924172
superlattice,322.0,0.01,0.5,5.843402031133277e-06,0.9999941565979689,4.44568978e-21,0.9999836339297131,1.0522668255676325e-05,-9.410985981091279e-20,-21.168786952766816
superlattice,324.0,0.01,0.5,6.659099128146256e-06,0.9999933409008719,4.47330276e-21,0.9999821159706009,1.1224930270891925e-05,-9.410915828215214e-20,-21.037958602684014
superlattice,326.0,0.01,0.5,7.576496873713126e-06,0.9999924235031263,4.50091574e-21,0.9999804586478569,1.1964855269414433e-05,-9.410841971081067e-20,-20.908727278420606
superlattice,328.0,0.01,0.5,8.606714525538672e-06,0.9999913932854745,4.5285287200000004e-21,0.9999786493484987,1.2743936975820082e-05,-9.410764224628275e-20,-20.781063357434718
superlattice,330.0,0.01,0.5,9.761908790845851e-06,0.9999902380912091,4.5561417000000004e-21,0.999976674386152,1.3563705057094812e-05,-9.410682393166844e-20,-20.654937911976802
superlattice,332.0,0.01,0.5,1.10553528069415e-05,0.999988944647193,4.5837546800000004e-21,0.9999745189219156,1.4425725277502927e-05,-9.410596269662781e-20,-20.530322686603245
superlattice,334.0,0.01,0.5,1.2501519610937112e-05,0.999987498480389,4.6113676600000005e-21,0.9999721668807461,1.5331599642985422e-05,-9.410505634981481e-20,-20.407190076406703
superlattice,336.0,0.01,0.5,1.4116170245187373e-05,0.9999858838297548,4.6389806400000005e-21,0.9999696008632194,1.6282966535310555e-05,-9.410410257087932e-20,-20.28551310593081
superlattice,338.0,0.01,0.5,1.5916446643367946e-05,0.9999840835533567,4.6665936200000005e-21,0.9999668020525204,1.728150083617799e-05,-9.410309890202213e-20,-20.165265408737717
superlattice,340.0,0.01,0.5,1.7920969440077715e-05,0.9999820790305599,4.6942066000000005e-21,0.9999637501165184,1.832891404145722e-05,-9.410204273908967e-20,-20.046421207598673
superlattice,342.0,0.01,0.5,2.0149940844410036e-05,0.9999798500591556,4.7218195800000006e-21,0.9999604231047898,1.9426954365712722e-05,-9.410093132219445e-20,-19.92895529527929
superlattice,344.0,0.01,0.5,2.2625252715090805e-05,0.9999773747472849,4.7494325600000006e-21,0.9999567973404478,2.057740683714438e-05,-9.409976172584819e-20,-19.812843015892447
superlattice,346.0,0.01,0.5,2.537059997151671e-05,0.9999746294000285,4.777045540000001e-21,0.9999528473066454,2.1782093383037176e-05,-9.409853084859601e-20,-19.69806024679346
superlattice,348.0,0.01,0.5,2.8411599471344624e-05,0.9999715884005287,4.804658520000001e-21,0.9999485455276228,2.3042872905782796e-05,-9.409723540213775e-20,-19.584583380992857
superlattice,350.0,0.01,0.5,3.177591448117744e-05,0.9999682240855188,4.832271500000001e-21,0.9999438624441693,2.4361641349499485e-05,-9.409587189992471e-20,-19.472389310063537
superlattice,352.0,0.01,0.5,3.549338486235362e-05,0.9999645066151377,4.85988448e-21,0.9999387662833803,2.5740331757236596e-05,-9.409443664522045e-20,-19.361455407520396
superlattice,354.0,0.01,0.5,3.959616308888287e-05,0.9999604038369111,4.88749746e-21,0.9999332229225923,2.718091431871071e-05,-9.409292571861477e-20,-19.251759512651443
superlattice,356.0,0.01,0.5,4.411885620916432e-05,0.9999558811437909,4.91511044e-21,0.9999271957473823,2.8685396408475012e-05,-9.409133496497908e-20,-19.143279914780322
superlattice,358.0,0.01,0.5,4.909867385728141e-05,0.9999509013261427,4.94272342e-21,0.9999206455035283,3.0255822614378136e-05,-9.408965997985698e-20,-19.03599533794205
superlattice,360.0,0.01,0.5,5.457558241337975e-05,0.9999454244175866,4.9703364e-21,0.9999135301428305,3.1894274756117804e-05,-9.408789609527333e-20,-18.929884925952564
superlattice,362.0,0.01,0.5,6.059246540590503e-05,0.9999394075345941,4.99794938e-21,0.9999058046627004,3.360287189364769e-05,-9.408603836496181e-20,-18.824928227856883
superlattice,364.0,0.01,0.5,6.719529024129122e-05,0.9999328047097588,5.02556236e-21,0.9998974209394336,3.5383770325136005e-05,-9.408408154899578e-20,-18.72110518373824
superlattice,366.0,0.01,0.5,7.443328133905939e-05,0.999925566718661,5.05317534e-21,0.9998883275550868,3.7239163574124745e-05,-9.408202009781999e-20,-18.618396110873917
superlattice,368.0,0.01,0.5,8.235909974219095e-05,0.9999176409002578,5.08078832e-21,0.9998784696178923,3.917128236547436e-05,-9.407984813567418e-20,-18.51678169022286
superlattice,370.0,0.01,0.5,9.10290292640886e-05,0.9999089709707359,5.1084013e-21,0.9998677885761462,4.118239458962196e-05,-9.407755944340303e-20,-18.416242953231382
superlattice,372.0,0.01,0.5,0.00010050316922442146,0.9998994968307756,5.13601428e-21,0.999856222025521,4.32748052546159e-05,-9.407514744064952e-20,-18.316761268944433
superlattice,374.0,0.01,0.5,0.00011084563381665583,0.9998891543661833,5.16362726e-21,0.9998437035097579,4.545085642532541e-05,-9.407260516742472e-20,-18.218318331409677
superlattice,376.0,0.01,0.5,0.00012212475814012055,0.9998778752418599,5.19124024e-21,0.9998301623147107,4.771292714915657e-05,-9.406992526505552e-20,-18.12089614736372
superlattice,378.0,0.01,0.5,0.00013441331091899433,0.999865586689081,5.21885322e-21,0.9998155232557134,5.0063433367533745e-05,-9.406709995650345e-20,-18.024477024188744
superlattice,380.0,0.01,0.5,0.00014778871391968573,0.9998522112860803,5.2464662e-21,0.999799706458268,5.2504827812340314e-05,-9.406412102605791e-20,-17.929043558130214
superlattice,382.0,0.01,0.5,0.00016233326806662903,0.9998376667319334,5.27407918e-21,0.9997826271320469,5.503959988643017e-05,-9.406097979840246e-20,-17.834578622765854
superlattice,384.0,0.01,0.5,0.00017813438624459386,0.9998218656137554,5.30169216e-21,0.999764195338228,5.767027552725258e-05,-9.405766711705424e-20,-17.741065357716703
superlattice,386.0,0.01,0.5,0.00019528483276315994,0.9998047151672368,5.3293051400000004e-21,0.9997443157501843,6.03994170525528e-05,-9.405417332218209e-20,-17.648487157592573
superlattice,388.0,0.01,0.5,0.00021388296944602702,0.999786117030554,5.3569181200000004e-21,0.999722887407567,6.322962298703093e-05,-9.405048822780635e-20,-17.556827661163943
superlattice,390.0,0.01,0.5,0.00023403300829432971,0.9997659669917057,5.3845311000000004e-21,0.999699803463837,6.616352786876047e-05,-9.404660109838228e-20,-17.466070740752574
superlattice,392.0,0.01,0.5,0.00025584527065906947,0.999744154729341,5.4121440800000005e-21,0.9996749509273068,6.920380203408428e-05,-9.404250062477973e-20,-17.37620049183534
superlattice,394.0,0.01,0.5,0.00027943645284317413,0.9997205635471568,5.4397570600000005e-21,0.9996482103957771,7.235315137962649e-05,-9.403817489966188e-20,-17.28720122285422
superlattice,396.0,0.01,0.5,0.00030492989803847665,0.9996950701019616,5.4673700400000005e-21,0.9996194557848616,7.561431709995723e-05,-9.403361139227418e-20,-17.199057445227208
superlattice,398.0,0.01,0.5,0.00033245587448717863,0.9996675441255128,5.4949830200000005e-21,0.9995885540501135,7.899007539938261e-05,-9.402879692265665e-20,-17.111753863555457
superlattice,400.0,0.01,0.5,0.0003621518597409246,0.999637848140259,5.5225960000000006e-21,0.9995553649030829,8.248323717621799e-05,-9.402371763528693e-20,-17.025275366021148
superlattice,402.0,0.01,0.5,0.0003941628308736704,0.9996058371691263,5.5502089800000006e-21,0.9995197405214485,8.609664767783432e-05,-9.401835897217439e-20,-16.939607014973042
superlattice,404.0,0.01,0.5,0.0004286415604868338,0.9995713584395132,5.5778219600000006e-21,0.9994815252533885,8.983318612465808e-05,-9.401270564541678e-20,-16.854734037695383
superlattice,406.0,0.01,0.5,0.0004657489183269477,0.999534251081673,5.605434940000001e-21,0.9994405553163718,9.369576530122317e-05,-9.40067416092367e-20,-16.77064181735676
superlattice,408.0,0.01,0.5,0.0005056541783170686,0.999494345821683,5.633047920000001e-21,0.9993966584905707,9.768733111227954e-05,-9.400045003152333e-20,-16.68731588413743
superlattice,410.0,0.01,0.5,0.0005485353307834634,0.9994514646692165,5.660660900000001e-21,0.9993496538071147,0.00010181086210185692,-9.399381326489124e-20,-16.604741906530954
superlattice,412.0,0.01,0.5,0.0005945793996388046,0.9994054206003612,5.688273880000001e-21,0.9992993512314281,0.00010606936893311049,-9.398681281728772e-20,-16.522905682819847
superlattice,414.0,0.01,0.5,0.0006439827642618527,0.9993560172357382,5.715886860000001e-21,0.9992455513419114,0.00011046589382665095,-9.397942932217036e-20,-16.441793132723124
superlattice,416.0,0.01,0.5,0.0006969514857918527,0.9993030485142081,5.743499840000001e-21,0.9991880450042532,0.00011500350995499797,-9.397164250828124e-20,-16.361390289214533
superlattice,418.0,0.01,0.5,0.0007537016375330751,0.9992462983624669,5.77111282e-21,0.9991266130416763,0.00011968532079066874,-9.396343116905061e-20,-16.281683290511484
superlattice,420.0,0.01,0.5,0.0008144596391415625,0.9991855403608585,5.7987258e-21,0.999061025901453,0.00012451445940534771,-9.395477313165643e-20,-16.202658372233504
superlattice,422.0,0.01,0.5,0.0008794625942418275,0.9991205374057581,5.82633878e-21,0.9989910433180408,0.00012949408771747206,-9.394564522578125e-20,-16.124301859731755
superlattice,424.0,0.01,0.5,0.000948958631096089,0.9990510413689039,5.85395176e-21,0.9989164139732185,0.00013462739568547978,-9.393602325209536e-20,-16.046600160588845
superlattice,426.0,0.01,0.5,0.0010232072459226875,0.9989767927540774,5.88156474e-21,0.9988368751536335,0.00013991760044387296,-9.392588195050866e-20,-15.969539757290619
superlattice,428.0,0.01,0.5,0.0011024796484334779,0.9988975203515665,5.90917772e-21,0.9987521524061874,0.00014536794537917033,-9.391519496823374e-20,-15.893107200071439
superlattice,430.0,0.01,0.5,0.0011870591091321916,0.9988129408908678,5.9367907e-21,0.9986619591917251,0.00015098169914271766,-9.390393482770117e-20,-15.817289099934275
superlattice,432.0,0.01,0.5,0.0012772413078871619,0.9987227586921128,5.96440368e-21,0.9985659965375155,0.00015676215459725033,-9.389207289437651e-20,-15.742072121848148
superlattice,434.0,0.01,0.5,0.001373334683262195,0.9986266653167378,5.99201666e-21,0.9984639526890438,0.00016271262769402268,-9.387957934452565e-20,-15.667442978125106
superlattice,436.0,0.01,0.5,0.001475660782058941,0.998524339217941,6.01962964e-21,0.9983555027616638,0.00016883645627722825,-9.3866423132983e-20,-15.593388421979894
superlattice,438.0,0.01,0.5,0.0015845546084926635,0.9984154453915073,6.04724262e-21,0.998240308392695,0.00017513699881237355,-9.385257196097981e-20,-15.519895241276066
superlattice,440.0,0.01,0.5,0.0017003649723908783,0.9982996350276091,6.0748556e-21,0.998118017394574,0.000181617633035179,-9.383799224408312e-20,-15.446950252460836
superlattice,442.0,0.01,0.5,0.0018234548357713173,0.9981765451642287,6.10246858e-21,0.9979882634097113,0.00018828175451754222,-9.382264908031743e-20,-15.37454029469455
superlattice,444.0,0.01,0.5,0.001954201657121119,0.9980457983428789,6.13008156e-21,0.9978506655677319,0.00019513277514700048,-9.380650621852466e-20,-15.302652224177692
superlattice,446.0,0.01,0.5,0.0020929977326644483,0.9979070022673355,6.1576945400000004e-21,0.9977048281458195,0.0002021741215161225,-9.378952602703727e-20,-15.231272908681381
superlattice,448.0,0.01,0.5,0.0022402505338694513,0.9977597494661306,6.1853075200000004e-21,0.9975503402329124,0.00020940923321816188,-9.377166946273119e-20,-15.16038922228578
superlattice,450.0,0.01,0.5,0.0023963830404087516,0.9976036169595912,6.2129205000000004e-21,0.9973867753985459,0.00021684156104530316,-9.375289604053362e-20,-15.089988040332017
superlattice,452.0,0.01,0.5,0.0025618340677501816,0.9974381659322498,6.2405334800000005e-21,0.9972136913671641,0.00022447456508578823,-9.373316380346882e-20,-15.020056234594357
superlattice,454.0,0.01,0.5,0.0027370585885156933,0.9972629414114843,6.2681464600000005e-21,0.9970306296987682,0.0002323117127161775,-9.371242929331718e-20,-14.950580668677798
superlattice,456.0,0.01,0.5,0.002922528046707536,0.9970774719532924,6.2957594400000005e-21,0.9968371154768074,0.0002403564764850075,-9.369064752197883e-20,-14.881548193648712
superlattice,458.0,0.01,0.5,0.0031187306638606445,0.9968812693361394,6.3233724200000005e-21,0.9966326570042553,0.00024861233188408423,-9.366777194362514e-20,-14.812945643904545
superlattice,460.0,0.01,0.5,0.0033261717361401546,0.9966738282638599,6.3509854000000006e-21,0.9964167455088562,0.00025708275500368837,-9.364375442773853e-20,-14.744759833291148
superlattice,462.0,0.01,0.5,0.003545373921361443,0.9964546260786386,6.3785983800000006e-21,0.9961888548585707,0.0002657712200679592,-9.361854523312941e-20,-14.676977551474154
superlattice,464.0,0.01,0.5,0.0037768775148692727,0.9962231224851307,6.4062113600000006e-21,0.9959484412882839,0.00027468119684679194,-9.359209298303826e-20,-14.609585560573551
superlattice,466.0,0.01,0.5,0.004021240713170371,0.9959787592868297,6.433824340000001e-21,0.9956949431388891,0.0002838161479406096,-9.356434464141988e-20,-14.542570592068708
superlattice,468.0,0.01,0.5,0.004279039864172365,0.9957209601358277,6.461437320000001e-21,0.9954277806098932,0.0002931795259344624,-9.353524549052716e-20,-14.475919343983847
superlattice,470.0,0.01,0.5,0.0045508697028394055,0.9954491302971606,6.489050300000001e-21,0.9951463555267426,0.000302774770417956,-9.350473910989665e-20,-14.409618478361407
superlattice,472.0,0.01,0.5,0.004837343571033507,0.9951626564289665,6.516663280000001e-21,0.9948500511240989,0.0003126053048676603,-9.347276735686122e-20,-14.343654619033993
superlattice,474.0,0.01,0.5,0.005139093620268295,0.9948609063797317,6.544276260000001e-21,0.994538231846343,0.00032267453338871694,-9.343927034870159e-20,-14.278014349703138
superlattice,476.0,0.01,0.5,0.005456770996061184,0.9945432290039388,6.571889240000001e-21,0.9942102431666262,0.00033298583731256135,-9.340418644656838e-20,-14.21268421233593
superlattice,478.0,0.01,0.5,0.005791046002528711,0.9942089539974713,6.599502220000001e-21,0.9938654114258235,0.0003435425716477773,-9.336745224129513e-20,-14.147650705888408
superlattice,480.0,0.01,0.5,0.006142608245830438,0.9938573917541695,6.6271152e-21,0.9935030436927883,0.0003543480613813473,-9.332900254123877e-20,-14.082900285366817
superlattice,482.0,0.01,0.5,0.006512166755027374,0.9934878332449726,6.65472818e-21,0.9931224276473449,0.00036540559762771404,-9.32887703622764e-20,-14.018419361236239
superlattice,484.0,0.01,0.5,0.006900450078884224,0.9930995499211158,6.68234116e-21,0.9927228314874925,0.0003767184336233569,-9.324668692010559e-20,-13.954194299188638
superlattice,486.0,0.01,0.5,0.007308206357107545,0.9926917936428925,6.70995414e-21,0.9923035038623277,0.0003882897805647866,-9.32026816249767e-20,-13.890211420279051
superlattice,488.0,0.01,0.5,0.0077362033644793275,0.9922637966355207,6.73756712e-21,0.9918636738322324,0.00040012280328821594,-9.315668207901513e-20,-13.826457001442849
superlattice,490.0,0.01,0.5,0.008185228526311625,0.9918147714736884,6.7651801e-21,0.991402550857899,0.00041222061578939694,-9.310861407626809e-20,-13.762917276403046
superlattice,492.0,0.01,0.5,0.008656088903620601,0.9913439110963794,6.79279308e-21,0.9909193248197968,0.0004245862765825606,-9.305840160563735e-20,-13.699578436980351
superlattice,494.0,0.01,0.5,0.009149611146389463,0.9908503888536105,6.820406060000001e-21,0.9904131660697129,0.00043722278389766344,-9.300596685684088e-20,-13.636426634815473
superlattice,496.0,0.01,0.5,0.009666641413267672,0.9903333585867323,6.84801904e-21,0.9898832255160167,0.0004501330707156266,-9.295123022956139e-20,-13.573447983515155
superlattice,498.0,0.01,0.5,0.01020804525603368,0.9897919547439663,6.875632020000001e-21,0.9893286347443246,0.00046331999964166704,-9.289411034593889e-20,-13.510628561232815
superlattice,500.0,0.01,0.5,0.010774707467131618,0.9892252925328684,6.903245e-21,0.9887485061752511,0.00047678635761727334,-9.283452406656215e-20,-13.447954413694161
superlattice,502.0,0.01,0.5,0.011367531888582472,0.9886324681114176,6.930857980000001e-21,0.9881419332609456,0.0004905348504719349,-9.277238651011717e-20,-13.38541155767805
superlattice,504.0,0.01,0.5,0.011987441180560925,0.9880125588194391,6.95847096e-21,0.9875079907221228,0.0005045680973161848,-9.270761107685308e-20,-13.322985984963148
superlattice,506.0,0.01,0.5,0.012635376547930658,0.9873646234520693,6.986083940000001e-21,0.9868457348272912,0.000518888624778201,-9.264010947602105e-20,-13.26066366674962
superlattice,508.0,0.01,0.5,0.013312297423032256,0.9866877025769677,7.01369692e-21,0.9861542037158809,0.0005334988610867238,-9.256979175744777e-20,-13.198430558565933
superlattice,510.0,0.01,0.5,0.014019181103030453,0.9859808188969695,7.041309900000001e-21,0.9854324177669658,0.000548401130003756,-9.24965663473946e-20,-13.13627260566881
superlattice,512.0,0.01,0.5,0.014757022340142902,0.9852429776598571,7.06892288e-21,0.984679380015246,0.0005635976446111447,-9.242034008886361e-20,-13.07417574894573
superlattice,514.0,0.01,0.5,0.015526832883098361,0.9844731671169016,7.09653586e-21,0.9838940766159456,0.0005790905009559051,-9.234101828649641e-20,-13.012125931326782
superlattice,516.0,0.01,0.5,0.016329640968202937,0.9836703590317971,7.12414884e-21,0.9830754773602373,0.0005948816715598508,-9.225850475621911e-20,-12.950109104713638
superlattice,518.0,0.01,0.5,0.017166490758434624,0.9828335092415654,7.15176182e-21,0.9822225362427655,0.0006109729987999366,-9.217270187977688e-20,-12.888111237431685
superlattice,520.0,0.01,0.5,0.018038441729033072,0.981961558270967,7.1793748e-21,0.9813341920828005,0.0006273661881664471,-9.208351066429615e-20,-12.82611832221047
superlattice,522.0,0.01,0.5,0.018946567998112215,0.9810534320018878,7.20698778e-21,0.9804093692004806,0.0006440628014071294,-9.199083080701269e-20,-12.764116384697504
superlattice,524.0,0.01,0.5,0.01989195760088865,0.9801080423991113,7.23460076e-21,0.9794469781495452,0.0006610642495661347,-9.189456076528913e-20,-12.702091492508167
superlattice,526.0,0.01,0.5,0.020875711706197682,0.9791242882938023,7.26221374e-21,0.9784459165078747,0.0006783717859276208,-9.17945978320449e-20,-12.640029764814509
superlattice,528.0,0.01,0.5,0.021898943774057992,0.978101056225942,7.28982672e-21,0.9774050697270673,0.0006959864988747802,-9.16908382167082e-20,-12.577917382473556
superlattice,530.0,0.01,0.5,0.02296277865314228,0.9770372213468577,7.3174397e-21,0.9763233120421817,0.0007139093046759641,-9.158317713179321e-20,-12.51574059869509
superlattice,532.0,0.01,0.5,0.024068351617126765,0.9759316483828733,7.34505268e-21,0.9751995074426626,0.0007321409402106631,-9.147150888519292e-20,-12.453485750246914
superlattice,534.0,0.01,0.5,0.025216807339009936,0.9747831926609901,7.37266566e-21,0.9740325107053411,0.0007506819556489799,-9.135572697826696e-20,-12.391139269194388
superlattice,536.0,0.01,0.5,0.026409298802629946,0.97359070119737,7.400278640000001e-21,0.9728211684902707,0.0007695327070993389,-9.123572420979123e-20,-12.328687695169167
superlattice,538.0,0.01,0.5,0.027646986150752582,0.9723530138492474,7.42789162e-21,0.9715643205000073,0.0007886933492401067,-9.111139278582119e-20,-12.266117688160506
superlattice,540.0,0.01,0.5,0.028931035469267886,0.9710689645307321,7.455504600000001e-21,0.9702608007027801,0.0008081638279519668,-9.098262443550758e-20,-12.20341604182064
superlattice,542.0,0.01,0.5,0.030262617507196686,0.9697373824928033,7.48311758e-21,0.9689094386198346,0.0008279438729687054,-9.084931053288222e-20,-12.140569697273449
superlattice,544.0,0.01,0.5,0.03164290633240291,0.9683570936675971,7.510730560000001e-21,0.9675090606770317,0.000848032990565308,-9.071134222462012e-20,-12.077565757414163
superlattice,546.0,0.01,0.5,0.033073077923099624,0.9669269220769003,7.53834354e-21,0.9660584916205972,0.0008684304563031583,-9.05686105637605e-20,-12.01439150168533
superlattice,548.0,0.01,0.5,0.03455430869544939,0.9654456913045506,7.565956520000001e-21,0.9645565559966974,0.0008891353078531374,-9.042100664935139e-20,-11.951034401312073
superlattice,550.0,0.01,0.5,0.036087773967783295,0.9639122260322167,7.5935695e-21,0.9630020796942983,0.0009101463379184203,-9.02684217719604e-20,-11.887482134977548
superlattice,552.0,0.01,0.5,0.03767464636219883,0.9623253536378011,7.621182480000001e-21,0.9613938915505215,0.000931462087279712,-9.011074756497344e-20,-11.823722604917004
superlattice,554.0,0.01,0.5,0.03931609414454541,0.9606839058554546,7.64879546e-21,0.959730825017468,0.0009530808379865799,-8.994787616157789e-20,-11.759743953406472
superlattice,556.0,0.01,0.5,0.04101327950406391,0.9589867204959361,7.676408440000001e-21,0.9580117198892167,0.0009750006067193418,-8.977970035730289e-20,-11.695534579619487
superlattice,558.0,0.01,0.5,0.0427673567742196,0.9572326432257804,7.70402142e-21,0.9562354240874334,0.0009972191383468823,-8.9606113777965e-20,-11.63108315682292
superlattice,560.0,0.01,0.5,0.04457947059654975,0.9554205294034502,7.731634400000001e-21,0.9544007955037438,0.001019733899706462,-8.942701105283919e-20,-11.566378649880184
superlattice,562.0,0.01,0.5,0.046450754029632245,0.9535492459703677,7.75924738e-21,0.9525067038967355,0.0010425420736322384,-8.924228799284979e-20,-11.501410333027659
superlattice,564.0,0.01,0.5,0.04838232660558806,0.951617673394412,7.786860360000001e-21,0.9505520328411521,0.0010656405532598915,-8.905184177354427e-20,-11.436167807887113
superlattice,566.0,0.01,0.5,0.05037529233683292,0.9496247076631671,7.81447334e-21,0.9485356817265319,0.0010890259366352617,-8.885557112259154e-20,-11.370641021675242
superlattice,568.0,0.01,0.5,0.05243073767610578,0.9475692623238943,7.842086320000001e-21,0.946456567802239,0.0011126945216552253,-8.865337651150552e-20,-11.30482028556726
superlattice,570.0,0.01,0.5,0.054549729433123965,0.945450270566876,7.8696993e-21,0.9443136282655065,0.001136642301369553,-8.844516035127898e-20,-11.238696293170817
superlattice,572.0,0.01,0.5,0.05673331265153226,0.9432666873484677,7.897312280000001e-21,0.9421058223887954,0.0011608649596724899,-8.823082719156851e-20,-11.172260139061956
superlattice,574.0,0.01,0.5,0.05898250845013715,0.9410174915498628,7.92492526e-21,0.9398321336824498,0.0011853578674130383,-8.801028392305291e-20,-11.10550333733405
superlattice,576.0,0.01,0.5,0.06129831183274753,0.9387016881672524,7.952538240000001e-21,0.9374915720882996,0.001210116078952868,-8.778343998255102e-20,-11.038417840107236
superlattice,578.0,0.01,0.5,0.06368168947125234,0.9363183105287477,7.98015122e-21,0.9350831761995472,0.001235134329200493,-8.755020756045441e-20,-10.970996055943713
superlattice,580.0,0.01,0.5,0.06613357746689878,0.9338664225331013,8.0077642e-21,0.932606015501951,0.0012604070311501851,-8.731050181000691e-20,-10.903230868112589
superlattice,582.0,0.01,0.5,0.06865487909503731,0.9313451209049627,8.03537718e-21,0.9300591926310091,0.0012859282739535538,-8.706424105792618e-20,-10.835115652645216
superlattice,584.0,0.01,0.5,0.07124646253890482,0.9287535374610952,8.06299016e-21,0.9274418456395441,0.0013116918215510052,-8.681134701584047e-20,-10.766644296120594
superlattice,586.0,0.01,0.5,0.0739091586183236,0.9260908413816764,8.09060314e-21,0.9247531502697867,0.0013376911118897698,-8.655174499198349e-20,-10.697811213118468
superlattice,588.0,0.01,0.5,0.07664375851945479,0.9233562414805452,8.11821612e-21,0.9219923222237915,0.0013639192567538594,-8.628536410256499e-20,-10.62861136327632
superlattice,590.0,0.01,0.5,0.07945101153203624,0.9205489884679637,8.1458291e-21,0.9191586194257333,0.0013903690422305231,-8.601213748221219e-20,-10.559040267885338
superlattice,592.0,0.01,0.5,0.08233162280076359,0.9176683771992364,8.17344208e-21,0.9162513442694001,0.0014170329298362622,-8.573200249284869e-20,-10.48909402595885
superlattice,594.0,0.01,0.5,0.08528625109772099,0.914713748902279,8.201055060000001e-21,0.913269845843955,0.00144390305832409,-8.544490093036617e-20,-10.41876932970697
superlattice,596.0,0.01,0.5,0.08831550662295809,0.9116844933770419,8.22866804e-21,0.91021352213085,0.001470971246191936,-8.515077922841415e-20,-10.348063479349465
superlattice,598.0,0.01,0.5,0.09141994884051438,0.9085800511594856,8.256281020000001e-21,0.9070818221645751,0.001498228994910516,-8.484958865862741e-20,-10.276974397199892
superlattice,600.0,0.01,0.5,0.09460008435732167,0.9053999156426783,8.283894e-21,0.9038742481497918,0.0015256674928865923,-8.454128552658793e-20,-10.205500640953147
superlattice,602.0,0.01,0.5,0.09785636485257106,0.9021436351474289,8.311506980000001e-21,0.9005903575272531,0.0015532776201758222,-8.422583136281417e-20,-10.133641416109857
superlattice,604.0,0.01,0.5,0.10118918506519758,0.8988108149348024,8.33911996e-21,0.8972297649808457,0.001581049953956646,-8.390319310805763e-20,-10.061396587471279
superlattice,606.0,0.01,0.5,0.10459888084722166,0.8954011191527783,8.366732940000001e-21,0.8937921443780038,0.001608974774774471,-8.357334329218541e-20,-9.98876668963996
superlattice,608.0,0.01,0.5,0.10808572729068784,0.8919142727093121,8.39434592e-21,0.8902772306357497,0.0016370420735624986,-8.323626020592358e-20,-9.915752936462688
superlattice,610.0,0.01,0.5,0.11164993693595153,0.8883500630640486,8.421958900000001e-21,0.8866848215046056,0.0016652415594430058,-8.289192806473928e-20,-9.842357229354239
superlattice,612.0,0.01,0.5,0.1152916580689955,0.8847083419310046,8.44957188e-21,0.8830147792626949,0.0016935626683097582,-8.254033716414772e-20,-9.768582164443073
superlattice,614.0,0.01,0.5,0.11901097311537519,0.8809890268846249,8.477184860000001e-21,0.8792670323124356,0.0017219945721892891,-8.218148402573348e-20,-9.694431038481975
superlattice,616.0,0.01,0.5,0.12280789713824787,0.8771921028617521,8.50479784e-21,0.8754415766723767,0.0017505261893755743,-8.181537153319865e-20,-9.619907853470936
superlattice,618.0,0.01,0.5,0.12668237644778405,0.873317623552216,8.532410820000001e-21,0.8715384773568864,0.0017791461953295894,-8.144200905775863e-20,-9.545017319941778
superlattice,620.0,0.01,0.5,0.13063428732900847,0.8693657126709915,8.5600238e-21,0.8675578696366599,0.0018078430343315686,-8.106141257223421e-20,-9.46976485885871
superlattice,622.0,0.01,0.5,0.134663434894886,0.865336565105114,8.587636780000001e-21,0.8634999601732432,0.0018366049318708382,-8.06736047532131e-20,-9.39415660209293
superlattice,624.0,0.01,0.5,0.1387695520711391,0.8612304479288609,8.61524976e-21,0.8593650280211065,0.0018654199077544273,-8.027861507068077e-20,-9.318199391433634
superlattice,626.0,0.01,0.5,0.14295229871894533,0.8570477012810547,8.642862740000001e-21,0.8551534254911423,0.0018942757899124282,-7.987647986456009e-20,-9.241900776103275
superlattice,628.0,0.01,0.5,0.14721126090126133,0.8527887390987386,8.67047572e-21,0.8508655788698642,0.0019231602288745165,-7.946724240763094e-20,-9.165269008749492
superlattice,630.0,0.01,0.5,0.15154595029809634,0.8484540497019036,8.698088700000001e-21,0.8465019889890147,0.0019520607128888992,-7.905095295434672e-20,-9.088313039891938
superlattice,632.0,0.01,0.5,0.15595580377558374,0.8440441962244163,8.72570168e-21,0.8420632316407648,0.001980964583651556,-7.862766877510916e-20,-9.011042510808043
superlattice,634.0,0.01,0.5,0.16044018311317496,0.839559816886825,8.753314660000001e-21,0.8375499578342148,0.002009859052610294,-7.81974541756086e-20,-8.933467744847253
superlattice,636.0,0.01,0.5,0.16499837489275393,0.8350016251072461,8.78092764e-21,0.8329628938894408,0.0020387312178052853,-7.776038050089485e-20,-8.855599737170234
superlattice,638.0,0.01,0.5,0.16962959055287802,0.830370409447122,8.808540620000001e-21,0.8283028413659175,0.002067568081204519,-7.731652612389217e-20,-8.777450142915065
superlattice,640.0,0.01,0.5,0.17433296661074146,0.8256670333892585,8.8361536e-21,0.8235706768227687,0.0020963565664898886,-7.686597641813442e-20,-8.69903126379949
superlattice,642.0,0.01,0.5,0.17910756505383113,0.8208924349461689,8.86376658e-21,0.818767351408922,0.0021250835372469104,-7.640882371455488e-20,-8.620356033174655
superlattice,644.0,0.01,0.5,0.18395237390257355,0.8160476260974264,8.89137956e-21,0.8138938902819179,0.0021537358155085955,-7.59451672422279e-20,-8.541437999552445
superlattice,646.0,0.01,0.5,0.1888663079445956,0.8111336920554044,8.91899254e-21,0.8089513918548028,0.002182300200601656,-7.547511305302272e-20,-8.462291308635034
superlattice,648.0,0.01,0.5,0.19384820964053703,0.8061517903594629,8.94660552e-21,0.8039410268712216,0.002210763488241364,-7.499877393019592e-20,-8.382930683881982
superlattice,650.0,0.01,0.5,0.19889685020063042,0.8011031497993696,8.9742185e-21,0.7988640373095502,0.0022391124898193566,-7.451626928101793e-20,-8.303371405656986
superlattice,652.0,0.01,0.5,0.20401093083056687,0.7959890691694332,9.00183148e-21,0.7937217351176059,0.0022673340518273182,-7.402772501358869e-20,-8.223629289002051
superlattice,654.0,0.01,0.5,0.2091890841444394,0.7908109158555605,9.02944446e-21,0.7885155007802024,0.0022954150753581636,-7.353327339807388e-20,-8.143720660094063
superlattice,656.0,0.01,0.5,0.21442987574185346,0.7855701242581465,9.057057440000001e-21,0.7832467817225212,0.0023233425356253908,-7.303305291265153e-20,-8.063662331443878
superlattice,658.0,0.01,0.5,0.21973180594558644,0.7802681940544136,9.08467042e-21,0.7779170905529731,0.002351103501440656,-7.252720807453076e-20,-7.983471575904541
superlattice,660.0,0.01,0.5,0.22509331169547853,0.7749066883045215,9.112283400000001e-21,0.7725280031499323,0.002378685154589205,-7.20158892564648e-20,-7.903166099560161
superlattice,662.0,0.01,0.5,0.2305127685935745,0.7694872314064255,9.13989638e-21,0.7670811565973826,0.0024060748090428672,-7.149925248924515e-20,-7.8227640135724545
superlattice,664.0,0.01,0.5,0.2359884930948684,0.7640115069051315,9.167509360000001e-21,0.7615782469751811,0.002433259929950537,-7.097745925072566e-20,-7.742283805066728
superlattice,666.0,0.01,0.5,0.24151874483739036,0.7584812551626096,9.19512234e-21,0.7560210270102627,0.0024602281523467768,-7.045067624198084e-20,-7.6617443071432625
superlattice,668.0,0.01,0.5,0.2471017291047524,0.7528982708952477,9.222735320000001e-21,0.7504113035957278,0.002486967299519911,-6.991907515125983e-20,-7.5811646681041065
superlattice,670.0,0.01,0.5,0.2527355994137351,0.7472644005862649,9.2503483e-21,0.7447509351852823,0.0025134654009825405,-6.938283240645015e-20,-7.500564319988919
superlattice,672.0,0.01,0.5,0.2584184602189492,0.7415815397810508,9.277961280000001e-21,0.7390418290710622,0.0025397107099886093,-6.884212891681145e-20,-7.419962946516138
superlattice,674.0,0.01,0.5,0.26414836972613487,0.7358516302738651,9.30557426e-21,0.7332859385533217,0.002565691720543344,-6.829714980478575e-20,-7.339380450528558
superlattice,676.0,0.01,0.5,0.269923342805209,0.730076657194791,9.333187240000001e-21,0.7274852600109367,0.0025913971838541915,-6.77480841287309e-20,-7.25883692104423
superlattice,678.0,0.01,0.5,0.27574135399379895,0.724258646006201,9.36080022e-21,0.7216418298820274,0.0026168161241735643,-6.719512459745639e-20,-7.178352600014829
superlattice,680.0,0.01,0.5,0.2816003405816399,0.71839965941836,9.388413200000001e-21,0.7157577215643733,0.002641937853986691,-6.663846727747733e-20,-7.097947848894989
superlattice,682.0,0.01,0.5,0.28749820576593593,0.7125017942340641,9.41602618e-21,0.7098350422455634,0.002666751988500782,-6.60783112939215e-20,-7.017643115125822
superlattice,684.0,0.01,0.5,0.29343282186755193,0.7065671781324481,9.443639160000001e-21,0.7038759296730531,0.002691248459394952,-6.551485852604982e-20,-6.937458898636043
superlattice,686.0,0.01,0.5,0.2994020335977089,0.7005979664022911,9.47125214e-21,0.6978825488744977,0.00271541752779341,-6.494831329836482e-20,-6.857415718463264
superlattice,688.0,0.01,0.5,0.3054036613647472,0.6945963386352528,9.498865120000001e-21,0.6918570888388247,0.0027392497964281027,-6.437888206829066e-20,-6.777534079596516
superlattice,690.0,0.01,0.5,0.3114355046104485,0.6885644953895516,9.5264781e-21,0.685801759168591,0.00276273622096055,-6.380677311141552e-20,-6.697834440139585
superlattice,692.0,0.01,0.5,0.3174953451653877,0.6825046548346123,9.554091080000001e-21,0.6797187867141761,0.002785868120436245,-6.323219620528503e-20,-6.618337178892063
superlattice,694.0,0.01,0.5,0.3235809506128374,0.6764190493871626,9.58170406e-21,0.6736104122003136,0.002808637186848934,-6.265536231273088e-20,-6.539062563442487
superlattice,696.0,0.01,0.5,0.32969007765084946,0.6703099223491505,9.609317040000001e-21,0.6674788868553545,0.002831035493795986,-6.20764832657085e-20,-6.460030718864543
superlattice,698.0,0.01,0.5,0.3358204754422596,0.6641795245577403,9.63693002e-21,0.6613264690535304,0.0028530555042098446,-6.149577145060155e-20,-6.381261597103675
superlattice,700.0,0.01,0.5,0.3419698889426109,0.6580301110573892,9.664543000000001e-21,0.6551554209802345,0.0028746900771547293,-6.091343949593182e-20,-6.302774947137367
superlattice,120.0,0.1,0.5,1.9462396272201188e-22,1.0,1.6567788e-21,0.9999999999997302,2.6983732317284523e-13,-9.412133423007567e-20,-56.809837396564745
superlattice,122.0,0.1,0.5,4.939222471116691e-22,1.0,1.68439178e-21,0.9999999999995741,4.259198520611088e-13,-9.412133422859944e-20,-55.87852858590858
superlattice,124.0,0.1,0.5,1.2163923909211452e-21,1.0,1.71200476e-21,0.9999999999993375,6.624595545675222e-13,-9.41213342264965e-20,-54.97726199458493
superlattice,126.0,0.1,0.5,2.9111388839548496e-21,1.0,1.73961774e-21,0.999999999998984,1.016016992472868e-12,-9.412133422353538e-20,-54.104607040587766
superlattice,128.0,0.1,0.5,6.779672918414925e-21,1.0,1.76723072e-21,0.9999999999984625,1.5375815438021266e-12,-9.412133421941283e-20,-53.259222553245806
superlattice,130.0,0.1,0.5,1.538359240666538e-20,1.0,1.7948437e-21,0.9999999999977026,2.297411677922429e-12,-9.412133421373462e-20,-52.43984989541686
superlattice,132.0,0.1,0.5,3.4050499207855025e-20,1.0,1.82245668e-21,0.9999999999966087,3.3912096128907114e-12,-9.412133420599322e-20,-51.645306710935486
superlattice,134.0,0.1,0.5,7.360185040335821e-20,1.0,1.8500696600000002e-21,0.9999999999950521,4.947914958582492e-12,-9.412133419554168e-20,-50.874481231988675
superlattice,136.0,0.1,0.5,1.5552777024834872e-19,1.0,1.8776826400000002e-21,0.9999999999928605,7.139442814233611e-12,-9.412133418156108e-20,-50.126327088778474
superlattice,138.0,0.1,0.5,3.215949424427147e-19,1.0,1.9052956200000002e-21,0.9999999999898073,1.0192734713263122e-11,-9.412133416302624e-20,-49.39985857051738
superlattice,140.0,0.1,0.5,6.513226074059799e-19,1.0,1.9329086000000003e-21,0.9999999999855954,1.4404535280111328e-11,-9.412133413866177e-20,-48.694146292619195
superlattice,142.0,0.1,0.5,1.2931522514961498e-18,1.0,1.9605215800000003e-21,0.9999999999798407,2.0159352893514936e-11,-9.41213341068931e-20,-48.00831323004009
superlattice,144.0,0.1,0.5,2.5190074918206915e-18,1.0,1.9881345600000003e-21,0.9999999999720489,2.795110838118394e-11,-9.412133406579194e-20,-47.34153108117185
superlattice,146.0,0.1,0.5,4.8180972837465874e-18,1.0,2.01574754e-21,0.9999999999615911,3.840902109153724e-11,-9.412133401301306e-20,-46.69301693058897
superlattice,148.0,0.1,0.5,9.055441165315197e-18,1.0,2.04336052e-21,0.9999999999476717,5.2328325849667806e-11,-9.412133394572058e-20,-46.06203018237847
superlattice,150.0,0.1,0.5,1.6735399607823256e-17,1.0,2.0709735e-21,0.9999999999292936,7.070645653544992e-11,-9.412133386051251e-20,-45.447869738802794
superlattice,152.0,0.1,0.5,3.043290726123019e-17,1.0,2.09858648e-21,0.9999999999052146,9.478537154477416e-11,-9.412133375332493e-20,-44.84987140168983
superlattice,154.0,0.1,0.5,5.448853761826836e-17,1.0,2.12619946e-21,0.9999999998738993,1.2610073244531146e-10,-9.412133361934047e-20,-44.26740547631428
superlattice,156.0,0.1,0.5,9.611267484975036e-17,0.9999999999999998,2.15381244e-21,0.9999999998334611,1.665386789793157e-10,-9.412133345287261e-20,-43.699874559584494
superlattice,158.0,0.1,0.5,1.6711532920432412e-16,0.9999999999999998,2.18142542e-21,0.9999999997815988,2.1840097050574368e-10,-9.412133324725131e-20,-43.146711496215765
superlattice,160.0,0.1,0.5,2.8658009509368117e-16,0.9999999999999997,2.2090384e-21,0.9999999997155204,2.8447928537878855e-10,-9.412133299468917e-20,-42.60737748818181
superlattice,162.0,0.1,0.5,4.849447981962069e-16,0.9999999999999996,2.23665138e-21,0.9999999996318599,3.6813948506832715e-10,-9.412133268614152e-20,-42.081360344204164
superlattice,164.0,0.1,0.5,8.101524068668646e-16,0.9999999999999992,2.2642643600000002e-21,0.9999999995265826,4.734166585604295e-10,-9.412133231115266e-20,-41.56817285732159
superlattice,166.0,0.1,0.5,1.3368130577587041e-15,0.9999999999999987,2.2918773400000002e-21,0.9999999993948768,6.051217643454709e-10,-9.412133185769202e-20,-41.06735129973928
superlattice,168.0,0.1,0.5,2.1796961886574524e-15,0.9999999999999978,2.3194903200000002e-21,0.9999999992310371,7.689606818179084e-10,-9.412133131197697e-20,-40.578454025182985
superlattice,170.0,0.1,0.5,3.513381904826538e-15,0.9999999999999964,2.3471033000000003e-21,0.9999999990283301,9.716664709878282e-10,-9.412133065828419e-20,-40.10106016990568
superlattice,172.0,0.1,0.5,5.600581741238496e-15,0.9999999999999944,2.3747162800000003e-21,0.9999999987788488,1.2211456189578684e-09,-9.412132987875248e-20,-39.6347684443181
superlattice,174.0,0.1,0.5,8.832539069542367e-15,0.9999999999999911,2.4023292600000003e-21,0.9999999984733522,1.5266390236702885e-09,-9.412132895316778e-20,-39.179196007947624
superlattice,176.0,0.1,0.5,1.378609751022564e-14,0.9999999999999862,2.42994224e-21,0.9999999981010879,1.898898430103271e-09,-9.412132785874207e-20,-38.73397742110202
superlattice,178.0,0.1,0.5,2.130355337959467e-14,0.9999999999999787,2.45755522e-21,0.9999999976495998,2.3503789916133626e-09,-9.412132656988075e-20,-38.29876366720287
superlattice,180.0,0.1,0.5,3.260337137197446e-14,0.9999999999999674,2.4851682e-21,0.9999999971045188,2.8954485797977294e-09,-9.41213250579349e-20,-37.87322124029066
superlattice,182.0,0.1,0.5,4.943234366194486e-14,0.9999999999999506,2.51278118e-21,0.9999999964493361,3.5506144104861543e-09,-9.41213232909461e-20,-37.457031292691426
superlattice,184.0,0.1,0.5,7.427293212107621e-14,0.9999999999999257,2.54039416e-21,0.9999999956651582,4.334767491745473e-09,-9.412132123338369e-20,-37.0498888382674
superlattice,186.0,0.1,0.5,1.1062349256341644e-13,0.9999999999998894,2.56800714e-21,0.9999999947304441,5.269445332633756e-09,-9.412131884586781e-20,-36.65150200706522
superlattice,188.0,0.1,0.5,1.6337400259928257e-13,0.9999999999998366,2.59562012e-21,0.9999999936207233,6.3791132794834915e-09,-9.412131608488442e-20,-36.26159134753679
superlattice,190.0,0.1,0.5,2.3930598910966214e-13,0.9999999999997607,2.6232331e-21,0.999999992308296,7.691464770373491e-09,-9.412131290249537e-20,-35.879889172828506
superlattice,192.0,0.1,0.5,3.477527924090686e-13,0.9999999999996523,2.65084608e-21,0.9999999907619116,9.237740718857347e-09,-9.41213092460381e-20,-35.50613894792341
superlattice,194.0,0.1,0.5,5.014653550363452e-13,0.9999999999994985,2.6784590600000002e-21,0.9999999889464303,1.105306815566935e-08,-9.412130505781806e-20,-35.14009471468944
superlattice,196.0,0.1,0.5,7.177396569400946e-13,0.9999999999992822,2.7060720400000002e-21,0.999999986822464,1.3176818172760571e-08,-9.412130027479615e-20,-34.78152055212696
superlattice,198.0,0.1,0.5,1.01987504004776e-12,0.9999999999989801,2.7336850200000003e-21,0.999999984345997,1.565298312836681e-08,-9.412129482827352e-20,-34.43019006932756
superlattice,200.0,0.1,0.5,1.4390483106096175e-12,0.9999999999985609,2.7612980000000003e-21,0.9999999814679881,1.853057298561003e-08,-9.412128864356322e-20,-34.085885928850566
superlattice,202.0,0.1,0.5,2.016707047101445e-12,0.9999999999979833,2.7889109800000003e-21,0.9999999781339527,2.186403057112293e-08,-9.412128163967144e-20,-33.748399398417305
superlattice,204.0,0.1,0.5,2.8076073779483408e-12,0.9999999999971924,2.8165239600000003e-21,0.9999999742835269,2.5713665455043583e-08,-9.412127372896388e-20,-33.41752992897098
superlattice,206.0,0.1,0.5,3.883647063080105e-12,0.9999999999961163,2.8441369400000004e-21,0.9999999698500103,3.014610607015912e-08,-9.412126481683661e-20,-33.093084757317136
superlattice,208.0,0.1,0.5,5.3386744848994335e-12,0.9999999999946613,2.8717499200000004e-21,0.9999999647598916,3.523476960660393e-08,-9.412125480138628e-20,-32.774878531688536
superlattice,210.0,0.1,0.5,7.294488627311327e-12,0.9999999999927055,2.8993629e-21,0.9999999589323564,4.106034913994967e-08,-9.412124357307698e-20,-32.46273295870516
superlattice,212.0,0.1,0.5,9.908284824991443e-12,0.9999999999900917,2.92697588e-21,0.9999999522787744,4.771131737532771e-08,-9.412123101441262e-20,-32.15647647031947
superlattice,214.0,0.1,0.5,1.3381846554899697e-11,0.9999999999866181,2.95458886e-21,0.9999999447021718,5.5284446318887335e-08,-9.412121699960462e-20,-31.855943909436053
superlattice,216.0,0.1,0.5,1.7972835397876342e-11,0.9999999999820272,2.98220184e-21,0.999999936096685,6.388534212090841e-08,-9.412120139425245e-20,-31.5609762330012
superlattice,218.0,0.1,0.5,2.4008590119918435e-11,0.9999999999759914,3.00981482e-21,0.9999999263469972,7.362899427259333e-08,-9.412118405501487e-20,-31.271420231432998
superlattice,220.0,0.1,0.5,3.1902912226426917e-11,0.9999999999680971,3.0374278e-21,0.9999999153277588,8.464033828141887e-08,-9.412116482929791e-20,-30.98712826336083
superlattice,222.0,0.1,0.5,4.217638995556241e-11,0.9999999999578236,3.06504078e-21,0.9999999029029928,9.705483089806432e-08,-9.412114355494034e-20,-30.707958004702416
superlattice,224.0,0.1,0.5,5.5480896132113907e-11,0.9999999999445192,3.0926537600000002e-21,0.9999998889254821,1.1101903692176557e-07,-9.412112005990755e-20,-30.433772211185886
superlattice,226.0,0.1,0.5,7.2628988234365e-11,0.999999999927371,3.1202667400000002e-21,0.9999998732361444,1.2669122657049644e-07,-9.412109416199338e-20,-30.164438493483853
superlattice,228.0,0.1,0.5,9.462904206073931e-11,0.9999999999053709,3.1478797200000003e-21,0.9999998556633886,1.4424198236787654e-07,-9.412106566852774e-20,-29.899829104184366
superlattice,230.0,0.1,0.5,1.2272706413528418e-10,0.999999999877273,3.1754927000000003e-21,0.9999998360224585,1.638548144701575e-07,-9.4121034376093e-20,-29.639820735879187
superlattice,232.0,0.1,0.5,1.5845625305655337e-10,0.9999999998415438,3.2031056800000003e-21,0.9999998141147605,1.8572678333413445e-07,-9.412100007024906e-20,-29.3842943296985
superlattice,234.0,0.1,0.5,2.0369551694175937e-10,0.9999999997963045,3.2307186600000003e-21,0.9999997897271758,2.1006912861024535e-07,-9.412096252526903e-20,-29.133134893667595
superlattice,236.0,0.1,0.5,2.607383034818495e-10,0.9999999997392617,3.2583316400000004e-21,0.9999997626313586,2.371079031344928e-07,-9.412092150388146e-20,-28.88623133030174
superlattice,238.0,0.1,0.5,3.323732613968494e-10,0.9999999996676268,3.2859446200000004e-21,0.9999997325830159,2.6708461088795335e-07,-9.412087675702742e-20,-28.643476272898173
superlattice,240.0,0.1,0.5,4.219784277091841e-10,0.9999999995780215,3.3135576e-21,0.9999996993211737,3.0025684779341334e-07,-9.412082802362397e-20,-28.40476593001551
superlattice,242.0,0.1,0.5,5.336308246249227e-10,0.9999999994663692,3.34117058e-21,0.9999996625674249,3.368989442249089e-07,-9.412077503034088e-20,-28.169999937668816
superlattice,244.0,0.1,0.5,6.722335532551566e-10,0.9999999993277664,3.36878356e-21,0.9999996220251584,3.773026081173883e-07,-9.412071749138857e-20,-27.93908121879714
superlattice,246.0,0.1,0.5,8.436626891791582e-10,0.9999999991563373,3.39639654e-21,0.9999995773787698,4.2177756758017964e-07,-9.412065510831678e-20,-27.711915849589452
superlattice,248.0,0.1,0.5,1.0549365171284232e-09,0.9999999989450635,3.42400952e-21,0.9999995282928515,4.7065221193909126e-07,-9.412058756982428e-20,-27.488412932281882
superlattice,250.0,0.1,0.5,1.3144098889559785e-09,0.9999999986855901,3.4516225e-21,0.9999994744113601,5.242742301575146e-07,-9.412051455158146e-20,-27.26848447406443
superlattice,252.0,0.1,0.5,1.6319967505609033e-09,0.9999999983680032,3.47923548e-21,0.9999994153567575,5.830112456166857e-07,-9.412043571606411e-20,-27.05204527175726
superlattice,254.0,0.1,0.5,2.0194241594848658e-09,0.9999999979805758,3.50684846e-21,0.9999993507291296,6.472514462686207e-07,-9.412035071239807e-20,-26.83901280193843
superlattice,256.0,0.1,0.5,2.4905214053107893e-09,0.9999999975094785,3.53446144e-21,0.9999992801052694,7.174042092122482e-07,-9.41202591762152e-20,-26.629307116225092
superlattice,258.0,0.1,0.5,3.0615481495000275e-09,0.9999999969384519,3.56207442e-21,0.999999203037733,7.939007187833413e-07,-9.412016072952137e-20,-26.422850741428746
superlattice,260.0,0.1,0.5,3.751565819527781e-09,0.9999999962484342,3.5896874e-21,0.999999119053857,8.771945772915577e-07,-9.412005498057408e-20,-26.21956858432132
superlattice,262.0,0.1,0.5,4.582856823638636e-09,0.9999999954171431,3.61730038e-21,0.9999990276547356,9.677624075833467e-07,-9.411994152377228e-20,-26.019387840766566
superlattice,264.0,0.1,0.5,5.581396496661198e-09,0.9999999944186035,3.64491336e-21,0.9999989283141568,1.0661044466565764e-06,-9.411981993955258e-20,-25.822237908983542
superlattice,266.0,0.1,0.5,6.7773830434065216e-09,0.999999993222617,3.67252634e-21,0.9999988204774874,1.1727451296021192e-06,-9.41196897942995e-20,-25.628050306726863
superlattice,268.0,0.1,0.5,8.205831113435335e-09,0.9999999917941689,3.7001393200000004e-21,0.9999987035605057,1.2882336631977517e-06,-9.411955064026065e-20,-25.43675859217664
superlattice,270.0,0.1,0.5,9.907235018524415e-09,0.999999990092765,3.7277523000000004e-21,0.9999985769481764,1.4131445885317074e-06,-9.411940201547222e-20,-25.248298288347165
superlattice,272.0,0.1,0.5,1.1928307990995279e-08,0.999999988071692,3.7553652800000004e-21,0.9999984399933598,1.5480783320852416e-06,-9.411924344369145e-20,-25.062606810832378
superlattice,274.0,0.1,0.5,1.4322804276100528e-08,0.9999999856771957,3.7829782600000005e-21,0.999998292015451,1.6936617447564651e-06,-9.411907443433523e-20,-24.879623398717396
superlattice,276.0,0.1,0.5,1.7152431253715023e-08,0.9999999828475687,3.8105912400000005e-21,0.9999981322989403,1.8505486283608154e-06,-9.411889448242494e-20,-24.699289048495512
superlattice,278.0,0.1,0.5,2.0487859192372683e-08,0.9999999795121408,3.8382042200000005e-21,0.9999979600918917,2.0194202491960942e-06,-9.411870306853563e-20,-24.52154645083883
superlattice,280.0,0.1,0.5,2.4409836650882165e-08,0.9999999755901634,3.8658172000000005e-21,0.999997774604325,2.2009858383128028e-06,-9.411849965875013e-20,-24.346339930080013
superlattice,282.0,0.1,0.5,2.901041995790773e-08,0.99999997098958,3.8934301800000006e-21,0.9999975750065018,2.395983078182018e-06,-9.411828370461358e-20,-24.173615386269383
superlattice,284.0,0.1,0.5,3.439432561652444e-08,0.9999999656056744,3.9210431600000006e-21,0.9999973604270989,2.6051785755044297e-06,-9.411805464309262e-20,-24.003320239681475
superlattice,286.0,0.1,0.5,4.0680414897279786e-08,0.9999999593195851,3.9486561400000006e-21,0.9999971299512652,2.829368319953564e-06,-9.411781189653236e-20,-23.835403377649477
superlattice,288.0,0.1,0.5,4.800332029811313e-08,0.9999999519966797,3.976269120000001e-21,0.999996882618551,3.0693781286955077e-06,-9.411755487261394e-20,-23.669815103615
superlattice,290.0,0.1,0.5,5.6515223960923014e-08,0.999999943484776,4.0038821e-21,0.9999966174206996,3.3260640765739423e-06,-9.411728296430919e-20,-23.50650708828544
superlattice,292.0,0.1,0.5,6.638779854094472e-08,0.9999999336122014,4.03149508e-21,0.9999963332992895,3.600312911895475e-06,-9.411699554983226e-20,-23.345432322797787
superlattice,294.0,0.1,0.5,7.781432142465876e-08,0.9999999221856786,4.05910806e-21,0.9999960291432208,3.89304245779335e-06,-9.411669199258547e-20,-23.186545073792757
superlattice,296.0,0.1,0.5,9.101197358297809e-08,0.9999999089880264,4.08672104e-21,0.9999957037860272,4.205201999190644e-06,-9.411637164110096e-20,-23.02980084030912
superlattice,298.0,0.1,0.5,1.0622433472713592e-07,0.9999998937756652,4.11433402e-21,0.9999953560030098,4.537772655422321e-06,-9.411603382897104e-20,-22.87515631241117
superlattice,300.0,0.1,0.5,1.2372408680333309e-07,0.9999998762759132,4.141947e-21,0.9999949845081746,4.89176773861484e-06,-9.411567787477153e-20,-22.722569331469362
superlattice,302.0,0.1,0.5,1.4381593821697216e-07,0.9999998561840617,4.16955998e-21,0.9999945879509639,5.268233097956736e-06,-9.411530308197423e-20,-22.57199885201657
superlattice,304.0,0.1,0.5,1.668397815164989e-07,0.9999998331602185,4.19717296e-21,0.9999941649127685,5.668247450026872e-06,-9.411490873884336e-20,-22.42340490510626
superlattice,306.0,0.1,0.5,1.9317409758879085e-07,0.9999998068259024,4.22478594e-21,0.999993713903207,6.0929226953785945e-06,-9.41144941183232e-20,-22.27674856310547
superlattice,308.0,0.1,0.5,2.2323961972092904e-07,0.9999997767603803,4.25239892e-21,0.9999932333561586,6.5434042216061315e-06,-9.41140584779037e-20,-22.13199190585433
superlattice,310.0,0.1,0.5,2.575032711655006e-07,0.9999997424967288,4.2800119e-21,0.9999927216255357,7.020871193145963e-06,-9.411360105947274e-20,-21.9890979881324
superlattice,312.0,0.1,0.5,2.9648239010664664e-07,0.9999997035176099,4.30762488e-21,0.9999921769807819,7.526536828090161e-06,-9.41131210891455e-20,-21.848030808371014
superlattice,314.0,0.1,0.5,3.407492561603939e-07,0.9999996592507439,4.33523786e-21,0.9999915976020816,8.061648662309533e-06,-9.4112617777076e-20,-21.708755278557195
superlattice,316.0,0.1,0.5,3.909359327538805e-07,0.9999996090640673,4.36285084e-21,0.999990981575266,8.627488801203713e-06,-9.411209031724161e-20,-21.57123719527427
superlattice,318.0,0.1,0.5,4.4773943991258995e-07,0.9999995522605601,4.39046382e-21,0.9999903268864007,9.22537415941266e-06,-9.411153788720554e-20,-21.435443211830304
superlattice,320.0,0.1,0.5,5.119272721411689e-07,0.9999994880727279,4.4180768e-21,0.999989631416039,9.856656688837364e-06,-9.411095964785085e-20,-21.3013408114252
superlattice,322.0,0.1,0.5,5.843432762107463e-07,0.9999994156567238,4.44568978e-21,0.9999888929331284,1.0522723595330313e-05,-9.411035474308703e-20,-21.16889828131171
superlattice,324.0,0.1,0.5,6.659139037626521e-07,0.9999993340860962,4.47330276e-21,0.9999881090885518,1.122499754442615e-05,-9.410972229952487e-20,-21.03808468790627
superlattice,326.0,0.1,0.5,7.576548537039801e-07,0.9999992423451463,4.50091574e-21,0.9999872774082899,1.1964936856490453e-05,-9.410906142611937e-20,-20.90886985280897
superlattice,328.0,0.1,0.5,8.606781194036521e-07,0.9999991393218806,4.5285287200000004e-21,0.9999863952861889,1.2744035691669472e-05,-9.41083712137797e-20,-20.781224329693483
superlattice,330.0,0.1,0.5,9.761994556976285e-07,0.9999990238005443,4.5561417000000004e-21,0.9999854599763193,1.356382422502826e-05,-9.410765073494115e-20,-20.655119382029127
superlattice,332.0,0.1,0.5,1.1055462806779097e-06,0.9999988944537194,4.5837546800000004e-21,0.9999844685849071,1.4425868812265266e-05,-9.410689904310124e-20,-20.53052696160023
superlattice,334.0,0.1,0.5,1.2501660271713063e-06,0.9999987498339729,4.6113676600000005e-21,0.9999834180618263,1.5331772146390564e-05,-9.410611517231473e-20,-20.407419687788398
superlattice,336.0,0.1,0.5,1.4116349587101987e-06,0.9999985883650413,4.6389806400000005e-21,0.9999823051916356,1.6283173405753694e-05,-9.410529813664784e-20,-20.285770827585914
superlattice,338.0,0.1,0.5,1.5916674646580426e-06,0.9999984083325354,4.6665936200000005e-21,0.9999811265841416,1.7281748393801588e-05,-9.410444692958976e-20,-20.165554276309525
superlattice,340.0,0.1,0.5,1.792125848977087e-06,0.9999982078741511,4.6942066000000005e-21,0.99997987866448,1.8329209670942958e-05,-9.410356052341876e-20,-20.046744538985298
superlattice,342.0,0.1,0.5,2.0150306269141426e-06,0.9999979849693731,4.7218195800000006e-21,0.9999785576626942,1.9427306678885034e-05,-9.410263786852217e-20,-19.929316712376835
superlattice,344.0,0.1,0.5,2.2625713436326727e-06,0.9999977374286564,4.7494325600000006e-21,0.9999771596027985,2.0577825857803703e-05,-9.410167789266709e-20,-19.813246467630037
superlattice,346.0,0.1,0.5,2.537117928535312e-06,0.9999974628820715,4.777045540000001e-21,0.9999756802913148,2.178259075669397e-05,-9.4100679500223e-20,-19.69851003350975
superlattice,348.0,0.1,0.5,2.8412325987008023e-06,0.9999971587674013,4.804658520000001e-21,0.9999741153052641,2.304346213723781e-05,-9.409964157133182e-20,-19.58508418020347
superlattice,350.0,0.1,0.5,3.1776823245033573e-06,0.9999968223176755,4.832271500000001e-21,0.999972459979604,2.4362338071513494e-05,-9.409856296102522e-20,-19.472946203669476
superlattice,352.0,0.1,0.5,3.5494518700905107e-06,0.9999964505481299,4.85988448e-21,0.9999707093940962,2.574115403385483e-05,-9.409744249828751e-20,-19.362073910507334
superlattice,354.0,0.1,0.5,3.959757420968857e-06,0.999996040242579,4.88749746e-21,0.9999688583595919,2.7181882987155353e-05,-9.409627898506265e-20,-19.252445603329818
superlattice,356.0,0.1,0.5,4.412060810485267e-06,0.9999955879391895,4.91511044e-21,0.9999669014037256,2.8686535463894957e-05,-9.409507119520351e-20,-19.144040066616185
superlattice,358.0,0.1,0.5,4.910084356495531e-06,0.9999950899156435,4.94272342e-21,0.9999648327560013,3.0257159642149945e-05,-9.409381787336516e-20,-19.036836553028323
superlattice,360.0,0.1,0.5,5.45782631898304e-06,0.999994542173681,4.9703364e-21,0.9999626463322642,3.189584141682751e-05,-9.409251773383379e-20,-18.93081477017004
superlattice,362.0,0.1,0.5,6.059576988828667e-06,0.9999939404230112,4.99794938e-21,0.9999603357185448,3.360470446635126e-05,-9.409116945929923e-20,-18.825954867774037
superlattice,364.0,0.1,0.5,6.719935417338815e-06,0.9999932800645827,5.02556236e-21,0.9999578941542676,3.538591031499867e-05,-9.408977169956204e-20,-18.722237425298218
superlattice,366.0,0.1,0.5,7.44382679551464e-06,0.9999925561732045,5.05317534e-21,0.9999553145148135,3.724165839107765e-05,-9.408832307017963e-20,-18.619643439916658
superlattice,368.0,0.1,0.5,8.236520491390507e-06,0.9999917634795086,5.08078832e-21,0.9999525892934275,3.917418608110326e-05,-9.408682215104715e-20,-18.518154314889298
superlattice,370.0,0.1,0.5,9.103648753086741e-06,0.9999908963512469,5.1084013e-21,0.9999497105824667,4.118576878011836e-05,-9.408526748491352e-20,-18.417751848296163
superlattice,372.0,0.1,0.5,1.0051226084510624e-05,0.9999899487739154,5.13601428e-21,0.9999466700539772,4.32787199382783e-05,-9.408365757583223e-20,-18.318418222122276
superlattice,374.0,0.1,0.5,1.1085669299901432e-05,0.9999889143307001,5.16362726e-21,0.9999434589395964,4.5455391103798975e-05,-9.408199088754431e-20,-18.220135991679676
superlattice,376.0,0.1,0.5,1.2213818262653222e-05,0.9999877861817373,5.19124024e-21,0.9999400680097751,4.771817196234539e-05,-9.408026584179606e-20,-18.122888075354428
superlattice,378.0,0.1,0.5,1.3442957313060325e-05,0.9999865570426869,5.21885322e-21,0.999936487552314,5.0069490372913084e-05,-9.407848081658696e-20,-18.02665774466578
superlattice,380.0,0.1,0.5,1.4780837388822091e-05,0.9999852191626112,5.2464662e-21,0.9999327073502109,5.251181240023852e-05,-9.407663414435098e-20,-17.93142861462654
superlattice,382.0,0.1,0.5,1.623569884130993e-05,0.9999837643011587,5.27407918e-21,0.9999287166588149,5.5047642343743086e-05,-9.407472411006898e-20,-17.83718463439318
superlattice,384.0,0.1,0.5,1.7816294949748812e-05,0.9999821837050502,5.30169216e-21,0.9999245041822872,5.767952276300022e-05,-9.407274894931102e-20,-17.743910078194926
superlattice,386.0,0.1,0.5,1.95319161345943e-05,0.9999804680838654,5.3293051400000004e-21,0.9999200580493658,6.0410034499688844e-05,-9.407070684621102e-20,-17.651589536532153
superlattice,388.0,0.1,0.5,2.1392414870497217e-05,0.9999786075851295,5.3569181200000004e-21,0.9999153657884335,6.324179669597432e-05,-9.406859593137281e-20,-17.560207907634176
superlattice,390.0,0.1,0.5,2.3408231298343617e-05,0.9999765917687017,5.3845311000000004e-21,0.9999104143018924,6.617746680923527e-05,-9.406641427970428e-20,-17.469750389166528
superlattice,392.0,0.1,0.5,2.5590419534937925e-05,0.999974409580465,5.4121440800000005e-21,0.9999051898398421,6.921974062303147e-05,-9.406415990818564e-20,-17.38020247017992
superlattice,394.0,0.1,0.5,2.7950674677965346e-05,0.999972049325322,5.4397570600000005e-21,0.9998996779730679,7.237135225419173e-05,-9.406183077356724e-20,-17.29154992329147
superlattice,396.0,0.1,0.5,3.050136050292104e-05,0.9999694986394971,5.4673700400000005e-21,0.9998938635653413,7.563507415586266e-05,-9.405942476999837e-20,-17.20377879709023
superlattice,398.0,0.1,0.5,3.325553784774291e-05,0.9999667444621523,5.4949830200000005e-21,0.9998877307450359,7.901371711636097e-05,-9.40569397265902e-20,-17.116875408759714
superlattice,400.0,0.1,0.5,3.622699367991307e-05,0.9999637730063201,5.5225960000000006e-21,0.9998812628760664,8.251013025362491e-05,-9.405437340490775e-20,-17.0308263369089
superlattice,402.0,0.1,0.5,3.9430270839825746e-05,0.9999605697291601,5.5502089800000006e-21,0.999874442528155,8.612720100506136e-05,-9.405172349639807e-20,-16.945618414605725
superlattice,404.0,0.1,0.5,4.2880698453233166e-05,0.9999571193015467,5.5778219600000006e-21,0.9998672514464342,8.986785511254581e-05,-9.404898761975074e-20,-16.861238722605396
superlattice,406.0,0.1,0.5,4.659442300459779e-05,0.9999534055769954,5.605434940000001e-21,0.9998596705203932,9.373505660232284e-05,-9.404616331819114e-20,-16.77767458276683
superlattice,408.0,0.1,0.5,5.058844006218966e-05,0.9999494115599378,5.633047920000001e-21,0.9998516797521783,9.773180775953281e-05,-9.404324805671349e-20,-16.694913551652064
superlattice,410.0,0.1,0.5,5.488062664476752e-05,0.9999451193733553,5.660660900000001e-21,0.9998432582242581,0.00010186114909705947,-9.404023921924563e-20,-16.6129434143009
superlattice,412.0,0.1,0.5,5.9489774218696104e-05,0.9999405102257813,5.688273880000001e-21,0.9998343840664629,0.00010612615931839464,-9.4037134105754e-20,-16.53175217817641
superlattice,414.0,0.1,0.5,6.443562231334214e-05,0.9999355643776866,5.715886860000001e-21,0.9998250344224126,0.00011052995527416905,-9.403392992928759e-20,-16.451328067275213
superlattice,416.0,0.1,0.5,6.973889274160765e-05,0.9999302611072584,5.743499840000001e-21,0.9998151854153464,0.00011507569191200892,-9.403062381295999e-20,-16.371659516396882
superlattice,418.0,0.1,0.5,7.542132441144997e-05,0.9999245786755886,5.77111282e-21,0.9998048121133692,0.0001197665622193285,-9.402721278687573e-20,-16.292735165568246
superlattice,420.0,0.1,0.5,8.150570871325219e-05,0.9999184942912868,5.7987258e-21,0.9997938884941281,0.00012460579715867765,-9.402369378499625e-20,-16.21454385461652
superlattice,422.0,0.1,0.5,8.80159254669139e-05,0.9999119840745331,5.82633878e-21,0.9997823874089379,0.00012959666559522856,-9.402006364195444e-20,-16.137074617887983
superlattice,424.0,0.1,0.5,9.497697941154013e-05,0.9999050230205885,5.85395176e-21,0.9997702805463724,0.00013474247421597403,-9.401631908981309e-20,-16.06031667910654
superlattice,426.0,0.1,0.5,0.00010241503721962586,0.9998975849627804,5.88156474e-21,0.9997575383953401,0.00014004656744018724,-9.401245675477127e-20,-15.984259446368224
superlattice,428.0,0.1,0.5,0.00011035746501665802,0.9998896425349834,5.90917772e-21,0.9997441302076627,0.00014551232732069085,-9.40084731538229e-20,-15.908892507267982
superlattice,430.0,0.1,0.5,0.00011883286638607629,0.999881167133614,5.9367907e-21,0.9997300239601785,0.00015114317343544644,-9.400436469136574e-20,-15.834205624154098
superlattice,432.0,0.1,0.5,0.00012787112083857498,0.9998721288791614,5.96440368e-21,0.9997151863163924,0.00015694256276897116,-9.400012765576626e-20,-15.76018872950703
superlattice,434.0,0.1,0.5,0.00013750342272376395,0.9998624965772762,5.99201666e-21,0.9996995825876932,0.00016291398958307742,-9.39957582158793e-20,-15.686831921438499
superlattice,436.0,0.1,0.5,0.00014776232056126057,0.9998522376794388,6.01962964e-21,0.9996831766941624,0.00016906098527640203,-9.399125241752724e-20,-15.614125459307697
superlattice,438.0,0.1,0.5,0.00015868175676733882,0.9998413182432326,6.04724262e-21,0.9996659311250006,0.00017538711823219212,-9.398660617994294e-20,-15.542059759451645
superlattice,440.0,0.1,0.5,0.00017029710775231721,0.9998297028922477,6.0748556e-21,0.9996478068985939,0.00018189599365378342,-9.398181529217117e-20,-15.470625391025125
superlattice,442.0,0.1,0.5,0.0001826452243629674,0.999817354775637,6.10246858e-21,0.9996287635222498,0.00018859125338721802,-9.397687540944185e-20,-15.399813071948966
superlattice,444.0,0.1,0.5,0.00019576447264327233,0.9998042355273568,6.13008156e-21,0.9996087589516263,0.0001954765757303991,-9.397178204950804e-20,-15.329613664962077
superlattice,446.0,0.1,0.5,0.00020969477488599404,0.999790305225114,6.1576945400000004e-21,0.9995877495498858,0.00020255567522821437,-9.396653058895939e-20,-15.260018173775698
superlattice,448.0,0.1,0.5,0.00022447765094658258,0.9997755223490534,6.1853075200000004e-21,0.9995656900466005,0.00020983230245299596,-9.396111625950818e-20,-15.19101773932627
superlattice,450.0,0.1,0.5,0.00024015625979008324,0.9997598437402099,6.2129205000000004e-21,0.9995425334964402,0.0002173102437697123,-9.395553414425185e-20,-15.122603636124403
superlattice,452.0,0.1,0.5,0.0002567754412408373,0.9997432245587592,6.2405334800000005e-21,0.9995182312376739,0.00022499332108526346,-9.394977917391963e-20,-15.054767268698257
superlattice,454.0,0.1,0.5,0.00027438175790387196,0.9997256182420962,6.2681464600000005e-21,0.999492732850515,0.00023288539158122803,-9.394384612309966e-20,-14.987500168127797
superlattice,456.0,0.1,0.5,0.00029302353722605336,0.999706976462774,6.2957594400000005e-21,0.9994659861153445,0.000240990347429421,-9.393772960645583e-20,-14.920793988668636
superlattice,458.0,0.1,0.5,0.00031275091366419995,0.9996872490863358,6.3233724200000005e-21,0.9994379369708462,0.0002493121154895886,-9.393142407493145e-20,-14.854640504462244
superlattice,460.0,0.1,0.5,0.0003336158709265589,0.9996663841290735,6.3509854000000006e-21,0.9994085294720848,0.0002578546569885852,-9.392492381195072e-20,-14.789031606331626
superlattice,462.0,0.1,0.5,0.00035567228425317234,0.9996443277157468,6.3785983800000006e-21,0.9993777057485665,0.00026662196718033206,-9.391822292961314e-20,-14.72395929865914
superlattice,464.0,0.1,0.5,0.0003789759626999048,0.9996210240373001,6.4062113600000006e-21,0.9993454059623142,0.00027561807498588717,-9.391131536489239e-20,-14.65941569634574
superlattice,466.0,0.1,0.5,0.0004035846913900442,0.99959641530861,6.433824340000001e-21,0.9993115682659971,0.00028484704261291273,-9.390419487583485e-20,-14.595393021848471
superlattice,468.0,0.1,0.5,0.00042955827369665635,0.9995704417263034,6.461437320000001e-21,0.9992761287611495,0.0002943129651538549,-9.389685503777149e-20,-14.531883602296011
superlattice,470.0,0.1,0.5,0.0004569585733180298,0.9995430414266819,6.489050300000001e-21,0.99923902145652,0.000304019970162098,-9.388928923953587e-20,-14.468879866678774
superlattice,472.0,0.1,0.5,0.0004858495562078411,0.9995141504437921,6.516663280000001e-21,0.9992001782265868,0.0003139722172054038,-9.388149067970189e-20,-14.406374343113502
superlattice,474.0,0.1,0.5,0.000516297332320852,0.9994837026676792,6.544276260000001e-21,0.9991595287702832,0.00032417389739588517,-9.387345236283695e-20,-14.34435965617945
superlattice,476.0,0.1,0.5,0.0005483701971342623,0.9994516298028657,6.571889240000001e-21,0.99911700056997,0.0003346292328958114,-9.386516709578221e-20,-14.28282852432586
superlattice,478.0,0.1,0.5,0.0005821386729040457,0.999417861327096,6.599502220000001e-21,0.9990725188506974,0.00034534247639848306,-9.385662748395675e-20,-14.221773757348132
superlattice,480.0,0.1,0.5,0.0006176755496149251,0.9993823244503851,6.6271152e-21,0.9990260065398016,0.0003563179105834657,-9.384782592769579e-20,-14.161188253932236
superlattice,482.0,0.1,0.5,0.0006550559255818696,0.9993449440744181,6.65472818e-21,0.9989773842268728,0.00036755984754541536,-9.383875461862092e-20,-14.101064999265066
superlattice,484.0,0.1,0.5,0.0006943572476603751,0.9993056427523396,6.68234116e-21,0.9989265701241439,0.0003790726281957797,-9.382940553605523e-20,-14.041397062710763
superlattice,486.0,0.1,0.5,0.0007356593510219787,0.9992643406489781,6.70995414e-21,0.9988734800273416,0.0003908606216365955,-9.381977044347636e-20,-13.98217759555006
superlattice,488.0,0.1,0.5,0.0007790444984509285,0.9992209555015491,6.73756712e-21,0.9988180272770435,0.000402928224505674,-9.380984088502353e-20,-13.92339982878323
superlattice,490.0,0.1,0.5,0.0008245974191170746,0.9991754025808829,6.7651801e-21,0.9987601227205906,0.000415279860292378,-9.379960818205181e-20,-13.865057070993839
superlattice,492.0,0.1,0.5,0.0008724053467796065,0.9991275946532204,6.79279308e-21,0.998699674674597,0.00042791997862329933,-9.378906342974905e-20,-13.807142706273787
superlattice,494.0,0.1,0.5,0.0009225580573754046,0.9990774419426246,6.820406060000001e-21,0.9986365888881076,0.0004408530545170395,-9.37781974938108e-20,-13.749650192207293
superlattice,496.0,0.1,0.5,0.0009751479059452721,0.9990248520940548,6.84801904e-21,0.9985707685064474,0.0004540835876073722,-9.376700100718195e-20,-13.692573057913394
superlattice,498.0,0.1,0.5,0.0010302698628506847,0.9989697301371493,6.875632020000001e-21,0.9985021140358152,0.0004676161013340482,-9.37554643668706e-20,-13.635904902146084
superlattice,500.0,0.1,0.5,0.0010880215492329907,0.998911978450767,6.903245e-21,0.9984305233086666,0.0004814551421004845,-9.374357773083702e-20,-13.57963939145098
superlattice,502.0,0.1,0.5,0.0011485032716665772,0.9988514967283334,6.930857980000001e-21,0.9983558914499359,0.0004956052783976363,-9.373133101496184e-20,-13.523770258377423
superlattice,504.0,0.1,0.5,0.001211818055956683,0.9987881819440433,6.95847096e-21,0.9982781108441501,0.000510071099893272,-9.371871389010095e-20,-13.468291299745678
superlattice,506.0,0.1,0.5,0.0012780716800322746,0.9987219283199678,6.986083940000001e-21,0.9981970711034818,0.0005248572164859802,-9.370571577922857e-20,-13.41319637496777
superlattice,508.0,0.1,0.5,0.0013473727058835841,0.9986526272941164,7.01369692e-21,0.9981126590367932,0.0005399682573231579,-9.369232585467759e-20,-13.358479404421939
superlattice,510.0,0.1,0.5,0.0014198325104935671,0.9985801674895064,7.041309900000001e-21,0.9980247586197242,0.0005554088697822927,-9.36785330354761e-20,-13.30413436787892
superlattice,512.0,0.1,0.5,0.001495565315711883,0.9985044346842881,7.06892288e-21,0.9979332509658734,0.0005711837184148208,-9.366432598479243e-20,-13.250155302980533
superlattice,514.0,0.1,0.5,0.0015746882170196192,0.9984253117829803,7.09653586e-21,0.9978380142991284,0.0005872974838518943,-9.364969310748644e-20,-13.196536303768703
superlattice,516.0,0.1,0.5,0.0016573212111323952,0.9983426787888676,7.12414884e-21,0.9977389239271962,0.0006037548616713612,-9.363462254777767e-20,-13.143271519265122
superlattice,518.0,0.1,0.5,0.0017435872223891642,0.9982564127776108,7.15176182e-21,0.9976358522163855,0.0006205605612253279,-9.361910218703285e-20,-13.090355152100528
superlattice,520.0,0.1,0.5,0.0018336121278733704,0.9981663878721266,7.1793748e-21,0.997528668567699,0.0006377193044276042,-9.360311964167703e-20,-13.037781457192766
superlattice,522.0,0.1,0.5,0.0019275247812129905,0.9980724752187871,7.20698778e-21,0.9974172393942865,0.0006552358245004567,-9.358666226123668e-20,-12.985544740473625
superlattice,524.0,0.1,0.5,0.002025457035005338,0.9979745429649947,7.23460076e-21,0.9973014281003146,0.000673114864680003,-9.356971712651616e-20,-12.933639357663207
superlattice,526.0,0.1,0.5,0.00212754376181229,0.9978724562381877,7.26221374e-21,0.997181095061308,0.0006913611768796787,-9.355227104791561e-20,-12.882059713091785
superlattice,528.0,0.1,0.5,0.0022339228736712982,0.9977660771263287,7.28982672e-21,0.9970560976060175,0.0007099795203112053,-9.353431056389378e-20,-12.830800258568255
superlattice,530.0,0.1,0.5,0.002344735340066971,0.997655264659933,7.3174397e-21,0.9969262899998705,0.0007289746600624515,-9.351582193958198e-20,-12.779855492294931
superlattice,532.0,0.1,0.5,0.0024601252043081772,0.9975398747956918,7.34505268e-21,0.9967915234300601,0.0007483513656317262,-9.349679116555399e-20,-12.729219957827992
superlattice,534.0,0.1,0.5,0.0025802395982549037,0.9974197604017451,7.37266566e-21,0.9966516459923271,0.0007681144094179282,-9.347720395675714e-20,-12.678888243083186
superlattice,536.0,0.1,0.5,0.0027052287553392955,0.9972947712446607,7.400278640000001e-21,0.9965065026794947,0.0007882685651661121,-9.345704575161003e-20,-12.628854979386293
superlattice,538.0,0.1,0.5,0.0028352460218246858,0.9971647539781753,7.42789162e-21,0.9963559353718073,0.0008088186063679601,-9.343630171127134e-20,-12.579114840567819
superlattice,540.0,0.1,0.5,0.0029704478662469923,0.997029552133753,7.455504600000001e-21,0.9961997828291362,0.0008297693046168283,-9.341495671908765e-20,-12.529662542101796
superlattice,542.0,0.1,0.5,0.0031109938869817283,0.9968890061130182,7.48311758e-21,0.9960378806851015,0.0008511254279168321,-9.339299538022093e-20,-12.480492840287688
superlattice,544.0,0.1,0.5,0.0032570468178809027,0.9967429531821191,7.510730560000001e-21,0.9958700614431735,0.0008728917389457171,-9.337040202146578e-20,-12.431600531475565
superlattice,546.0,0.1,0.5,0.0034087725319233426,0.9965912274680767,7.53834354e-21,0.9956961544748054,0.0008950729932711449,-9.334716069125838e-20,-12.382980451333792
superlattice,548.0,0.1,0.5,0.003566340042822301,0.9964336599571777,7.565956520000001e-21,0.9955159860196576,0.0009176739375200913,-9.332325515988434e-20,-12.334627474158989
superlattice,550.0,0.1,0.5,0.003729921504534214,0.9962700784954658,7.5935695e-21,0.9953293791879646,0.000940699307501095,-9.32986689198888e-20,-12.28653651222772
superlattice,552.0,0.1,0.5,0.003899692208612698,0.9961003077913871,7.621182480000001e-21,0.995136153965108,0.0009641538262791571,-9.327338518669595e-20,-12.238702515189734
superlattice,554.0,0.1,0.5,0.004075830579352063,0.995924169420648,7.64879546e-21,0.9949361272184448,0.0009880422022031218,-9.324738689944208e-20,-12.191120469502277
superlattice,556.0,0.1,0.5,0.004258518166664689,0.9957414818333353,7.676408440000001e-21,0.9947291127064499,0.0010123691268853526,-9.322065672202646e-20,-12.143785397904967
superlattice,558.0,0.1,0.5,0.004447939636637191,0.9955520603633629,7.70402142e-21,0.9945149210902292,0.0010371392731336792,-9.319317704438729e-20,-12.096692358935222
superlattice,560.0,0.1,0.5,0.004644282759710702,0.9953557172402893,7.731634400000001e-21,0.9942933599474537,0.0010623572928355554,-9.316492998400562e-20,-12.049836446483503
superlattice,562.0,0.1,0.5,0.0048477383964305645,0.9951522616035694,7.75924738e-21,0.994064233788775,0.0010880278147944104,-9.313589738764406e-20,-12.003212789388352
superlattice,564.0,0.1,0.5,0.005058500480711901,0.9949414995192881,7.786860360000001e-21,0.9938273440767698,0.0011141554425182728,-9.310606083332206e-20,-11.956816551070403
superlattice,566.0,0.1,0.5,0.0052767660005677884,0.9947232339994322,7.81447334e-21,0.9935824892474714,0.0011407447519608228,-9.307540163253804e-20,-11.910642929205775
superlattice,568.0,0.1,0.5,0.005502734976247256,0.9944972650237528,7.842086320000001e-21,0.9933294647345379,0.001167800289214944,-9.304390083273603e-20,-11.864687155437485
superlattice,570.0,0.1,0.5,0.00573661043573155,0.9942633895642684,7.8696993e-21,0.9930680629961093,0.0011953265681591276,-9.301153922002886e-20,-11.818944495125608
superlattice,572.0,0.1,0.5,0.005978598387537528,0.9940214016124624,7.897312280000001e-21,0.9927980735444055,0.0012233280680569107,-9.297829732217604e-20,-11.773410247134867
superlattice,574.0,0.1,0.5,0.006228907790777932,0.9937710922092221,7.92492526e-21,0.9925192829781123,0.0012518092311097394,-9.294415541182486e-20,-11.728079743659924
superlattice,576.0,0.1,0.5,0.006487750522430043,0.99351224947757,7.952538240000001e-21,0.9922314750176062,0.0012807744599637153,-9.290909351001853e-20,-11.682948350087848
superlattice,578.0,0.1,0.5,0.006755341341763906,0.9932446586582361,7.98015122e-21,0.9919344305430655,0.0013102281151706125,-9.287309138997275e-20,-11.63801146489712
superlattice,580.0,0.1,0.5,0.007031897851884086,0.9929681021481159,8.0077642e-21,0.9916279276355121,0.0013401745126037864,-9.283612858112929e-20,-11.593264519593284
superlattice,582.0,0.1,0.5,0.007317640458339137,0.9926823595416608,8.03537718e-21,0.9913117416208314,0.0013706179208295968,-9.279818437348683e-20,-11.548702978680438
superlattice,584.0,0.1,0.5,0.007612792324754349,0.9923872076752457,8.06299016e-21,0.9909856451168108,0.0014015625584349242,-9.275923782221446e-20,-11.504322339668397
superlattice,586.0,0.1,0.5,0.007917579325446164,0.9920824206745539,8.09060314e-21,0.9906494080832421,0.0014330125913117537,-9.271926775255183e-20,-11.460118133115083
superlattice,588.0,0.1,0.5,0.008232229994975868,0.9917677700050241,8.11821612e-21,0.9903027978751247,0.001464972129899428,-9.267825276499794e-20,-11.416085922703662
superlattice,590.0,0.1,0.5,0.008556975474604567,0.9914430245253955,8.1458291e-21,0.9899455792990097,0.0014974452263856672,-9.263617124079463e-20,-11.372221305354248
superlattice,592.0,0.1,0.5,0.008892049455610947,0.991107950544389,8.17344208e-21,0.9895775146725219,0.0015304358718672625,-9.259300134770344e-20,-11.328519911369268
superlattice,594.0,0.1,0.5,0.009237688119437178,0.9907623118805629,8.201055060000001e-21,0.9891983638870913,0.001563947993471585,-9.254872104608453e-20,-11.284977404612684
superlattice,596.0,0.1,0.5,0.009594130074628442,0.9904058699253716,8.22866804e-21,0.9888078844739315,0.0015979854514399693,-9.250330809527453e-20,-11.241589482721986
superlattice,598.0,0.1,0.5,0.009961616290536122,0.9900383837094638,8.256281020000001e-21,0.9884058316732894,0.0016325520361744033,-9.245674006027107e-20,-11.198351877353014
superlattice,600.0,0.1,0.5,0.01034039002775399,0.989659609972246,8.283894e-21,0.9879919585069975,0.0016676514652486088,-9.24089943187216e-20,-11.155260354456683
superlattice,602.0,0.1,0.5,0.010730696765262561,0.9892693032347374,8.311506980000001e-21,0.9875660158543522,0.0017032873803852007,-9.236004806822266e-20,-11.112310714587483
superlattice,604.0,0.1,0.5,0.011132784124255966,0.988867215875744,8.33911996e-21,0.9871277525313438,0.0017394633444002235,-9.230987833392754e-20,-11.069498793242872
superlattice,606.0,0.1,0.5,0.011546901788631435,0.9884530982113686,8.366732940000001e-21,0.9866769153732518,0.0017761828381168264,-9.225846197646741e-20,-11.02682046123339
superlattice,608.0,0.1,0.5,0.011973301422121335,0.9880266985778786,8.39434592e-21,0.986213249320629,0.0018134492572496233,-9.220577570018438e-20,-10.984271625082657
superlattice,610.0,0.1,0.5,0.012412236582053498,0.9875877634179465,8.421958900000001e-21,0.9857364975086848,0.0018512659092616741,-9.215179606167821e-20,-10.941848227456703
superlattice,612.0,0.1,0.5,0.012863962629726429,0.9871360373702736,8.44957188e-21,0.9852464013600777,0.0018896360101958863,-9.209649947866924e-20,-10.89954624762234
superlattice,614.0,0.1,0.5,0.013328736637390474,0.9866712633626096,8.477184860000001e-21,0.9847427006811267,0.0019285626814828313,-9.203986223917368e-20,-10.857361701933403
superlattice,616.0,0.1,0.5,0.013806817291828049,0.9861931827081719,8.50479784e-21,0.9842251337614449,0.001968048946726991,-9.198186051099577e-20,-10.815290644344788
superlattice,618.0,0.1,0.5,0.014298464794532078,0.9857015352054679,8.532410820000001e-21,0.9836934374769941,0.002008097728473802,-9.192247035153355e-20,-10.773329166953255
superlattice,620.0,0.1,0.5,0.014803940758481423,0.9851960592415185,8.5600238e-21,0.9831473473965591,0.0020487118449594695,-9.186166771789778e-20,-10.73147340056435
superlattice,622.0,0.1,0.5,0.015323508101519855,0.9846764918984802,8.587636780000001e-21,0.982586597891634,0.0020898940068461653,-9.179942847734516e-20,-10.68971951528499
superlattice,624.0,0.1,0.5,0.015857430936346107,0.9841425690636539,8.61524976e-21,0.982010922249709,0.002131646813944936,-9.173572841802027e-20,-10.648063721140485
superlattice,626.0,0.1,0.5,0.01640597445712824,0.9835940255428718,8.642862740000001e-21,0.9814200527909428,0.0021739727519289654,-9.167054326000969e-20,-10.606502268715849
superlattice,628.0,0.1,0.5,0.01696940482275808,0.9830305951772419,8.67047572e-21,0.9808137209882022,0.002216874189039714,-9.160384866670097e-20,-10.56503144982003
superlattice,630.0,0.1,0.5,0.017547989036767374,0.9824520109632326,8.698088700000001e-21,0.9801916575904438,0.0022603533727888073,-9.153562025644673e-20,-10.523647598172541
superlattice,632.0,0.1,0.5,0.018141994823931175,0.9818580051760688,8.72570168e-21,0.9795535927494103,0.002304412426658533,-9.146583361453141e-20,-10.482347090111773
superlattice,634.0,0.1,0.5,0.01875169050358685,0.9812483094964132,8.753314660000001e-21,0.9788992561496094,0.002349053346803718,-9.139446430543345e-20,-10.441126345323617
superlattice,636.0,0.1,0.5,0.01937734485970429,0.9806226551402957,8.78092764e-21,0.9782283771415374,0.002394277998758206,-9.132148788538384e-20,-10.399981827590123
superlattice,638.0,0.1,0.5,0.02001922700774596,0.9799807729922541,8.808540620000001e-21,0.9775406848781051,0.002440088114148946,-9.124687991521284e-20,-10.358910045556767
superlattice,640.0,0.1,0.5,0.020677606258360008,0.97932239374164,8.8361536e-21,0.9768359084542191,0.0024864852874209374,-9.117061597348152e-20,-10.317907553517575
superlattice,642.0,0.1,0.5,0.021352751977956216,0.9786472480220438,8.86376658e-21,0.9761137770494673,0.002533470972576351,-9.10926716698933e-20,-10.276970952217168
superlattice,644.0,0.1,0.5,0.022044933446217753,0.9779550665537823,8.89137956e-21,0.975374020073851,0.002581046479931198,-9.1013022658979e-20,-10.236096889668604
superlattice,646.0,0.1,0.5,0.02275441971060728,0.9772455802893927,8.91899254e-21,0.9746163673164998,0.0026292129728929486,-9.093164465404884e-20,-10.195282061985989
superlattice,648.0,0.1,0.5,0.023481479437932593,0.9765185205620674,8.94660552e-21,0.9738405490973047,0.00267797146476281,-9.084851344140436e-20,-10.15452321423068
superlattice,650.0,0.1,0.5,0.024226380763039835,0.9757736192369602,8.9742185e-21,0.9730462964213941,0.0027273228155661336,-9.076360489480627e-20,-10.113817141270436
superlattice,652.0,0.1,0.5,0.02498939113470983,0.9750106088652901,9.00183148e-21,0.9722333411363755,0.0027772677289147523,-9.067689499018449e-20,-10.073160688649605
superlattice,654.0,0.1,0.5,0.025770777158836678,0.9742292228411633,9.02944446e-21,0.9714014160922583,0.0028278067489049697,-9.058835982058806e-20,-10.03255075346995
superlattice,656.0,0.1,0.5,0.02657080443897475,0.9734291955610253,9.057057440000001e-21,0.9705502553039702,0.002878940257055077,-9.049797561136176e-20,-9.991984285280381
superlattice,658.0,0.1,0.5,0.027389737414345153,0.9726102625856549,9.08467042e-21,0.9696795941163685,0.002930668469286319,-9.040571873554348e-20,-9.951458286974761
superlattice,660.0,0.1,0.5,0.028227839195397324,0.9717721608046027,9.112283400000001e-21,0.9687891693716514,0.0029829914329512104,-9.031156572947007e-20,-9.910969815696257
superlattice,662.0,0.1,0.5,0.02908537139702877,0.9709146286029712,9.13989638e-21,0.9678787195790579,0.003035909023913289,-9.02154933085818e-20,-9.87051598374705
superlattice,664.0,0.1,0.5,0.0299625939695698,0.9700374060304302,9.167509360000001e-21,0.966947985086748,0.0030894209436823235,-9.011747838341625e-20,-9.83009395950224
superlattice,666.0,0.1,0.5,0.030859765027647937,0.9691402349723521,9.19512234e-21,0.9659967082557429,0.0031435267166092114,-9.00174980757787e-20,-9.789700968326507
superlattice,668.0,0.1,0.5,0.031777140677048524,0.9682228593229515,9.222735320000001e-21,0.965024633635807,0.0031982256871444844,-8.991552973507623e-20,-9.749334293492034
superlattice,670.0,0.1,0.5,0.03271497483969828,0.9672850251603017,9.2503483e-21,0.9640315081431369,0.003253517017164904,-8.981155095480633e-20,-9.708991277096704
superlattice,672.0,0.1,0.5,0.03367351907690032,0.9663264809230997,9.277961280000001e-21,0.9630170812397276,0.003309399683372095,-8.970553958918357e-20,-9.66866932098078
superlattice,674.0,0.1,0.5,0.03465302241095732,0.9653469775890426,9.30557426e-21,0.961981105114275,0.0033658724747677093,-8.959747376989351e-20,-9.628365887640932
superlattice,676.0,0.1,0.5,0.03565373114532209,0.9643462688546779,9.333187240000001e-21,0.9609233348644688,0.0034229339902091304,-8.948733192295882e-20,-9.58807850114007
superlattice,678.0,0.1,0.5,0.036675888683423696,0.9633241113165764,9.36080022e-21,0.9598435286805262,0.0034805826360501655,-8.937509278570226e-20,-9.54780474801141
superlattice,680.0,0.1,0.5,0.03771973534631964,0.9622802646536803,9.388413200000001e-21,0.9587414480298095,0.003538816623870906,-8.926073542379476e-20,-9.507542278155668
superlattice,682.0,0.1,0.5,0.038785508189331006,0.961214491810669,9.41602618e-21,0.957616857842368,0.0035976339683009883,-8.914423924836948e-20,-9.467288805729455
superlattice,684.0,0.1,0.5,0.03987344081782377,0.9601265591821763,9.443639160000001e-21,0.9564695266972356,0.003657032484940648,-8.90255840331887e-20,-9.427042110023685
superlattice,686.0,0.1,0.5,0.04098376320230124,0.9590162367976988,9.47125214e-21,0.9552992270093152,0.0037170097883835805,-8.89047499318463e-20,-9.386800036330392
superlattice,688.0,0.1,0.5,0.04211670149298098,0.957883298507019,9.498865120000001e-21,0.9541057352166732,0.0037775632903459446,-8.878171749498888e-20,-9.346560496796366
superlattice,690.0,0.1,0.5,0.043272477834032604,0.9567275221659673,9.5264781e-21,0.9528888319680617,0.0038386901979056997,-8.865646768753938e-20,-9.306321471262226
superlattice,692.0,0.1,0.5,0.04445131017765672,0.9555486898223433,9.554091080000001e-21,0.951648302310487,0.0039003875118562574,-8.852898190590519e-20,-9.266081008085301
superlattice,694.0,0.1,0.5,0.04565341209819069,0.9543465879018093,9.58170406e-21,0.9503839358766307,0.003962652025178591,-8.839924199515185e-20,-9.225837224944708
superlattice,696.0,0.1,0.5,0.04687899260643242,0.9531210073935675,9.609317040000001e-21,0.9490955270719317,0.004025480321635873,-8.826723026612679e-20,-9.185588309627338
superlattice,698.0,0.1,0.5,0.048128255964371904,0.9518717440356281,9.63693002e-21,0.9477828752611337,0.004088868774494389,-8.813292951251114e-20,-9.145332520792875
superlattice,700.0,0.1,0.5,0.04940140150053304,0.9505985984994669,9.664543000000001e-21,0.9464457849540922,0.0041528135453748,-8.799632302778438e-20,-9.10506818871667
